source,split,profile,row,method,gap_rmse,gap_nrmse,gap_mae,visible_rmse,whole_rmse,gap_correlation,whole_correlation,selected_on_validation
chirp_9db,validation,short_gaps,12000,zero_fill,2.6346341763827072,1.0,1.775476575614415,0.0,0.46574192301651174,,0.935868778711246,
chirp_9db,validation,short_gaps,12000,linear,2.8613607097349876,1.08605617257405,1.8195628299786017,0.0,0.5058218903185906,0.08987922509003331,0.924545209752495,
chirp_9db,validation,short_gaps,12000,pchip,3.040443586885068,1.1540287506098958,1.885940541953112,0.0,0.5374795695253953,0.06602775662290818,0.9152117429748462,
chirp_9db,validation,short_gaps,12000,autoregression,2.490648623664753,0.945348939139762,1.56976314157054,0.0,0.4402886328365721,0.3456207637244777,0.9429193215942588,
chirp_9db,validation,short_gaps,12000,pca_r32_l01,12.707300823004854,4.823174669529145,7.274587511964138,0.0,2.2463546456310324,-0.14117751355130456,0.4266289763657088,
chirp_9db,validation,short_gaps,12000,pca_r64_l01,3.9346147320602607,1.4934197572212462,3.0404855633037,0.0,0.6955481895990753,0.30508826968657543,0.8724175081183353,
chirp_9db,validation,short_gaps,12000,pca_r96_l01,1.8221178555238875,0.6916018443310463,1.4844435321019596,0.0,0.3221079729405077,0.7389770264122324,0.970018147936993,
chirp_9db,validation,short_gaps,12000,pca_r64_l001,5.658517145695438,2.147743013591531,4.157914913536866,0.0,1.0002939612953978,0.1424886508695841,0.7717890058123109,
chirp_9db,validation,short_gaps,12000,pca_r64_l1,1.7225625816048846,0.653814710613799,1.4113210032423131,0.0,0.3045089206177549,0.7561129585585008,0.9731013368892877,
chirp_9db,validation,short_gaps,12000,template_1,3.1546577505919093,1.1973798028093534,1.8077442272541688,0.0,0.5576699719415599,0.5437121267444819,0.9173457202346668,
chirp_9db,validation,short_gaps,12000,dictionary_8,1.8446148590736389,0.7001407920724133,1.1629996323343623,0.0,0.32608491888210944,0.7510251854069085,0.9695090927407788,
chirp_9db,validation,short_gaps,12000,dictionary_24,2.5629043613331675,0.9727742789900254,1.588126376459085,0.0,0.4530617633578151,0.49509714983688907,0.9408023595623981,
chirp_9db,validation,short_gaps,12000,dictionary_48,3.17363463509511,1.204582656500888,1.9732297970372592,0.0,0.5610246428710617,0.12469572498896947,0.9081592237490196,
chirp_9db,validation,short_gaps,12000,local_pca_8,4.051169155834109,1.537659076979056,2.250099627207572,0.0,0.71615229545602,0.16869787033358188,0.8613628468943791,
chirp_9db,validation,short_gaps,12000,local_pca_16,1.6241107223025308,0.6164463882163701,1.1552677137260832,0.0,0.2871049262844753,0.8534179003181183,0.9772692658598575,
chirp_9db,validation,short_gaps,12000,local_pca_32,0.7852446759271559,0.2980469482124759,0.6169545629209183,0.0,0.1388129588096812,0.9546643751194827,0.9944730215863916,
chirp_9db,validation,short_gaps,12000,local_dictionary_8,1.8056836504258444,0.6853640883475546,1.1580517838922608,0.0,0.3192027884734485,0.7333764457550568,0.970448285779622,
chirp_9db,validation,short_gaps,12000,local_dictionary_24,0.8537424668191439,0.32404592427754536,0.5735269174016925,0.0,0.15092177191868691,0.95644431564728,0.9935673809026899,
chirp_9db,validation,short_gaps,12113,zero_fill,2.7498330587075768,1.0,2.068550718050677,0.0,0.48610640073576833,,0.9320211051779533,
chirp_9db,validation,short_gaps,12113,linear,4.348087950303329,1.58121888037339,3.398171602544017,0.0,0.7686406187137499,-0.08046294266827983,0.8407802800196957,
chirp_9db,validation,short_gaps,12113,pchip,4.871315458089326,1.7714949795457209,3.9438866560709966,0.0,0.8611350484284538,-0.04908870839345616,0.8090569637234779,
chirp_9db,validation,short_gaps,12113,autoregression,4.854095145457581,1.7652326675201908,3.577353875759248,0.0,0.8580908984694391,0.14189395934304813,0.8180398517870353,
chirp_9db,validation,short_gaps,12113,pca_r32_l01,5.429664983977074,1.9745434970256048,3.8806563873340076,0.0,0.959838232435334,0.07466382661908857,0.7820300172352823,
chirp_9db,validation,short_gaps,12113,pca_r64_l01,3.9175747246508683,1.4246591123943104,3.1813854922261924,0.0,0.6925359134014126,0.41226385446827263,0.8796833705263842,
chirp_9db,validation,short_gaps,12113,pca_r96_l01,3.501896831879211,1.2734943384254407,2.5873746081305273,0.0,0.6190537492093694,0.5609528773216005,0.9050757248662233,
chirp_9db,validation,short_gaps,12113,pca_r64_l001,4.439535660121904,1.6144746118546152,3.579417480270961,0.0,0.7848064426479234,0.3880087841714063,0.8536693024336244,
chirp_9db,validation,short_gaps,12113,pca_r64_l1,2.850460712471049,1.0365940955742117,2.3109144255422405,0.0,0.5038950248235291,0.48329150551738254,0.9298444818419893,
chirp_9db,validation,short_gaps,12113,template_1,3.3710883649193217,1.225924735410569,2.7433004879496488,0.0,0.5959298607033808,0.16151209521306503,0.8999602732007992,
chirp_9db,validation,short_gaps,12113,dictionary_8,2.5903650938444587,0.942008128690522,2.0696938144241015,0.0,0.45791618090158615,0.403740243716329,0.9401124184069585,
chirp_9db,validation,short_gaps,12113,dictionary_24,3.122061885728969,1.1353641545048339,2.3972224450473503,0.0,0.5519077826707535,0.04865507837014177,0.9124674033139335,
chirp_9db,validation,short_gaps,12113,dictionary_48,3.3388887794723376,1.2142150844028392,2.7681028427665346,0.0,0.5902377243981413,0.14667083428062463,0.9015593930835998,
chirp_9db,validation,short_gaps,12113,local_pca_8,3.664342770218381,1.3325691749231585,2.8460092689940306,0.0,0.6477704053533291,0.2770588807744242,0.8870863896041028,
chirp_9db,validation,short_gaps,12113,local_pca_16,3.1716056080714257,1.1533811472766577,2.4123812616455207,0.0,0.5606659581791472,0.4852481128710712,0.9161520633379235,
chirp_9db,validation,short_gaps,12113,local_pca_32,3.1593075765661305,1.1489088643261154,2.5219318189672206,0.0,0.5584919528109872,0.35529424052389635,0.9136512979307558,
chirp_9db,validation,short_gaps,12113,local_dictionary_8,1.9658367758171367,0.7148931349094629,1.4133453208864697,0.0,0.347514128721549,0.6992076033928777,0.9658615580989501,
chirp_9db,validation,short_gaps,12113,local_dictionary_24,2.2092569705871807,0.8034149431695075,1.6434099915420033,0.0,0.39054514632146115,0.62434879845573,0.9569053378555002,
chirp_9db,validation,short_gaps,12226,zero_fill,4.3655905819156535,1.0,3.570274513963457,0.0,0.7717346760891711,,0.8563168658408421,
chirp_9db,validation,short_gaps,12226,linear,6.7402353382957365,1.543945821721576,4.846884288578828,0.0,1.1915165286255296,-0.009349470436140456,0.697131149207215,
chirp_9db,validation,short_gaps,12226,pchip,6.892804236883286,1.5788938764520315,4.985883206079624,0.0,1.2184871543228843,-0.009081679563428622,0.687937656999166,
chirp_9db,validation,short_gaps,12226,autoregression,2.9704611712869706,0.6804259619745446,2.5133202517285333,0.0,0.5251083093670879,0.7338714354245923,0.9362608721208895,
chirp_9db,validation,short_gaps,12226,pca_r32_l01,5.0470316337236945,1.1560936691202544,3.934605041055864,0.0,0.892197573267261,-0.08122798765004759,0.8070184262681613,
chirp_9db,validation,short_gaps,12226,pca_r64_l01,4.59497371439784,1.0525434367190547,3.855684238414012,0.0,0.8122842682061628,0.33963930750977,0.8461980443574393,
chirp_9db,validation,short_gaps,12226,pca_r96_l01,5.535836578609885,1.2680613252057913,4.434391508263281,0.0,0.9786068960688966,0.37194447780745316,0.801424386332132,
chirp_9db,validation,short_gaps,12226,pca_r64_l001,5.563680206111344,1.2744393001851217,4.636029003055409,0.0,0.9835290005236749,0.31236391092659854,0.7938683448955857,
chirp_9db,validation,short_gaps,12226,pca_r64_l1,4.343609652303313,0.9949649585319806,3.5722134465966464,0.0,0.7678489599927537,0.27681394970058654,0.8588583734244407,
chirp_9db,validation,short_gaps,12226,template_1,4.193364849759082,0.9605492707286816,3.3164603562783705,0.0,0.7412891803134888,0.3046672988322944,0.8683055605827167,
chirp_9db,validation,short_gaps,12226,dictionary_8,4.384999928469806,1.00444598415494,3.7089623889815013,0.0,0.7751657962308813,0.05841954532859787,0.8549488061226559,
chirp_9db,validation,short_gaps,12226,dictionary_24,4.44862438246168,1.0190200613154132,3.7134899097385885,0.0,0.7864131169476177,-0.03107142453941385,0.8503781071880702,
chirp_9db,validation,short_gaps,12226,dictionary_48,4.358240566066184,0.99831637536513,3.734527410464299,0.0,0.7704353645769241,0.18191829288687447,0.8570427037561803,
chirp_9db,validation,short_gaps,12226,local_pca_8,4.341706920051181,0.9945291109149333,3.2772199328131775,0.0,0.7675126012731875,0.26056346595140584,0.8587530117011634,
chirp_9db,validation,short_gaps,12226,local_pca_16,4.100692650564635,0.9393213984727858,2.920414119531672,0.0,0.7249068951940227,0.3466828316109971,0.8744739938996249,
chirp_9db,validation,short_gaps,12226,local_pca_32,2.7910519281607966,0.6393297483558484,2.0930142352370638,0.0,0.493392936261572,0.7770062750434443,0.9441637185210767,
chirp_9db,validation,short_gaps,12226,local_dictionary_8,4.238003844803754,0.9707744611598659,3.186138294592086,0.0,0.7491803143388488,0.2687519744956384,0.8653595547269318,
chirp_9db,validation,short_gaps,12226,local_dictionary_24,3.4913790568407497,0.7997495393415263,2.6192919251799407,0.0,0.6171944516961967,0.6231414402244866,0.9110059841107077,
chirp_9db,validation,short_gaps,12339,zero_fill,4.717050890970224,1.0,2.533548836587158,0.0,0.8338646680517728,,0.8035857086663066,
chirp_9db,validation,short_gaps,12339,linear,6.360481136528631,1.3484020595801498,3.1100054002920947,0.0,1.1243848358121284,-0.1500252422311429,0.6552096146874276,
chirp_9db,validation,short_gaps,12339,pchip,5.775354559568555,1.2243570597519362,2.8308230319696084,0.0,1.020948093206893,-0.24147398631392245,0.7025535353990301,
chirp_9db,validation,short_gaps,12339,autoregression,13.631824341548066,2.8899040219479617,7.52791715660954,0.0,2.40978885796312,0.4061629985423683,0.5392922579521806,
chirp_9db,validation,short_gaps,12339,pca_r32_l01,8.394645334226242,1.7796384919857402,4.705453864015287,0.0,1.483977660371847,0.4639350652234744,0.6778245050299146,
chirp_9db,validation,short_gaps,12339,pca_r64_l01,2.5397798688243522,0.5384253694795221,1.6004651959721563,0.0,0.44897389199169485,0.9641265577977185,0.9687408834777521,
chirp_9db,validation,short_gaps,12339,pca_r96_l01,1.833648568513325,0.388727747674601,1.1849706981490309,0.0,0.32414633427719447,0.9488421519154776,0.9769131731250239,
chirp_9db,validation,short_gaps,12339,pca_r64_l001,3.46824683472589,0.735257455323431,2.169869877696034,0.0,0.613105213915864,0.9444662273741772,0.947669269690713,
chirp_9db,validation,short_gaps,12339,pca_r64_l1,1.2130347822158187,0.25715957072625867,0.8707722897448875,0.0,0.21443628007998808,0.9764029905257532,0.9896431178539953,
chirp_9db,validation,short_gaps,12339,template_1,1.773614643695539,0.3760007438314353,1.0360819768226577,0.0,0.31353373544221946,0.9379466126493258,0.9761601202908228,
chirp_9db,validation,short_gaps,12339,dictionary_8,1.656703818438774,0.35121601541551645,0.90262458980302,0.0,0.29286662610892594,0.9428031070179671,0.9787660834985777,
chirp_9db,validation,short_gaps,12339,dictionary_24,1.784892966349004,0.37839171287420204,0.9554321058367107,0.0,0.31552748004938824,0.9389301583738398,0.9761220397236201,
chirp_9db,validation,short_gaps,12339,dictionary_48,3.2181030522113208,0.6822277576804788,1.7530417064949149,0.0,0.5688856226939377,0.8244259957049224,0.9263153398755938,
chirp_9db,validation,short_gaps,12339,local_pca_8,6.366904699097151,1.3497638347055394,3.6847076883636327,0.0,1.1255203719750226,0.7862644090737957,0.8388101354092862,
chirp_9db,validation,short_gaps,12339,local_pca_16,1.4988716440312058,0.3177560892761348,0.8123661837026271,0.0,0.26496557590567366,0.9624731770621576,0.9839915247887517,
chirp_9db,validation,short_gaps,12339,local_pca_32,1.6392244913751124,0.347510452879161,0.9207322123465351,0.0,0.2897766884346028,0.9678163129049835,0.9829941671462611,
chirp_9db,validation,short_gaps,12339,local_dictionary_8,1.2579136299652751,0.2666737457450966,0.7654172784482258,0.0,0.22236981447385787,0.9641355136340899,0.9873758082991902,
chirp_9db,validation,short_gaps,12339,local_dictionary_24,1.7408022924320325,0.3690446282367703,0.9838362269617072,0.0,0.3077332764209444,0.9383077231687723,0.9767664412141905,
chirp_9db,validation,short_gaps,12452,zero_fill,5.700400426611128,1.0,3.5952597273126012,0.0,1.0076979492838543,,0.35980416628246753,
chirp_9db,validation,short_gaps,12452,linear,6.158946459334144,1.0804410214030562,3.7345736544201493,0.0,1.0887582015900126,0.030672879533273224,0.25658825919702727,
chirp_9db,validation,short_gaps,12452,pchip,6.309230182620512,1.1068047348335723,3.819779386459091,0.0,1.1153248615494509,0.025685180921853467,0.23680986880531196,
chirp_9db,validation,short_gaps,12452,autoregression,7.32795180465905,1.2855152719535348,3.9864839508099505,0.0,1.2954111033206532,0.07494861416395093,0.20767011789134054,
chirp_9db,validation,short_gaps,12452,pca_r32_l01,0.888277570013477,0.15582722327132298,0.5577772904280824,0.0,0.15702677333310947,0.9924240421159584,0.9927794026144284,
chirp_9db,validation,short_gaps,12452,pca_r64_l01,2.371138949798412,0.41596006812595926,1.3981817040796236,0.0,0.41916210763450146,0.9171420723452994,0.927476516226167,
chirp_9db,validation,short_gaps,12452,pca_r96_l01,1.462155225495288,0.2565004413847003,0.9020301108343148,0.0,0.2584749687737659,0.9722739692875212,0.975085433314656,
chirp_9db,validation,short_gaps,12452,pca_r64_l001,2.6167587626976854,0.45904823641544446,1.5360379624018474,0.0,0.46258196645821326,0.9074259238485766,0.9181426893257674,
chirp_9db,validation,short_gaps,12452,pca_r64_l1,2.2489798040416615,0.3945301445040193,1.2904180453161602,0.0,0.39756721754736296,0.9406633056475215,0.9445713493523719,
chirp_9db,validation,short_gaps,12452,template_1,3.0211654995185104,0.5299918029292874,1.7916154613544397,0.0,0.5340716529490954,0.8638696264560694,0.8794824235020015,
chirp_9db,validation,short_gaps,12452,dictionary_8,3.0452238782390633,0.5342122746365452,1.8703332707272131,0.0,0.5383246136335097,0.9752992566400935,0.9372863351288082,
chirp_9db,validation,short_gaps,12452,dictionary_24,2.5299153537868824,0.443813620877667,1.5239237072194731,0.0,0.447230075622667,0.966859584572073,0.953949254395443,
chirp_9db,validation,short_gaps,12452,dictionary_48,2.615647673190705,0.4588533221245477,1.5328819551899455,0.0,0.4623855517269905,0.951801577633691,0.9429649927758565,
chirp_9db,validation,short_gaps,12452,local_pca_8,4.536371259229608,0.7957987017986504,2.5385695293393633,0.0,0.8019247198452534,0.6951525073857195,0.7333482992813061,
chirp_9db,validation,short_gaps,12452,local_pca_16,1.7786201444926444,0.31201670257926584,0.9876387427636784,0.0,0.31441859133143646,0.9625904021324606,0.9655092394836761,
chirp_9db,validation,short_gaps,12452,local_pca_32,1.8195597966432906,0.31919859316357074,1.0118726049666247,0.0,0.32165576774522153,0.9730993086031157,0.9720801699178163,
chirp_9db,validation,short_gaps,12452,local_dictionary_8,3.126233186221993,0.548423435593722,1.8428993701701462,0.0,0.5526451713869995,0.9557455943646486,0.9240206229025183,
chirp_9db,validation,short_gaps,12452,local_dictionary_24,1.8821483292933576,0.33017826616301227,1.1082303082396385,0.0,0.33271996171056606,0.9805216702017215,0.9760131540194896,
chirp_9db,validation,short_gaps,12565,zero_fill,4.789484504024087,1.0,2.856227645001425,0.0,0.8466692427958301,,0.5546514488423981,
chirp_9db,validation,short_gaps,12565,linear,5.44187094390334,1.1362122456667567,3.1350502587476456,0.0,0.9619959616940225,-0.05974123160931541,0.421917317634374,
chirp_9db,validation,short_gaps,12565,pchip,5.408707153840809,1.1292879534940463,3.146786272021093,0.0,0.9561333764832568,-0.059179342181924416,0.42727903035860754,
chirp_9db,validation,short_gaps,12565,autoregression,5.127721566140507,1.0706207655191777,3.0384210045622893,0.0,0.906461672863614,0.11496928797835089,0.4977171791248996,
chirp_9db,validation,short_gaps,12565,pca_r32_l01,1.9948033166849892,0.41649645489174697,1.1704656543824425,0.0,0.35263473809034296,0.9438092151869086,0.9559576935341437,
chirp_9db,validation,short_gaps,12565,pca_r64_l01,2.9745998344897746,0.6210688920677244,2.0766705828650367,0.0,0.5258399285710254,0.966635767255599,0.9588071579467075,
chirp_9db,validation,short_gaps,12565,pca_r96_l01,3.724800857757707,0.7777039167008806,2.281084830316588,0.0,0.6584579862724859,0.6310002824358012,0.7629903099147846,
chirp_9db,validation,short_gaps,12565,pca_r64_l001,4.0131392127684204,0.8379062943823312,2.739554167476361,0.0,0.7094294877985484,0.9691239410429818,0.9501326502273177,
chirp_9db,validation,short_gaps,12565,pca_r64_l1,1.6437774805612457,0.3432055118207725,1.1057625321438134,0.0,0.29058155081664877,0.9412071727456421,0.9592006332221847,
chirp_9db,validation,short_gaps,12565,template_1,2.337002946235627,0.4879445677863861,1.3253024168564078,0.0,0.41312765773403815,0.8786392270916342,0.9160641569511175,
chirp_9db,validation,short_gaps,12565,dictionary_8,2.010613824369489,0.419797542445369,1.2482289187734146,0.0,0.35542966738977094,0.9205427276486958,0.9419480796676625,
chirp_9db,validation,short_gaps,12565,dictionary_24,1.6491299544227467,0.3443230587837085,1.0129267844696348,0.0,0.29152774345754656,0.9455960261008012,0.9608769463389291,
chirp_9db,validation,short_gaps,12565,dictionary_48,1.6400447386713424,0.3424261498901165,0.9357507478331486,0.0,0.2899216890409564,0.962114718245357,0.9672216585716005,
chirp_9db,validation,short_gaps,12565,local_pca_8,3.22404247194823,0.6731502042107903,1.8987995960724944,0.0,0.5699355736870083,0.9669076943712606,0.9564310184454105,
chirp_9db,validation,short_gaps,12565,local_pca_16,1.768115173321945,0.36916607034355964,0.995885808594437,0.0,0.3125615572436938,0.9305911419542323,0.9522246886130696,
chirp_9db,validation,short_gaps,12565,local_pca_32,1.9940660865563082,0.41634252806975564,1.1094383327681783,0.0,0.3525044129845217,0.9522983994315208,0.9528088313562786,
chirp_9db,validation,short_gaps,12565,local_dictionary_8,1.5558019312190332,0.32483703202544256,0.9619121089373274,0.0,0.27502952393702623,0.9536707205431317,0.966060103953702,
chirp_9db,validation,short_gaps,12565,local_dictionary_24,1.6407813118979726,0.3425799395570444,0.8932083927006557,0.0,0.29005189802180403,0.9480051892208623,0.9626974685781258,
chirp_9db,validation,short_gaps,12678,zero_fill,2.876295223547594,1.0,2.42039233175671,0.0,0.508461964316245,,0.919627085645411,
chirp_9db,validation,short_gaps,12678,linear,3.835366321781963,1.33343972843353,3.0029984276569053,0.0,0.678003383616633,0.00874913450713541,0.8606962515141872,
chirp_9db,validation,short_gaps,12678,pchip,4.076689810331794,1.417340534781282,3.2408702693957205,0.0,0.720663752419928,0.0005756245945928711,0.8451642884208916,
chirp_9db,validation,short_gaps,12678,autoregression,2.540620369554158,0.8832961056134502,1.8736596885046088,0.0,0.44912247293310437,0.5747521470637487,0.939071078855193,
chirp_9db,validation,short_gaps,12678,pca_r32_l01,6.915137930337238,2.4041822528245818,5.1294411276468885,0.0,1.2224352308454423,0.31382038454918515,0.7158948532157674,
chirp_9db,validation,short_gaps,12678,pca_r64_l01,2.467414124117132,0.8578445299762546,1.8871271337341065,0.0,0.43618131478967237,0.7536907308387387,0.9473968565022336,
chirp_9db,validation,short_gaps,12678,pca_r96_l01,3.2713186181820864,1.137337569315042,2.2793700470038623,0.0,0.5782928945845899,0.4675364621275684,0.9036115487091174,
chirp_9db,validation,short_gaps,12678,pca_r64_l001,4.109003286242918,1.4285749434214592,2.825472397437839,0.0,0.7263760219050438,0.7010230800257528,0.8838909855352963,
chirp_9db,validation,short_gaps,12678,pca_r64_l1,1.9367535146233246,0.6733500437533502,1.5234157346075428,0.0,0.342372885919258,0.7872380171937612,0.9646612647109598,
chirp_9db,validation,short_gaps,12678,template_1,2.807230158610363,0.9759881863406057,2.3518346890791655,0.0,0.49625287037619376,0.29243656930240247,0.9237309822207538,
chirp_9db,validation,short_gaps,12678,dictionary_8,2.9211108567468513,1.0155810268822065,2.4339900960732175,0.0,0.5163843238508361,0.19167324241047987,0.9171951715539913,
chirp_9db,validation,short_gaps,12678,dictionary_24,3.26765860829646,1.1360650956636371,2.596786980653592,0.0,0.5776458901322558,-0.08545252774081455,0.895871970067352,
chirp_9db,validation,short_gaps,12678,dictionary_48,2.958192794315398,1.0284732839999617,2.3898150033733643,0.0,0.5229395462294,0.13994196307042345,0.9149713739253328,
chirp_9db,validation,short_gaps,12678,local_pca_8,2.2167830691806376,0.7707077670721434,1.6831247063646408,0.0,0.39187558515928905,0.657266472242062,0.9532965274783501,
chirp_9db,validation,short_gaps,12678,local_pca_16,2.712089843026969,0.9429108044347075,2.2868704819886947,0.0,0.4794342797978823,0.4850637508802142,0.9300455768528664,
chirp_9db,validation,short_gaps,12678,local_pca_32,1.540648983608694,0.5356365963395346,1.2623670271113288,0.0,0.2723508359344674,0.8687430460072337,0.978186211939383,
chirp_9db,validation,short_gaps,12678,local_dictionary_8,2.5396213390949227,0.8829487732356551,2.048569689113417,0.0,0.44894586763002003,0.4732140222102732,0.9379453186999002,
chirp_9db,validation,short_gaps,12678,local_dictionary_24,3.2259866118658223,1.1215770152713749,2.4691114794862914,0.0,0.5702792523168345,0.14682269334717282,0.8995731343019122,
chirp_9db,validation,short_gaps,12791,zero_fill,4.604458005226821,1.0,3.6010842545402957,0.0,0.8139608697961421,,0.8946673492999963,
chirp_9db,validation,short_gaps,12791,linear,5.50597890409716,1.1957930548713798,3.9154237032812222,0.0,0.9733287550392943,0.006863141397467732,0.8505956023748064,
chirp_9db,validation,short_gaps,12791,pchip,5.902024472426711,1.281806559149185,4.158832656997976,0.0,1.043340381795471,-0.0036667847412774606,0.8308115084882577,
chirp_9db,validation,short_gaps,12791,autoregression,5.160956910683401,1.1208608928184083,3.73212457586947,0.0,0.912336907238952,0.6367638444842476,0.891461244690829,
chirp_9db,validation,short_gaps,12791,pca_r32_l01,6.75446003346558,1.4669392197296949,5.2278530782916635,0.0,1.1940311232292566,-0.011580421146704763,0.7880406140846935,
chirp_9db,validation,short_gaps,12791,pca_r64_l01,7.501327534761573,1.6291445217322704,5.188072983594241,0.0,1.3260598919328188,0.199449213679908,0.769357174740551,
chirp_9db,validation,short_gaps,12791,pca_r96_l01,4.292925731389705,0.9323411629591418,2.823514777124003,0.0,0.75888922394897,0.5044432554913558,0.9112335608761107,
chirp_9db,validation,short_gaps,12791,pca_r64_l001,10.729197771929769,2.3301760510684115,7.139135078001964,0.0,1.896672125305784,0.07203383111634969,0.6292667605458822,
chirp_9db,validation,short_gaps,12791,pca_r64_l1,3.5908297397791586,0.7798593744807691,2.8331908042117684,0.0,0.6347750147710423,0.627728241752869,0.9373689544564803,
chirp_9db,validation,short_gaps,12791,template_1,5.04750774326853,1.0962219087542495,4.070950173442788,0.0,0.8922817383391961,0.050929371600321814,0.8732654880410973,
chirp_9db,validation,short_gaps,12791,dictionary_8,4.728725013184005,1.0269884116254553,3.778308920100441,0.0,0.835928380797214,-0.037861946093592364,0.8886090295709016,
chirp_9db,validation,short_gaps,12791,dictionary_24,4.708659961564515,1.0226306671098766,3.8160243432624803,0.0,0.8323813472809642,-0.024267368380810846,0.889597418807872,
chirp_9db,validation,short_gaps,12791,dictionary_48,5.090836723199945,1.1056321324727043,3.9299168328867013,0.0,0.899941292222046,-0.14234682876081092,0.8703348479176968,
chirp_9db,validation,short_gaps,12791,local_pca_8,4.666802054171698,1.013539932142742,3.6793959652980917,0.0,0.8249818447400293,0.24334157841974915,0.8922739053407467,
chirp_9db,validation,short_gaps,12791,local_pca_16,3.4772304182613727,0.7551877798242793,2.416784678296689,0.0,0.6146933021251879,0.7018587676207187,0.9416951483306422,
chirp_9db,validation,short_gaps,12791,local_pca_32,2.1779120200197704,0.4730007348416426,1.6355058538490725,0.0,0.3850040895459178,0.8954652439791515,0.9777303151417646,
chirp_9db,validation,short_gaps,12791,local_dictionary_8,3.1470544264317155,0.6834798846811695,2.336442146745899,0.0,0.5563258814232517,0.7576289788715399,0.9525534537892454,
chirp_9db,validation,short_gaps,12791,local_dictionary_24,3.0763177720396717,0.6681172395421009,2.3433627232810266,0.0,0.543821289423486,0.7671691712092417,0.954702410922409,
chirp_9db,validation,short_gaps,12904,zero_fill,1.4730012015996248,1.0,0.9894064147954447,0.0,0.26039228458675684,,0.9809282241587723,
chirp_9db,validation,short_gaps,12904,linear,1.8568958717264266,1.2606207447148763,1.1374382654149566,0.0,0.3282559157137654,-0.16164352936609921,0.9698466875946413,
chirp_9db,validation,short_gaps,12904,pchip,1.7866213028611646,1.2129123186871538,1.098360485971446,0.0,0.31583300966636857,-0.18839166667728913,0.9720465103363826,
chirp_9db,validation,short_gaps,12904,autoregression,1.5766960435360773,1.070396983942609,1.0173684903536144,0.0,0.27872311606359007,0.6151089796593544,0.9787795555995192,
chirp_9db,validation,short_gaps,12904,pca_r32_l01,6.309705508351072,4.283571188875451,3.5135214305056355,0.0,1.1154088880612885,-0.2732690667511217,0.743705579345475,
chirp_9db,validation,short_gaps,12904,pca_r64_l01,3.4643994831011202,2.3519325573793903,2.1875049693008233,0.0,0.612425091809993,0.7542939298189912,0.9173621382645065,
chirp_9db,validation,short_gaps,12904,pca_r96_l01,2.081418774360999,1.4130462161881847,1.415692113408602,0.0,0.3679463324599137,0.34948140377366516,0.9631310324987358,
chirp_9db,validation,short_gaps,12904,pca_r64_l001,4.25398003876943,2.8879677994490196,2.650306948040562,0.0,0.7520045331115188,0.7454050691264529,0.8852741479327533,
chirp_9db,validation,short_gaps,12904,pca_r64_l1,1.1500941398975,0.7807828932172902,0.8354637419726676,0.0,0.203309841331108,0.8086980771858934,0.9887388057596954,
chirp_9db,validation,short_gaps,12904,template_1,2.2847089011997963,1.5510570519010352,1.4220618146020612,0.0,0.4038832892689105,0.149626561863452,0.9553334643688545,
chirp_9db,validation,short_gaps,12904,dictionary_8,1.5143207151051508,1.0280512422261805,1.0006435762325099,0.0,0.2676966116355285,0.4276138174005679,0.9799787124683208,
chirp_9db,validation,short_gaps,12904,dictionary_24,1.0206876116264074,0.692930603531062,0.6154406790500827,0.0,0.18043378291353346,0.7612859839482543,0.9909300252969424,
chirp_9db,validation,short_gaps,12904,dictionary_48,0.9584592454645744,0.65068463245225,0.6891207430664488,0.0,0.16943325798973558,0.8097389862292445,0.9920355512713149,
chirp_9db,validation,short_gaps,12904,local_pca_8,7.098529024745229,4.8190924875258005,3.9800532454157524,0.0,1.2548545024617204,0.44244062019507935,0.7462180805881877,
chirp_9db,validation,short_gaps,12904,local_pca_16,2.377438362480689,1.6140097916409566,1.5841755541017506,0.0,0.4202756969907841,-0.008080407036761121,0.9513915060543496,
chirp_9db,validation,short_gaps,12904,local_pca_32,0.9501730192173177,0.645059228862451,0.7352421397052735,0.0,0.16796844629726523,0.7619148794364693,0.9921067274133193,
chirp_9db,validation,short_gaps,12904,local_dictionary_8,2.273556259527344,1.543485678802126,1.3346471005763747,0.0,0.4019117621302269,0.8069687016683902,0.9605017523026635,
chirp_9db,validation,short_gaps,12904,local_dictionary_24,4.291951798801697,2.913746298469272,2.412610778159583,0.0,0.7587170553646201,0.743459172461926,0.8836560023872605,
chirp_9db,validation,short_gaps,13017,zero_fill,3.9253955479724065,1.0,2.565764497529302,0.0,0.6939184527026931,,0.5374705782536064,
chirp_9db,validation,short_gaps,13017,linear,4.610756829998812,1.1745967441116645,2.879607309465861,0.0,0.8150743552235875,0.0020252465594827345,0.3876078578651501,
chirp_9db,validation,short_gaps,13017,pchip,4.611262718667463,1.1747256199567784,2.8799150497315162,0.0,0.8151637845506196,0.002001224406648737,0.38752283915676433,
chirp_9db,validation,short_gaps,13017,autoregression,5.121635556686964,1.3047438134820462,3.007578545593133,0.0,0.9053858082248726,0.08958407837343901,0.3656901864175329,
chirp_9db,validation,short_gaps,13017,pca_r32_l01,3.3233743268308307,0.8466342528328032,1.840361168833767,0.0,0.5874951307308395,0.8450555336311137,0.8659770874512428,
chirp_9db,validation,short_gaps,13017,pca_r64_l01,1.350556260533438,0.3440560942275088,0.8267261271149678,0.0,0.2387468725492849,0.9410976295834631,0.9580514674713866,
chirp_9db,validation,short_gaps,13017,pca_r96_l01,1.028230269682306,0.2619430977378624,0.718512551104624,0.0,0.1817671490784078,0.9696863998334347,0.977416826236332,
chirp_9db,validation,short_gaps,13017,pca_r64_l001,1.6275239319552732,0.4146139954726198,0.9660038440753421,0.0,0.28770830220724175,0.9235789653439381,0.943871230070546,
chirp_9db,validation,short_gaps,13017,pca_r64_l1,1.1792373757413315,0.30041236897780804,0.7290925304428371,0.0,0.20846168625383105,0.9710004076796391,0.9747038790061942,
chirp_9db,validation,short_gaps,13017,template_1,2.2297322083096165,0.5680273952166031,1.381748011789444,0.0,0.39416469118144637,0.8505979145952469,0.8914761420011261,
chirp_9db,validation,short_gaps,13017,dictionary_8,1.5638858527837491,0.3984021058951745,0.958720353234338,0.0,0.27645857287627396,0.9173252743504327,0.9419156872158324,
chirp_9db,validation,short_gaps,13017,dictionary_24,1.1313708523478916,0.28821830526920555,0.7018699136208206,0.0,0.20000000043299956,0.9590980513667668,0.970714860670858,
chirp_9db,validation,short_gaps,13017,dictionary_48,1.3753535330990914,0.35037323405777687,0.8040693418528138,0.0,0.24313045244581105,0.9368553831272852,0.9554561872935494,
chirp_9db,validation,short_gaps,13017,local_pca_8,1.7104505880126886,0.4357396769597376,1.0254402891778638,0.0,0.30236780241707245,0.9096747695267499,0.9348602011533118,
chirp_9db,validation,short_gaps,13017,local_pca_16,1.0135005654587756,0.25819068500810866,0.6233622515998886,0.0,0.17916328064307518,0.9781997217267336,0.9813631185947557,
chirp_9db,validation,short_gaps,13017,local_pca_32,1.5947858368019507,0.4062739199940523,0.8788594439832418,0.0,0.2819209699357305,0.9142430263634278,0.9397136353096156,
chirp_9db,validation,short_gaps,13017,local_dictionary_8,1.2926301051899025,0.329299325225349,0.8055994460688489,0.0,0.2285068782364151,0.9449064156632406,0.9609945444524696,
chirp_9db,validation,short_gaps,13017,local_dictionary_24,0.7972744674213783,0.20310678444448643,0.4680650298407127,0.0,0.14093954559513747,0.9844328972842685,0.987656170101648,
chirp_9db,validation,short_gaps,13130,zero_fill,2.761553900834232,1.0,1.7813011028421095,0.0,0.48817837247301193,,0.7303807877876597,
chirp_9db,validation,short_gaps,13130,linear,3.3641480624929225,1.218208365035589,2.1151092012130763,0.0,0.5947029769760828,0.011771554068041737,0.6104776585863624,
chirp_9db,validation,short_gaps,13130,pchip,3.090756436597,1.1192091654134726,1.9883255563288424,0.0,0.5463737088284271,0.004467001623684932,0.6605511684579853,
chirp_9db,validation,short_gaps,13130,autoregression,4.176527177519956,1.5123830015623734,2.547857349322883,0.0,0.7383126722585682,-0.4404327352233049,0.41471190914339845,
chirp_9db,validation,short_gaps,13130,pca_r32_l01,1.8155611641435443,0.6574418712577311,1.0943181921829852,0.0,0.3209489027062107,0.8020495272961657,0.9035779932745454,
chirp_9db,validation,short_gaps,13130,pca_r64_l01,2.6284966726275942,0.9518179861829086,1.6183056729773382,0.0,0.46465695538531215,0.47817466822887766,0.7760055524249223,
chirp_9db,validation,short_gaps,13130,pca_r96_l01,2.8169297674175735,1.0200524301070544,1.5660382164507625,0.0,0.4979675351668026,0.3877803781892782,0.740708524917875,
chirp_9db,validation,short_gaps,13130,pca_r64_l001,2.9881488693838305,1.0820534295858384,1.839187773146197,0.0,0.5282350821840555,0.3504767626890921,0.7147316474880271,
chirp_9db,validation,short_gaps,13130,pca_r64_l1,2.5065600937334054,0.9076629259259449,1.5161813743381019,0.0,0.4431014099326198,0.4584563287716797,0.7876504863016851,
chirp_9db,validation,short_gaps,13130,template_1,5.518878254741967,1.9984684177537804,3.349784777194749,0.0,0.9756090596177558,-0.45672199155333765,0.21554262546647532,
chirp_9db,validation,short_gaps,13130,dictionary_8,4.9485535326139924,1.7919452997528293,3.0645030429781346,0.0,0.8747889399939998,-0.5361582003400608,0.26818558367117007,
chirp_9db,validation,short_gaps,13130,dictionary_24,3.9538567382378247,1.4317507027631844,2.3699832357937485,0.0,0.6989497278620225,-0.31633357849358623,0.4727404961951117,
chirp_9db,validation,short_gaps,13130,dictionary_48,3.9238380615980435,1.4208804906587917,2.298847298874911,0.0,0.6936431254084636,-0.2425199721146158,0.48823256188819236,
chirp_9db,validation,short_gaps,13130,local_pca_8,3.357172594272511,1.2156824435903097,1.9254892786190965,0.0,0.5934698767559317,0.12112521787889861,0.6300970020459865,
chirp_9db,validation,short_gaps,13130,local_pca_16,3.253167550226717,1.1780206604853791,1.7721270484778042,0.0,0.5750842087753351,0.27176149740644856,0.6699221303542261,
chirp_9db,validation,short_gaps,13130,local_pca_32,2.0785952639791643,0.7526904556710793,1.1694115745036435,0.0,0.36744720162547717,0.6563802475822341,0.8577217374167048,
chirp_9db,validation,short_gaps,13130,local_dictionary_8,4.108567699300247,1.4877738573413681,2.480954977987837,0.0,0.7262990202848042,-0.3644228946997992,0.4386245498274321,
chirp_9db,validation,short_gaps,13130,local_dictionary_24,4.111036706355343,1.4886679217499426,2.428719180116679,0.0,0.7267354831926682,-0.24636118742859967,0.4571645875086666,
chirp_9db,validation,short_gaps,13243,zero_fill,3.9969099017975678,1.0,2.515593225064541,0.0,0.7065605238381795,,0.9080671017458395,
chirp_9db,validation,short_gaps,13243,linear,4.070727751449772,1.018468729960364,2.580788978108493,0.0,0.7196097993536001,-0.021213949119248125,0.9045449021068299,
chirp_9db,validation,short_gaps,13243,pchip,4.071780231765656,1.0187320534632056,2.589338624249363,0.0,0.719795853345707,-0.019892421816795524,0.9044936697389667,
chirp_9db,validation,short_gaps,13243,autoregression,4.195160659215807,1.049601007350473,2.523570832574375,0.0,0.741606637574631,0.015741905949811345,0.8984332647139547,
chirp_9db,validation,short_gaps,13243,pca_r32_l01,3.5071134426998105,0.8774562171447806,2.0448110158006902,0.0,0.6199759244308836,0.7296514351803656,0.9373588105094436,
chirp_9db,validation,short_gaps,13243,pca_r64_l01,3.5392237062441176,0.8854899893170946,2.439648875716548,0.0,0.6256522707053503,0.6736902354508706,0.9336845475576192,
chirp_9db,validation,short_gaps,13243,pca_r96_l01,3.483939898775643,0.8716583521707052,2.5348038323710336,0.0,0.6158793819176578,0.4927947832228459,0.9309939798018217,
chirp_9db,validation,short_gaps,13243,pca_r64_l001,5.444057926327676,1.362066711556162,3.3947544671583305,0.0,0.9623825692196684,0.620674490811539,0.8714801705560405,
chirp_9db,validation,short_gaps,13243,pca_r64_l1,2.295112653467669,0.5742217637769284,1.4787183268789215,0.0,0.40572243021350984,0.8926461409135567,0.9713097711422102,
chirp_9db,validation,short_gaps,13243,template_1,3.3492544612844664,0.837960960735736,2.1141753536728185,0.0,0.5920701353733858,0.5632480801801192,0.9364546763595666,
chirp_9db,validation,short_gaps,13243,dictionary_8,4.134734982906513,1.0344829091711476,2.671087833171267,0.0,0.73092478620561,0.10460255992022814,0.9015137182041036,
chirp_9db,validation,short_gaps,13243,dictionary_24,4.733141042615207,1.1842000842917493,3.423149959786823,0.0,0.8367090318863947,-0.13802746112587116,0.8705857970073649,
chirp_9db,validation,short_gaps,13243,dictionary_48,3.2802799431120926,0.8207039997666251,2.3685221196467348,0.0,0.5798770479911958,0.5855131333626675,0.9391314858122338,
chirp_9db,validation,short_gaps,13243,local_pca_8,2.2131934017432133,0.5537261174558509,1.4058847604040554,0.0,0.39124101561248725,0.833834240747904,0.9727561084531178,
chirp_9db,validation,short_gaps,13243,local_pca_16,1.473019921796125,0.36853968640465223,0.8718404872561655,0.0,0.2603955938812295,0.9482725821748073,0.9883566941829827,
chirp_9db,validation,short_gaps,13243,local_pca_32,2.8075597707814843,0.70243258911561,2.137120766174541,0.0,0.49631113812653416,0.7424151448574297,0.9564073440835285,
chirp_9db,validation,short_gaps,13243,local_dictionary_8,2.393853883904579,0.598926156135761,1.7079885228043261,0.0,0.42317757861967054,0.8069728367644051,0.9681136917079348,
chirp_9db,validation,short_gaps,13243,local_dictionary_24,1.5914482163534414,0.3981696499182292,1.0348642224365068,0.0,0.28133095642268857,0.9400125464836702,0.986383162708491,
chirp_9db,validation,short_gaps,13356,zero_fill,3.2165353523320483,1.0,2.6931007134726888,0.0,0.5686084898900631,,0.9077127413260496,
chirp_9db,validation,short_gaps,13356,linear,3.989097025577795,1.2401844185190207,3.079498754235569,0.0,0.7051793893992865,0.013845063692361543,0.8597306138907449,
chirp_9db,validation,short_gaps,13356,pchip,4.08515952727107,1.2700496278734363,3.18503090470813,0.0,0.7221610009905511,-0.009493801336847813,0.8531973064536709,
chirp_9db,validation,short_gaps,13356,autoregression,3.329113385343076,1.034999781031291,2.4498290622984586,0.0,0.5885096625287483,0.292099524631899,0.9022307060279359,
chirp_9db,validation,short_gaps,13356,pca_r32_l01,7.06111149642959,2.195253812867361,5.164577987533304,0.0,1.2482399554599133,-0.1327312461365823,0.6578764122892414,
chirp_9db,validation,short_gaps,13356,pca_r64_l01,5.156943470650545,1.6032603114129198,3.760623224568878,0.0,0.9116274245731725,0.2407620686201276,0.8013947921594483,
chirp_9db,validation,short_gaps,13356,pca_r96_l01,3.107717130073019,0.9661691197703971,2.4759173236128866,0.0,0.5493719641710569,0.4656161829347611,0.9161594728752555,
chirp_9db,validation,short_gaps,13356,pca_r64_l001,7.449027294481678,2.3158543210417366,5.047508250215371,0.0,1.316814428292919,0.18365541347405454,0.6808587067296982,
chirp_9db,validation,short_gaps,13356,pca_r64_l1,3.5236444357189525,1.0954782241594965,2.7104965219616703,0.0,0.6228982187467792,0.25545992378750915,0.8911113292213073,
chirp_9db,validation,short_gaps,13356,template_1,2.8742866438807915,0.893597094089726,2.4139418446273484,0.0,0.5081068942405077,0.6198374982964293,0.9271878390553058,
chirp_9db,validation,short_gaps,13356,dictionary_8,3.396853654002474,1.0560597916449734,2.902833480507139,0.0,0.600484563360863,0.05231208254053985,0.8968400044887136,
chirp_9db,validation,short_gaps,13356,dictionary_24,3.3617210093799397,1.0451372800683285,2.869605515570704,0.0,0.5942739305474601,0.13057441100821834,0.8991752796528958,
chirp_9db,validation,short_gaps,13356,dictionary_48,3.065301752692352,0.9529824537665817,2.4893525326285215,0.0,0.5418739139279428,0.3248615705883742,0.9166270565937563,
chirp_9db,validation,short_gaps,13356,local_pca_8,3.403255888334713,1.0580502048165858,2.85830087291426,0.0,0.6016163291886308,0.3367712870096863,0.8989558911521242,
chirp_9db,validation,short_gaps,13356,local_pca_16,3.358420012300473,1.044111021464619,2.7070633776559467,0.0,0.5936903911925682,0.3369277206096494,0.9012831555267131,
chirp_9db,validation,short_gaps,13356,local_pca_32,4.344114118460998,1.3505569324184277,3.231239435861497,0.0,0.767938137852998,0.04632266936401814,0.8383291309286272,
chirp_9db,validation,short_gaps,13356,local_dictionary_8,2.9172069735478887,0.9069407464876328,2.176444826672351,0.0,0.5156942082800994,0.43986403245396427,0.9248670231246336,
chirp_9db,validation,short_gaps,13356,local_dictionary_24,3.360064010992362,1.0446221300058938,2.728860535739576,0.0,0.5939810118483924,0.19961003148650988,0.8996558776708614,
chirp_9db,validation,short_gaps,13469,zero_fill,2.728280564571614,1.0,1.636089613682695,0.0,0.48229642204701273,,0.949870410559786,
chirp_9db,validation,short_gaps,13469,linear,2.99864604878182,1.0990973903934464,1.6874136191222988,0.0,0.5300907388679679,0.0858268601619139,0.9395795954178152,
chirp_9db,validation,short_gaps,13469,pchip,3.0812395182165186,1.1293704753932905,1.7298961866714964,0.0,0.5446913394477177,0.07018732769961711,0.9362623451086762,
chirp_9db,validation,short_gaps,13469,autoregression,2.441946330623191,0.8950495643055749,1.4520576992813843,0.0,0.4316792024193164,0.7303376358390067,0.9627049761743458,
chirp_9db,validation,short_gaps,13469,pca_r32_l01,7.139353897995791,2.616796084209466,4.443912590760185,0.0,1.2620713886408585,-0.06764374974523185,0.7383072848064106,
chirp_9db,validation,short_gaps,13469,pca_r64_l01,7.957024232843373,2.9164977884496857,4.60647584787476,0.0,1.4066164482773087,-0.28372302334124394,0.6810877583293978,
chirp_9db,validation,short_gaps,13469,pca_r96_l01,2.4554161556763527,0.8999866756965643,1.6627644903190582,0.0,0.4340603535784381,0.6052379418390058,0.9605211762168342,
chirp_9db,validation,short_gaps,13469,pca_r64_l001,10.143980038600503,3.718085364946064,5.8668981438570675,0.0,1.793219268378848,-0.3381606316702248,0.5705230613046669,
chirp_9db,validation,short_gaps,13469,pca_r64_l1,2.946716558762629,1.0800636111357238,1.6825270734896813,0.0,0.5209108152339357,0.3856981920580332,0.9427219948489654,
chirp_9db,validation,short_gaps,13469,template_1,3.424082835117137,1.2550332541238387,2.1713254020658743,0.0,0.6052980480139467,0.34436260296256244,0.924606113667807,
chirp_9db,validation,short_gaps,13469,dictionary_8,2.1914630636655885,0.8032396272300848,1.4037754821678439,0.0,0.3873995982594461,0.6238633961730827,0.9680672239861279,
chirp_9db,validation,short_gaps,13469,dictionary_24,1.9032457385986685,0.6975989798532726,1.1485042750707244,0.0,0.33644949200687946,0.8871917809730072,0.9783337314495354,
chirp_9db,validation,short_gaps,13469,dictionary_48,1.5846652398309402,0.580829281419508,1.0737618939846407,0.0,0.2801318842487661,0.8746763878449098,0.9840501679264987,
chirp_9db,validation,short_gaps,13469,local_pca_8,6.798468190712722,2.49185083051757,3.756807594012442,0.0,1.2018107398335012,0.16729624562226836,0.7716631608139982,
chirp_9db,validation,short_gaps,13469,local_pca_16,2.6071102232710457,0.9555872871455967,1.4577429329327427,0.0,0.46087632954393254,0.5665793355453884,0.9556158954827149,
chirp_9db,validation,short_gaps,13469,local_pca_32,1.3767414357180887,0.5046187161232298,0.8304958705263827,0.0,0.24337580128419095,0.8747402796068183,0.9875774792334364,
chirp_9db,validation,short_gaps,13469,local_dictionary_8,0.6592195179088793,0.24162453322039035,0.39837125899286796,0.0,0.11653464785097384,0.9715435956904944,0.9971541390043591,
chirp_9db,validation,short_gaps,13469,local_dictionary_24,0.6743596246986996,0.24717385501171335,0.4192934669896261,0.0,0.11921106589571642,0.9701523489551971,0.9970187472930611,
chirp_9db,validation,short_gaps,13582,zero_fill,3.129431766610674,1.0,1.933903716207701,0.0,0.5532106058577512,,0.697504646758846,
chirp_9db,validation,short_gaps,13582,linear,3.12808364065065,0.9995692106233446,1.9486859646200565,0.0,0.5529722886056946,0.06522776044966362,0.6978733147263765,
chirp_9db,validation,short_gaps,13582,pchip,3.137755100596251,1.002659694988203,1.9556621254728137,0.0,0.5546819773335717,0.045577118390100334,0.695648990933581,
chirp_9db,validation,short_gaps,13582,autoregression,4.29778179984013,1.3733425491794107,2.5273452554675906,0.0,0.7597476636817703,0.3270580596561681,0.6021973017331415,
chirp_9db,validation,short_gaps,13582,pca_r32_l01,4.607986158992482,1.4724673687271839,2.5003476188133362,0.0,0.8145845651593342,0.34578700641112076,0.5903472907525777,
chirp_9db,validation,short_gaps,13582,pca_r64_l01,2.456082447427996,0.7848333597278115,1.3081880530566217,0.0,0.434178138432397,0.7804835175920711,0.8694513130051844,
chirp_9db,validation,short_gaps,13582,pca_r96_l01,1.753500756177064,0.560325607634574,1.0642923894958385,0.0,0.3099780688771352,0.83401892296973,0.9171525540246828,
chirp_9db,validation,short_gaps,13582,pca_r64_l001,3.264860142548499,1.0432757081917463,1.7550907503586128,0.0,0.5771511866054304,0.7699837547842814,0.8343249860822758,
chirp_9db,validation,short_gaps,13582,pca_r64_l1,1.907143464793215,0.6094216480900441,1.1225431619597064,0.0,0.3371385191627225,0.8019571671382905,0.9009831181079628,
chirp_9db,validation,short_gaps,13582,template_1,2.1873906762037283,0.69897375604798,1.2936521563814645,0.0,0.38667969506197103,0.7677278651038065,0.8778003752027973,
chirp_9db,validation,short_gaps,13582,dictionary_8,2.4072650735724346,0.7692339226746008,1.461634802859859,0.0,0.42554836440915045,0.6477678313672728,0.8351841592960904,
chirp_9db,validation,short_gaps,13582,dictionary_24,2.5707790977928586,0.8214843107370693,1.5273949913158376,0.0,0.45445383324549116,0.5704037931886043,0.8084004054046039,
chirp_9db,validation,short_gaps,13582,dictionary_48,2.8913688801880078,0.9239277593578914,1.6413456639612765,0.0,0.5111266355231737,0.5242689400499863,0.7690948777575011,
chirp_9db,validation,short_gaps,13582,local_pca_8,3.013311543722343,0.9628941509039212,1.5787821449703807,0.0,0.5326832565984432,0.8420331392040553,0.8749444520625832,
chirp_9db,validation,short_gaps,13582,local_pca_16,1.7425122656598375,0.5568142703258434,0.966825784905194,0.0,0.3080355598372015,0.8457592676223902,0.9206286728361578,
chirp_9db,validation,short_gaps,13582,local_pca_32,1.5962915890020486,0.5100899166531149,0.8878965975354322,0.0,0.28218715183359944,0.8729549352255742,0.9340345083414819,
chirp_9db,validation,short_gaps,13582,local_dictionary_8,1.8567816946120481,0.5933287040870786,1.1179816592974574,0.0,0.32823573186080707,0.8538120983221634,0.9109466259729381,
chirp_9db,validation,short_gaps,13582,local_dictionary_24,3.0692109463239325,0.9807566277912608,1.732949793766816,0.0,0.5425649682594084,0.4551071219794163,0.7379128855271747,
chirp_9db,validation,short_gaps,13695,zero_fill,4.681556830296821,1.0,3.006500447475939,0.0,0.8275901453032702,,0.43914301376712395,
chirp_9db,validation,short_gaps,13695,linear,4.709990698666153,1.0060735924821678,3.0080658272073526,0.0,0.8326165905881002,0.013303461995417867,0.42890025699687745,
chirp_9db,validation,short_gaps,13695,pchip,4.72640324951544,1.0095793815699072,3.0116471678610357,0.0,0.8355179470886253,0.009015975368151645,0.42327739803025993,
chirp_9db,validation,short_gaps,13695,autoregression,4.421716934308075,0.9444971180725213,2.754637343791079,0.0,0.7816565071841581,0.3715436979724028,0.5301256335329274,
chirp_9db,validation,short_gaps,13695,pca_r32_l01,4.1179733637658185,0.8796162287545551,2.524307122901157,0.0,0.7279617225660969,0.5284852101373299,0.6373498585332674,
chirp_9db,validation,short_gaps,13695,pca_r64_l01,2.890107290979127,0.6173389314160879,1.6646882118763509,0.0,0.5109036159520057,0.8825230168341188,0.8973343822398842,
chirp_9db,validation,short_gaps,13695,pca_r96_l01,1.7639118353538776,0.3767789005440828,1.1056006985525086,0.0,0.31181850504848396,0.9291695722141646,0.9427249001580144,
chirp_9db,validation,short_gaps,13695,pca_r64_l001,3.5726440089195295,0.7631316116465932,2.0162987106177983,0.0,0.631560201368123,0.8738981206671778,0.8838712279201492,
chirp_9db,validation,short_gaps,13695,pca_r64_l1,2.7350614696172393,0.5842204994537747,1.7291198285431233,0.0,0.4834951280320986,0.8154835339263105,0.8533667124669203,
chirp_9db,validation,short_gaps,13695,template_1,3.6228770628912836,0.7738616007918001,2.097352684813346,0.0,0.6404402346439072,0.6512633103973089,0.7281482795940079,
chirp_9db,validation,short_gaps,13695,dictionary_8,4.449639665401322,0.9504615295077397,2.6597063000438537,0.0,0.7865925953104788,0.3097093720833662,0.5204443078659827,
chirp_9db,validation,short_gaps,13695,dictionary_24,4.259873065149142,0.9099265948415405,2.613840384763095,0.0,0.7530462828402203,0.4208539118428114,0.5773099240962819,
chirp_9db,validation,short_gaps,13695,dictionary_48,3.286100576287775,0.7019247432866107,2.025457400114312,0.0,0.5809060002885269,0.789918325365995,0.8033410844457012,
chirp_9db,validation,short_gaps,13695,local_pca_8,5.40914446673364,1.1554157436962456,3.2186095818211644,0.0,0.956210683211262,0.5271519133757643,0.5976079520463743,
chirp_9db,validation,short_gaps,13695,local_pca_16,1.778688104599543,0.37993517307933017,1.1182413357986525,0.0,0.314430605094546,0.9342038082553319,0.9453064560658179,
chirp_9db,validation,short_gaps,13695,local_pca_32,1.8533746680947432,0.3958885335110276,1.1161857911967208,0.0,0.3276334489722899,0.9478314859776591,0.950664682253552,
chirp_9db,validation,short_gaps,13695,local_dictionary_8,4.760344466656001,1.016829366643443,2.7632153918262237,0.0,0.8415179632890792,0.2060627362688819,0.44308054481382697,
chirp_9db,validation,short_gaps,13695,local_dictionary_24,5.6533078920416076,1.2075700663198348,3.2267984682784814,0.0,0.9993730866495117,-0.08945196646343458,0.2178880481654565,
chirp_9db,validation,short_gaps,13808,zero_fill,7.193911183233597,1.0,4.139431246992431,0.0,1.271715845229554,,0.5716957896728301,
chirp_9db,validation,short_gaps,13808,linear,10.418313187113158,1.4482126511923687,5.386435138382726,0.0,1.8417149757832365,-0.010558418618567655,0.3063282492129886,
chirp_9db,validation,short_gaps,13808,pchip,10.724081340629601,1.4907163943896824,5.384191599089569,0.0,1.8957676594888282,-0.013336576794047181,0.2929901156704245,
chirp_9db,validation,short_gaps,13808,autoregression,13.972003210798603,1.9421984585189604,7.809461085578945,0.0,2.4699245542789767,-0.026656179436798617,0.2031376034250083,
chirp_9db,validation,short_gaps,13808,pca_r32_l01,0.8231086758197569,0.11441740867445309,0.5817657362335567,0.0,0.14550643158140744,0.9962300797949698,0.9969062705984545,
chirp_9db,validation,short_gaps,13808,pca_r64_l01,2.436249220114216,0.33865433671077716,1.364551300596601,0.0,0.43067208605080004,0.9508199703851898,0.9644136057294953,
chirp_9db,validation,short_gaps,13808,pca_r96_l01,4.066041459750989,0.5652059576753546,2.1953369864410304,0.0,0.718781372193893,0.8250872104743083,0.8860703520940397,
chirp_9db,validation,short_gaps,13808,pca_r64_l001,2.9297527352572454,0.40725450462683477,1.656259354588481,0.0,0.5179120065750585,0.9187957283507672,0.9446193595266441,
chirp_9db,validation,short_gaps,13808,pca_r64_l1,2.4609852134253045,0.34209279913838386,1.4609104172831424,0.0,0.4350448332032139,0.9541102460697468,0.9651813239381727,
chirp_9db,validation,short_gaps,13808,template_1,4.430382021244693,0.6158516429241314,2.756684705343334,0.0,0.7831882926172714,0.8016403931412577,0.8669801274298986,
chirp_9db,validation,short_gaps,13808,dictionary_8,3.790182189423805,0.5268597419241633,2.310827755889024,0.0,0.670015882018512,0.887546592162054,0.9126920600093201,
chirp_9db,validation,short_gaps,13808,dictionary_24,3.136163671107951,0.43594695447689336,1.9114336625863877,0.0,0.5544006496878324,0.929381077608748,0.943505856170455,
chirp_9db,validation,short_gaps,13808,dictionary_48,2.5302702641619876,0.35172386754775786,1.5152241421601347,0.0,0.4472928155059046,0.9576349886960361,0.9651755045467064,
chirp_9db,validation,short_gaps,13808,local_pca_8,2.2161956744579587,0.30806547620758906,1.2395758721035433,0.0,0.3917717474613792,0.9534423900693357,0.9683879282876529,
chirp_9db,validation,short_gaps,13808,local_pca_16,3.916457997857839,0.5444128928065841,2.2171480279067377,0.0,0.6923385021293917,0.8393038111529487,0.8949146750258294,
chirp_9db,validation,short_gaps,13808,local_pca_32,2.043978194390729,0.2841261369968679,1.359206316278027,0.0,0.3613277104627799,0.9638347218597694,0.9744918735612148,
chirp_9db,validation,short_gaps,13808,local_dictionary_8,3.0400888419802907,0.42259193428265246,1.950909631192503,0.0,0.5374168588934556,0.9214844592941815,0.9433173518919759,
chirp_9db,validation,short_gaps,13808,local_dictionary_24,1.4829019618029429,0.20613292603042563,0.9804756910967275,0.0,0.2621425082564239,0.9844750613783685,0.9880286311176243,
chirp_9db,validation,short_gaps,13921,zero_fill,2.037341059611109,1.0,1.6787894236346887,0.0,0.36015441971020035,,0.9557693640406549,
chirp_9db,validation,short_gaps,13921,linear,2.4350915383567266,1.1952301883227843,1.9378463794659044,0.0,0.4304674348955058,0.05901923453044056,0.937536193819526,
chirp_9db,validation,short_gaps,13921,pchip,2.377195927074643,1.1668129476212519,1.8773821808499656,0.0,0.4202328400608804,0.05407808999301307,0.940280542991565,
chirp_9db,validation,short_gaps,13921,autoregression,1.836113777793712,0.9012304391215639,1.3933739094297755,0.0,0.3245821258269959,0.4394070922944076,0.9642354760285267,
chirp_9db,validation,short_gaps,13921,pca_r32_l01,7.36088445337468,3.612985866382007,5.0131416511472695,0.0,1.3012328281279673,0.033762529169147106,0.6570202987554782,
chirp_9db,validation,short_gaps,13921,pca_r64_l01,4.18563535008798,2.054459821708468,3.1812075981643644,0.0,0.7399227849053349,0.38561233189709326,0.8530517687548332,
chirp_9db,validation,short_gaps,13921,pca_r96_l01,2.8056373308281444,1.377107341744582,2.1932824247491514,0.0,0.4959712955446765,0.48293835608863767,0.9241115215737021,
chirp_9db,validation,short_gaps,13921,pca_r64_l001,4.656703197034252,2.285676801665761,3.4568520608682123,0.0,0.8231966021489988,0.3825461811433145,0.8286984252925499,
chirp_9db,validation,short_gaps,13921,pca_r64_l1,2.916282993268067,1.4314161978479598,2.2086708441116203,0.0,0.5155308700997132,0.3998439395885747,0.9171196200277415,
chirp_9db,validation,short_gaps,13921,template_1,2.185556860192428,1.0727496262258664,1.8005136191303828,0.0,0.38635551912771127,-0.3162444880746424,0.9489580377441901,
chirp_9db,validation,short_gaps,13921,dictionary_8,2.1445194070957943,1.0526069736724117,1.7464799382570908,0.0,0.3791010537858976,-0.2829735252253631,0.9508900671198302,
chirp_9db,validation,short_gaps,13921,dictionary_24,2.1580587966297027,1.0592525912385218,1.789602656051826,0.0,0.3814945023240358,0.06742663496930361,0.9503310841793118,
chirp_9db,validation,short_gaps,13921,dictionary_48,1.7412178932942088,0.8546521384232915,1.4134166788992562,0.0,0.3078067449679224,0.5213130500744818,0.9678946256791933,
chirp_9db,validation,short_gaps,13921,local_pca_8,2.4094192200592777,1.1826292945370627,1.84368146783772,0.0,0.42592916730627933,0.3314753195943328,0.939751786688327,
chirp_9db,validation,short_gaps,13921,local_pca_16,1.4124578413927722,0.6932849238616849,1.060499231271899,0.0,0.24968962944723552,0.7316982470654149,0.9790359738713605,
chirp_9db,validation,short_gaps,13921,local_pca_32,1.4858939212445343,0.7293299834285794,1.133645779862266,0.0,0.26267141695896995,0.7167808660617193,0.9768754238051296,
chirp_9db,validation,short_gaps,13921,local_dictionary_8,1.7461781812808532,0.8570868255186329,1.3868109713139676,0.0,0.30868360828592095,0.6605690311800667,0.9684572636783197,
chirp_9db,validation,short_gaps,13921,local_dictionary_24,1.448543092497228,0.7109968582156432,1.1747522066674216,0.0,0.25606866088643054,0.7711801890718927,0.9783364030375263,
chirp_9db,validation,short_gaps,14034,zero_fill,2.6704203489836824,1.0,1.7451488648771099,0.0,0.47206808434622716,,0.8544594490069898,
chirp_9db,validation,short_gaps,14034,linear,2.7309348886794975,1.0226610539868175,1.7690969837230155,0.0,0.48276564469105054,-0.08589761640680131,0.8472596429188525,
chirp_9db,validation,short_gaps,14034,pchip,2.746000900886902,1.0283028669744763,1.7766355795292927,0.0,0.4854289645403742,-0.1337128345116745,0.8454489376301226,
chirp_9db,validation,short_gaps,14034,autoregression,2.094640896388534,0.7843862099035156,1.4150515040114646,0.0,0.3702836954967503,0.7929130337804573,0.9143520590692628,
chirp_9db,validation,short_gaps,14034,pca_r32_l01,2.830234683439967,1.0598461341552867,2.0216605253338615,0.0,0.5003195342524406,0.3085533926098019,0.8411700178282906,
chirp_9db,validation,short_gaps,14034,pca_r64_l01,4.253686271039647,1.592890150293578,2.8750897141026956,0.0,0.7519526018230632,0.511154307660007,0.7659092737731359,
chirp_9db,validation,short_gaps,14034,pca_r96_l01,3.4942879903053963,1.3085160887256062,2.345828231203108,0.0,0.6177086833409148,-0.1282042747891644,0.7549196120080559,
chirp_9db,validation,short_gaps,14034,pca_r64_l001,4.7369010264242855,1.7738409716009957,3.156520055564391,0.0,0.8373737093985324,0.5397749059230726,0.7474986926975865,
chirp_9db,validation,short_gaps,14034,pca_r64_l1,2.7369181229545205,1.0249016129599768,1.849155784060374,0.0,0.4838233410733746,0.46675078935034403,0.8576709583786076,
chirp_9db,validation,short_gaps,14034,template_1,2.3193483628292566,0.8685330621120986,1.482106144768879,0.0,0.41000673882262106,0.4963448262110539,0.892421003615194,
chirp_9db,validation,short_gaps,14034,dictionary_8,1.5041506422668047,0.5632636235861742,0.9801537309812045,0.0,0.2658987797682396,0.9537919683172486,0.9587127638989034,
chirp_9db,validation,short_gaps,14034,dictionary_24,1.588261575530269,0.5947608870396508,1.031108351016857,0.0,0.2807676325888708,0.8958333788226974,0.9529426101221177,
chirp_9db,validation,short_gaps,14034,dictionary_48,1.4271431778223136,0.5344264165622692,0.9138745269667776,0.0,0.2522856546905692,0.8572264221189545,0.9611393344356393,
chirp_9db,validation,short_gaps,14034,local_pca_8,3.5136987247861753,1.3157848823775742,1.9297025974219046,0.0,0.6211400488357074,0.806560388585871,0.8680992015223349,
chirp_9db,validation,short_gaps,14034,local_pca_16,1.3838950230719385,0.5182311554803071,0.8946370714004666,0.0,0.24464038881612032,0.8552709134963471,0.9630771744911293,
chirp_9db,validation,short_gaps,14034,local_pca_32,0.9093570194768046,0.34052954240814215,0.7291514350277659,0.0,0.16075312874790898,0.9627598554715255,0.9852505915477636,
chirp_9db,validation,short_gaps,14034,local_dictionary_8,1.499130447178624,0.5613836966712631,1.0160215090298779,0.0,0.2650113262708066,0.8593553848944877,0.9574865049674458,
chirp_9db,validation,short_gaps,14034,local_dictionary_24,0.4737814916534229,0.17741831986628484,0.3729073864073913,0.0,0.08375352638720325,0.9889011240454313,0.9960318162605172,
chirp_9db,validation,short_gaps,14147,zero_fill,3.2526710508031753,1.0,2.0252885399525606,0.0,0.5749964392480246,,0.6341110687881458,
chirp_9db,validation,short_gaps,14147,linear,4.556228252236091,1.400765149956074,2.539451267627302,0.0,0.8054349734474678,-0.10433148627121097,0.37260363857508305,
chirp_9db,validation,short_gaps,14147,pchip,4.673665298881231,1.4368699526892434,2.6073906799172484,0.0,0.8261951064587927,-0.10216851091112154,0.3579254060108617,
chirp_9db,validation,short_gaps,14147,autoregression,2.7944782499912146,0.8591333726480518,1.5691736790310757,0.0,0.4939986301117761,0.5263849337062376,0.749974307420981,
chirp_9db,validation,short_gaps,14147,pca_r32_l01,4.721417511291497,1.4515508754337907,2.7525855885589996,0.0,0.8346365847617825,-0.45431106860577486,0.25924375846177483,
chirp_9db,validation,short_gaps,14147,pca_r64_l01,3.833049557981228,1.1784313562955409,2.0729901357303264,0.0,0.6775938337681561,0.5743854096373782,0.7018645441632503,
chirp_9db,validation,short_gaps,14147,pca_r96_l01,2.568685580865246,0.7897157569102986,1.5031978763880642,0.0,0.45408374824148034,0.6171745291724495,0.7928265293757448,
chirp_9db,validation,short_gaps,14147,pca_r64_l001,4.079574758994725,1.2542229740653805,2.100267426472941,0.0,0.7211737441106614,0.7236885504833399,0.7743895764252592,
chirp_9db,validation,short_gaps,14147,pca_r64_l1,4.339769919701672,1.3342172792511746,2.5499641356806464,0.0,0.7671701847526128,0.012273690721011445,0.4360117642574606,
chirp_9db,validation,short_gaps,14147,template_1,4.704999706276161,1.4465033914555747,2.794985840630876,0.0,0.831734299447147,-0.6120995784394178,0.23384259200150034,
chirp_9db,validation,short_gaps,14147,dictionary_8,4.146145552065197,1.2746894743756514,2.4331001034776127,0.0,0.7329419089129356,-0.26275847803203217,0.40554615870128236,
chirp_9db,validation,short_gaps,14147,dictionary_24,4.28301126421304,1.3167674189357221,2.5139309124015883,0.0,0.757136577205852,-0.28163724847993316,0.37539477410177435,
chirp_9db,validation,short_gaps,14147,dictionary_48,4.312368123689232,1.325792881092107,2.475927486059226,0.0,0.762326185808341,-0.20334307531805926,0.3847002780293401,
chirp_9db,validation,short_gaps,14147,local_pca_8,6.3757975608592545,1.9601728737017203,3.6043407550774083,0.0,1.127092422689057,0.6761429743109876,0.6947935075767125,
chirp_9db,validation,short_gaps,14147,local_pca_16,3.248580034687387,0.9987422594993803,1.6941140200711358,0.0,0.5742732429386703,0.33914639138000996,0.6567094664667269,
chirp_9db,validation,short_gaps,14147,local_pca_32,2.9175417121705194,0.8969679585183066,1.6388383675858207,0.0,0.5157533822675963,0.4447508892303394,0.7208408572418155,
chirp_9db,validation,short_gaps,14147,local_dictionary_8,4.715720469506462,1.4497993789879302,2.7223952158293527,0.0,0.8336294805420572,-0.4009768277545907,0.2718888301670343,
chirp_9db,validation,short_gaps,14147,local_dictionary_24,3.0646660244968937,0.9421998033708764,1.7754334308129622,0.0,0.5417615319984429,0.36150757025433733,0.6874095245348851,
chirp_9db,validation,short_gaps,14260,zero_fill,4.3243094966231,1.0,2.847952799422769,0.0,0.7644371422528949,,0.5000070842411988,
chirp_9db,validation,short_gaps,14260,linear,4.312233003514016,0.9972073013926234,2.827841443340018,0.0,0.7623022997102983,0.10117714587478283,0.5041862456522361,
chirp_9db,validation,short_gaps,14260,pchip,4.313983936224784,0.9976122059703684,2.831189787598916,0.0,0.7626118238085948,0.05591022634837215,0.5035339717890068,
chirp_9db,validation,short_gaps,14260,autoregression,4.771893427064691,1.1035041388205709,2.953569976609539,0.0,0.8435595503442391,0.10306755554414895,0.41619423323630594,
chirp_9db,validation,short_gaps,14260,pca_r32_l01,4.791988320912322,1.1081510989568248,2.914340816654284,0.0,0.8471118592709602,0.4954450388754441,0.6057480361793461,
chirp_9db,validation,short_gaps,14260,pca_r64_l01,3.5618586050979286,0.8236826267591212,2.111912001290375,0.0,0.6296535933231006,0.7826907932215235,0.821554869197718,
chirp_9db,validation,short_gaps,14260,pca_r96_l01,2.4921277444036285,0.57630651699416,1.4295618902480598,0.0,0.44055010691273516,0.8340278403567208,0.8758124860671126,
chirp_9db,validation,short_gaps,14260,pca_r64_l001,3.658866340624842,0.846115742520763,2.1630885274591622,0.0,0.6468023002277585,0.793400015860858,0.8270195755666743,
chirp_9db,validation,short_gaps,14260,pca_r64_l1,3.153837379980639,0.7293273949155361,1.9401418128305932,0.0,0.557524949535981,0.7244515711613293,0.7956974233295003,
chirp_9db,validation,short_gaps,14260,template_1,4.067914279197924,0.9407084026651197,2.4115037914220867,0.0,0.7191124430266097,0.36991219393621255,0.586921281595277,
chirp_9db,validation,short_gaps,14260,dictionary_8,3.0800110032875048,0.7122549867655676,1.8830589806059883,0.0,0.5444741666384441,0.7533496174700312,0.80169617710458,
chirp_9db,validation,short_gaps,14260,dictionary_24,2.686421128210138,0.621237016061869,1.6835664290781542,0.0,0.474896649220051,0.8635701623027706,0.8677746667876067,
chirp_9db,validation,short_gaps,14260,dictionary_48,2.7425009459989647,0.6342055183933095,1.7079056551863165,0.0,0.4848102540815974,0.8159021138903088,0.8503210889066102,
chirp_9db,validation,short_gaps,14260,local_pca_8,5.932110960899864,1.3718053634996092,3.5476961960117883,0.0,1.0486589718008352,0.41953624602973466,0.5236786747518659,
chirp_9db,validation,short_gaps,14260,local_pca_16,2.1319269678430186,0.49300980179792014,1.211321232178332,0.0,0.37687500398906826,0.8711882645886059,0.9051083401487012,
chirp_9db,validation,short_gaps,14260,local_pca_32,2.1846405756199303,0.5051998653949121,1.291446908145193,0.0,0.3861935413690338,0.8642763221712991,0.9001108991429138,
chirp_9db,validation,short_gaps,14260,local_dictionary_8,2.3095032060144463,0.5340744476818697,1.4337313324825727,0.0,0.40826634453622174,0.9382411664228711,0.9181431764609341,
chirp_9db,validation,short_gaps,14260,local_dictionary_24,2.8903643031411237,0.6683990369787917,1.7811783828431862,0.0,0.5109490497126546,0.7653048494098627,0.8232139896141845,
chirp_9db,validation,short_gaps,14373,zero_fill,2.785930665004614,1.0,1.7312503378372324,0.0,0.4924876162850776,,0.6146424857150603,
chirp_9db,validation,short_gaps,14373,linear,2.8918138156742446,1.0380063840064933,1.8121583160546595,0.0,0.5112052897480508,-0.09364630074537765,0.5775089511979099,
chirp_9db,validation,short_gaps,14373,pchip,2.888480278247602,1.0368098224881048,1.8136257478071172,0.0,0.5106159980181212,-0.09535046040898394,0.5786972919427579,
chirp_9db,validation,short_gaps,14373,autoregression,3.618119115697455,1.298711113361991,2.0973682542821974,0.0,0.6395991404625863,-0.04932350024399327,0.4041934344107255,
chirp_9db,validation,short_gaps,14373,pca_r32_l01,0.6070148445045548,0.21788584049472368,0.41119540923683173,0.0,0.1073060782075171,0.9845162149410687,0.9880080473251605,
chirp_9db,validation,short_gaps,14373,pca_r64_l01,1.7537349720895496,0.6294969914790198,1.042205416777937,0.0,0.3100194727921303,0.861342705911525,0.8818745277237536,
chirp_9db,validation,short_gaps,14373,pca_r96_l01,0.6227755029004445,0.22354307331600912,0.4416179715865576,0.0,0.11009219531444168,0.9785192148118289,0.9856828332046755,
chirp_9db,validation,short_gaps,14373,pca_r64_l001,1.4727105146422699,0.5286242522621541,0.8935818763127652,0.0,0.2603408979070698,0.9007439957229146,0.9203830903857823,
chirp_9db,validation,short_gaps,14373,pca_r64_l1,2.260431259920691,0.8113738393833815,1.3130923698863741,0.0,0.399591568073993,0.6790302722995245,0.7757827838945126,
chirp_9db,validation,short_gaps,14373,template_1,1.9930688260001794,0.7154050353930393,1.1844262059563238,0.0,0.3523281205590595,0.6981336162156756,0.8255646130265458,
chirp_9db,validation,short_gaps,14373,dictionary_8,2.0183853968427536,0.7244923293306048,1.1901500792539934,0.0,0.356803500288853,0.7525897366132507,0.8292645215636925,
chirp_9db,validation,short_gaps,14373,dictionary_24,2.39121241622294,0.8583172748195367,1.3617130042667709,0.0,0.42271062869217746,0.5422237490324915,0.7383533474396581,
chirp_9db,validation,short_gaps,14373,dictionary_48,2.4117418514022573,0.8656862432713353,1.360024585088242,0.0,0.4263397543994838,0.5046826399140132,0.7310943735285461,
chirp_9db,validation,short_gaps,14373,local_pca_8,2.796417053485594,1.0037640522116018,1.586403426118549,0.0,0.494341365386342,0.31878875209335666,0.6336018620925821,
chirp_9db,validation,short_gaps,14373,local_pca_16,1.1418743272265517,0.4098717680128125,0.592624988389533,0.0,0.20185677001118038,0.9648549597422772,0.9595308725886723,
chirp_9db,validation,short_gaps,14373,local_pca_32,1.652319801327292,0.5930943731238033,0.9278217952306788,0.0,0.2920916340518343,0.8793901042982917,0.8974444156429995,
chirp_9db,validation,short_gaps,14373,local_dictionary_8,2.0542553080370523,0.7373677076179675,1.218059855617533,0.0,0.36314446465036493,0.7654245198260407,0.8239611296900246,
chirp_9db,validation,short_gaps,14373,local_dictionary_24,1.1687869404608613,0.419531955745541,0.6707296677349031,0.0,0.20661429284053817,0.9101456043170852,0.9444884802828084,
chirp_9db,validation,short_gaps,14486,zero_fill,3.322696932155594,1.0,2.191749511204736,0.0,0.5873753831387395,,0.9513355773171774,
chirp_9db,validation,short_gaps,14486,linear,4.083873882792463,1.2290840742261306,2.599882715641119,0.0,0.7219337290082964,-0.09338211031451617,0.9268378914981065,
chirp_9db,validation,short_gaps,14486,pchip,4.344906360038128,1.3076444974532713,2.721970322171118,0.0,0.7680781877008799,-0.07511938133412908,0.917817409080113,
chirp_9db,validation,short_gaps,14486,autoregression,2.8626081078960306,0.8615315108016542,1.8577344284066006,0.0,0.5060424012432189,0.5280824338121001,0.9641346466514735,
chirp_9db,validation,short_gaps,14486,pca_r32_l01,9.983454843580907,3.0046239688505554,6.350340438126746,0.0,1.7648421548914355,0.6417874471452018,0.773755184925719,
chirp_9db,validation,short_gaps,14486,pca_r64_l01,3.768933212204749,1.1342994227763228,2.3606369704869783,0.0,0.6662595580472938,0.7696067913280695,0.947291733151687,
chirp_9db,validation,short_gaps,14486,pca_r96_l01,1.7818611484117761,0.5362695379069065,1.4566222860886544,0.0,0.314991525293704,0.8758598079203631,0.9865519222724345,
chirp_9db,validation,short_gaps,14486,pca_r64_l001,5.356439751886697,1.6120759314668267,3.285926680212315,0.0,0.9468937178940677,0.6705269161393589,0.9026721174831971,
chirp_9db,validation,short_gaps,14486,pca_r64_l1,1.7029514370790213,0.5125208443173402,1.2039425881901824,0.0,0.3010421272974881,0.8748860663088988,0.9875866857096672,
chirp_9db,validation,short_gaps,14486,template_1,3.3736001040880197,1.0153198359560895,2.167913956133303,0.0,0.5963738776530704,0.10609181272573578,0.9498148607291637,
chirp_9db,validation,short_gaps,14486,dictionary_8,3.583941327097922,1.0786242020492811,2.2722797640732915,0.0,0.6335573039414137,-0.17137465931301588,0.9432159676062805,
chirp_9db,validation,short_gaps,14486,dictionary_24,3.880728840448296,1.1679454731162253,2.3491304477653387,0.0,0.6860224197567993,-0.49635491367842133,0.9332519589332041,
chirp_9db,validation,short_gaps,14486,dictionary_48,4.09252014750004,1.2316862569963685,2.7859761104514815,0.0,0.7234621871099619,-0.24078256283098115,0.9259763293419929,
chirp_9db,validation,short_gaps,14486,local_pca_8,1.0912444002765154,0.32842128624971295,0.7726891417496773,0.0,0.19290657884184279,0.944872904071188,0.9948682084325955,
chirp_9db,validation,short_gaps,14486,local_pca_16,1.5662291382043265,0.4713728546973551,1.2800687005665046,0.0,0.2768728111290604,0.8935857322782025,0.9894945812440784,
chirp_9db,validation,short_gaps,14486,local_pca_32,1.1398106748527053,0.34303780878181234,0.9446257684261367,0.0,0.20149196436429076,0.9394961277065538,0.9943983283927561,
chirp_9db,validation,short_gaps,14486,local_dictionary_8,1.6056342355403148,0.4832322262080828,1.1732197658123107,0.0,0.2838387140139587,0.8934215326804054,0.9889275973321562,
chirp_9db,validation,short_gaps,14486,local_dictionary_24,1.2178136184019657,0.36651360123052545,0.8506400637444076,0.0,0.2152810669483391,0.9605118692452966,0.9937421243323195,
chirp_9db,validation,short_gaps,14599,zero_fill,2.177315072302995,1.0,1.4206222754112985,0.0,0.38489856310128145,,0.9435967600109686,
chirp_9db,validation,short_gaps,14599,linear,2.204022202458511,1.0122660842683036,1.4483633361258554,0.0,0.3896197613110307,-0.01781753707235366,0.9421648334999434,
chirp_9db,validation,short_gaps,14599,pchip,2.21210201020097,1.0159769885123608,1.453739716951058,0.0,0.3910480830223748,-0.041770479100645144,0.9417332013698992,
chirp_9db,validation,short_gaps,14599,autoregression,2.012755163812713,0.924420718625613,1.2887437212771458,0.0,0.3558082063000524,0.4112453991503464,0.9520194358586319,
chirp_9db,validation,short_gaps,14599,pca_r32_l01,5.461434585510736,2.508334533198291,3.0952424391997777,0.0,0.9654543576053458,0.6684052764406939,0.8046960732756622,
chirp_9db,validation,short_gaps,14599,pca_r64_l01,2.3697250876035327,1.088370313395673,1.6646662561300034,0.0,0.4189121697480858,0.8978415791770161,0.9504637318377325,
chirp_9db,validation,short_gaps,14599,pca_r96_l01,1.2835256933237218,0.5894992918806684,0.929198295313568,0.0,0.22689743039409216,0.916795658064573,0.9826925647534328,
chirp_9db,validation,short_gaps,14599,pca_r64_l001,4.773144948447335,2.1922160045485164,3.0477455924755104,0.0,0.8437807901583563,0.8972305358728634,0.8617009345636361,
chirp_9db,validation,short_gaps,14599,pca_r64_l1,1.5399175239633598,0.7072552537536768,1.1325462595391362,0.0,0.2722215309156224,0.745192279815777,0.9722926411146805,
chirp_9db,validation,short_gaps,14599,template_1,2.063399142765714,0.9476805488620489,1.3189076243692104,0.0,0.36476088153603636,0.3247414922267498,0.9495014384096856,
chirp_9db,validation,short_gaps,14599,dictionary_8,3.1839458658698936,1.4623266546821645,2.1819258096959815,0.0,0.5628474281718688,-0.4631161395215838,0.8797843273462157,
chirp_9db,validation,short_gaps,14599,dictionary_24,3.092215186050273,1.4201964728878524,2.106785234776046,0.0,0.5466315817360424,-0.5121523764361476,0.8861207113901797,
chirp_9db,validation,short_gaps,14599,dictionary_48,2.400832608592398,1.1026574146905546,1.6067118139284386,0.0,0.4244112545073682,0.021423750530336964,0.9313362871813775,
chirp_9db,validation,short_gaps,14599,local_pca_8,4.115954234632427,1.89038062841263,2.3713293126844652,0.0,0.7276047875905188,-0.3645201518362109,0.8112405731683873,
chirp_9db,validation,short_gaps,14599,local_pca_16,1.2455654239604488,0.5720648517088464,0.8036436350909851,0.0,0.22018693942348258,0.885730962822397,0.9821228206113103,
chirp_9db,validation,short_gaps,14599,local_pca_32,1.5661386242372626,0.7192981136077484,1.0143409334004336,0.0,0.27685681036908466,0.7764665556792428,0.9713767603445193,
chirp_9db,validation,short_gaps,14599,local_dictionary_8,2.7807039636348003,1.2771252075583106,1.802829734849628,0.0,0.4915636572896196,0.10278870512581169,0.9097418714868959,
chirp_9db,validation,short_gaps,14599,local_dictionary_24,2.013974031151374,0.9249805215471865,1.3720422976597666,0.0,0.35602367364018594,0.39637595150188965,0.9519714198382927,
chirp_9db,test,short_gaps,16000,zero_fill,3.112314391910873,1.0,1.9860834463371835,0.0,0.5501846529261661,,0.9043420671865748,False
chirp_9db,test,short_gaps,16000,linear,4.870186109649833,1.5648117434112034,2.833579546025776,0.0,0.8609354059434818,-0.1490291803777792,0.7804993053648278,False
chirp_9db,test,short_gaps,16000,pchip,4.348737902990758,1.3972681918939287,2.4814473578975527,0.0,0.7687555152019329,-0.18152053241407123,0.8175638473214104,False
chirp_9db,test,short_gaps,16000,autoregression,3.9606458865041643,1.2725725578361122,2.351897401280139,0.0,0.7001498910564248,0.7147849398671922,0.8889107204018176,False
chirp_9db,test,short_gaps,16000,pca_r32_l01,5.295062385969006,1.7013263183601406,3.0184475957595205,0.0,0.9360436299811261,0.8014458123941761,0.8554667111881297,False
chirp_9db,test,short_gaps,16000,pca_r64_l01,4.116973311442174,1.322801231823649,2.6021041123912174,0.0,0.7277849366211994,0.7935658057501551,0.8931270559097109,False
chirp_9db,test,short_gaps,16000,pca_r96_l01,2.0304058514063805,0.6523781327116406,1.3573884027479128,0.0,0.35892843652257433,0.7718195173544854,0.9608013176249788,False
chirp_9db,test,short_gaps,16000,pca_r64_l001,5.636425778342838,1.8110078445134947,3.51632589428333,0.0,0.9963887223802212,0.7598104943240458,0.8368256551764743,False
chirp_9db,test,short_gaps,16000,pca_r64_l1,2.047043918697135,0.6577240152914976,1.3468614758640438,0.0,0.3618696590743569,0.8304954052706979,0.9625689222697197,False
chirp_9db,test,short_gaps,16000,template_1,3.1812911562302286,1.0221625310407685,1.882955611237368,0.0,0.5623781373747968,0.26478025346147743,0.9006754185302083,False
chirp_9db,test,short_gaps,16000,dictionary_8,2.447794758044348,0.786486983579275,2.0653479144370364,0.0,0.4327130680915107,0.6980781511452122,0.9439221438338633,False
chirp_9db,test,short_gaps,16000,dictionary_24,2.47176411105952,0.794188439793811,2.0294773498746403,0.0,0.4369502911059313,0.7038832091013528,0.9432502800144509,False
chirp_9db,test,short_gaps,16000,dictionary_48,3.5886940869919597,1.15306284491028,2.7222509450905408,0.0,0.6343974811290202,0.43966486729634996,0.8831238952531134,False
chirp_9db,test,short_gaps,16000,local_pca_8,4.838097491248344,1.5545015323075664,2.7468686407652463,0.0,0.8552628860258318,0.7031699086126575,0.855058978069264,False
chirp_9db,test,short_gaps,16000,local_pca_16,1.7215038271969019,0.5531265837639067,1.065829309620978,0.0,0.30432175751238094,0.8362873120360613,0.9718313260572555,False
chirp_9db,test,short_gaps,16000,local_pca_32,1.556098425100378,0.49998111667149975,0.9669226152723389,0.0,0.275081937145546,0.8694756367098054,0.9770756991663996,True
chirp_9db,test,short_gaps,16000,local_dictionary_8,3.1016966277841584,0.9965884667197148,2.0540003150796258,0.0,0.5483076796724063,0.5407447448496046,0.9109900923821993,False
chirp_9db,test,short_gaps,16000,local_dictionary_24,2.569782904634082,0.8256822997423174,1.6550935827735873,0.0,0.45427772951100553,0.6421013945476173,0.9374291085624226,False
chirp_9db,test,short_gaps,16102,zero_fill,3.469202269253723,1.0,2.0540094845580876,0.0,0.6132741124742667,,0.6771330858181762,False
chirp_9db,test,short_gaps,16102,linear,3.819233227484649,1.1008966704919811,2.207652844168127,0.0,0.6751514285218448,-0.07686567484012122,0.6016074062768784,False
chirp_9db,test,short_gaps,16102,pchip,3.715624804109513,1.0710314694071728,2.175185853191508,0.0,0.6568358738326935,-0.12869264008413325,0.621648880526362,False
chirp_9db,test,short_gaps,16102,autoregression,4.679829845127986,1.348964252273099,2.7874490173784876,0.0,0.8272848545722974,0.24380096174071944,0.5579880112622585,False
chirp_9db,test,short_gaps,16102,pca_r32_l01,4.4293436227545575,1.2767614220739498,2.4780739646316006,0.0,0.7830047279637842,0.5378743230167748,0.6919644661560941,False
chirp_9db,test,short_gaps,16102,pca_r64_l01,5.12770333340364,1.4780641010322773,2.903743774618949,0.0,0.9064584497406446,0.7521273290834939,0.7805207243379878,False
chirp_9db,test,short_gaps,16102,pca_r96_l01,2.8715480009529024,0.8277257357987994,1.6991719167957609,0.0,0.507622765994118,0.6910890396588307,0.825133271122089,False
chirp_9db,test,short_gaps,16102,pca_r64_l001,6.790084212369828,1.9572465614207257,3.879740348450385,0.0,1.2003286478486057,0.6977485050554745,0.7146893624644495,False
chirp_9db,test,short_gaps,16102,pca_r64_l1,1.9008624013746227,0.5479249273590284,1.1052726449054027,0.0,0.3360281735286352,0.8645549842735291,0.9233171218687486,False
chirp_9db,test,short_gaps,16102,template_1,4.91185595155548,1.415845941035918,2.8579086018165336,0.0,0.8683016628890955,0.23653067216566806,0.5390896338929732,False
chirp_9db,test,short_gaps,16102,dictionary_8,2.6362929026852284,0.7599132878615159,1.569088273785464,0.0,0.46603514717067296,0.6642080299968068,0.8317335327161648,False
chirp_9db,test,short_gaps,16102,dictionary_24,2.2541191021055593,0.6497514204008791,1.3599571679163134,0.0,0.39847572567524314,0.7631456924223965,0.8789742655587884,False
chirp_9db,test,short_gaps,16102,dictionary_48,2.7910200028527585,0.8045134835718727,1.6502296658963136,0.0,0.4933872926111207,0.6972138124602527,0.8312286495309635,False
chirp_9db,test,short_gaps,16102,local_pca_8,5.752340905242931,1.6581163215024486,3.065250739718981,0.0,1.01687981544851,0.7497073488403371,0.7657009946458222,False
chirp_9db,test,short_gaps,16102,local_pca_16,3.5450885961538794,1.0218742872310183,1.9559225864229144,0.0,0.6266890465618765,0.597399768271843,0.7577235173109805,False
chirp_9db,test,short_gaps,16102,local_pca_32,1.8333534496991488,0.5284654244428159,1.0107494623659428,0.0,0.3240941641485045,0.8791809193124163,0.9303767516243596,True
chirp_9db,test,short_gaps,16102,local_dictionary_8,2.7470085914125515,0.7918271631949191,1.594599890116776,0.0,0.4856071007413803,0.6481114680462876,0.820113140966393,False
chirp_9db,test,short_gaps,16102,local_dictionary_24,1.9380412164455845,0.5586417470153696,1.1741297733353444,0.0,0.34260052159192456,0.8322410606762716,0.9123286152483345,False
chirp_9db,test,short_gaps,16205,zero_fill,5.500792319542194,1.0,3.5019066150563143,0.0,0.9724118877617909,,0.46328354247266906,False
chirp_9db,test,short_gaps,16205,linear,6.879423071405127,1.2506240322808024,4.03581065570467,0.0,1.2161216761104379,0.0017363796092605094,0.25707297978192456,False
chirp_9db,test,short_gaps,16205,pchip,6.959069328893635,1.2651030841812998,4.056017169434367,0.0,1.2302012783020015,0.0008653673369531997,0.25112588472931424,False
chirp_9db,test,short_gaps,16205,autoregression,10.246272817630574,1.862690358483362,5.3981381271133895,0.0,1.8113022478084932,-0.06172584130705088,0.0954775996735077,False
chirp_9db,test,short_gaps,16205,pca_r32_l01,2.6919055551591744,0.48936687640358134,1.5944367260383694,0.0,0.4758661680916975,0.9133480175290644,0.920156547984566,False
chirp_9db,test,short_gaps,16205,pca_r64_l01,2.9579479172896517,0.537731247693392,1.629086591656395,0.0,0.5228962576780344,0.8963206268083547,0.9020738857945739,False
chirp_9db,test,short_gaps,16205,pca_r96_l01,1.826237909641586,0.33199542966813467,1.0710091953897352,0.0,0.3228363024918777,0.9783013915949625,0.9736453455638105,False
chirp_9db,test,short_gaps,16205,pca_r64_l001,2.9969821643795447,0.5448273612752881,1.641390555853378,0.0,0.529796602881978,0.8746852518462279,0.8919402419094293,False
chirp_9db,test,short_gaps,16205,pca_r64_l1,3.3238548855346752,0.6042502047798278,1.961053826374556,0.0,0.5875800823104012,0.87191672732165,0.8729008521312492,False
chirp_9db,test,short_gaps,16205,template_1,3.5095077926367306,0.638000416807012,2.1824456096090135,0.0,0.620399189700116,0.7717759849270124,0.825772445225731,False
chirp_9db,test,short_gaps,16205,dictionary_8,3.124446565052572,0.5679993687368668,1.8854555348966708,0.0,0.5523293384009224,0.8645285676354998,0.8820272879990342,False
chirp_9db,test,short_gaps,16205,dictionary_24,3.3985532779799845,0.6178297744319914,2.0287476874612604,0.0,0.6007850172708542,0.8310310821894001,0.8548476041350446,False
chirp_9db,test,short_gaps,16205,dictionary_48,3.000585826787248,0.5454824782472378,1.7597824195016434,0.0,0.5304336464133765,0.8741350046287906,0.8915800275425108,False
chirp_9db,test,short_gaps,16205,local_pca_8,3.47779036724798,0.6322344428261237,1.9750024091959895,0.0,0.6147922880565752,0.8097507384661913,0.8425637875671469,False
chirp_9db,test,short_gaps,16205,local_pca_16,2.4529988900377466,0.44593555756016956,1.3483828328290666,0.0,0.43363303734719116,0.9532514508401603,0.9452488498987169,False
chirp_9db,test,short_gaps,16205,local_pca_32,2.3200478719857087,0.42176612698928356,1.3094605449793635,0.0,0.4101303957396284,0.9625413809450767,0.9536179499446047,True
chirp_9db,test,short_gaps,16205,local_dictionary_8,3.311993845470624,0.6020939626650486,1.956979318832505,0.0,0.5854833268450972,0.8358622335845101,0.8615424909172207,False
chirp_9db,test,short_gaps,16205,local_dictionary_24,3.2411718840386774,0.5892190971333426,1.94911804670882,0.0,0.5729636545487318,0.8413931677181672,0.8673378003131207,False
chirp_9db,test,short_gaps,16308,zero_fill,3.016989523028634,1.0,1.9403709498881065,0.0,0.5333334376255786,,0.8657426148301132,False
chirp_9db,test,short_gaps,16308,linear,4.820787335653996,1.597880038646804,2.81056140394099,0.0,0.8522028539247924,-0.06204479885992734,0.6964369013880655,False
chirp_9db,test,short_gaps,16308,pchip,5.279592393511278,1.7499538374966939,3.1192421577645937,0.0,0.9333088958381849,-0.05649333940076356,0.6583604591331109,False
chirp_9db,test,short_gaps,16308,autoregression,3.8933936908571796,1.2904896291945882,2.347269077252693,0.0,0.6882612701585081,0.17117640174765714,0.7917754819405584,False
chirp_9db,test,short_gaps,16308,pca_r32_l01,2.228321908729846,0.7385911988494158,1.692816527112972,0.0,0.3939153830823563,0.7856249407722884,0.9362409276230422,False
chirp_9db,test,short_gaps,16308,pca_r64_l01,4.60745486616907,1.5271696606834195,2.917806806596203,0.0,0.8144906449697766,0.33891876964644085,0.7592996937017366,False
chirp_9db,test,short_gaps,16308,pca_r96_l01,1.99636302508465,0.6617069797049152,1.2421183276422139,0.0,0.3529104581868614,0.8353237054312133,0.949462173575536,False
chirp_9db,test,short_gaps,16308,pca_r64_l001,7.044657448417276,2.3349956619489447,4.276490171450998,0.0,1.2453312632280442,0.17262211514001588,0.5910294960084423,False
chirp_9db,test,short_gaps,16308,pca_r64_l1,1.3619127460934752,0.451414476483268,0.9930196140796291,0.0,0.24075443453677228,0.9055419202656741,0.9746374152560529,False
chirp_9db,test,short_gaps,16308,template_1,1.1039177989179962,0.3659004416461539,0.6854804607677301,0.0,0.19514694037186067,0.9309899773218892,0.9831211851004493,False
chirp_9db,test,short_gaps,16308,dictionary_8,1.0711183079377729,0.3550288457291428,0.6454584889923551,0.0,0.18934875474896495,0.9346030095282346,0.9840852905866067,False
chirp_9db,test,short_gaps,16308,dictionary_24,2.6033317089545416,0.8628905367696346,1.3977683311068883,0.0,0.46020837626992994,0.6147090405622636,0.9060166087422717,False
chirp_9db,test,short_gaps,16308,dictionary_48,2.0900885114576626,0.6927728769039633,1.2172806236935512,0.0,0.36947893993295255,0.7222753026718605,0.9380309123999917,False
chirp_9db,test,short_gaps,16308,local_pca_8,2.1563714511570287,0.7147427707976707,1.308252323094045,0.0,0.38119621896755274,0.6995865643744507,0.9338576770852749,False
chirp_9db,test,short_gaps,16308,local_pca_16,0.9388453278880728,0.3111861412583243,0.6213092730608712,0.0,0.16596597445874098,0.95056117062005,0.9878183654128472,False
chirp_9db,test,short_gaps,16308,local_pca_32,0.878034697045986,0.29103007827636157,0.6131202590324483,0.0,0.15521607209957314,0.9685984989081265,0.9898651608554675,True
chirp_9db,test,short_gaps,16308,local_dictionary_8,1.044101333127478,0.34607390087299567,0.6564166828994789,0.0,0.18457278322508852,0.9379683555556987,0.9848839428076359,False
chirp_9db,test,short_gaps,16308,local_dictionary_24,1.4435141603642685,0.47846177434357906,0.8828340367052978,0.0,0.2551796628830949,0.8836296803867627,0.971234342470241,False
chirp_9db,test,short_gaps,16411,zero_fill,4.559281444897343,1.0,2.578899810656585,0.0,0.805974706756228,,0.6540777025441977,False
chirp_9db,test,short_gaps,16411,linear,6.244584370169242,1.3696422222756297,3.275815144362072,0.0,1.103896988459549,0.017709212612009393,0.4503677176053721,False
chirp_9db,test,short_gaps,16411,pchip,6.437204767825052,1.4118901948967075,3.291325250258592,0.0,1.1379477858038674,0.010776562550097159,0.43363651920941854,False
chirp_9db,test,short_gaps,16411,autoregression,5.831951236407891,1.279138238534253,3.300581477696773,0.0,1.0309530667033224,0.365679903310023,0.6005804841400515,False
chirp_9db,test,short_gaps,16411,pca_r32_l01,2.008458822232714,0.44052091245223324,1.1205145053999506,0.0,0.35504871323367465,0.9294072489918016,0.9496368451822068,False
chirp_9db,test,short_gaps,16411,pca_r64_l01,2.930332644362287,0.6427180861233861,1.6629027515221626,0.0,0.5180145209902203,0.7919647515177044,0.8813353134205661,False
chirp_9db,test,short_gaps,16411,pca_r96_l01,2.166445486169945,0.4751725710187485,1.213287521884011,0.0,0.38297707358543875,0.9445996087691707,0.9577960665930094,False
chirp_9db,test,short_gaps,16411,pca_r64_l001,3.6631892589730604,0.8034575849825697,2.1264858344651394,0.0,0.6475664914473938,0.7421950847827182,0.8390346726453242,False
chirp_9db,test,short_gaps,16411,pca_r64_l1,2.0426656210381577,0.44802358567363026,1.1231041590831714,0.0,0.36109567808317794,0.9160231380378744,0.9457405824667408,False
chirp_9db,test,short_gaps,16411,template_1,4.293102047062412,0.9416181253445466,2.528490135813332,0.0,0.7589203924509201,0.4544218406308842,0.7182541338492073,False
chirp_9db,test,short_gaps,16411,dictionary_8,2.556312000234474,0.5606830881421999,1.5524626599783886,0.0,0.4518963875485859,0.8457959726290579,0.9091170375992456,False
chirp_9db,test,short_gaps,16411,dictionary_24,2.1649611731987712,0.47484701248740685,1.2960714350268931,0.0,0.3827146816436087,0.897559765271321,0.9371394493674639,False
chirp_9db,test,short_gaps,16411,dictionary_48,1.718121937069122,0.3768405082761473,0.998236125808865,0.0,0.3037239181517357,0.9389319523877929,0.9616811416950252,False
chirp_9db,test,short_gaps,16411,local_pca_8,3.4596777475733975,0.7588208338060375,1.8842500118727978,0.0,0.6115903990073375,0.7538235039103791,0.8500821365383325,False
chirp_9db,test,short_gaps,16411,local_pca_16,2.080963219405778,0.4564235054483751,1.108091140051564,0.0,0.36786580096040383,0.9389412800955977,0.9567651105328928,False
chirp_9db,test,short_gaps,16411,local_pca_32,1.280897609767545,0.28094286901307663,0.6840588393519984,0.0,0.22643284646806783,0.9672108714056042,0.9797409623133185,True
chirp_9db,test,short_gaps,16411,local_dictionary_8,2.6151631691762183,0.5735910802574069,1.583679543757475,0.0,0.46229990270845156,0.8260758272189642,0.9024241596219971,False
chirp_9db,test,short_gaps,16411,local_dictionary_24,1.8822935451737575,0.4128487280118192,1.053746282642502,0.0,0.33274563249400774,0.9190757029642388,0.9520689690064122,False
chirp_9db,test,short_gaps,16514,zero_fill,5.801391780157099,1.0,3.556657170996641,0.0,1.0255508670172453,,0.49558084555628906,False
chirp_9db,test,short_gaps,16514,linear,7.627689542370647,1.314803383639795,4.303053598078465,0.0,1.3483977500489994,-0.06607191488153735,0.24843539131448497,False
chirp_9db,test,short_gaps,16514,pchip,8.339209873709892,1.4374498723277176,4.61120698239067,0.0,1.4741779628595195,-0.054930163564479884,0.21300457987112106,False
chirp_9db,test,short_gaps,16514,autoregression,7.494000117972755,1.291759012657101,4.247096609795544,0.0,1.3247645754078305,0.1012348326086689,0.33507962134957414,False
chirp_9db,test,short_gaps,16514,pca_r32_l01,3.7843664524987144,0.6523204423880912,2.2410814739814326,0.0,0.6689877952641798,0.8659021038792941,0.8885143241089872,False
chirp_9db,test,short_gaps,16514,pca_r64_l01,1.657567747544133,0.2857189809544714,1.1185106947312995,0.0,0.29301934864114193,0.9698122605810646,0.9755459627959815,False
chirp_9db,test,short_gaps,16514,pca_r96_l01,1.7999556801878314,0.31026273494307766,1.0139760799139956,0.0,0.31819021682401505,0.9684862494885301,0.9717245197521314,False
chirp_9db,test,short_gaps,16514,pca_r64_l001,2.263327012255723,0.39013517756155286,1.474491968296009,0.0,0.40010346960217746,0.9623516437532135,0.9664240723067864,False
chirp_9db,test,short_gaps,16514,pca_r64_l1,2.2529291902009385,0.3883428797046233,1.3898075811688226,0.0,0.3982653769810502,0.930065822020761,0.9456099793087365,False
chirp_9db,test,short_gaps,16514,template_1,1.2228788125254673,0.2107905928208752,0.7133998939039162,0.0,0.21617647522652764,0.9865098223664285,0.9877536615170951,False
chirp_9db,test,short_gaps,16514,dictionary_8,4.037545121780605,0.6959614649006295,2.4363847662315243,0.0,0.7137438837394326,0.7329014354004723,0.8018339572375263,False
chirp_9db,test,short_gaps,16514,dictionary_24,4.12807353071417,0.7115660667555164,2.4765823011859567,0.0,0.7297471967011708,0.712119729144567,0.7895112107856008,False
chirp_9db,test,short_gaps,16514,dictionary_48,4.472724790582161,0.7709744420089901,2.651727556908973,0.0,0.7906735074504565,0.6369064159653995,0.7427090662662856,False
chirp_9db,test,short_gaps,16514,local_pca_8,3.37104278409255,0.5810748371835118,1.9772414351706085,0.0,0.5959218030754552,0.9777953706414568,0.9692781097670432,False
chirp_9db,test,short_gaps,16514,local_pca_16,2.0583568489628434,0.35480397238524447,1.1576079539742405,0.0,0.36386952150085017,0.9488416109420699,0.958110353021933,False
chirp_9db,test,short_gaps,16514,local_pca_32,1.763547555056105,0.30398697793313817,1.0071824486965835,0.0,0.31175410878128207,0.9631021589030341,0.969766855796696,True
chirp_9db,test,short_gaps,16514,local_dictionary_8,2.5952016937439204,0.4473412229493737,1.5357573235868063,0.0,0.4587711790482849,0.9078552346650166,0.9277265571200205,False
chirp_9db,test,short_gaps,16514,local_dictionary_24,2.7819645679586853,0.4795339934589543,1.5944810861417116,0.0,0.49178650275607266,0.8918314375849308,0.9156516022925802,False
chirp_9db,test,short_gaps,16616,zero_fill,3.66012907186175,1.0,2.3149884735120896,0.0,0.647025521682867,,0.5472970877234457,False
chirp_9db,test,short_gaps,16616,linear,4.113404775181204,1.1238414532438585,2.526920926293575,0.0,0.7271541025739388,-0.021131231327916916,0.4263670018049884,False
chirp_9db,test,short_gaps,16616,pchip,4.144607343406732,1.1323664444703718,2.5404267859421568,0.0,0.7326699894696155,-0.021346511945414634,0.4201167485740008,False
chirp_9db,test,short_gaps,16616,autoregression,3.1753363744483196,0.8675476498519116,1.784192177516413,0.0,0.5613254707301782,0.5438934275503604,0.6883878572634619,False
chirp_9db,test,short_gaps,16616,pca_r32_l01,3.718520108881082,1.0159532726504727,2.104016366920384,0.0,0.657347696242088,0.2392674035952354,0.549966268651655,False
chirp_9db,test,short_gaps,16616,pca_r64_l01,3.0115041910053852,0.8227863367325358,1.6530156931175117,0.0,0.532363758757904,0.5706635375624787,0.7256820803241799,False
chirp_9db,test,short_gaps,16616,pca_r96_l01,3.2458130657972326,0.8868028974033496,1.8179243857781429,0.0,0.5737841073222801,0.46451968308425734,0.6707093176536508,False
chirp_9db,test,short_gaps,16616,pca_r64_l001,2.888669404154491,0.7892261030797882,1.6110576327310753,0.0,0.510649431070936,0.622551408418854,0.7527402680384182,False
chirp_9db,test,short_gaps,16616,pca_r64_l1,3.1019622723282363,0.8475007879299737,1.6781765900641532,0.0,0.548354639437032,0.5326625230269337,0.7053231887590184,False
chirp_9db,test,short_gaps,16616,template_1,3.8505761817133375,1.0520328944997328,2.2216163458423335,0.0,0.6806921323912261,0.45189303193296076,0.6150945496555597,False
chirp_9db,test,short_gaps,16616,dictionary_8,3.2069622156096873,0.8761882853432936,1.840675088653911,0.0,0.5669161824166612,0.5737853230737686,0.7115768883976261,False
chirp_9db,test,short_gaps,16616,dictionary_24,3.017840113288366,0.8245174019924169,1.674001324556507,0.0,0.5334838021607455,0.5783883637740873,0.7275367182738793,False
chirp_9db,test,short_gaps,16616,dictionary_48,3.028943190761748,0.8275509227386496,1.6535437365871102,0.0,0.5354465675041127,0.5631301707289667,0.7218398798916449,False
chirp_9db,test,short_gaps,16616,local_pca_8,3.2444903921666635,0.8864415239095191,1.7805600061326212,0.0,0.5735502894489122,0.47884154555630526,0.6742210459421218,False
chirp_9db,test,short_gaps,16616,local_pca_16,3.2877709469618726,0.898266395094511,1.815598980987764,0.0,0.5812012828962142,0.4536522157259005,0.6623879242647066,False
chirp_9db,test,short_gaps,16616,local_pca_32,3.14531642879463,0.8593457681520349,1.694261395972031,0.0,0.5560186439445344,0.5140449949914029,0.6954660604743006,True
chirp_9db,test,short_gaps,16616,local_dictionary_8,3.673234989864987,1.003580725637244,2.132435097643423,0.0,0.649342342556308,0.3877239605247943,0.5997310152863549,False
chirp_9db,test,short_gaps,16616,local_dictionary_24,2.443467337130011,0.6675904836020236,1.3536790280863484,0.0,0.4319480809231167,0.744533142160492,0.8294110741554891,False
chirp_9db,test,short_gaps,16719,zero_fill,3.968348536147322,1.0,2.4059716057240044,0.0,0.7015115400053701,,0.83762743568676,False
chirp_9db,test,short_gaps,16719,linear,4.9489601471841755,1.2471082371179227,2.668424680879205,0.0,0.8748608199739762,0.010283268965341564,0.7548804668139758,False
chirp_9db,test,short_gaps,16719,pchip,5.091114560881285,1.2829302956902073,2.7021439225114583,0.0,0.8999904074491821,0.0018717767501210095,0.7431052560296091,False
chirp_9db,test,short_gaps,16719,autoregression,6.004214622489619,1.5130260277790069,3.529325640484324,0.0,1.061405218815459,0.17892184773344932,0.6971297810722352,False
chirp_9db,test,short_gaps,16719,pca_r32_l01,9.427085240063333,2.375568868055031,5.930940639177097,0.0,1.6664889750180991,-0.014915316007740136,0.48129258737997055,False
chirp_9db,test,short_gaps,16719,pca_r64_l01,3.4075382349535634,0.8586791719312482,2.205362720827866,0.0,0.6023733482720259,0.8016631411851505,0.9122829424780565,False
chirp_9db,test,short_gaps,16719,pca_r96_l01,2.918405160803145,0.7354205746344256,1.9434310966915835,0.0,0.5159060198634301,0.6784792993734821,0.9158001013082373,False
chirp_9db,test,short_gaps,16719,pca_r64_l001,5.13278670813866,1.2934314265454705,3.1119731322148025,0.0,0.9073570719272557,0.7359414928882899,0.8452758031298404,False
chirp_9db,test,short_gaps,16719,pca_r64_l1,1.458030939186903,0.36741504076716885,0.9635524636960595,0.0,0.25774589106971246,0.9615199644708151,0.9812791897799017,False
chirp_9db,test,short_gaps,16719,template_1,3.149720371243609,0.793710618549025,1.792063423540703,0.0,0.5567971583369415,0.6638813506935463,0.901862959495415,False
chirp_9db,test,short_gaps,16719,dictionary_8,2.7601715384669157,0.6955466520454963,1.6307424491438605,0.0,0.4879340030220154,0.7263720334569027,0.92542701419331,False
chirp_9db,test,short_gaps,16719,dictionary_24,2.8398001135401554,0.7156125747707585,1.7017712171028372,0.0,0.5020104793746428,0.713978942168873,0.9212750395492312,False
chirp_9db,test,short_gaps,16719,dictionary_48,2.0456988435216057,0.5155038235395715,1.1773804235127474,0.0,0.3616318811299013,0.8581181993578095,0.9595978362991766,False
chirp_9db,test,short_gaps,16719,local_pca_8,1.3944364564171854,0.3513896130129176,0.7655757044385199,0.0,0.24650386856658285,0.9395651527667253,0.9816982602647996,False
chirp_9db,test,short_gaps,16719,local_pca_16,1.0897202777412527,0.2746029658975493,0.7905724991820721,0.0,0.19263714949683194,0.971591932724402,0.9893521814120461,False
chirp_9db,test,short_gaps,16719,local_pca_32,1.1367258261528075,0.2864480818150111,0.8316713901727975,0.0,0.20094663500563267,0.9615700395874304,0.9879327342191946,True
chirp_9db,test,short_gaps,16719,local_dictionary_8,1.648747563712724,0.41547448483781957,0.9972402122672948,0.0,0.2914601456915166,0.9745236454268542,0.9765700572501719,False
chirp_9db,test,short_gaps,16719,local_dictionary_24,0.5130138640152044,0.12927641293152764,0.31970993564617456,0.0,0.09068889552196611,0.9916218729131588,0.9975048662918534,False
chirp_9db,test,short_gaps,16822,zero_fill,2.3968291042260716,1.0,1.567480699855785,0.0,0.4237035282358834,,0.8359666648358215,False
chirp_9db,test,short_gaps,16822,linear,2.9636881751246666,1.2365037498497966,1.8211842030752141,0.0,0.523911001488259,-0.028246609707162203,0.7537286733899562,False
chirp_9db,test,short_gaps,16822,pchip,2.733706209012082,1.140551157440483,1.725884106938853,0.0,0.4832555495410531,-0.07282527370644662,0.7854855313677868,False
chirp_9db,test,short_gaps,16822,autoregression,4.493132512437934,1.8746153009055486,2.395479855778204,0.0,0.794281117078653,-0.34111746715925045,0.5194237689275953,False
chirp_9db,test,short_gaps,16822,pca_r32_l01,9.758877367834945,4.071578299273888,5.422279489738961,0.0,1.7251420908910038,-0.34045100329567174,0.15202348666777382,False
chirp_9db,test,short_gaps,16822,pca_r64_l01,3.7691977935702012,1.5725767794309486,2.2921664019680277,0.0,0.6663063298667156,-0.015378630202301619,0.6518567138103284,False
chirp_9db,test,short_gaps,16822,pca_r96_l01,3.2743525809799925,1.3661185001495009,1.9021328747818687,0.0,0.5788292285016566,0.1934406580181128,0.7322206701044822,False
chirp_9db,test,short_gaps,16822,pca_r64_l001,3.8452895566710064,1.6043236248637918,2.3320000793688895,0.0,0.6797575802869704,-0.04987581231586031,0.638568075789707,False
chirp_9db,test,short_gaps,16822,pca_r64_l1,3.0967849758073465,1.2920341172205885,1.8961999361012718,0.0,0.5474394140674983,0.1799301152698317,0.7500171738798047,False
chirp_9db,test,short_gaps,16822,template_1,2.3444657140901235,0.9781530564512834,1.4326395332051476,0.0,0.414446901173122,0.60812460518056,0.8652973354781258,False
chirp_9db,test,short_gaps,16822,dictionary_8,2.9647313286993047,1.2369389721911803,1.7612850096695958,0.0,0.5240954067298704,0.2225547859125827,0.7685349301721197,False
chirp_9db,test,short_gaps,16822,dictionary_24,3.516945900288146,1.467332774826162,2.015750147448969,0.0,0.6217140737899939,-0.010017289203045229,0.6822616875696506,False
chirp_9db,test,short_gaps,16822,dictionary_48,4.4597050478581055,1.86066876440827,2.44868560354338,0.0,0.7883719203580857,-0.00905370648216333,0.5805100226988068,False
chirp_9db,test,short_gaps,16822,local_pca_8,3.3231390881661915,1.3864731041136211,2.03727172391533,0.0,0.5874535460170986,0.3251064619379683,0.7457109832271055,False
chirp_9db,test,short_gaps,16822,local_pca_16,3.369074524771914,1.4056381904039743,1.9117480056645981,0.0,0.5955738606972664,0.003688888931227152,0.701757246030535,False
chirp_9db,test,short_gaps,16822,local_pca_32,3.1324614147056837,1.306918966055006,1.727662951487376,0.0,0.5537461770358988,0.25796124917949487,0.7544639489443228,True
chirp_9db,test,short_gaps,16822,local_dictionary_8,2.651862767268287,1.106404608735993,1.6231425152767458,0.0,0.4687875363778823,0.19798709528496275,0.8034678076061704,False
chirp_9db,test,short_gaps,16822,local_dictionary_24,3.256540746260631,1.3586870839137934,1.8903599754469511,0.0,0.5756805112227981,0.04459658974584846,0.7192117199704529,False
chirp_9db,test,short_gaps,16925,zero_fill,6.233787398581854,1.0,3.814824319220031,0.0,1.101988335503119,,0.5358634449438457,False
chirp_9db,test,short_gaps,16925,linear,6.749447599843031,1.08272020976822,4.095599397265776,0.0,1.1931450417780687,-0.148211577031456,0.43541853263753255,False
chirp_9db,test,short_gaps,16925,pchip,6.6423835204206805,1.0655454053392612,4.041512900734427,0.0,1.174218607632809,-0.18756598849116882,0.45297271335665845,False
chirp_9db,test,short_gaps,16925,autoregression,9.439876115910739,1.5143083188974729,5.207148264808975,0.0,1.6687501037803527,0.03456034481027721,0.28497813835008423,False
chirp_9db,test,short_gaps,16925,pca_r32_l01,3.52296477811308,0.5651403477305837,2.0022611654264013,0.0,0.6227780711212799,0.9364187702291508,0.9422310789751651,False
chirp_9db,test,short_gaps,16925,pca_r64_l01,1.1765474461173306,0.1887371786828963,0.799172694061264,0.0,0.20798616938431969,0.9820310133887383,0.9872260193296946,False
chirp_9db,test,short_gaps,16925,pca_r96_l01,1.7970112332364885,0.28826957326861946,0.9615752003502692,0.0,0.3176697072224804,0.9588009917237094,0.9705280248089773,False
chirp_9db,test,short_gaps,16925,pca_r64_l001,1.3451800713502753,0.215788570469422,0.9218237390281915,0.0,0.23779648759219585,0.9764405561078553,0.9832664221508645,False
chirp_9db,test,short_gaps,16925,pca_r64_l1,1.4636610438324877,0.23479482860860174,0.9253362171441581,0.0,0.25874116236313316,0.984746027571642,0.9858252159891644,False
chirp_9db,test,short_gaps,16925,template_1,3.0546125422805526,0.49000909831725364,1.8177695565193075,0.0,0.5399843106360146,0.8987230314052262,0.9203688360874136,False
chirp_9db,test,short_gaps,16925,dictionary_8,1.0740415784325732,0.17229358490424468,0.6406109641924889,0.0,0.1898655208464939,0.9852316246276325,0.9894598931001917,False
chirp_9db,test,short_gaps,16925,dictionary_24,0.9027147137579307,0.14480999367467878,0.5584917505808579,0.0,0.1595789238937765,0.9911375610641344,0.9933148727015706,False
chirp_9db,test,short_gaps,16925,dictionary_48,1.033194171180007,0.1657410022380699,0.570960205578096,0.0,0.18264465118094939,0.9864039804285467,0.9902792261743693,False
chirp_9db,test,short_gaps,16925,local_pca_8,1.640970236102767,0.26323808163173434,1.03115906957248,0.0,0.2900852954183891,0.9656258137377203,0.9754232224058066,False
chirp_9db,test,short_gaps,16925,local_pca_16,1.7774221023583647,0.28512716085933837,0.8883822436540706,0.0,0.31420680540211243,0.966333408244544,0.974127385275419,False
chirp_9db,test,short_gaps,16925,local_pca_32,1.1375466021044487,0.18248081453070297,0.6025168201973786,0.0,0.20109172906594278,0.9845809458853202,0.9887260278242452,True
chirp_9db,test,short_gaps,16925,local_dictionary_8,0.8011730376766738,0.12852107177394845,0.47677945533516825,0.0,0.14162872196125034,0.993048313172047,0.994793631626059,False
chirp_9db,test,short_gaps,16925,local_dictionary_24,0.6901982844142208,0.11071893221306142,0.43490656390832394,0.0,0.12201097181815423,0.9950377063389922,0.9962037464537544,False
chirp_9db,test,short_gaps,17028,zero_fill,4.672067803521289,1.0,2.8532551276576354,0.0,0.8259127065083105,,0.5747005081250813,False
chirp_9db,test,short_gaps,17028,linear,4.926535216705511,1.0544656935398995,2.9790016189282182,0.0,0.870896614871701,-0.06789386731590338,0.5155742761940822,False
chirp_9db,test,short_gaps,17028,pchip,4.926108550549228,1.0543743707735729,2.9804793628050588,0.0,0.8708211902385984,-0.06929224698976255,0.5156440356141507,False
chirp_9db,test,short_gaps,17028,autoregression,6.042581425902726,1.2933419804713655,3.531768499193229,0.0,1.0681875755319237,0.04141310470068124,0.38687308051960023,False
chirp_9db,test,short_gaps,17028,pca_r32_l01,4.327579558794272,0.9262664286534157,2.429626248969268,0.0,0.7650152130369293,0.37550425302523216,0.6523986538960755,False
chirp_9db,test,short_gaps,17028,pca_r64_l01,2.827007473233595,0.6050869961910461,1.679600155551298,0.0,0.4997490386971306,0.8048447596417483,0.872433480833296,False
chirp_9db,test,short_gaps,17028,pca_r96_l01,3.163569789247714,0.6771241176901082,1.7202856374276,0.0,0.5592454126834889,0.7360363886602664,0.8327413254509013,False
chirp_9db,test,short_gaps,17028,pca_r64_l001,3.1963950512693473,0.6841499707817291,1.8867809151699118,0.0,0.5650481540259195,0.7802249392224692,0.8501361968138555,False
chirp_9db,test,short_gaps,17028,pca_r64_l1,2.497080072091104,0.5344699985323589,1.4575640425546559,0.0,0.44142556303535313,0.8763756962308663,0.9084152271611062,False
chirp_9db,test,short_gaps,17028,template_1,1.3790263444210042,0.2951640263828463,0.8647691928294594,0.0,0.24377971989374686,0.960692991923274,0.9724998498789528,False
chirp_9db,test,short_gaps,17028,dictionary_8,1.4968754347217468,0.32038820874850477,0.9190447633002305,0.0,0.2646126926208271,0.9807201824410265,0.9764644511360463,False
chirp_9db,test,short_gaps,17028,dictionary_24,1.2168068933272789,0.2604429011946668,0.7618230331625151,0.0,0.21510310141656375,0.9926101079789154,0.9867704994446495,False
chirp_9db,test,short_gaps,17028,dictionary_48,1.4083320526179326,0.30143656124949375,0.8756004741071519,0.0,0.24896028614212745,0.9888990921520604,0.9812634899871264,False
chirp_9db,test,short_gaps,17028,local_pca_8,4.353719064194882,0.9318612758388329,2.4481966364215824,0.0,0.7696360684183376,0.7274934995925063,0.7931026111468344,False
chirp_9db,test,short_gaps,17028,local_pca_16,3.206816406225963,0.6863805366456837,1.7415784401525634,0.0,0.566890406715663,0.7379373978946061,0.8302555865002671,False
chirp_9db,test,short_gaps,17028,local_pca_32,2.171700188272004,0.4648263423392992,1.2327331286726717,0.0,0.38390598245780905,0.9077436473580005,0.9321543441857939,True
chirp_9db,test,short_gaps,17028,local_dictionary_8,1.5770423170310761,0.3375469670715129,0.9027356490429358,0.0,0.27878432914770473,0.9506136047198497,0.9646460590130641,False
chirp_9db,test,short_gaps,17028,local_dictionary_24,1.6354070113626418,0.35003922891060196,0.9451281776769765,0.0,0.28910184693363733,0.9510906169301491,0.9633757800570096,False
chirp_9db,test,short_gaps,17131,zero_fill,3.2721169088623547,1.0,2.0787135138341712,0.0,0.5784340137729338,,0.8130696101062269,False
chirp_9db,test,short_gaps,17131,linear,3.315321196797005,1.0132037727067862,2.099796233078406,0.0,0.5860715250166656,0.01820466437519316,0.8076337533416942,False
chirp_9db,test,short_gaps,17131,pchip,3.330051004531769,1.0177053868437593,2.107682661176537,0.0,0.5886754117503721,0.01178265556093466,0.8057707171762409,False
chirp_9db,test,short_gaps,17131,autoregression,3.411012926277391,1.0424483663890016,2.0943270966313468,0.0,0.602987592721428,-0.05967517205430853,0.795350555880816,False
chirp_9db,test,short_gaps,17131,pca_r32_l01,5.692140334211742,1.7395895356901467,3.4646486559944174,0.0,1.006237757446646,-0.6623640079041382,0.4716702285762813,False
chirp_9db,test,short_gaps,17131,pca_r64_l01,2.573430919287573,0.7864727914572893,1.508815074898826,0.0,0.4549226134858434,0.9204238356463231,0.9381320867261521,False
chirp_9db,test,short_gaps,17131,pca_r96_l01,3.5976441472626908,1.099485210176526,2.066970491105966,0.0,0.6359796432063858,0.044949504246875056,0.7736566637014232,False
chirp_9db,test,short_gaps,17131,pca_r64_l001,3.918804554189978,1.1976358618410314,2.2481935019949524,0.0,0.6927533186031146,0.8992303778837728,0.8935081289604405,False
chirp_9db,test,short_gaps,17131,pca_r64_l1,1.4610265596034526,0.4465080558846598,0.9823008532276789,0.0,0.25827544694731325,0.9435458302518803,0.9683724418102817,False
chirp_9db,test,short_gaps,17131,template_1,3.4654941818719673,1.0590985219647442,2.1653723339734023,0.0,0.6126186090410487,-0.3179371058352611,0.7878747733183207,False
chirp_9db,test,short_gaps,17131,dictionary_8,3.058629498049769,0.9347555674938244,2.1633453096825024,0.0,0.5406944148020494,0.3561223172189039,0.8389724102461698,False
chirp_9db,test,short_gaps,17131,dictionary_24,2.6878552630983585,0.821442307216605,1.8387798109862157,0.0,0.4751501708462003,0.6352132817831504,0.8791505832313038,False
chirp_9db,test,short_gaps,17131,dictionary_48,2.2780261000289945,0.6961933706766655,1.5826846757873692,0.0,0.4027019257626116,0.8045885566948917,0.9163991032329356,False
chirp_9db,test,short_gaps,17131,local_pca_8,4.492806331967672,1.3730580101826877,2.482931793893302,0.0,0.7942234559730499,0.9203942298975254,0.8851430902946611,False
chirp_9db,test,short_gaps,17131,local_pca_16,2.6790180498276457,0.8187415439135649,1.5950539490169424,0.0,0.4735879574885721,0.5741930460919085,0.8790986676062281,False
chirp_9db,test,short_gaps,17131,local_pca_32,1.7289202463820812,0.52837972925093,1.2333117809371419,0.0,0.30563280758687156,0.9019376667106231,0.9540638710998871,True
chirp_9db,test,short_gaps,17131,local_dictionary_8,2.2380656815549838,0.6839809651951315,1.5140318571539715,0.0,0.3956378550421053,0.7793122330135653,0.9188925762925066,False
chirp_9db,test,short_gaps,17131,local_dictionary_24,1.8668773987786684,0.5705411667053614,1.3204831998654982,0.0,0.33002041708007473,0.8958398645406727,0.9461791269195096,False
chirp_9db,test,short_gaps,17233,zero_fill,2.6848013941558007,1.0,1.6150811465097008,0.0,0.47461031798666586,,0.8503281143753305,False
chirp_9db,test,short_gaps,17233,linear,3.5940846781815865,1.3386780437484456,2.2257350493859738,0.0,0.6353504120252176,-0.19017955515677223,0.7369259088681708,False
chirp_9db,test,short_gaps,17233,pchip,3.238734330764104,1.2063217554244754,1.9735431280865101,0.0,0.5725327519362432,-0.23923575881568326,0.7803173543634015,False
chirp_9db,test,short_gaps,17233,autoregression,4.911964465934261,1.8295448134921584,2.7320989900542267,0.0,0.8683208457023686,-0.2460236978209149,0.5806126747227861,False
chirp_9db,test,short_gaps,17233,pca_r32_l01,4.877558244984158,1.816729630579561,2.7986036233749383,0.0,0.8622386276651635,0.6478069546673081,0.7681164836481853,False
chirp_9db,test,short_gaps,17233,pca_r64_l01,3.885373606278128,1.4471735655142681,2.259842825786659,0.0,0.6868435061106238,0.16356785761709539,0.7305525699012392,False
chirp_9db,test,short_gaps,17233,pca_r96_l01,2.8446778663804,1.0595487146917513,1.6619470711956188,0.0,0.5028727524022152,0.4480989550512426,0.8455273343868946,False
chirp_9db,test,short_gaps,17233,pca_r64_l001,4.308201173669182,1.6046628935187353,2.538836213381777,0.0,0.7615895661543304,0.1792496706530877,0.6969295834398307,False
chirp_9db,test,short_gaps,17233,pca_r64_l1,3.4342678331917673,1.2791515382357086,2.027524680353911,0.0,0.6070985183151824,0.09161409312041431,0.7676460981886644,False
chirp_9db,test,short_gaps,17233,template_1,6.338982462730335,2.361061967760018,3.792818280639734,0.0,1.1205843713048051,-0.22255634971756189,0.45787565599993474,False
chirp_9db,test,short_gaps,17233,dictionary_8,5.431962334104471,2.023226874780612,3.2653795339701617,0.0,0.9602443503987945,-0.19888629076842784,0.537903278195372,False
chirp_9db,test,short_gaps,17233,dictionary_24,4.38599057483767,1.6336368806962667,2.65563222882324,0.0,0.7753409194220001,-0.11238558501592728,0.651693509368195,False
chirp_9db,test,short_gaps,17233,dictionary_48,4.17834958933422,1.5562974596294286,2.491654180229915,0.0,0.7386348321965633,-0.0344897087991241,0.6810893567088517,False
chirp_9db,test,short_gaps,17233,local_pca_8,7.886906918043569,2.937612791475587,4.074942761937072,0.0,1.3942213410839255,-0.376485881775562,0.3098648395150567,False
chirp_9db,test,short_gaps,17233,local_pca_16,2.5525551180118646,0.9507426223661065,1.5164664438588287,0.0,0.4512322583246544,0.5058718474456173,0.8721104720180352,False
chirp_9db,test,short_gaps,17233,local_pca_32,2.6159867094695732,0.9743687988109582,1.451159249976481,0.0,0.46244548543995456,0.4288569346876826,0.8628675128132745,True
chirp_9db,test,short_gaps,17233,local_dictionary_8,5.122616024471078,1.9080055737537396,3.009064248145659,0.0,0.9055591320795933,-0.19202690489175578,0.5676037320627597,False
chirp_9db,test,short_gaps,17233,local_dictionary_24,4.39704941752206,1.637755934980305,2.6183347007244397,0.0,0.7772958650855518,-0.14151687276331393,0.647267002803218,False
chirp_9db,test,short_gaps,17336,zero_fill,3.3975768292907818,1.0,2.2216755304090965,0.0,0.6006124038984502,,0.5774795091696427,False
chirp_9db,test,short_gaps,17336,linear,3.8271227940133197,1.1264271527340861,2.4073397914301546,0.0,0.6765461200201062,-0.002301715994783327,0.4615670386975921,False
chirp_9db,test,short_gaps,17336,pchip,3.8400145392078056,1.1302215467514178,2.41704980095398,0.0,0.6788250801321937,-0.002130257341827853,0.4588747528143905,False
chirp_9db,test,short_gaps,17336,autoregression,3.3207951763875005,0.9774010547042409,2.120185942355561,0.0,0.5870391970387946,0.27042271506352705,0.6058359700105512,False
chirp_9db,test,short_gaps,17336,pca_r32_l01,2.9860361806510167,0.8788723053760432,1.7006320257201892,0.0,0.5278616080516781,0.8091904252124202,0.8463014348705921,False
chirp_9db,test,short_gaps,17336,pca_r64_l01,3.2545330687629996,0.9578982999605512,1.882725478009557,0.0,0.5753256006295454,0.8155622556203675,0.8438051625604871,False
chirp_9db,test,short_gaps,17336,pca_r96_l01,1.201154027888671,0.3535325581259638,0.8221252773832626,0.0,0.21233603959240369,0.946219882677717,0.9624554279807522,False
chirp_9db,test,short_gaps,17336,pca_r64_l001,4.455823740854063,1.3114710762211614,2.5105790577416736,0.0,0.7876857957324794,0.77940488543179,0.7960700174408544,False
chirp_9db,test,short_gaps,17336,pca_r64_l1,1.6812788925382756,0.4948464676483062,1.0310990531658888,0.0,0.2972109264949058,0.8904712287558686,0.9215633426866807,False
chirp_9db,test,short_gaps,17336,template_1,1.0007566911218866,0.29455012834273037,0.6461119106512844,0.0,0.17691046065252428,0.977796959012611,0.9786251897224972,False
chirp_9db,test,short_gaps,17336,dictionary_8,3.1722818717541537,0.9336895178957125,1.9715287355922624,0.0,0.560785505838129,0.3623807223572477,0.6479894623244034,False
chirp_9db,test,short_gaps,17336,dictionary_24,2.451752845378345,0.7216180732814009,1.5436283546309775,0.0,0.43341276569011017,0.730999425447256,0.815598476995812,False
chirp_9db,test,short_gaps,17336,dictionary_48,1.979817168353624,0.5827144661705548,1.2648856923390412,0.0,0.34998553631309903,0.8407407659451152,0.887356493267479,False
chirp_9db,test,short_gaps,17336,local_pca_8,3.595297156843396,1.0581945125855732,2.0598438466435542,0.0,0.6355647499961699,0.7209840290841733,0.777506354642724,False
chirp_9db,test,short_gaps,17336,local_pca_16,1.342681777067756,0.3951880544664624,0.8412394662938899,0.0,0.2373548473850536,0.9434505528756281,0.9583611898085125,False
chirp_9db,test,short_gaps,17336,local_pca_32,0.823770477283309,0.24245823381579418,0.534856493597226,0.0,0.14562342265707665,0.9701007359172606,0.9802225030599829,True
chirp_9db,test,short_gaps,17336,local_dictionary_8,1.7028017874798211,0.501181245645376,1.0588396060789353,0.0,0.3010156727358889,0.9329865214032657,0.9303178957048598,False
chirp_9db,test,short_gaps,17336,local_dictionary_24,2.8378817956466547,0.8352664084535333,1.7769102333048088,0.0,0.5016713654769014,0.5515850532871172,0.731986995780345,False
chirp_9db,test,short_gaps,17439,zero_fill,5.297557879030242,1.0,3.2282743428145633,0.0,0.9364847749976271,,0.43074101130670106,False
chirp_9db,test,short_gaps,17439,linear,5.632271286690093,1.0631825862601285,3.412972109662416,0.0,0.9956543050752114,-0.06267558732582809,0.3323729813890317,False
chirp_9db,test,short_gaps,17439,pchip,5.62991602576513,1.062737992547564,3.4155632825538884,0.0,0.9952379498323354,-0.06543460570358355,0.332729050899297,False
chirp_9db,test,short_gaps,17439,autoregression,4.817329937610802,0.9093491845893057,2.9516574601374304,0.0,0.8515916665243917,0.41617962410941883,0.5715526925799818,False
chirp_9db,test,short_gaps,17439,pca_r32_l01,2.1394728396828144,0.4038602104097183,1.255987655512619,0.0,0.3782089382760394,0.93839446456832,0.9474437552808532,False
chirp_9db,test,short_gaps,17439,pca_r64_l01,3.0602457669748446,0.5776710395347385,1.6778297303760348,0.0,0.540980133481335,0.8168302112417731,0.8539184756197641,False
chirp_9db,test,short_gaps,17439,pca_r96_l01,1.4355146812036885,0.27097668661365726,0.8553889210653671,0.0,0.2537655413929933,0.9814187363918302,0.9808255029735227,False
chirp_9db,test,short_gaps,17439,pca_r64_l001,3.1270496823598823,0.5902813624251166,1.6970431963700183,0.0,0.5527895088759781,0.8074226704720218,0.8466972806695701,False
chirp_9db,test,short_gaps,17439,pca_r64_l1,2.922035830788235,0.5515816716896609,1.6750452728099852,0.0,0.5165478377051069,0.8650863274386867,0.8830570436942976,False
chirp_9db,test,short_gaps,17439,template_1,3.488036991952369,0.6584235739564738,2.095641562641555,0.0,0.6166036525097618,0.7533502779154609,0.805042719734591,False
chirp_9db,test,short_gaps,17439,dictionary_8,2.9133402219021796,0.5499402344303388,1.7696101061006877,0.0,0.5150106567026381,0.9090369038354379,0.9019434803040584,False
chirp_9db,test,short_gaps,17439,dictionary_24,2.1285900572730743,0.4018059086619605,1.2884731787811359,0.0,0.3762851159660131,0.9697181287369196,0.9603783101763298,False
chirp_9db,test,short_gaps,17439,dictionary_48,1.6489827480171084,0.3112722476415807,1.0175867341037388,0.0,0.29150172079563136,0.975472481893447,0.9743056093805313,False
chirp_9db,test,short_gaps,17439,local_pca_8,3.2462184236381435,0.6127763957969985,1.9281415887302715,0.0,0.573855765141809,0.8276033455302523,0.8577324830857888,False
chirp_9db,test,short_gaps,17439,local_pca_16,1.744972388721395,0.3293918497103472,0.9716606032838302,0.0,0.3084704522620466,0.9831077966507411,0.976495550861279,False
chirp_9db,test,short_gaps,17439,local_pca_32,1.1574374077109923,0.21848508957166318,0.6736961216353051,0.0,0.20460795994785536,0.997028697227692,0.9929936114203748,True
chirp_9db,test,short_gaps,17439,local_dictionary_8,2.2230401884948727,0.4196349033381051,1.3603180101546097,0.0,0.3929816980337364,0.9693823854010096,0.9572233055882762,False
chirp_9db,test,short_gaps,17439,local_dictionary_24,1.1327266442755601,0.21382053205295312,0.6771816615586438,0.0,0.20023967284948269,0.9932915617126943,0.9911145837358023,False
chirp_9db,test,short_gaps,17542,zero_fill,3.5870916102031574,1.0,2.2345698286166127,0.0,0.6341142005780062,,0.5639373999364443,False
chirp_9db,test,short_gaps,17542,linear,3.5842006880654482,0.9991940763014008,2.2322205417724224,0.0,0.6336031529161421,0.04200111372420566,0.5649109773570609,False
chirp_9db,test,short_gaps,17542,pchip,3.5844094246005804,0.9992522673257221,2.232559139891146,0.0,0.6336400526710103,0.03977265246831665,0.564840704816198,False
chirp_9db,test,short_gaps,17542,autoregression,3.246982040270181,0.9051851452676688,1.9196398425089451,0.0,0.5739907547664941,0.4663090731374289,0.6668467411657513,False
chirp_9db,test,short_gaps,17542,pca_r32_l01,2.4129651554113933,0.672680103443116,1.4376474398802328,0.0,0.42655600603956195,0.7448813273462523,0.832949480328877,False
chirp_9db,test,short_gaps,17542,pca_r64_l01,3.3122316620284917,0.9233752638508447,1.767615911889708,0.0,0.5855253672702838,0.9463495292294968,0.9301864769688034,False
chirp_9db,test,short_gaps,17542,pca_r96_l01,1.5430820899188546,0.4301763817600023,0.9760009551178646,0.0,0.272780952427283,0.970160874776971,0.9551443463540426,False
chirp_9db,test,short_gaps,17542,pca_r64_l001,4.634844427030819,1.2920897848963275,2.532959048374574,0.0,0.8193324810245426,0.9542119250036274,0.9192744848213992,False
chirp_9db,test,short_gaps,17542,pca_r64_l1,1.731118375095981,0.48259664463878527,1.041786115054621,0.0,0.3060213855167514,0.8808538048094338,0.9190282016789323,False
chirp_9db,test,short_gaps,17542,template_1,5.4756600992165625,1.526490174837337,3.2009603109506983,0.0,0.9679690969071587,-0.320296553724919,0.13863997201913242,False
chirp_9db,test,short_gaps,17542,dictionary_8,3.415062783645139,0.9520422544914386,2.092550766462738,0.0,0.6037035131233213,0.47359712710916024,0.659898532845181,False
chirp_9db,test,short_gaps,17542,dictionary_24,2.4912238498939026,0.6944968572332644,1.5347561388302782,0.0,0.44039031942840906,0.7338116855902034,0.8228516898635373,False
chirp_9db,test,short_gaps,17542,dictionary_48,1.8314948470988672,0.5105793344918613,1.099698636849744,0.0,0.32376560652295705,0.8705324020693205,0.9104881890510135,False
chirp_9db,test,short_gaps,17542,local_pca_8,7.844896094467787,2.1869795775925236,4.331890760932756,0.0,1.3867948065255087,0.7995096747112599,0.7718649682188711,False
chirp_9db,test,short_gaps,17542,local_pca_16,1.1659164918275964,0.3250311445939246,0.6551059595693842,0.0,0.20610686441713083,0.9779321377749365,0.9749083843783357,False
chirp_9db,test,short_gaps,17542,local_pca_32,1.0450358922405951,0.2913323677789787,0.6255973865528465,0.0,0.18473799149666476,0.9740420479946696,0.9773668099626532,True
chirp_9db,test,short_gaps,17542,local_dictionary_8,3.1784209468897746,0.886071863302583,1.9193494314277078,0.0,0.5618707512527817,0.48687047665396643,0.6867946889647175,False
chirp_9db,test,short_gaps,17542,local_dictionary_24,1.9049708295689218,0.5310627763590996,1.098176724837283,0.0,0.3367544478876869,0.929989865778379,0.9201822373340288,False
chirp_9db,test,short_gaps,17645,zero_fill,3.6145322210563418,1.0,2.1869292128094022,0.0,0.638965061081553,,0.6111700042063717,False
chirp_9db,test,short_gaps,17645,linear,3.6151239952893235,1.0001637208348937,2.1776562246337337,0.0,0.6390696729748213,0.05781835151729214,0.6110884665431628,False
chirp_9db,test,short_gaps,17645,pchip,3.628733163933481,1.003928846669124,2.1804611848048863,0.0,0.6414754568334701,0.03850929386913864,0.6073609681443243,False
chirp_9db,test,short_gaps,17645,autoregression,2.4240733325917203,0.6706464860018009,1.5134766156346955,0.0,0.4285196728922696,0.7776103998692251,0.860140542261409,False
chirp_9db,test,short_gaps,17645,pca_r32_l01,3.0167490436046784,0.834616724684512,1.6753781554362541,0.0,0.5332909264677249,0.717139078839576,0.8099704977708502,False
chirp_9db,test,short_gaps,17645,pca_r64_l01,4.152814232457366,1.1489216248413223,2.401327968896817,0.0,0.7341207761946528,0.40374036556945575,0.6130108112895873,False
chirp_9db,test,short_gaps,17645,pca_r96_l01,2.332273267467318,0.6452489906939367,1.4158738971670441,0.0,0.41229156075156176,0.7653834956765423,0.8601475159188391,False
chirp_9db,test,short_gaps,17645,pca_r64_l001,5.054881787692922,1.3984885120807253,2.8883028611206196,0.0,0.893585297543511,0.3038033161057716,0.5153124078376351,False
chirp_9db,test,short_gaps,17645,pca_r64_l1,2.46112852809928,0.6808982124331482,1.491920436603114,0.0,0.4350701678976668,0.7372641503302915,0.8434951881745815,False
chirp_9db,test,short_gaps,17645,template_1,4.6724601745046614,1.2926873766086229,2.7878836804798564,0.0,0.8259820685540814,0.26238189764471886,0.517629152395189,False
chirp_9db,test,short_gaps,17645,dictionary_8,2.804306550216088,0.7758421778286247,1.6649426823297548,0.0,0.4957360445459123,0.6312633877897375,0.7893296934061536,False
chirp_9db,test,short_gaps,17645,dictionary_24,3.675288612785287,1.0168089224312378,2.15544632022094,0.0,0.649705375229544,0.33180691174674126,0.6274936321606998,False
chirp_9db,test,short_gaps,17645,dictionary_48,3.5907284673782742,0.9934144303543901,2.0822699623888896,0.0,0.6347571121706892,0.348882359860905,0.6414766451192315,False
chirp_9db,test,short_gaps,17645,local_pca_8,6.372071219505961,1.7629034214678359,3.514433048370597,0.0,1.1264336923790745,0.10543542708016587,0.34599182399589284,False
chirp_9db,test,short_gaps,17645,local_pca_16,2.8206254764244334,0.7803569878262449,1.66059048327515,0.0,0.49862085039181325,0.6347375808971495,0.7887854035443843,False
chirp_9db,test,short_gaps,17645,local_pca_32,2.5991802241070485,0.7190917289284647,1.5224338815107852,0.0,0.4594744904980161,0.7139549848369767,0.8280275645862663,True
chirp_9db,test,short_gaps,17645,local_dictionary_8,2.6370507877918232,0.729569035912799,1.5625473580299127,0.0,0.46616912359523144,0.6855930059958577,0.8168175598262644,False
chirp_9db,test,short_gaps,17645,local_dictionary_24,4.398125352154557,1.2167896378218512,2.57880123833682,0.0,0.77748606525424,0.16851555844292768,0.5030573230119888,False
chirp_9db,test,short_gaps,17748,zero_fill,3.5233321907111077,1.0,2.281929260350762,0.0,0.6228430211061696,,0.5930734380789945,False
chirp_9db,test,short_gaps,17748,linear,4.082787904558759,1.158785968386006,2.534515330760364,0.0,0.7217417533649784,0.013227586594983142,0.4634139024287467,False
chirp_9db,test,short_gaps,17748,pchip,4.099393644159329,1.1634990464330743,2.530304297077459,0.0,0.7246772611345236,0.01396384690647105,0.46067004826143954,False
chirp_9db,test,short_gaps,17748,autoregression,5.436747235293449,1.5430697251956138,3.0060739080034877,0.0,0.961090209418303,-0.03521893150409309,0.29353525701676025,False
chirp_9db,test,short_gaps,17748,pca_r32_l01,1.716426432554713,0.48715997801169286,1.072749507793656,0.0,0.30342419246681795,0.9080866889908309,0.9353115166426841,False
chirp_9db,test,short_gaps,17748,pca_r64_l01,2.8242579870409803,0.8015872004595075,1.6474035479419051,0.0,0.49926299361423637,0.8830835030115652,0.8977368170387593,False
chirp_9db,test,short_gaps,17748,pca_r96_l01,1.8415578790521214,0.5226750642210785,1.191153659212707,0.0,0.32554451605631773,0.8769473771399924,0.913987830393062,False
chirp_9db,test,short_gaps,17748,pca_r64_l001,3.597624791103549,1.0210858915285665,2.083171517313527,0.0,0.6359762214885389,0.8446794155521643,0.858995624797947,False
chirp_9db,test,short_gaps,17748,pca_r64_l1,1.2172379514779883,0.3454791900369506,0.7487274843445668,0.0,0.2151793024519268,0.9391228501497473,0.9608397263863097,False
chirp_9db,test,short_gaps,17748,template_1,4.646116507411209,1.3186711487665579,2.675814232764013,0.0,0.8213251221433061,0.4560923952181607,0.5982992075500863,False
chirp_9db,test,short_gaps,17748,dictionary_8,1.695163772490382,0.48112516241287206,0.9928124809736683,0.0,0.29966544968742975,0.9120029397349027,0.931787582019005,False
chirp_9db,test,short_gaps,17748,dictionary_24,1.6463154136187161,0.46726091225773503,0.9730347366276515,0.0,0.2910301982354325,0.8957598286065693,0.930218246603383,False
chirp_9db,test,short_gaps,17748,dictionary_48,0.965706754088654,0.2740890446363921,0.5928279538092474,0.0,0.17071444861343424,0.9645188064358464,0.9763977309551826,False
chirp_9db,test,short_gaps,17748,local_pca_8,5.488509826034476,1.5577610991391475,3.067006376298526,0.0,0.9702406291494939,0.7009737020887473,0.7296972252355116,False
chirp_9db,test,short_gaps,17748,local_pca_16,0.8270118685710609,0.2347243529155128,0.5001069220582943,0.0,0.14619642509708874,0.9724926051256444,0.982163714344147,False
chirp_9db,test,short_gaps,17748,local_pca_32,0.917304898784297,0.26035152211950785,0.53487725477693,0.0,0.162158128586504,0.9694315129101869,0.9792751401429921,True
chirp_9db,test,short_gaps,17748,local_dictionary_8,1.5446565184388208,0.4384078579110832,0.9136319108749396,0.0,0.2730592746980233,0.9273566861689556,0.944140983914487,False
chirp_9db,test,short_gaps,17748,local_dictionary_24,1.2555963013021403,0.356366142429711,0.7141704587656736,0.0,0.22196016477087274,0.9588284560129658,0.9658466325469426,False
chirp_9db,test,short_gaps,17850,zero_fill,4.2703450520259265,1.0,2.48140927561097,0.0,0.754897486073488,,0.5963761847917343,False
chirp_9db,test,short_gaps,17850,linear,6.309046379221651,1.4774090389320012,3.4006913039779416,0.0,1.1152923693920158,-0.022671297930201773,0.32316804842564145,False
chirp_9db,test,short_gaps,17850,pchip,6.835670163673601,1.6007301706054502,3.7552056184111278,0.0,1.2083871816720402,-0.02510961664517555,0.28854633018844394,False
chirp_9db,test,short_gaps,17850,autoregression,2.853695588495137,0.6682587832431232,1.6558831521151358,0.0,0.5044668755167617,0.8277333641664586,0.8790729868430968,False
chirp_9db,test,short_gaps,17850,pca_r32_l01,4.882728400582699,1.143403715881518,2.825384224909751,0.0,0.8631525906860429,0.7239511406951877,0.7757086225548752,False
chirp_9db,test,short_gaps,17850,pca_r64_l01,3.624463092591691,0.8487518100843355,2.0050235341983145,0.0,0.6407206077329877,0.708806083705092,0.7992288396609633,False
chirp_9db,test,short_gaps,17850,pca_r96_l01,2.259814151756384,0.529187717672671,1.341049419219513,0.0,0.39948247773206624,0.8527675391822492,0.9069117552485564,False
chirp_9db,test,short_gaps,17850,pca_r64_l001,5.167789214772124,1.2101572945072516,2.9068147922313115,0.0,0.913544699377018,0.5840867595246853,0.6865061575048376,False
chirp_9db,test,short_gaps,17850,pca_r64_l1,1.3724468336410331,0.32139014925501636,0.8901905620497985,0.0,0.242616615721395,0.9522304648247599,0.9680578150271384,False
chirp_9db,test,short_gaps,17850,template_1,3.5963780520896105,0.8421750486845145,2.099355634670782,0.0,0.6357558270857575,0.6090963205521929,0.7574306232878527,False
chirp_9db,test,short_gaps,17850,dictionary_8,1.57077637808027,0.3678335963355153,0.9861377550645036,0.0,0.27767665716705076,0.9399824288495772,0.9588483293007882,False
chirp_9db,test,short_gaps,17850,dictionary_24,2.103272034018899,0.49252976244181246,1.2980120834701758,0.0,0.3718094794836966,0.8868087976456117,0.9234379452033898,False
chirp_9db,test,short_gaps,17850,dictionary_48,1.4149431576113014,0.3313416457857492,0.7901096338437081,0.0,0.2501289754351143,0.9679641645867403,0.9718568348930036,False
chirp_9db,test,short_gaps,17850,local_pca_8,7.605425943603331,1.7809862788476973,4.138599981511691,0.0,1.344462064633503,0.5657300689924859,0.6243447534185499,False
chirp_9db,test,short_gaps,17850,local_pca_16,2.1676791162559375,0.507612169472711,1.26574159860954,0.0,0.38319515063525894,0.8665017588586299,0.9151211299605677,False
chirp_9db,test,short_gaps,17850,local_pca_32,1.406889419549961,0.3294556768621093,0.8623031051713168,0.0,0.24870526223584577,0.9455964641653454,0.9649865057784544,True
chirp_9db,test,short_gaps,17850,local_dictionary_8,1.204889839536469,0.2821528061215682,0.7463416914981628,0.0,0.2129964440297521,0.9615712026550202,0.9748480302896144,False
chirp_9db,test,short_gaps,17850,local_dictionary_24,1.877544608092436,0.4396704681280254,1.1332078944384172,0.0,0.3319061310906001,0.9247862730838197,0.9435387131825049,False
chirp_9db,test,short_gaps,17953,zero_fill,3.096097050691785,1.0,1.9517789894237287,0.0,0.5473178049389578,,0.5841699035005331,False
chirp_9db,test,short_gaps,17953,linear,3.1067821981172297,1.0034511668240689,1.9278430430485183,0.0,0.5492066899895852,0.04964911174205439,0.5805376306359492,False
chirp_9db,test,short_gaps,17953,pchip,3.115997052238893,1.006427447596535,1.9278258357954852,0.0,0.5508356614488534,0.04630304814822885,0.5774143495700785,False
chirp_9db,test,short_gaps,17953,autoregression,3.2026132020556632,1.0344033632085528,1.970400462291392,0.0,0.5661473781727805,0.055219881971967553,0.550808075013561,False
chirp_9db,test,short_gaps,17953,pca_r32_l01,4.118624850597796,1.3302634843689864,2.259708193421422,0.0,0.7280768902552832,0.5893493163989809,0.6723721940302008,False
chirp_9db,test,short_gaps,17953,pca_r64_l01,2.1902443068514104,0.7074210759517462,1.324152377070888,0.0,0.3871841504574654,0.864902438239845,0.8935224078691214,False
chirp_9db,test,short_gaps,17953,pca_r96_l01,2.290555357715117,0.7398202705575139,1.3075489189086351,0.0,0.4049168065308843,0.7114292201781093,0.8135079040716693,False
chirp_9db,test,short_gaps,17953,pca_r64_l001,3.261433178660658,1.053401468126437,1.8326473212327197,0.0,0.576545379254437,0.8687902088129804,0.8716849700682073,False
chirp_9db,test,short_gaps,17953,pca_r64_l1,2.1074918389467223,0.6806930804949506,1.1424592671359166,0.0,0.37255544265363366,0.7542600642648457,0.8384917531405804,False
chirp_9db,test,short_gaps,17953,template_1,3.5915830933736266,1.1600356948019868,2.135234973752561,0.0,0.6349081901298621,0.3624730083334103,0.572743118536055,False
chirp_9db,test,short_gaps,17953,dictionary_8,2.6573267684060133,0.8582827750222708,1.6171209796195067,0.0,0.46975344444210665,0.514185443084671,0.7175796634990856,False
chirp_9db,test,short_gaps,17953,dictionary_24,2.4493899963368997,0.7911218402503286,1.429676998502218,0.0,0.4329950690450787,0.6134044338305361,0.7670924530087324,False
chirp_9db,test,short_gaps,17953,dictionary_48,1.6753852052389553,0.5411281293215957,0.9251706674410123,0.0,0.2961690599310202,0.8545467512330754,0.9025167185514517,False
chirp_9db,test,short_gaps,17953,local_pca_8,3.5394422587905425,1.143194867873957,1.9776039104856782,0.0,0.6256909057022559,0.8596169327660539,0.8602900495612272,False
chirp_9db,test,short_gaps,17953,local_pca_16,2.4902548975997663,0.8043206840183996,1.3561596192696075,0.0,0.44021903124395156,0.6971257931303325,0.7961859620379633,False
chirp_9db,test,short_gaps,17953,local_pca_32,2.2065206132127586,0.7126781160557414,1.2325336668755114,0.0,0.3900614221076602,0.7906298500112854,0.8535860502949882,True
chirp_9db,test,short_gaps,17953,local_dictionary_8,1.610026170128488,0.5200179916093869,0.9243935555947174,0.0,0.28461510569641496,0.8978756194268109,0.9183011923974294,False
chirp_9db,test,short_gaps,17953,local_dictionary_24,0.7877230894170981,0.25442454694406014,0.48924968295464977,0.0,0.1392510845560118,0.9748461403799643,0.9813996948812223,False
chirp_9db,test,short_gaps,18056,zero_fill,3.9461222331097767,1.0,2.5415023289394583,0.0,0.6975824476057313,,0.5687825631010068,False
chirp_9db,test,short_gaps,18056,linear,4.830181420406289,1.2240323880185084,2.9134443435046165,0.0,0.8538635091826392,0.005631905478608979,0.40142337590601673,False
chirp_9db,test,short_gaps,18056,pchip,4.942236487027278,1.2524286362849193,2.9626969782008414,0.0,0.8736722335511423,0.00430093216209025,0.38772111743361837,False
chirp_9db,test,short_gaps,18056,autoregression,5.703184784617625,1.4452630830249726,3.144373900141505,0.0,1.0081901588907656,0.20229581759300144,0.41882362932544925,False
chirp_9db,test,short_gaps,18056,pca_r32_l01,0.7896651030268103,0.20011166820965595,0.4738992419059746,0.0,0.1395943873041578,0.9799626957126448,0.9864215906600485,False
chirp_9db,test,short_gaps,18056,pca_r64_l01,2.559666294843872,0.6486535752408015,1.4114523988868437,0.0,0.4524893486646866,0.8243133955310881,0.8597084716166393,False
chirp_9db,test,short_gaps,18056,pca_r96_l01,2.544526380952948,0.6448169191524793,1.4647757632269442,0.0,0.44981296471997356,0.7853860572565271,0.8533893172758585,False
chirp_9db,test,short_gaps,18056,pca_r64_l001,2.3656573012295827,0.5994891089233456,1.3115697726526503,0.0,0.4181930799157263,0.8772492217795775,0.8878204434879831,False
chirp_9db,test,short_gaps,18056,pca_r64_l1,3.009655126522962,0.762686746312766,1.6708027536429002,0.0,0.5320368872493108,0.6581157888344283,0.7811794943099832,False
chirp_9db,test,short_gaps,18056,template_1,4.453181782754816,1.128495652108943,2.4355402134167736,0.0,0.7872187591105824,0.30579800644044347,0.544086243058819,False
chirp_9db,test,short_gaps,18056,dictionary_8,3.727601549535405,0.9446239445547625,2.129463039483145,0.0,0.6589530833094918,0.4970242032416062,0.6738611478518036,False
chirp_9db,test,short_gaps,18056,dictionary_24,2.900921467147495,0.7351321869371994,1.598531306276569,0.0,0.5128153102774056,0.6807375330068286,0.7973593863297919,False
chirp_9db,test,short_gaps,18056,dictionary_48,3.5005829509168045,0.8870944041077357,1.9034896683520892,0.0,0.618821485674822,0.5002041631963516,0.6929889027865267,False
chirp_9db,test,short_gaps,18056,local_pca_8,2.1442827691443282,0.5433898502060609,1.1162651168219684,0.0,0.3790592217108557,0.8676289853039519,0.9029992894080581,False
chirp_9db,test,short_gaps,18056,local_pca_16,2.4269190263041334,0.6150136470535983,1.3241844625562729,0.0,0.42902272522257645,0.8879545814713136,0.8835948117075996,False
chirp_9db,test,short_gaps,18056,local_pca_32,3.13979636154328,0.7956662708516596,1.7870041717004452,0.0,0.5550428246980256,0.6134944390570388,0.7576358971566928,True
chirp_9db,test,short_gaps,18056,local_dictionary_8,3.0952912073228944,0.7843880712442155,1.7391193473814264,0.0,0.5471753506112786,0.6358177867410765,0.768840019166088,False
chirp_9db,test,short_gaps,18056,local_dictionary_24,2.933099493871172,0.7432865280403939,1.634968909667422,0.0,0.518503635502784,0.6814260292660081,0.795507994572876,False
chirp_9db,test,short_gaps,18159,zero_fill,5.3468893464914435,1.0,3.2250206413977134,0.0,0.9452054287895518,,0.45061707719496474,False
chirp_9db,test,short_gaps,18159,linear,6.759380620058051,1.264170657373612,3.736242500152473,0.0,1.1949009682659946,0.0028832277363240446,0.24253946503317597,False
chirp_9db,test,short_gaps,18159,pchip,7.196127264529463,1.3458530368225152,3.9503774069580064,0.0,1.2721075967575457,-0.0017890339541763807,0.21373409442968966,False
chirp_9db,test,short_gaps,18159,autoregression,8.163916324317771,1.5268534273436616,4.50377362865222,0.0,1.4431901484911627,0.09015760642096746,0.2357446758301734,False
chirp_9db,test,short_gaps,18159,pca_r32_l01,5.274467459779798,0.9864553234565874,3.066153024727195,0.0,0.9324029269895198,0.7464607939718771,0.7764107555723627,False
chirp_9db,test,short_gaps,18159,pca_r64_l01,1.4411472461594022,0.26953003003607384,0.7700529233447587,0.0,0.254761247611908,0.9727285270050771,0.9770144821894656,False
chirp_9db,test,short_gaps,18159,pca_r96_l01,1.4295952475244587,0.2673695217692395,0.888146952927188,0.0,0.25271912346915143,0.9663907882309398,0.9727794272326382,False
chirp_9db,test,short_gaps,18159,pca_r64_l001,1.9276320891105128,0.3605146776368953,1.0244963568027665,0.0,0.3407604304607087,0.9586666192182395,0.9640784630267814,False
chirp_9db,test,short_gaps,18159,pca_r64_l1,1.5324792588415623,0.2866113658864391,0.9500988520017466,0.0,0.27090661898865076,0.9612237051823611,0.9686121280213474,False
chirp_9db,test,short_gaps,18159,template_1,2.5425564901146935,0.4755206860196358,1.4230785559810015,0.0,0.44946473392749176,0.8818113177297136,0.9066302278407589,False
chirp_9db,test,short_gaps,18159,dictionary_8,2.6584226263811566,0.49719050724802777,1.51596552018263,0.0,0.46994716659346686,0.9234799592939794,0.9220316151611198,False
chirp_9db,test,short_gaps,18159,dictionary_24,2.139981516337975,0.40022925062816234,1.1702803849743177,0.0,0.3782988604541132,0.9812844542631283,0.9654618624413471,False
chirp_9db,test,short_gaps,18159,dictionary_48,1.5976761913271842,0.2988047980412308,0.9798691405587902,0.0,0.28243191725693695,0.9666884460347707,0.970837238854938,False
chirp_9db,test,short_gaps,18159,local_pca_8,2.195381121351986,0.41059034124066274,1.1703244832588173,0.0,0.38809221954922907,0.9439090660763202,0.9517595470625868,False
chirp_9db,test,short_gaps,18159,local_pca_16,1.1205800136175514,0.20957606208044324,0.7014184970039257,0.0,0.19809243162277113,0.9777854173363418,0.9823422258646992,False
chirp_9db,test,short_gaps,18159,local_pca_32,1.4266311469289163,0.2668151619530059,0.7908943900924332,0.0,0.25219513956134465,0.9702832063906806,0.975474496313043,True
chirp_9db,test,short_gaps,18159,local_dictionary_8,1.924775212228997,0.35998037129607113,1.135917083015089,0.0,0.340255401206725,0.9532717006866839,0.9580603636756062,False
chirp_9db,test,short_gaps,18159,local_dictionary_24,1.836307006142969,0.3434346378138401,1.1185335126244857,0.0,0.3246162840960152,0.9465536252840309,0.9565928373022988,False
chirp_9db,test,short_gaps,18262,zero_fill,1.5195252465617815,1.0,0.9933831609715946,0.0,0.2686166515069991,,0.883353389914473,False
chirp_9db,test,short_gaps,18262,linear,1.803188054496917,1.1866785751516649,1.1310903219473651,0.0,0.318761625272337,-0.09674458052959349,0.835638919976084,False
chirp_9db,test,short_gaps,18262,pchip,1.7283812073362035,1.1374481676082704,1.068988898901279,0.0,0.3055375180457054,-0.19516223471507763,0.8477292264391688,False
chirp_9db,test,short_gaps,18262,autoregression,2.461528161904101,1.6199323884047223,1.402806499619568,0.0,0.435140813841012,0.2066039360326148,0.7518730833606896,False
chirp_9db,test,short_gaps,18262,pca_r32_l01,2.113745470303191,1.3910564994467496,1.2381758729008312,0.0,0.3736609389384336,0.6100832680732656,0.8414989835666286,False
chirp_9db,test,short_gaps,18262,pca_r64_l01,2.0079390571552422,1.3214252686479484,1.1417266092147638,0.0,0.3549568308809486,0.5187081641945117,0.8394799003584624,False
chirp_9db,test,short_gaps,18262,pca_r96_l01,0.6809834273948709,0.4481553886226814,0.43737692515813276,0.0,0.12038199984664255,0.8955836308062831,0.9777534444171653,False
chirp_9db,test,short_gaps,18262,pca_r64_l001,2.53455113287823,1.66798882651877,1.4837844147746306,0.0,0.44804957333056067,0.5219284122103012,0.789154929268955,False
chirp_9db,test,short_gaps,18262,pca_r64_l1,1.3680108165706741,0.9002883102245666,0.8109353477199508,0.0,0.24183243128341747,0.5418083816700164,0.9088010154302948,False
chirp_9db,test,short_gaps,18262,template_1,2.524056114665456,1.6610820520268545,1.3770680854903214,0.0,0.4461942986938285,0.8594726821467337,0.858809319825879,False
chirp_9db,test,short_gaps,18262,dictionary_8,0.9065185731528308,0.5965801326460377,0.5470224999569087,0.0,0.16025135758698,0.8210417451653073,0.96085797496565,False
chirp_9db,test,short_gaps,18262,dictionary_24,0.8552548266736238,0.5628434464045942,0.5267343716258437,0.0,0.1511891218958612,0.8317158690555911,0.9647059207964984,False
chirp_9db,test,short_gaps,18262,dictionary_48,0.9204287177878838,0.6057344028146495,0.5718525355876586,0.0,0.16271034698666292,0.8040331983956783,0.9590314806252664,False
chirp_9db,test,short_gaps,18262,local_pca_8,5.148253181385042,3.3880668932839098,2.854965720898197,0.0,0.9100911839556449,0.16595260747444077,0.4956382799124236,False
chirp_9db,test,short_gaps,18262,local_pca_16,0.6496238423226728,0.4275176367043403,0.3885601430169744,0.0,0.1148383560317056,0.9054481022728575,0.9797665949554326,False
chirp_9db,test,short_gaps,18262,local_pca_32,0.5078377201199187,0.3342081490709018,0.31312510861600684,0.0,0.08977387390977763,0.9447071108144823,0.9877553725490217,True
chirp_9db,test,short_gaps,18262,local_dictionary_8,1.7842315811801575,1.1742033146322017,1.1208001792778668,0.0,0.31541056256492134,0.7190143152138356,0.8851159131136209,False
chirp_9db,test,short_gaps,18262,local_dictionary_24,1.3208446836439163,0.8692482646356694,0.7984267053161329,0.0,0.23349455817470335,0.7069518418163052,0.9221890601590387,False
chirp_9db,test,short_gaps,18365,zero_fill,1.9353810670465064,1.0,1.2583388961017459,0.0,0.3421302691721602,,0.7406047036521419,False
chirp_9db,test,short_gaps,18365,linear,1.9475041678848388,1.0062639348109532,1.2607052244049093,0.0,0.3442733508751085,-0.08045161359544702,0.7368566553027179,False
chirp_9db,test,short_gaps,18365,pchip,1.9474002380585036,1.0062102348817223,1.2615680593481584,0.0,0.3442549785038662,-0.07745277713258863,0.7368995654090685,False
chirp_9db,test,short_gaps,18365,autoregression,2.3988399273596888,1.2394664638424127,1.5547739042288278,0.0,0.42405899490427024,-0.5161838652578401,0.5874530482944423,False
chirp_9db,test,short_gaps,18365,pca_r32_l01,2.798389270714928,1.4459112566319654,1.7008019666511975,0.0,0.4946900074305507,0.0034917890254876566,0.538904430407941,False
chirp_9db,test,short_gaps,18365,pca_r64_l01,1.7588868684807017,0.9088064869647898,1.0897543387992772,0.0,0.31093020801066884,0.7120139612582622,0.8450866970617094,False
chirp_9db,test,short_gaps,18365,pca_r96_l01,1.8463306398158845,0.9539881686625583,1.078054387672119,0.0,0.32638822893157726,0.8197747929634425,0.8753206304751718,False
chirp_9db,test,short_gaps,18365,pca_r64_l001,2.4555324798339067,1.2687591718468028,1.47608648288062,0.0,0.43408091697859363,0.7610120571829434,0.8183308976912608,False
chirp_9db,test,short_gaps,18365,pca_r64_l1,2.1808520431447196,1.1268334077861033,1.3466887749030358,0.0,0.3855238171180421,0.13101494468940597,0.6795161893824619,False
chirp_9db,test,short_gaps,18365,template_1,4.393115524558611,2.269896920745813,2.647247781586807,0.0,0.7766004444878225,-0.6040251294403611,0.10689134642565297,False
chirp_9db,test,short_gaps,18365,dictionary_8,2.4902018442733986,1.2866726282868821,1.5047374014980177,0.0,0.44020965265224177,0.08450087626757503,0.6103635678065563,False
chirp_9db,test,short_gaps,18365,dictionary_24,2.154534280826375,1.1132351749799372,1.313446366664266,0.0,0.3808714500678027,0.31232654787045705,0.7079132733417494,False
chirp_9db,test,short_gaps,18365,dictionary_48,2.0957819716312795,1.0828782028076536,1.2575108762230007,0.0,0.3704854110072476,0.31197146098553774,0.7177230302429958,False
chirp_9db,test,short_gaps,18365,local_pca_8,2.258109572815404,1.1667519184019912,1.281360529408692,0.0,0.3991811479000076,0.7138397231954575,0.8106515612877847,False
chirp_9db,test,short_gaps,18365,local_pca_16,1.2269820215215947,0.6339743848967346,0.6952768389254029,0.0,0.21690182695297447,0.8427805516045828,0.9195987650208345,False
chirp_9db,test,short_gaps,18365,local_pca_32,1.357441588172558,0.7013820747167303,0.8130830713224901,0.0,0.2399640380153631,0.7556945026288033,0.8893802064730957,True
chirp_9db,test,short_gaps,18365,local_dictionary_8,2.366419931958576,1.2227152431380648,1.4379570480452135,0.0,0.4183278952557294,-0.32988286123803107,0.6031850650877306,False
chirp_9db,test,short_gaps,18365,local_dictionary_24,2.205203921612355,1.1394158799835798,1.3019561892944387,0.0,0.389828661717816,0.20564871003632051,0.682848149706444,False
chirp_9db,test,short_gaps,18467,zero_fill,2.5111052495531174,1.0,1.6631234538498556,0.0,0.44390488755803675,,0.672348041998693,False
chirp_9db,test,short_gaps,18467,linear,2.783126480903217,1.108327291896072,1.773878330212124,0.0,0.4919919018866293,-0.05039346825236053,0.5941531955366045,False
chirp_9db,test,short_gaps,18467,pchip,2.9724471264913372,1.1837206453295104,1.8550860341562188,0.0,0.5254593799651229,-0.04151081945710406,0.5513986715914989,False
chirp_9db,test,short_gaps,18467,autoregression,2.6880554282224485,1.070467049798419,1.6951291134691395,0.0,0.4751855553753506,0.04563149153235095,0.621606734599503,False
chirp_9db,test,short_gaps,18467,pca_r32_l01,2.4827959920303537,0.9887263755560219,1.522963572003806,0.0,0.4389004705668612,0.4492060521679694,0.7155137196469481,False
chirp_9db,test,short_gaps,18467,pca_r64_l01,1.4248121343401123,0.5674043868108178,0.8806148442202086,0.0,0.2518735805271929,0.823721418177178,0.9076457930035933,False
chirp_9db,test,short_gaps,18467,pca_r96_l01,1.0953635697682838,0.4362077495410507,0.6891674943436052,0.0,0.19363475201196437,0.8998316642449905,0.9464769431321538,False
chirp_9db,test,short_gaps,18467,pca_r64_l001,1.542061037849239,0.6140965370223602,0.9713883559952932,0.0,0.2726004542166906,0.8172024706678231,0.8985635866110706,False
chirp_9db,test,short_gaps,18467,pca_r64_l1,2.1503433085980648,0.8563334049740629,1.3125528262612147,0.0,0.3801305838472021,0.5220521655838115,0.7742078664985125,False
chirp_9db,test,short_gaps,18467,template_1,2.767227015659836,1.1019956316654982,1.6925743143865188,0.0,0.4891812469639207,0.5339186711749905,0.7161041929936818,False
chirp_9db,test,short_gaps,18467,dictionary_8,2.495337049197386,0.993720613519271,1.5085836708317966,0.0,0.44111743720837526,0.32665275262769383,0.6900103823225275,False
chirp_9db,test,short_gaps,18467,dictionary_24,2.2112468210016423,0.8805870727223247,1.3063081710826574,0.0,0.3908969055018643,0.49742945040970366,0.7613172536013983,False
chirp_9db,test,short_gaps,18467,dictionary_48,1.98504043240908,0.7905046723001128,1.1557106144205687,0.0,0.35090888767148426,0.6147097653722032,0.8113883861743519,False
chirp_9db,test,short_gaps,18467,local_pca_8,2.010108659126577,0.8004876177469268,1.1691242843208016,0.0,0.35534036594755025,0.806712850335889,0.8711506617615983,False
chirp_9db,test,short_gaps,18467,local_pca_16,1.2839615751711473,0.5113133252378188,0.7248918476213627,0.0,0.22697448414661983,0.8629536873966202,0.926417375282174,False
chirp_9db,test,short_gaps,18467,local_pca_32,1.4171832133992486,0.5643663138577939,0.85314007064909,0.0,0.25052496509458766,0.8366574695451512,0.9106647661876198,True
chirp_9db,test,short_gaps,18467,local_dictionary_8,2.4029804981676253,0.9569413701776401,1.4285737292976122,0.0,0.42479095132833894,0.4307889905197895,0.7217823213012237,False
chirp_9db,test,short_gaps,18467,local_dictionary_24,1.4519594566619598,0.5782152926168085,0.8561039009728146,0.0,0.25667259445340174,0.8334465656922042,0.9068577947415711,False
chirp_9db,test,short_gaps,18570,zero_fill,3.776268471091981,1.0,2.337242184437211,0.0,0.667556260872524,,0.5454712825689679,False
chirp_9db,test,short_gaps,18570,linear,4.454491373439597,1.1796013465513733,2.556891983639508,0.0,0.7874502642240291,-0.05890929267644108,0.3760697676431075,False
chirp_9db,test,short_gaps,18570,pchip,4.658088356845176,1.2335162058798748,2.65969278157434,0.0,0.8234414661228315,-0.053241460548335055,0.3445553977986975,False
chirp_9db,test,short_gaps,18570,autoregression,4.131433245815087,1.0940517808630283,2.4648694937847524,0.0,0.7303411160338492,-0.14607676182531815,0.4347522212463976,False
chirp_9db,test,short_gaps,18570,pca_r32_l01,3.603226211781283,0.9541763885074994,2.0115195184520456,0.0,0.636966422124915,0.7627041721520235,0.8058295848561112,False
chirp_9db,test,short_gaps,18570,pca_r64_l01,0.9118467603988637,0.24146767301615757,0.588906483498445,0.0,0.16119325692025538,0.9709759209593729,0.9796126678501395,False
chirp_9db,test,short_gaps,18570,pca_r96_l01,1.1449510610758415,0.30319641461952435,0.7080607232220251,0.0,0.20240066485336516,0.9747648666945629,0.9788382524949569,False
chirp_9db,test,short_gaps,18570,pca_r64_l001,1.176292919699011,0.31149610487277224,0.7510416704744136,0.0,0.20794117504522347,0.9639523535687826,0.9724763054421137,False
chirp_9db,test,short_gaps,18570,pca_r64_l1,1.4888318868964667,0.3942600740105595,0.8486375261856758,0.0,0.26319078081781366,0.9676253581870861,0.9610867903237598,False
chirp_9db,test,short_gaps,18570,template_1,1.1869351028159694,0.3143142792685882,0.739274719005734,0.0,0.209822465007381,0.983793206903821,0.9780426561049682,False
chirp_9db,test,short_gaps,18570,dictionary_8,1.0969909501601771,0.2904960170490635,0.6216244052077227,0.0,0.1939224349396338,0.9933621282062821,0.9840799970021585,False
chirp_9db,test,short_gaps,18570,dictionary_24,1.2818686746126635,0.3394537979557334,0.7294832955511397,0.0,0.2266045081023066,0.9895893032581364,0.9765856491866955,False
chirp_9db,test,short_gaps,18570,dictionary_48,1.158371804354274,0.3067503842011816,0.6322435442832541,0.0,0.20477313949855092,0.9891135708464499,0.9807324335107745,False
chirp_9db,test,short_gaps,18570,local_pca_8,2.557783348596801,0.6773309069990907,1.5432391021351908,0.0,0.4521564876497082,0.7382414979112918,0.8244399539461317,False
chirp_9db,test,short_gaps,18570,local_pca_16,0.7637811020011729,0.20225815718560677,0.4380607533176124,0.0,0.13501869914179085,0.9908378167838116,0.9916097551609321,False
chirp_9db,test,short_gaps,18570,local_pca_32,0.6448356136908334,0.17076000253349752,0.39051144252584924,0.0,0.11399190879784431,0.9863567623974768,0.9902089439353932,True
chirp_9db,test,short_gaps,18570,local_dictionary_8,0.6664177407985219,0.1764752018825119,0.3752642697298135,0.0,0.11780712590541345,0.9960761898594744,0.9941728604143553,False
chirp_9db,test,short_gaps,18570,local_dictionary_24,0.6383545611700304,0.1690437441237958,0.3966196582441993,0.0,0.11284620975117281,0.9898341365991375,0.991858535981197,False
chirp_9db,test,short_gaps,18673,zero_fill,4.904595712795662,1.0,2.652610206951889,0.0,0.8670182218740704,,0.6777642799502933,False
chirp_9db,test,short_gaps,18673,linear,7.275278258739972,1.4833594214013208,3.7185705071970574,0.0,1.286099647943523,0.0023727116077543703,0.43860470868395657,False
chirp_9db,test,short_gaps,18673,pchip,7.62815938407054,1.5553084965126356,3.8374799248990614,0.0,1.3484808071120191,-0.00377543687539888,0.415208804517359,False
chirp_9db,test,short_gaps,18673,autoregression,9.008969407069882,1.8368424095723666,5.311475581442965,0.0,1.5925758398103158,0.04809837709845289,0.37058375554533096,False
chirp_9db,test,short_gaps,18673,pca_r32_l01,4.786111519568897,0.9758422100077179,2.596337667458761,0.0,0.8460729777505547,0.45928493028666784,0.7255349873388379,False
chirp_9db,test,short_gaps,18673,pca_r64_l01,4.092952566762626,0.8345137512730091,2.243619885363462,0.0,0.7235386287581843,0.8778096996413479,0.9003830482994978,False
chirp_9db,test,short_gaps,18673,pca_r96_l01,2.3812242070203653,0.4855087649340718,1.330387111035582,0.0,0.42094494607741484,0.9056269199124856,0.9438510327620335,False
chirp_9db,test,short_gaps,18673,pca_r64_l001,5.075480020166817,1.0348416704205268,2.827163701362778,0.0,0.8972265850091979,0.8549692169697255,0.8720299477674833,False
chirp_9db,test,short_gaps,18673,pca_r64_l1,2.0124641374649377,0.41032212547399055,1.165949933661685,0.0,0.3557567596240484,0.9194769412340361,0.955585690881281,False
chirp_9db,test,short_gaps,18673,template_1,1.9450005182656338,0.39656694091855466,1.101389852546129,0.0,0.3438307639692448,0.918686606826352,0.9566044109835159,False
chirp_9db,test,short_gaps,18673,dictionary_8,2.0279337198255005,0.41347622486697494,1.245453102757585,0.0,0.3584914212713679,0.913033030379793,0.953193130070015,False
chirp_9db,test,short_gaps,18673,dictionary_24,1.5208409951418747,0.3100848845041668,0.9094358304243475,0.0,0.26884924519282916,0.9526868950299865,0.9741401695885977,False
chirp_9db,test,short_gaps,18673,dictionary_48,1.877174910406857,0.3827379503491942,1.1181667045979387,0.0,0.33184077715548455,0.9296001282988181,0.9609099759104126,False
chirp_9db,test,short_gaps,18673,local_pca_8,8.618981424722651,1.7573276024028812,4.572088703053101,0.0,1.5236350530855693,0.6183823535948504,0.6819930599164233,False
chirp_9db,test,short_gaps,18673,local_pca_16,2.7077936573577377,0.5520931420082883,1.503883268890939,0.0,0.47867481429289477,0.8902407547159584,0.9318538136290315,False
chirp_9db,test,short_gaps,18673,local_pca_32,2.628719179464129,0.5359706147860527,1.4935252491549884,0.0,0.4646962894085557,0.8949582935141246,0.935167807303324,True
chirp_9db,test,short_gaps,18673,local_dictionary_8,1.6037261001132288,0.3269843620197374,0.9537736513939141,0.0,0.28350140013898,0.9455129086377305,0.9707593392604108,False
chirp_9db,test,short_gaps,18673,local_dictionary_24,1.6099789900855523,0.32825926628065544,0.9224341044648541,0.0,0.2846067653643409,0.9527370087839435,0.9729144921108702,False
chirp_9db,test,short_gaps,18776,zero_fill,3.605339427002475,1.0,2.2252907542055964,0.0,0.6373399893281678,,0.5629354040560357,False
chirp_9db,test,short_gaps,18776,linear,3.9412267132110506,1.0931638457374973,2.421016779503378,0.0,0.6967170337762755,-0.11269126487521909,0.46188997177185903,False
chirp_9db,test,short_gaps,18776,pchip,3.8556987198609236,1.0694412545413514,2.394260533414972,0.0,0.6815976777564874,-0.13826106394154417,0.484178808718064,False
chirp_9db,test,short_gaps,18776,autoregression,2.9867141427507766,0.8284141349858891,1.7952014791816624,0.0,0.52798145595121,0.7494236849776653,0.7424692790485901,False
chirp_9db,test,short_gaps,18776,pca_r32_l01,8.70574808590272,2.4146819632848797,4.877329915777361,0.0,1.5389733767109048,-0.6359149184940723,-0.2702872832512995,False
chirp_9db,test,short_gaps,18776,pca_r64_l01,4.55645567105856,1.263807683940276,2.7786562512234143,0.0,0.8054751757953523,-0.02218696148930229,0.36538548455256536,False
chirp_9db,test,short_gaps,18776,pca_r96_l01,3.66313418203201,1.016030322858557,2.1412391846230086,0.0,0.6475567551277678,0.23328013266102549,0.5634776756589028,False
chirp_9db,test,short_gaps,18776,pca_r64_l001,4.015801605636412,1.1138484148149126,2.47075133978616,0.0,0.7099001368113331,0.24007334933524724,0.5191477974536636,False
chirp_9db,test,short_gaps,18776,pca_r64_l1,5.01170061705637,1.3900773335017618,2.980993583481805,0.0,0.885951872899341,-0.343073463440217,0.19820816597682087,False
chirp_9db,test,short_gaps,18776,template_1,4.398877796926229,1.2201008770437771,2.6269781784910253,0.0,0.7776190799543691,-0.039394839251259695,0.3824226877381848,False
chirp_9db,test,short_gaps,18776,dictionary_8,4.891948818342086,1.3568622087849616,2.8119698382464784,0.0,0.8647825456668017,-0.155699856997493,0.2761929243261958,False
chirp_9db,test,short_gaps,18776,dictionary_24,5.208190883225505,1.4445771303024473,3.009594434226988,0.0,0.9206867728106773,-0.24475795427728045,0.20321809815603542,False
chirp_9db,test,short_gaps,18776,dictionary_48,4.700204657501889,1.3036788221101552,2.7002357826371615,0.0,0.8308866465710449,-0.07657868105983742,0.32848802091275187,False
chirp_9db,test,short_gaps,18776,local_pca_8,4.402688247510248,1.2211577679859948,2.6684325839899437,0.0,0.7782926788162033,0.3019235663100735,0.5139854653145406,False
chirp_9db,test,short_gaps,18776,local_pca_16,3.7735466567465052,1.046655032944812,2.1146179370545415,0.0,0.6670751075273198,0.19499317412250322,0.5375677901447152,False
chirp_9db,test,short_gaps,18776,local_pca_32,4.470509201198776,1.23996902142321,2.492782401115389,0.0,0.7902818428811273,-0.08981290267780173,0.3571262632111925,True
chirp_9db,test,short_gaps,18776,local_dictionary_8,4.250265703103196,1.1788808763109777,2.5014296738909487,0.0,0.7513479251272198,0.09716399206379174,0.44389766536981706,False
chirp_9db,test,short_gaps,18776,local_dictionary_24,5.893026667914879,1.6345275631410983,3.3633172798817768,0.0,1.0417497796489439,-0.34585530331444875,0.08403398931989273,False
chirp_9db,test,short_gaps,18879,zero_fill,3.980141994678423,1.0,2.6136461282562786,0.0,0.7035963486306162,,0.6384388866342512,False
chirp_9db,test,short_gaps,18879,linear,4.405485905643991,1.1068665167057523,2.8370718278682534,0.0,0.7787872395756562,-0.15221423574099138,0.5452665394621243,False
chirp_9db,test,short_gaps,18879,pchip,4.309694575439165,1.082799201938364,2.8005003623329676,0.0,0.761853564783978,-0.18083196989472056,0.5641665358696517,False
chirp_9db,test,short_gaps,18879,autoregression,3.58229926463115,0.9000430812319757,2.083054515899168,0.0,0.6332670255650672,0.5587234895013035,0.7265136668654458,False
chirp_9db,test,short_gaps,18879,pca_r32_l01,0.9971212424537887,0.2505240375310659,0.5986738999596639,0.0,0.17626779805105738,0.9820338697592038,0.986591386444307,False
chirp_9db,test,short_gaps,18879,pca_r64_l01,2.69558770297333,0.6772591798426832,1.4247426761134503,0.0,0.4765170860138776,0.8742048878493979,0.9077456721791376,False
chirp_9db,test,short_gaps,18879,pca_r96_l01,0.6773134148185158,0.1701731786765662,0.43379534859722235,0.0,0.11973322715169739,0.9870646291389604,0.9919260940597254,False
chirp_9db,test,short_gaps,18879,pca_r64_l001,3.644687119054731,0.9157178623093836,1.9663121227725355,0.0,0.6442957442967155,0.8597512202690941,0.8799933151092524,False
chirp_9db,test,short_gaps,18879,pca_r64_l1,1.188295894493615,0.29855615605734787,0.7232953744631945,0.0,0.21006302126314233,0.9665509151891764,0.9767169786150305,False
chirp_9db,test,short_gaps,18879,template_1,2.0300829629352055,0.5100528990296053,1.206131433735632,0.0,0.3588713573656907,0.8676706474522683,0.9220962348954443,False
chirp_9db,test,short_gaps,18879,dictionary_8,1.7878751769002759,0.4491988424761534,1.1236813578475509,0.0,0.31605466537532084,0.893719936356984,0.9383535000581418,False
chirp_9db,test,short_gaps,18879,dictionary_24,2.029983199269459,0.5100278336761882,1.2295933860500474,0.0,0.35885372147454925,0.8758113007635177,0.9233876954755827,False
chirp_9db,test,short_gaps,18879,dictionary_48,1.5357555324106607,0.38585445807310764,0.9460184614520983,0.0,0.2714857878030837,0.9281923069941393,0.9564643763658373,False
chirp_9db,test,short_gaps,18879,local_pca_8,4.968651382577635,1.2483603321742995,2.797589590163845,0.0,0.8783417714931401,0.9188369888076027,0.892111151948574,False
chirp_9db,test,short_gaps,18879,local_pca_16,0.7007807721138167,0.17606928924917328,0.3927570734689698,0.0,0.1238817090217061,0.985866726999615,0.9912625699209454,False
chirp_9db,test,short_gaps,18879,local_pca_32,0.7451671205182702,0.18722124022574632,0.44598855179684926,0.0,0.13172818100893055,0.9928917777844162,0.992753263767778,True
chirp_9db,test,short_gaps,18879,local_dictionary_8,2.2142092310185375,0.5563141299931023,1.3228175629697452,0.0,0.3914205905547647,0.8312213929755663,0.9037242330640151,False
chirp_9db,test,short_gaps,18879,local_dictionary_24,2.1769714267606606,0.546958231558407,1.2612030585272649,0.0,0.3848378145779542,0.8374326355596331,0.90712525556938,False
chirp_9db,test,short_gaps,18982,zero_fill,2.783174638086015,1.0,1.8452102257335694,0.0,0.49200041495425906,,0.6466603027187549,False
chirp_9db,test,short_gaps,18982,linear,2.9353292349518547,1.0546694392740215,1.8751691106088073,0.0,0.5188978017623943,-0.019228820154572165,0.6015801350241403,False
chirp_9db,test,short_gaps,18982,pchip,2.941420049496978,1.0568578806537947,1.8767800653977296,0.0,0.519974515829346,-0.020396738021979152,0.5999075493324075,False
chirp_9db,test,short_gaps,18982,autoregression,2.556038969000672,0.918389717275685,1.6386079283387773,0.0,0.4518481219893617,0.4011827638801228,0.7138331744239571,False
chirp_9db,test,short_gaps,18982,pca_r32_l01,3.699549560887117,1.3292552721130326,2.070773773077894,0.0,0.6539941454597487,0.0517164740490089,0.46504516463202467,False
chirp_9db,test,short_gaps,18982,pca_r64_l01,2.540488205744808,0.9128022981309927,1.4019984959154677,0.0,0.44909910945164966,0.6400224867906906,0.7783193223588544,False
chirp_9db,test,short_gaps,18982,pca_r96_l01,2.500233623020547,0.8983387491415034,1.4691115967950177,0.0,0.44198303734710975,0.4508537007602614,0.7295447734505862,False
chirp_9db,test,short_gaps,18982,pca_r64_l001,2.660253955215089,0.9558343622463237,1.3933605350436118,0.0,0.4702709028527308,0.7392470459639299,0.8158479174682239,False
chirp_9db,test,short_gaps,18982,pca_r64_l1,2.7493785080502784,0.9878569854822412,1.5631799546798095,0.0,0.48602604677272615,0.3320088953866621,0.6707213021813435,False
chirp_9db,test,short_gaps,18982,template_1,2.311025062679901,0.8303557495296773,1.4144881551487047,0.0,0.40853537332825607,0.7232408628141194,0.8249551085881814,False
chirp_9db,test,short_gaps,18982,dictionary_8,0.9896143454158597,0.35557033751084194,0.5679922446172458,0.0,0.1749407536007602,0.9683583712948286,0.9705433961502309,False
chirp_9db,test,short_gaps,18982,dictionary_24,2.2182524178467338,0.797022359822962,1.3263998998355007,0.0,0.39213533176072013,0.6044961861629509,0.7940464405174313,False
chirp_9db,test,short_gaps,18982,dictionary_48,1.7019507287498181,0.6115141699912324,1.0080356439051994,0.0,0.30086522538609567,0.8230161198977521,0.8901115579674196,False
chirp_9db,test,short_gaps,18982,local_pca_8,2.4183560214607422,0.868919969435997,1.42204784293216,0.0,0.42750898552455263,0.8634187664247095,0.886694741329248,False
chirp_9db,test,short_gaps,18982,local_pca_16,2.728819059066932,0.9804699359230784,1.508829603343558,0.0,0.48239161532433034,0.3473377344665447,0.6765839891040287,False
chirp_9db,test,short_gaps,18982,local_pca_32,2.181272252372837,0.7837353152488106,1.228129814030544,0.0,0.38559810031672187,0.6255651060443541,0.8022301056481806,True
chirp_9db,test,short_gaps,18982,local_dictionary_8,1.5263813937879749,0.548431770288646,0.892256858660365,0.0,0.2698286585561127,0.8902372564736654,0.9178737017687083,False
chirp_9db,test,short_gaps,18982,local_dictionary_24,2.3323288181567774,0.838010229843398,1.3283828264315511,0.0,0.41230138081886586,0.5461526680817081,0.7690910865389968,False
chirp_9db,test,short_gaps,19084,zero_fill,4.025040356678339,1.0,2.376889138738827,0.0,0.7115333326891934,,0.48460988323849025,False
chirp_9db,test,short_gaps,19084,linear,4.142969509815012,1.0292988747158784,2.398071672242764,0.0,0.7323804586598255,0.003066659004299272,0.4440713773686869,False
chirp_9db,test,short_gaps,19084,pchip,4.153200400060384,1.031840685316211,2.400063525388702,0.0,0.7341890416273449,0.002283288682822651,0.44090429349896365,False
chirp_9db,test,short_gaps,19084,autoregression,4.495738120308537,1.11694237123591,2.5998581275334915,0.0,0.7947417278272574,-0.2888900185351726,0.31440857575376574,False
chirp_9db,test,short_gaps,19084,pca_r32_l01,2.3192204082085364,0.57619805087432,1.2856251655135154,0.0,0.4099841194276222,0.8213330344178158,0.8655640197025869,False
chirp_9db,test,short_gaps,19084,pca_r64_l01,2.1067581588722506,0.5234129281155459,1.1694417084493725,0.0,0.3724257451146635,0.890369974385988,0.9051181638182623,False
chirp_9db,test,short_gaps,19084,pca_r96_l01,2.1315579556231863,0.5295743065250289,1.2205908739612588,0.0,0.3768097712283222,0.9495629486839999,0.9225217561853545,False
chirp_9db,test,short_gaps,19084,pca_r64_l001,1.982471088831362,0.4925344625531642,1.1512828211975266,0.0,0.35045468760473364,0.872248569528014,0.9034167276174931,False
chirp_9db,test,short_gaps,19084,pca_r64_l1,3.30842738530122,0.8219612953226378,1.89822603053415,0.0,0.5848528598024428,0.7122223478102959,0.7157081200173984,False
chirp_9db,test,short_gaps,19084,template_1,4.760929214798324,1.1828276968450762,2.7198617659887274,0.0,0.8416213331332599,-0.06384813326826527,0.2973888412563693,False
chirp_9db,test,short_gaps,19084,dictionary_8,4.752912218664019,1.1808359165338544,2.7525648612317095,0.0,0.8402041150504316,-0.17399539473459175,0.2677408132208889,False
chirp_9db,test,short_gaps,19084,dictionary_24,3.2221427939567806,0.8005243447088941,1.8584549752756367,0.0,0.5695997548895521,0.6994914137750778,0.7325555194253551,False
chirp_9db,test,short_gaps,19084,dictionary_48,2.5342598160417236,0.629623455038627,1.4300052369141705,0.0,0.44799807530291885,0.8944948841679268,0.8698005138641337,False
chirp_9db,test,short_gaps,19084,local_pca_8,2.8720232857511165,0.71353900364896,1.695653719449634,0.0,0.507706785270071,0.7263451254670755,0.7943725739316929,False
chirp_9db,test,short_gaps,19084,local_pca_16,2.200368822809031,0.5466700027387759,1.2084141497913743,0.0,0.3889739289299316,0.9539878047404805,0.9179334369617713,False
chirp_9db,test,short_gaps,19084,local_pca_32,2.2542547243247633,0.5600576701260916,1.2143997679957848,0.0,0.39849970052296285,0.9277133585830118,0.9061991798771832,True
chirp_9db,test,short_gaps,19084,local_dictionary_8,4.163879817963871,1.034493930242257,2.390570271840876,0.0,0.7360769138320152,0.09120807671126331,0.44697028760466573,False
chirp_9db,test,short_gaps,19084,local_dictionary_24,3.4310845523957916,0.8524348201137767,1.917492682882529,0.0,0.6065357884558685,0.5725045720255385,0.6747893764418418,False
chirp_9db,test,short_gaps,19187,zero_fill,2.8240599603153282,1.0,1.6466541009991338,0.0,0.4992279871040952,,0.8118370566628083,False
chirp_9db,test,short_gaps,19187,linear,5.1554560183258955,1.8255476479862873,2.932045095974083,0.0,0.9113644776668097,0.02300760169567008,0.5524666163699977,False
chirp_9db,test,short_gaps,19187,pchip,5.383030082715312,1.9061316538457118,3.0254988671762364,0.0,0.9515942687047947,0.013349698594399276,0.53244840781443,False
chirp_9db,test,short_gaps,19187,autoregression,3.132454910681494,1.1092026921169658,1.8897747670114204,0.0,0.5537450272759964,0.6291913351744108,0.8304136501895213,False
chirp_9db,test,short_gaps,19187,pca_r32_l01,3.133807614600657,1.109681684751036,1.8808934925307348,0.0,0.5539841538045407,0.5421151372065949,0.8132799500640154,False
chirp_9db,test,short_gaps,19187,pca_r64_l01,3.3173617764240704,1.17467823737484,1.9080839519713462,0.0,0.5864322519396279,0.650654618201673,0.8252502185682457,False
chirp_9db,test,short_gaps,19187,pca_r96_l01,3.3450345149786926,1.1844771577035473,2.0824043074853176,0.0,0.5913241472111219,0.692293657779743,0.8342271982794044,False
chirp_9db,test,short_gaps,19187,pca_r64_l001,3.301119440158239,1.168926823986288,1.8914323855796784,0.0,0.5835609854106575,0.6690430109167061,0.8305478220868402,False
chirp_9db,test,short_gaps,19187,pca_r64_l1,2.8171285534314214,0.9975455879190565,1.612079231948315,0.0,0.4980026759014018,0.6653721768164176,0.8555131526113332,False
chirp_9db,test,short_gaps,19187,template_1,2.5920468281451052,0.9178441196608599,1.508593280992061,0.0,0.45821347233362136,0.7508127246606139,0.8842493153708515,False
chirp_9db,test,short_gaps,19187,dictionary_8,3.500786198902551,1.2396288492796947,2.0585818198795964,0.0,0.6188574151820678,0.5944502942740506,0.8019156101586278,False
chirp_9db,test,short_gaps,19187,dictionary_24,3.6432299160272246,1.2900681880778586,2.140039257261844,0.0,0.6440381447611367,0.5577070026924114,0.7850827496094561,False
chirp_9db,test,short_gaps,19187,dictionary_48,2.721367253080536,0.9636364989844883,1.5498006753306366,0.0,0.4810743096880636,0.6794411044052099,0.8635308718899485,False
chirp_9db,test,short_gaps,19187,local_pca_8,4.236303981269871,1.5000757918740701,2.460729752155676,0.0,0.7488798180808738,0.4501572909946491,0.7233895035120271,False
chirp_9db,test,short_gaps,19187,local_pca_16,2.565159610605646,0.9083233524259966,1.5060087928357573,0.0,0.45346043887127396,0.7873990746613597,0.8933103083386714,False
chirp_9db,test,short_gaps,19187,local_pca_32,3.1063563195153607,1.099961177583677,1.733408745849382,0.0,0.5491314045777493,0.6452064286120419,0.8353089263983581,True
chirp_9db,test,short_gaps,19187,local_dictionary_8,3.5658353427313974,1.262662759587174,2.11322038590232,0.0,0.6303565878600069,0.6185761813073786,0.8043216521731795,False
chirp_9db,test,short_gaps,19187,local_dictionary_24,3.6895909481285045,1.3064846355870336,2.16340176619148,0.0,0.6522336948065423,0.5742071499770337,0.7865093265011364,False
chirp_9db,test,short_gaps,19290,zero_fill,6.305135240277293,1.0,3.87194485520473,0.0,1.1146009711745866,,0.5640758122977059,False
chirp_9db,test,short_gaps,19290,linear,7.117414539588781,1.1288282119822959,4.15286356840468,0.0,1.2581930213647388,0.04068751212467798,0.45437738347035095,False
chirp_9db,test,short_gaps,19290,pchip,7.161752856668191,1.1358603081054968,4.1505042596713935,0.0,1.2660310025330515,0.03925452752675222,0.4497860495487073,False
chirp_9db,test,short_gaps,19290,autoregression,11.084206925313918,1.75796497662855,5.91927991590437,0.0,1.9594294702410906,0.06595248288216192,0.27436622717340065,False
chirp_9db,test,short_gaps,19290,pca_r32_l01,2.2622604818893537,0.3587965040683032,1.4074936174540322,0.0,0.3999149318885772,0.9369086019972093,0.9567111032654559,False
chirp_9db,test,short_gaps,19290,pca_r64_l01,1.7895921211878925,0.2838308859349999,1.0531083134725558,0.0,0.31635818111249414,0.9742642445550992,0.9798185375819565,False
chirp_9db,test,short_gaps,19290,pca_r96_l01,0.9828425287436103,0.15587969033006593,0.6711799644830753,0.0,0.17374365422828528,0.9958231122189944,0.9950685949520705,False
chirp_9db,test,short_gaps,19290,pca_r64_l001,2.4947186844568257,0.3956645796462108,1.4472528905201791,0.0,0.44100812473305107,0.9591801393736605,0.9660507773648467,False
chirp_9db,test,short_gaps,19290,pca_r64_l1,1.290946243970994,0.20474521081235675,0.8216489881788427,0.0,0.22820921081479828,0.9859766190389541,0.9886037500360731,False
chirp_9db,test,short_gaps,19290,template_1,5.148204602751111,0.8165097823539624,3.195916762726872,0.0,0.9100825963852767,0.6716938454755426,0.7750350780737204,False
chirp_9db,test,short_gaps,19290,dictionary_8,2.497499049341519,0.39610554796469066,1.5477690632736276,0.0,0.4414996284490859,0.9315826477962391,0.9500045652048653,False
chirp_9db,test,short_gaps,19290,dictionary_24,2.670604915403753,0.4235602907204736,1.6356624710220422,0.0,0.47210071138803,0.9201319874144663,0.9420567689028073,False
chirp_9db,test,short_gaps,19290,dictionary_48,2.0195138910882946,0.32029668105889486,1.2160324004354761,0.0,0.35700299177224093,0.9490364877890275,0.965113225870697,False
chirp_9db,test,short_gaps,19290,local_pca_8,4.1461934420288635,0.6575899301164742,2.261126807252865,0.0,0.7329503747424506,0.872180214990765,0.899302646608139,False
chirp_9db,test,short_gaps,19290,local_pca_16,0.7573799814941157,0.1201211318443991,0.4388473336252863,0.0,0.13388713021235776,0.9979068252018206,0.9972867558541503,False
chirp_9db,test,short_gaps,19290,local_pca_32,1.309055608961491,0.20761737204290645,0.7555076700677286,0.0,0.23141052451173896,0.9885521362264375,0.9894465880133685,True
chirp_9db,test,short_gaps,19290,local_dictionary_8,2.328411986672004,0.36928819096505267,1.4196780795189499,0.0,0.4116089762929538,0.9406861586392861,0.9567430666051584,False
chirp_9db,test,short_gaps,19290,local_dictionary_24,1.449538643853886,0.2298981050547834,0.7783664692103882,0.0,0.25624465116525863,0.9736794051271827,0.9820228079916197,False
chirp_9db,test,short_gaps,19393,zero_fill,3.5125022656916713,1.0,2.136717771191348,0.0,0.6209285427509234,,0.6204043184022915,False
chirp_9db,test,short_gaps,19393,linear,5.055883442041049,1.4393964927579797,2.790773835578733,0.0,0.8937623666890021,-0.09568276811784557,0.3388473355089716,False
chirp_9db,test,short_gaps,19393,pchip,5.489832364916426,1.5629405903985616,3.0971765502824287,0.0,0.9704744232024466,-0.08471848174500933,0.2998683353549378,False
chirp_9db,test,short_gaps,19393,autoregression,3.5748945753664776,1.017762923680996,2.1883352155742264,0.0,0.6319580490671599,0.2682646820817216,0.6223080382318985,False
chirp_9db,test,short_gaps,19393,pca_r32_l01,1.856494594730985,0.5285390454731592,1.013045263587003,0.0,0.3281849792926127,0.9173427267620894,0.9390282625744002,False
chirp_9db,test,short_gaps,19393,pca_r64_l01,2.650984971240603,0.7547283306075189,1.4442821629180143,0.0,0.4686323624969637,0.6957564251049488,0.8180393005155701,False
chirp_9db,test,short_gaps,19393,pca_r96_l01,1.3540894166236093,0.3855056350709474,0.8203882919065546,0.0,0.23937145220687256,0.9258716469983346,0.9544318384999803,False
chirp_9db,test,short_gaps,19393,pca_r64_l001,3.2495782376365647,0.9251462324670323,1.7607602954394665,0.0,0.5744497019572613,0.6241003448468496,0.758102702102097,False
chirp_9db,test,short_gaps,19393,pca_r64_l1,1.6033269665406382,0.45646289888582203,0.9802698429509766,0.0,0.2834308426250355,0.9135001688200611,0.9399866508143128,False
chirp_9db,test,short_gaps,19393,template_1,1.8667560599201511,0.531460457165728,1.079702946067104,0.0,0.32999896719765504,0.8822696288643364,0.9228071710806681,False
chirp_9db,test,short_gaps,19393,dictionary_8,1.1118321107584257,0.31653562806727104,0.6934213407601348,0.0,0.19654600626455887,0.9486138485888009,0.9687485240751159,False
chirp_9db,test,short_gaps,19393,dictionary_24,1.047754810434752,0.2982929920554603,0.6448567445930433,0.0,0.18521863286980972,0.9552722651999225,0.9725744072588761,False
chirp_9db,test,short_gaps,19393,dictionary_48,1.0727376537776157,0.30540554073247705,0.680167338547278,0.0,0.1896350173550747,0.9611056538934419,0.9737242310606439,False
chirp_9db,test,short_gaps,19393,local_pca_8,3.54678335155492,1.009759733452157,2.042089744456276,0.0,0.6269886398210086,0.7960693816237514,0.8344996456093495,False
chirp_9db,test,short_gaps,19393,local_pca_16,1.5257449704109283,0.4343755120996294,0.8685600855242365,0.0,0.2697161537347089,0.9151375696267139,0.9458051717695007,False
chirp_9db,test,short_gaps,19393,local_pca_32,1.2373494111306305,0.35227006775666103,0.6955156816005748,0.0,0.21873453982691257,0.9416809516892876,0.9633429276797104,True
chirp_9db,test,short_gaps,19393,local_dictionary_8,1.4267946822561017,0.4062046297285851,0.8825950137164906,0.0,0.2522240487960487,0.9430364799661517,0.9557183784434427,False
chirp_9db,test,short_gaps,19393,local_dictionary_24,0.8052862799264645,0.229262849960864,0.5161714425669186,0.0,0.14235584733312287,0.9749143442102641,0.9842646265685869,False
chirp_9db,test,short_gaps,19496,zero_fill,4.972700442637441,1.0,2.863016231908186,0.0,0.8790575509495702,,0.6088906705399848,False
chirp_9db,test,short_gaps,19496,linear,7.160632518095701,1.4399887145218455,3.853660586973341,0.0,1.2658329527825936,0.0370873466603161,0.3791010357225275,False
chirp_9db,test,short_gaps,19496,pchip,7.420301806546346,1.4922076831579134,3.9100519518020223,0.0,1.3117364314649276,0.027234840419501694,0.36094166785062115,False
chirp_9db,test,short_gaps,19496,autoregression,9.148599146001374,1.8397647820404606,5.362629436958302,0.0,1.6172591236237572,0.24104959571081075,0.4143710160723193,False
chirp_9db,test,short_gaps,19496,pca_r32_l01,4.052356508945492,0.8149206966499245,2.385420683978409,0.0,0.7163621918152003,0.7887513981363966,0.8466921534884478,False
chirp_9db,test,short_gaps,19496,pca_r64_l01,3.6969406558206352,0.7434472875385666,2.059806550768336,0.0,0.6535329518437534,0.8055164012503191,0.8628475278231434,False
chirp_9db,test,short_gaps,19496,pca_r96_l01,2.3401316802247702,0.470595747163809,1.3147434208030038,0.0,0.4136807449891011,0.9109375137299969,0.9395838525705412,False
chirp_9db,test,short_gaps,19496,pca_r64_l001,4.185483806749451,0.8416923269420864,2.363218563171443,0.0,0.7398959955747554,0.7723609387685685,0.8354031210055288,False
chirp_9db,test,short_gaps,19496,pca_r64_l1,2.495269065430998,0.5017935615095179,1.4335167370570376,0.0,0.4411054192628194,0.8785907178502064,0.9225898250545567,False
chirp_9db,test,short_gaps,19496,template_1,4.375106123516421,0.8798249912669049,2.419609047720334,0.0,0.7734168020873123,0.6594420998867963,0.7760357532171956,False
chirp_9db,test,short_gaps,19496,dictionary_8,2.3374346007514033,0.47005336993749525,1.4576601320561866,0.0,0.4132039641928469,0.8834814885337509,0.9281644608079268,False
chirp_9db,test,short_gaps,19496,dictionary_24,2.268225227439379,0.45613550496445116,1.4171313464039565,0.0,0.40096935989519605,0.8902695236435698,0.9323746509710982,False
chirp_9db,test,short_gaps,19496,dictionary_48,2.155871438506175,0.43354138528455877,1.292745085934411,0.0,0.3811078283835283,0.9042393262129573,0.9401711987541999,False
chirp_9db,test,short_gaps,19496,local_pca_8,4.0733550928301865,0.819143469392205,2.3163239198032803,0.0,0.7200742520802459,0.7352255439925812,0.819763932853345,False
chirp_9db,test,short_gaps,19496,local_pca_16,2.7326862150527655,0.5495376700397807,1.4695267616838494,0.0,0.4830752383797027,0.8944660432907517,0.9251268978009696,False
chirp_9db,test,short_gaps,19496,local_pca_32,2.7352020712457836,0.5500436036310034,1.5026309205926294,0.0,0.48351998312334593,0.8914722255336767,0.9236534444881944,True
chirp_9db,test,short_gaps,19496,local_dictionary_8,2.4284676251847097,0.48835992700511216,1.5150832006653108,0.0,0.4292964814150248,0.8835264285290332,0.9260802783494548,False
chirp_9db,test,short_gaps,19496,local_dictionary_24,2.8821891181978283,0.5796024014406871,1.5811224662062058,0.0,0.50950386753494,0.8493960582036887,0.9015263890231067,False
chirp_9db,test,short_gaps,19599,zero_fill,5.377479165841612,1.0,3.1625174388715585,0.0,0.9506129959639957,,0.3901039211868047,False
chirp_9db,test,short_gaps,19599,linear,5.965475015343813,1.109344142742053,3.494029809269394,0.0,1.0545569590871335,-0.035663696618338576,0.24862257880821406,False
chirp_9db,test,short_gaps,19599,pchip,6.183559525484264,1.1498992994269455,3.599470198349531,0.0,1.0931092180851483,-0.02930473845844532,0.2237279839784637,False
chirp_9db,test,short_gaps,19599,autoregression,4.839169654080449,0.8998955653458282,2.9565308917348476,0.0,0.8554524194281112,0.4361570315777586,0.55985351289249,False
chirp_9db,test,short_gaps,19599,pca_r32_l01,2.0014414508675022,0.37218953140365413,1.126933451802536,0.0,0.3538082055140632,0.955997386108533,0.9569452736354758,False
chirp_9db,test,short_gaps,19599,pca_r64_l01,2.2897194086866,0.42579791349656365,1.3318929041217973,0.0,0.40476903022418664,0.9437554273957443,0.9434342938300141,False
chirp_9db,test,short_gaps,19599,pca_r96_l01,1.9927677524919878,0.37057656404329486,1.1649860034794846,0.0,0.35227489777924004,0.9561458161231644,0.9571964957386965,False
chirp_9db,test,short_gaps,19599,pca_r64_l001,2.2410179361298526,0.41674135166623527,1.3717670652503773,0.0,0.396159744849525,0.9296713964021519,0.9364285867653193,False
chirp_9db,test,short_gaps,19599,pca_r64_l1,2.912956590427525,0.5416955604274531,1.5486805763012659,0.0,0.5149428395983369,0.9316087593091795,0.9135940927249763,False
chirp_9db,test,short_gaps,19599,template_1,2.9076388285351236,0.5407066654957572,1.694532155871051,0.0,0.5140027832246238,0.856441676129414,0.8764177188397295,False
chirp_9db,test,short_gaps,19599,dictionary_8,3.125737194527922,0.5812643988251925,1.7731661206337184,0.0,0.5525574916144271,0.8815101429362351,0.8798088574345961,False
chirp_9db,test,short_gaps,19599,dictionary_24,2.8782205303635493,0.535236017025663,1.5560604469735475,0.0,0.5088023136926018,0.9425011004032432,0.9202063599910288,False
chirp_9db,test,short_gaps,19599,dictionary_48,3.2715259955844505,0.6083753920174295,1.789236525725489,0.0,0.578329554076459,0.909858774712517,0.881985773016455,False
chirp_9db,test,short_gaps,19599,local_pca_8,2.22530021390264,0.4138184724244051,1.264421843015327,0.0,0.39338121785660785,0.9471287476994505,0.9469487025042566,False
chirp_9db,test,short_gaps,19599,local_pca_16,2.490743917712602,0.46318057976572075,1.3792411525368098,0.0,0.4403054786034323,0.9314678159872641,0.9309986615858197,False
chirp_9db,test,short_gaps,19599,local_pca_32,2.48594783876679,0.46228869738033146,1.3264777900844273,0.0,0.43945764361700984,0.9503552207698179,0.9410359482448092,True
chirp_9db,test,short_gaps,19599,local_dictionary_8,3.616335600191764,0.6724964409277787,2.100746105092381,0.0,0.6392838564854799,0.8686608031416996,0.8379658020525232,False
chirp_9db,test,short_gaps,19599,local_dictionary_24,3.308999136497829,0.6153439249968621,1.7987212383565008,0.0,0.5849539320895113,0.8672261025889184,0.8626096138279802,False
chirp_9db,validation,long_gaps,12000,zero_fill,1.6083017785337879,1.0,0.868732539848465,0.0,0.5318958173929103,,0.9154608735225176,
chirp_9db,validation,long_gaps,12000,linear,1.615617113091755,1.0045484837830847,0.9001551389559428,0.0,0.5343151368926125,-0.0030904399160220004,0.9146744209323329,
chirp_9db,validation,long_gaps,12000,pchip,1.6186188122743594,1.0064148618612965,0.9114109635000097,0.0,0.5353078555860871,-0.0014883830701561214,0.914350821738999,
chirp_9db,validation,long_gaps,12000,autoregression,1.6073314348980143,0.9993966656950052,0.8603619322079549,0.0,0.5315749063995939,0.04877815332663314,0.9155679986691512,
chirp_9db,validation,long_gaps,12000,pca_r32_l01,16.357389559790995,10.170597196443598,7.988731942980485,0.0,5.409698109176409,-0.25025366671310034,0.10742122036162069,
chirp_9db,validation,long_gaps,12000,pca_r64_l01,4.519559188624925,2.810143748485556,2.9767799169928417,0.0,1.4947037060923014,0.35997574304383945,0.6674775887773843,
chirp_9db,validation,long_gaps,12000,pca_r96_l01,3.963146753568641,2.46418104267823,2.504218186400036,0.0,1.310687589899451,-0.40057990204652233,0.6017311486192995,
chirp_9db,validation,long_gaps,12000,pca_r64_l001,12.113379123731228,7.531782458621925,6.695903230188283,0.0,4.006123587254292,0.18019959680132677,0.33053236518935597,
chirp_9db,validation,long_gaps,12000,pca_r64_l1,2.109463635898213,1.3116093410164047,1.4714315178579631,0.0,0.6976395225400969,0.09604561931944337,0.8596392376974388,
chirp_9db,validation,long_gaps,12000,template_1,1.900613453021304,1.1817517572815237,0.8533060015819567,0.0,0.6285688168947642,0.5306845362363332,0.8958752011630412,
chirp_9db,validation,long_gaps,12000,dictionary_8,1.8365047459687414,1.1418906392325172,1.0891771866862374,0.0,0.6073668549278926,0.3337356781398759,0.8940722346466198,
chirp_9db,validation,long_gaps,12000,dictionary_24,2.281642401031261,1.4186655959003698,1.3997252660887345,0.0,0.7545822967386273,-0.030052970847400554,0.8364636119822808,
chirp_9db,validation,long_gaps,12000,dictionary_48,2.0740907510918523,1.2896154059984328,1.3010860074637451,0.0,0.6859410404960262,0.27057522877044765,0.8684883419445237,
chirp_9db,validation,long_gaps,12000,local_pca_8,7.079098684004596,4.40159849257785,3.1819176819726818,0.0,2.341191828045097,-0.5548145698164947,0.28211693461713444,
chirp_9db,validation,long_gaps,12000,local_pca_16,3.3828515122832465,2.1033686323267213,1.8981643391070568,0.0,1.118772977970029,-0.469433357822154,0.6725881614280624,
chirp_9db,validation,long_gaps,12000,local_pca_32,3.1918431443077764,1.9846046226583345,2.2697975745551067,0.0,1.0556028979706031,-0.17969322133903853,0.7168861965661399,
chirp_9db,validation,long_gaps,12000,local_dictionary_8,1.7877611169867953,1.111583125038021,1.1085106880601043,0.0,0.5912464148922637,0.12194496536781005,0.8959642252912443,
chirp_9db,validation,long_gaps,12000,local_dictionary_24,1.7730022406763302,1.1024064415900179,1.1133043617718985,0.0,0.5863653753487322,0.29916215685239533,0.89959937729183,
chirp_9db,validation,long_gaps,12113,zero_fill,2.2480521548151104,1.0,1.5737929953734835,0.0,0.7434733669929571,,0.8323053557735371,
chirp_9db,validation,long_gaps,12113,linear,2.3025909057135996,1.0242604473306691,1.6271852005153884,0.0,0.7615103634546448,-0.033825999094128326,0.8233376184813948,
chirp_9db,validation,long_gaps,12113,pchip,2.287647687732741,1.0176132625894916,1.6322048609235658,0.0,0.7565683586340974,-0.04140373540292413,0.8257880750692722,
chirp_9db,validation,long_gaps,12113,autoregression,2.0125679422053753,0.8952496666479242,1.324173510442299,0.0,0.6655942839620548,0.4581674185482328,0.8682831617123412,
chirp_9db,validation,long_gaps,12113,pca_r32_l01,12.090617431190216,5.378263758380019,7.1174642971237825,0.0,3.9985958650189883,-0.1880222521874286,0.13511617610215565,
chirp_9db,validation,long_gaps,12113,pca_r64_l01,7.839922568964019,3.4874291293338824,4.623986300305995,0.0,2.592810676935178,-0.23800189832909857,0.24294302826139932,
chirp_9db,validation,long_gaps,12113,pca_r96_l01,3.2611710938535303,1.450665228948722,2.168493129899552,0.0,1.0785309621461154,0.19777927007983898,0.706789249043281,
chirp_9db,validation,long_gaps,12113,pca_r64_l001,18.097640149567436,8.050364895140017,9.253924860533123,0.0,5.985231894111652,-0.08311916681591665,0.11005647069390792,
chirp_9db,validation,long_gaps,12113,pca_r64_l1,3.3793622508141237,1.5032401466202001,2.290746923501198,0.0,1.1176190132067065,-0.31879676272681123,0.6378307650212574,
chirp_9db,validation,long_gaps,12113,template_1,2.8498142607257844,1.2676815591763553,2.0212864369809025,0.0,0.9424874770757264,0.15385730756106736,0.7493113563357462,
chirp_9db,validation,long_gaps,12113,dictionary_8,2.2649820061464823,1.0075308979354014,1.5766673489868646,0.0,0.7490723890374702,0.22313586370439417,0.8306146957886673,
chirp_9db,validation,long_gaps,12113,dictionary_24,2.7166868912956215,1.2084625730220453,1.8643222190843802,0.0,0.8984597380496723,-0.02800678910585415,0.7574303491002305,
chirp_9db,validation,long_gaps,12113,dictionary_48,2.5846874472078554,1.1497453213759763,1.8065832945361449,0.0,0.8548050252677966,0.028120371223487674,0.7793082141922999,
chirp_9db,validation,long_gaps,12113,local_pca_8,3.5106411921446914,1.5616368973581138,2.3737375845730893,0.0,1.161035442099272,-0.07569488114662767,0.6406695232634965,
chirp_9db,validation,long_gaps,12113,local_pca_16,4.053212355087059,1.8029885767576475,2.5820487472422515,0.0,1.340473987811848,-0.3291287956173059,0.5344654904333821,
chirp_9db,validation,long_gaps,12113,local_pca_32,3.4056148026162756,1.5149180570930163,2.2553196579030512,0.0,1.1263012286253733,-0.2722503454283395,0.636904338759113,
chirp_9db,validation,long_gaps,12113,local_dictionary_8,2.6104618804463553,1.161210550589317,1.7271367828411823,0.0,0.8633291178343852,-0.17778577829099193,0.7712694204488926,
chirp_9db,validation,long_gaps,12113,local_dictionary_24,2.7330262204525577,1.2157307892517883,1.9055491732588297,0.0,0.9038634632420322,-0.050281659328482,0.7541440378017276,
chirp_9db,validation,long_gaps,12226,zero_fill,3.278323374218138,1.0,2.1365743099295815,0.0,1.0842035456789167,,0.6881513040353536,
chirp_9db,validation,long_gaps,12226,linear,3.286638293422208,1.0025363328308186,2.1629464654376998,0.0,1.0869534467271118,0.002197126829372566,0.6863020289707952,
chirp_9db,validation,long_gaps,12226,pchip,3.283722310166981,1.0016468588764922,2.155794214038878,0.0,1.085989075912042,0.0011464805249540614,0.6868918415321318,
chirp_9db,validation,long_gaps,12226,autoregression,3.2628464632528784,0.9952790163755731,2.0891136746574124,0.0,1.0790850384942208,0.1291301020394496,0.6918781268616299,
chirp_9db,validation,long_gaps,12226,pca_r32_l01,11.904404683604373,3.631247843707153,6.180100764126523,0.0,3.9370117873862154,-0.2131182934041942,0.04239355975887717,
chirp_9db,validation,long_gaps,12226,pca_r64_l01,6.783565513156255,2.069217932100459,4.353573549787975,0.0,2.243453418765713,-0.2831002703318972,0.18391415011875478,
chirp_9db,validation,long_gaps,12226,pca_r96_l01,5.0867919562384145,1.551644354624286,3.34018275203352,0.0,1.682298310916325,-0.3326248869068099,0.3332443219172526,
chirp_9db,validation,long_gaps,12226,pca_r64_l001,12.658222574089692,3.8611879089287853,8.089227862123353,0.0,4.18631362139315,-0.22942847706592773,0.018980040312556644,
chirp_9db,validation,long_gaps,12226,pca_r64_l1,4.019531077733963,1.2260935298039655,2.6052151941006367,0.0,1.3293349523474371,-0.343768379657879,0.517250425019381,
chirp_9db,validation,long_gaps,12226,template_1,4.089200695072312,1.2473451299012146,2.608896012680194,0.0,1.3523760125242255,-0.4088925240573323,0.4986867081520736,
chirp_9db,validation,long_gaps,12226,dictionary_8,3.7800684046342687,1.1530492795073317,2.46821841622872,0.0,1.250140117184369,-0.5190051541151861,0.566849830228822,
chirp_9db,validation,long_gaps,12226,dictionary_24,3.618339399557265,1.1037164387177694,2.3763694943610885,0.0,1.1966532762819122,-0.18073481224210444,0.6100862177763645,
chirp_9db,validation,long_gaps,12226,dictionary_48,3.4482099883312207,1.0518211886750188,2.277429000918366,0.0,1.140388262181668,-0.006454148005372493,0.6506168564346779,
chirp_9db,validation,long_gaps,12226,local_pca_8,4.3695688432608515,1.332866939736526,2.7765881704676394,0.0,1.445099061980548,-0.19090871201759374,0.4676342297546113,
chirp_9db,validation,long_gaps,12226,local_pca_16,5.05360801662037,1.541522125719409,3.4395986262359797,0.0,1.6713237544474835,-0.13573966121171688,0.3895314918446914,
chirp_9db,validation,long_gaps,12226,local_pca_32,3.6917379302532733,1.1261054840673648,2.3936919436671045,0.0,1.2209275586343096,-0.011460652271257019,0.6031232139701355,
chirp_9db,validation,long_gaps,12226,local_dictionary_8,3.714375872846889,1.133010825612268,2.4061106013600693,0.0,1.2284143544214174,-0.10526980598718756,0.5928309166806468,
chirp_9db,validation,long_gaps,12226,local_dictionary_24,3.312269150097481,1.0103546148455957,2.1488970968719534,0.0,1.095430055808651,0.1317199757320071,0.6817109210958352,
chirp_9db,validation,long_gaps,12339,zero_fill,4.087161748359857,1.0,1.8060510397219574,0.0,1.3517016942820168,,0.26278077561426294,
chirp_9db,validation,long_gaps,12339,linear,4.107853687324055,1.0050626670139742,1.9196956301929828,0.0,1.3585449098623914,-0.00030149540807327904,0.24762041520611092,
chirp_9db,validation,long_gaps,12339,pchip,4.10918260843064,1.0053878122341549,1.9474712794347369,0.0,1.3589844092073973,0.0008251300708093311,0.24682050749897266,
chirp_9db,validation,long_gaps,12339,autoregression,4.03320253823064,0.9867978774877528,1.7638994591744115,0.0,1.3338563629140938,0.33292364619593845,0.3087178970000376,
chirp_9db,validation,long_gaps,12339,pca_r32_l01,4.7437621896403925,1.1606494877634888,2.0536244864164335,0.0,1.5688518790774624,0.04342732828437863,0.14224827583026356,
chirp_9db,validation,long_gaps,12339,pca_r64_l01,3.917500434844826,0.9584892098818661,1.897226546674618,0.0,1.2955914889483502,0.29666882173113257,0.3858557394236549,
chirp_9db,validation,long_gaps,12339,pca_r96_l01,3.751543174000612,0.9178846850154816,1.7665519346903924,0.0,1.240706283890942,0.419307128444905,0.47388412454132745,
chirp_9db,validation,long_gaps,12339,pca_r64_l001,4.814915158548379,1.178058382563539,2.3386476668795098,0.0,1.592383511674268,0.348067303657243,0.3906295088556284,
chirp_9db,validation,long_gaps,12339,pca_r64_l1,4.100983989319813,1.0033818678611148,1.841091230284816,0.0,1.3562729707997239,0.05592765103617918,0.2549951014177154,
chirp_9db,validation,long_gaps,12339,template_1,3.9791580806323017,0.9735748975995638,1.7792480438095784,0.0,1.3159828385957717,0.2833955967727672,0.369932464681846,
chirp_9db,validation,long_gaps,12339,dictionary_8,3.3752544575789787,0.8258186647331586,1.375692509563922,0.0,1.1162604882895233,0.6425244711411154,0.6466893165907276,
chirp_9db,validation,long_gaps,12339,dictionary_24,3.581854226642088,0.8763671337645141,1.438931528947132,0.0,1.1845869395225688,0.6164854015556613,0.5855475933943769,
chirp_9db,validation,long_gaps,12339,dictionary_48,3.813602745948963,0.9330687114302069,1.5432280699620293,0.0,1.261230558121749,0.4451930472226796,0.45759838653558216,
chirp_9db,validation,long_gaps,12339,local_pca_8,3.5735279159790316,0.8743299472826241,1.5310650813285704,0.0,1.1818332711034296,0.5791553034607776,0.5772534203987177,
chirp_9db,validation,long_gaps,12339,local_pca_16,3.5449982764655696,0.8673496413221589,1.4953671311606356,0.0,1.1723979797100619,0.6027829282580035,0.5928997784815856,
chirp_9db,validation,long_gaps,12339,local_pca_32,3.8747370818251263,0.9480263616628398,1.7942036869265157,0.0,1.2814488392836767,0.37967424704715613,0.41801718728708603,
chirp_9db,validation,long_gaps,12339,local_dictionary_8,3.634933096742634,0.8893538647452115,1.529770399603925,0.0,1.2021411257923622,0.45739251709662787,0.5136149810115003,
chirp_9db,validation,long_gaps,12339,local_dictionary_24,3.871848049889581,0.9473195063648558,1.648767004345172,0.0,1.2804933817797794,0.3281480583960128,0.4096545894976684,
chirp_9db,validation,long_gaps,12452,zero_fill,3.1136915983741793,1.0,1.340926675275122,0.0,1.0297567035811608,,0.30156903514367484,
chirp_9db,validation,long_gaps,12452,linear,3.120948615439131,1.0023306794638047,1.3929914983568643,0.0,1.0321567363829123,-0.0009087712913208221,0.29494551098212196,
chirp_9db,validation,long_gaps,12452,pchip,3.1243522540465842,1.00342379947904,1.4201056510197563,0.0,1.0332823840464198,-0.0001743865724085869,0.2919842188943257,
chirp_9db,validation,long_gaps,12452,autoregression,3.1177284704903596,1.001296490673093,1.326067682294377,0.0,1.0310917735429088,-0.009981198690327717,0.2976872486530906,
chirp_9db,validation,long_gaps,12452,pca_r32_l01,3.066469759081471,0.9848341308698122,1.211247718013365,0.0,1.014139548178715,0.17747320961193436,0.344579790034887,
chirp_9db,validation,long_gaps,12452,pca_r64_l01,2.9315250918245908,0.9414950065559777,1.1538480319070241,0.0,0.9695107943892071,0.3638057276119355,0.44722455416558665,
chirp_9db,validation,long_gaps,12452,pca_r96_l01,2.8870647337725175,0.9272160207773964,1.1599516421992835,0.0,0.9548069130633726,0.3893177651852679,0.4722864690888561,
chirp_9db,validation,long_gaps,12452,pca_r64_l001,2.933897601247251,0.942256966868264,1.3172764827901935,0.0,0.9702954281286464,0.36777462832794944,0.45638206096620715,
chirp_9db,validation,long_gaps,12452,pca_r64_l1,2.9544204264619838,0.9488481222753855,1.182583542078317,0.0,0.9770827145934751,0.3726490124563039,0.4357611297348621,
chirp_9db,validation,long_gaps,12452,template_1,3.084460310201097,0.9906120155932123,1.4249504234669843,0.0,1.0200893637051558,0.2564972697570041,0.3709532029111829,
chirp_9db,validation,long_gaps,12452,dictionary_8,2.6890003893322434,0.8636052429650742,1.131799566786838,0.0,0.8893032881911221,0.5129919058559942,0.5720567547349086,
chirp_9db,validation,long_gaps,12452,dictionary_24,2.7099557450213223,0.8703353108048117,1.0618851885213973,0.0,0.8962336206646478,0.6615327592417755,0.6075722827842502,
chirp_9db,validation,long_gaps,12452,dictionary_48,2.7062909289205637,0.8691583104549144,1.0839425611373492,0.0,0.8950215966642238,0.6098368822252762,0.5986835698457185,
chirp_9db,validation,long_gaps,12452,local_pca_8,3.0842148818023447,0.9905331932721835,1.2005108749314435,0.0,1.0200081958916845,0.16470356226393007,0.333299227322767,
chirp_9db,validation,long_gaps,12452,local_pca_16,3.092673279781554,0.9932497108565279,1.182290870645289,0.0,1.022805548084559,0.15138958556197135,0.3263402870285286,
chirp_9db,validation,long_gaps,12452,local_pca_32,3.024040585952614,0.971207484881169,1.2010910769249048,0.0,1.0001074181245824,0.2443987159523436,0.3785086677924888,
chirp_9db,validation,long_gaps,12452,local_dictionary_8,3.009079156437649,0.9664024394737251,1.236376679976971,0.0,0.9951593904052553,0.25680629009019534,0.38857938525356783,
chirp_9db,validation,long_gaps,12452,local_dictionary_24,2.6625308136502386,0.8551042161787907,1.066282196636584,0.0,0.8805492988706237,0.6438720033239558,0.6238730593731693,
chirp_9db,validation,long_gaps,12565,zero_fill,2.755009132854951,1.0,1.2405726534446602,0.0,0.9111336281557383,,0.4451995627616939,
chirp_9db,validation,long_gaps,12565,linear,2.7681756702842946,1.0047791265997363,1.3229027696339382,0.0,0.9154880511139717,-0.00015848397170917402,0.437336872002446,
chirp_9db,validation,long_gaps,12565,pchip,2.772103243788107,1.006204738390628,1.350687465119989,0.0,0.9167869739573486,0.0007045246022300617,0.4350108939172597,
chirp_9db,validation,long_gaps,12565,autoregression,2.7497009920884037,0.9980732765262936,1.2100312497100323,0.0,0.9093781256066875,0.06251511984808683,0.44864751261973945,
chirp_9db,validation,long_gaps,12565,pca_r32_l01,5.348168644073507,1.9412526006878699,2.409573836230151,0.0,1.7687405252315018,-0.6148138532027628,-0.330335540409752,
chirp_9db,validation,long_gaps,12565,pca_r64_l01,4.240155992724958,1.5390714833424106,2.074470200802931,0.0,1.4022997846088048,-0.15097740954194971,0.0720840629566426,
chirp_9db,validation,long_gaps,12565,pca_r96_l01,3.3940888177701454,1.2319700785357948,1.5797301857343675,0.0,1.1224893674356284,-0.07046042721228049,0.21969094832662855,
chirp_9db,validation,long_gaps,12565,pca_r64_l001,10.206264550032204,3.7046209496429845,4.1316094797311065,0.0,3.3754047267899696,-0.1366127737309379,-0.05722688263209028,
chirp_9db,validation,long_gaps,12565,pca_r64_l1,3.0706548009784282,1.1145715505474136,1.438612878351671,0.0,1.015523620689432,-0.24945878784217715,0.2643619560455986,
chirp_9db,validation,long_gaps,12565,template_1,2.830025329358073,1.0272290191740252,1.1256133281503398,0.0,0.9359429031868901,0.10001410891301304,0.4143422700946167,
chirp_9db,validation,long_gaps,12565,dictionary_8,2.162157550953999,0.78480957655244,0.9599200715337256,0.0,0.7150663968955933,0.6196602128249431,0.7114378137239231,
chirp_9db,validation,long_gaps,12565,dictionary_24,1.7588771623057682,0.6384287955093221,0.7998553280177951,0.0,0.5816939447715066,0.7697585569057674,0.8205428979752382,
chirp_9db,validation,long_gaps,12565,dictionary_48,1.584696355326976,0.5752054816910144,0.7086996726590196,0.0,0.5240890574682031,0.8195865418079755,0.8580213061182571,
chirp_9db,validation,long_gaps,12565,local_pca_8,2.5070804306749035,0.9100080289305158,1.1277893359737534,0.0,0.8291389170503128,0.6716792546244498,0.7260560025998818,
chirp_9db,validation,long_gaps,12565,local_pca_16,2.26647910587661,0.8226757141555866,1.095379299292666,0.0,0.7495675082341928,0.6258200432877122,0.7065051640629347,
chirp_9db,validation,long_gaps,12565,local_pca_32,2.3317120979543526,0.8463536727147087,1.2873200391197461,0.0,0.7711412925234868,0.5527528217658809,0.6577722557928956,
chirp_9db,validation,long_gaps,12565,local_dictionary_8,3.1867080496666453,1.1566960020797954,1.3393263065222225,0.0,1.0539046250482016,-0.4161803067579442,0.1897955426609177,
chirp_9db,validation,long_gaps,12565,local_dictionary_24,3.631812965250535,1.318258049288923,1.5540141957636222,0.0,1.201109239294123,-0.5066146497030337,-0.0016150653824279573,
chirp_9db,validation,long_gaps,12678,zero_fill,2.3842793046672823,1.0,1.6499881407225725,0.0,0.7885262620334541,,0.7930517585305455,
chirp_9db,validation,long_gaps,12678,linear,3.0311961545335384,1.271325951032625,2.0015812372862505,0.0,1.002473899993882,-0.03165145270888135,0.6794899172449184,
chirp_9db,validation,long_gaps,12678,pchip,3.1333839244096904,1.3141849271920527,2.0626143966164254,0.0,1.0362693282594564,-0.02871282630928491,0.6633770815040962,
chirp_9db,validation,long_gaps,12678,autoregression,2.3249863786208453,0.9751317197065085,1.612714416903345,0.0,0.768916969930427,0.2971111547530984,0.8056002982411429,
chirp_9db,validation,long_gaps,12678,pca_r32_l01,6.971105009464121,2.9237786847447027,4.072753656169641,0.0,2.3054762772948294,0.0856801339437561,0.3784427039502347,
chirp_9db,validation,long_gaps,12678,pca_r64_l01,4.942077233836247,2.0727761316226734,3.3152121619252637,0.0,1.6344384151005895,-0.12065863118354912,0.4240359577296979,
chirp_9db,validation,long_gaps,12678,pca_r96_l01,3.495284278879086,1.4659709842034805,2.316148372262868,0.0,1.1559566204234744,0.09640945115536681,0.6285568017749122,
chirp_9db,validation,long_gaps,12678,pca_r64_l001,10.974428393512667,4.602828356572977,6.27907836824801,0.0,3.629451038790076,-0.042128288744104535,0.19800979832081245,
chirp_9db,validation,long_gaps,12678,pca_r64_l1,2.595209385002259,1.0884670180721177,1.7055493982447931,0.0,0.8582848291071071,0.11967206703123871,0.7563810793749377,
chirp_9db,validation,long_gaps,12678,template_1,2.5763596947265555,1.0805611950257972,1.722911183213048,0.0,0.8520508800120941,-0.04789076801587314,0.7558557421396236,
chirp_9db,validation,long_gaps,12678,dictionary_8,2.977457316766803,1.2487871328406703,2.0844303021226946,0.0,0.9847014499343282,-0.33444317043149885,0.6720805995712936,
chirp_9db,validation,long_gaps,12678,dictionary_24,2.6321192519784615,1.103947531157959,1.792157076822311,0.0,0.8704916202250454,-0.09975067607763886,0.744573450417742,
chirp_9db,validation,long_gaps,12678,dictionary_48,2.744489127966939,1.1510770246566908,1.804672558917824,0.0,0.9076544635651305,-0.10037705314141661,0.7232864854642406,
chirp_9db,validation,long_gaps,12678,local_pca_8,5.118810510298435,2.14690053312053,3.074083524698736,0.0,1.6928874523391615,0.33893045867542193,0.5737902326106581,
chirp_9db,validation,long_gaps,12678,local_pca_16,4.217215887219557,1.768759171362289,2.8240049969180268,0.0,1.3947130578316955,0.32070678644299155,0.6210509565628832,
chirp_9db,validation,long_gaps,12678,local_pca_32,2.915355274988831,1.222740670223474,1.9127010889603564,0.0,0.9641631301275962,0.4303967108690826,0.7528843111743709,
chirp_9db,validation,long_gaps,12678,local_dictionary_8,2.3778824747999656,0.9973170803207515,1.6333848434705587,0.0,0.7864107094074403,0.2205640460127519,0.7952937566947388,
chirp_9db,validation,long_gaps,12678,local_dictionary_24,3.2667664615264225,1.3701274238851342,2.2650874666642298,0.0,1.0803814560656706,-0.14973747191702627,0.6282731817866462,
chirp_9db,validation,long_gaps,12791,zero_fill,3.244698968484349,1.0,2.186866089854226,0.0,1.0730833187346738,,0.808175240044153,
chirp_9db,validation,long_gaps,12791,linear,3.3078761117138393,1.0194708796850271,2.2185395243224817,0.0,1.0939771949257664,0.010155360586129068,0.8001720765204894,
chirp_9db,validation,long_gaps,12791,pchip,3.328416085432629,1.0258011968942025,2.235546040016537,0.0,1.1007701527252312,0.008157847526889502,0.7975994768418297,
chirp_9db,validation,long_gaps,12791,autoregression,3.3157216140309553,1.0218888242750552,2.1767807872414573,0.0,1.09657185093095,0.11508212490881695,0.7994011874804762,
chirp_9db,validation,long_gaps,12791,pca_r32_l01,10.469581510876809,3.226672678287724,5.57998480990562,0.0,3.4624886260874894,-0.2427964236587635,0.22349286721956999,
chirp_9db,validation,long_gaps,12791,pca_r64_l01,8.878193855888108,2.7362149592679335,4.929427252244354,0.0,2.936186629262694,-0.18039811381855694,0.312659845626539,
chirp_9db,validation,long_gaps,12791,pca_r96_l01,4.346458515765481,1.339556784152393,2.587316225901454,0.0,1.4374560395717972,0.03539334426484054,0.6812871921755258,
chirp_9db,validation,long_gaps,12791,pca_r64_l001,21.605284060857784,6.658640530511205,9.750848531386564,0.0,7.145276078742174,-0.27397972452525154,0.013982745039180953,
chirp_9db,validation,long_gaps,12791,pca_r64_l1,3.739202783409093,1.1524036034553107,2.411170993515115,0.0,1.2366250833176218,0.062342668576743615,0.7482434152504887,
chirp_9db,validation,long_gaps,12791,template_1,4.177573147182763,1.287507157908758,2.7898330898646266,0.0,1.3816024539033778,0.17449141423864936,0.7129485659733096,
chirp_9db,validation,long_gaps,12791,dictionary_8,3.91988215670867,1.2080880829877756,2.6315868011160597,0.0,1.2963791694163322,-0.001457865943059063,0.724540395415617,
chirp_9db,validation,long_gaps,12791,dictionary_24,3.2928588639903147,1.0148426390163592,2.210394518549958,0.0,1.0890107070691293,0.17833526543359754,0.8029097076536156,
chirp_9db,validation,long_gaps,12791,dictionary_48,3.4650151682516,1.0679003512828693,2.253502516707568,0.0,1.1459460530325456,0.06365162246972086,0.780507171426392,
chirp_9db,validation,long_gaps,12791,local_pca_8,4.977817593567159,1.5341384954094455,3.2073252402808152,0.0,1.646258428052587,-0.1520636941528265,0.5949226904465914,
chirp_9db,validation,long_gaps,12791,local_pca_16,5.351644068324153,1.6493499459593912,3.4129429011593984,0.0,1.7698899137649584,-0.36271346816421174,0.527937562566488,
chirp_9db,validation,long_gaps,12791,local_pca_32,3.0050703658861058,0.9261476627182529,1.9907037068760067,0.0,0.9938336075480642,0.541535784829791,0.8479346024186751,
chirp_9db,validation,long_gaps,12791,local_dictionary_8,3.5137664802997137,1.0829252619206924,2.338119849850159,0.0,1.1620690340034723,0.22392940463710898,0.7804303277037029,
chirp_9db,validation,long_gaps,12791,local_dictionary_24,3.3528039658371065,1.0333174197060429,2.217576490470377,0.0,1.1088356860445103,0.19411932814715713,0.7963829852002289,
chirp_9db,validation,long_gaps,12904,zero_fill,1.3539857455900748,1.0,0.7876482346983948,0.0,0.4477886951947134,,0.9424689989892149,
chirp_9db,validation,long_gaps,12904,linear,1.3925476314531129,1.028480274617834,0.9127566963932144,0.0,0.4605418402046205,0.0010270367698821295,0.9393896198478368,
chirp_9db,validation,long_gaps,12904,pchip,1.4029267706228972,1.0361458938487522,0.9475562174064299,0.0,0.46397441783789284,0.002165158552180415,0.9385360791246112,
chirp_9db,validation,long_gaps,12904,autoregression,1.3505973823464676,0.9974974897227368,0.7589884178784576,0.0,0.4466680993829464,0.0804094402174554,0.942764490400097,
chirp_9db,validation,long_gaps,12904,pca_r32_l01,9.540091547540976,7.0459320407271715,5.0142880001487296,0.0,3.1550887149478446,-0.49090625668048266,0.2244539472642977,
chirp_9db,validation,long_gaps,12904,pca_r64_l01,3.095720376655687,2.2863758992577536,1.9536684697210769,0.0,1.0238132806532692,0.34719028582906725,0.7894129404910396,
chirp_9db,validation,long_gaps,12904,pca_r96_l01,2.1321488401995956,1.5747203005230996,1.4076047000796206,0.0,0.7051419486678658,-0.024400218515282065,0.864863423505168,
chirp_9db,validation,long_gaps,12904,pca_r64_l001,7.884362712267546,5.8230766002868775,3.9644706914158765,0.0,2.6075078728613286,0.43431634839098393,0.522901382487252,
chirp_9db,validation,long_gaps,12904,pca_r64_l1,1.5850193101459629,1.1706321985355927,1.1088225007699228,0.0,0.5241958647351717,0.09493797543662943,0.9216245519758034,
chirp_9db,validation,long_gaps,12904,template_1,2.6458102586673853,1.9540901869054212,1.285650705726161,0.0,0.8750194950871722,-0.19690489755826293,0.8020292184485841,
chirp_9db,validation,long_gaps,12904,dictionary_8,1.7801250569987996,1.3147295403933599,0.9227750798738104,0.0,0.5887210254266879,-0.1364024435832478,0.9011385845354447,
chirp_9db,validation,long_gaps,12904,dictionary_24,1.7305209312952325,1.2780939067723063,1.0216574186499334,0.0,0.5723160028498847,-0.01942837988624333,0.906892583851287,
chirp_9db,validation,long_gaps,12904,dictionary_48,1.8457844589186518,1.3632229622286374,1.201552915245698,0.0,0.6104358315158337,-0.17440852715302285,0.8939762213549217,
chirp_9db,validation,long_gaps,12904,local_pca_8,1.676358833975896,1.2380919366660903,1.0808387739021852,0.0,0.5544035728508044,0.21655462323641958,0.9141463715146799,
chirp_9db,validation,long_gaps,12904,local_pca_16,1.9419194903233545,1.4342244714526553,1.2641220289071282,0.0,0.642229504688112,0.13685648292869404,0.8876332433957911,
chirp_9db,validation,long_gaps,12904,local_pca_32,2.699814591036287,1.993975638096317,1.7923685153865017,0.0,0.8928797492331958,0.09169932249846743,0.8085404951273583,
chirp_9db,validation,long_gaps,12904,local_dictionary_8,1.219791021671213,0.9008891161846175,0.6222581847791168,0.0,0.40340796185142846,0.7563122050257617,0.9578863224152983,
chirp_9db,validation,long_gaps,12904,local_dictionary_24,1.583835516842348,1.1697578959017056,0.9749083323209443,0.0,0.5238043618995383,0.6134801632666923,0.9300562592753768,
chirp_9db,validation,long_gaps,13017,zero_fill,2.2858818913852113,1.0,1.1212358374573383,0.0,0.7559843763839036,,0.39494911727246884,
chirp_9db,validation,long_gaps,13017,linear,2.3015396978276685,1.0068497880408724,1.2074431246599566,0.0,0.7611627091243445,-0.00021109503335129567,0.3821301637478895,
chirp_9db,validation,long_gaps,13017,pchip,2.3046203367305793,1.008197468738865,1.2268982103721837,0.0,0.762181534676381,0.00037146540036960625,0.37967481470253844,
chirp_9db,validation,long_gaps,13017,autoregression,2.293356550739206,1.0032699236921052,1.1103869952269594,0.0,0.7584563876071028,-0.03360837525237567,0.38800777674787634,
chirp_9db,validation,long_gaps,13017,pca_r32_l01,2.4970393901430903,1.0923746321074885,1.1273074824550737,0.0,0.8258181550313759,-0.2546954258568123,0.22152152618194182,
chirp_9db,validation,long_gaps,13017,pca_r64_l01,2.1772162393660714,0.9524622630641297,0.9391441315379796,0.0,0.7200465899717375,0.3046937956488045,0.48408945904807243,
chirp_9db,validation,long_gaps,13017,pca_r96_l01,2.3270731373869324,1.0180198487756338,1.0147839110748755,0.0,0.7696071005230836,0.09497414957167791,0.3719188198815019,
chirp_9db,validation,long_gaps,13017,pca_r64_l001,2.074136754988508,0.9073682952760133,0.9489237280804425,0.0,0.6859562548547625,0.5263681774942843,0.6102455700434647,
chirp_9db,validation,long_gaps,13017,pca_r64_l1,2.244466607679531,0.9818821419156599,1.032062690041953,0.0,0.7422875587386016,0.19149509369158166,0.4317809542371281,
chirp_9db,validation,long_gaps,13017,template_1,2.863231699425307,1.2525720205474964,1.19263525619731,0.0,0.9469248778295253,0.006834461117020913,0.1997441346461744,
chirp_9db,validation,long_gaps,13017,dictionary_8,2.3245794648940024,1.0169289470530523,1.0240218624087671,0.0,0.7687823958646414,0.0646244419952848,0.36860885376992447,
chirp_9db,validation,long_gaps,13017,dictionary_24,2.019923265682456,0.8836516327877342,0.9108570978723958,0.0,0.6680268285536534,0.49422572549172317,0.5907510601029182,
chirp_9db,validation,long_gaps,13017,dictionary_48,2.227323489401691,0.9743825775932654,1.0085547100609937,0.0,0.7366180052811853,0.24415000994711628,0.4490279914615201,
chirp_9db,validation,long_gaps,13017,local_pca_8,2.490072111249717,1.0893266710909415,1.0195258854237321,0.0,0.8235139441230389,-0.07694332670535335,0.25672697854475157,
chirp_9db,validation,long_gaps,13017,local_pca_16,2.5153562953488575,1.1003876905576202,1.020212189711447,0.0,0.8318759020267263,-0.11747192602317842,0.23522220401858815,
chirp_9db,validation,long_gaps,13017,local_pca_32,2.4686756145902082,1.0799663901682282,1.1140132006885033,0.0,0.8164377179869033,-0.3049247173546342,0.23653978403353765,
chirp_9db,validation,long_gaps,13017,local_dictionary_8,2.2739542085774116,0.994782021392815,1.0253381729515403,0.0,0.7520396660805664,0.1772504230007614,0.4137375812751013,
chirp_9db,validation,long_gaps,13017,local_dictionary_24,3.3884621838624134,1.4823435089242754,1.5046148153445287,0.0,1.1206285331808457,-0.40066837944416056,-0.12715615862943153,
chirp_9db,validation,long_gaps,13130,zero_fill,1.9139980604282272,1.0,1.0279056790029337,0.0,0.6329953597191332,,0.4642013213880042,
chirp_9db,validation,long_gaps,13130,linear,1.9252499416497932,1.0058787317783637,1.0721985094960431,0.0,0.6367165696558709,-0.0005292063888469576,0.4553027046102368,
chirp_9db,validation,long_gaps,13130,pchip,1.9283468436636801,1.0074967595485664,1.0921990273682207,0.0,0.6377407737263058,0.0003840462847668875,0.4529308638763865,
chirp_9db,validation,long_gaps,13130,autoregression,1.9135785346202967,0.9997808117904589,1.0129631969411168,0.0,0.6328566145995884,0.03213604040782761,0.46456790722923424,
chirp_9db,validation,long_gaps,13130,pca_r32_l01,1.8029570217744604,0.9419847694992318,0.8856692531433313,0.0,0.5962719880191111,0.34939756048358883,0.554091422264182,
chirp_9db,validation,long_gaps,13130,pca_r64_l01,1.815596089036787,0.9485882596090907,0.9269133774569223,0.0,0.6004519666166027,0.3277011405839886,0.5443132045297011,
chirp_9db,validation,long_gaps,13130,pca_r96_l01,1.9907065891641118,1.040077641833515,1.0544917899959179,0.0,0.6583643210282335,0.08292013635190956,0.41881490623608564,
chirp_9db,validation,long_gaps,13130,pca_r64_l001,2.454319210941008,1.2822997377499392,1.2254832437219016,0.0,0.8116897837647731,0.33371659896461425,0.4564542556367027,
chirp_9db,validation,long_gaps,13130,pca_r64_l1,1.9503175137074285,1.0189757001483457,0.986057868603192,0.0,0.6450068898604576,0.0692900984876491,0.43913905518997937,
chirp_9db,validation,long_gaps,13130,template_1,3.6042265794001844,1.8830878953941024,1.6040375793054735,0.0,1.1919858997277353,-0.28480174265299985,-0.06521549090929503,
chirp_9db,validation,long_gaps,13130,dictionary_8,2.1585591861962015,1.127775012328517,1.047640714473871,0.0,0.7138763496111395,-0.012074000994491792,0.325484972704236,
chirp_9db,validation,long_gaps,13130,dictionary_24,2.193564558739083,1.1460641492229657,1.0655539163897623,0.0,0.7254532883985935,-0.16291554299818478,0.27201610149104016,
chirp_9db,validation,long_gaps,13130,dictionary_48,2.216236232808222,1.1579093409908543,1.0837693540526805,0.0,0.7329512398226503,-0.18295279030729822,0.256770967970533,
chirp_9db,validation,long_gaps,13130,local_pca_8,2.072961747752457,1.0830532123364138,0.9936151928678826,0.0,0.685567657737851,0.03654400234089482,0.3721185031998826,
chirp_9db,validation,long_gaps,13130,local_pca_16,1.9578893505087114,1.0229317317441087,0.9603907739696752,0.0,0.6475110395034778,0.11603366819488323,0.4407156046221914,
chirp_9db,validation,long_gaps,13130,local_pca_32,2.0790268557781912,1.0862220285181696,1.022118290032105,0.0,0.6875735036767053,-0.02682033273051713,0.3553527364314748,
chirp_9db,validation,long_gaps,13130,local_dictionary_8,2.4239623572148297,1.2664392965333027,1.1729091849367972,0.0,0.8016501980715439,-0.4829683609997869,0.08628019577567667,
chirp_9db,validation,long_gaps,13130,local_dictionary_24,2.028801240104096,1.0599808234132606,0.9989583129363157,0.0,0.67096294261186,-0.12563915912089033,0.37221354400219714,
chirp_9db,validation,long_gaps,13243,zero_fill,2.3757960370645046,1.0,1.274440988122347,0.0,0.7857206849856838,,0.8849191172125815,
chirp_9db,validation,long_gaps,13243,linear,2.404573255907799,1.0121126638795352,1.3177125092598172,0.0,0.7952378555461138,0.007602451896187728,0.8819894799113799,
chirp_9db,validation,long_gaps,13243,pchip,2.412246064700546,1.0153422377457446,1.333229474792923,0.0,0.7977753985364836,0.007043425910152461,0.881197095374978,
chirp_9db,validation,long_gaps,13243,autoregression,2.4324791699493806,1.0238585855016884,1.3068624302135927,0.0,0.8044668691288601,-0.15884638817941327,0.879011770335112,
chirp_9db,validation,long_gaps,13243,pca_r32_l01,3.4224822219307276,1.4405623077642185,2.007240185110037,0.0,1.1318796032210594,0.7595931380681606,0.8615064944185237,
chirp_9db,validation,long_gaps,13243,pca_r64_l01,2.842784467937295,1.1965608257558145,1.8902609102832457,0.0,0.9401625916398941,0.22640272174107098,0.8422461731814312,
chirp_9db,validation,long_gaps,13243,pca_r96_l01,2.586808279017983,1.0888174905006582,1.5328815945198628,0.0,0.8555064244605706,0.3071993331289913,0.8675788839079525,
chirp_9db,validation,long_gaps,13243,pca_r64_l001,4.463041781776038,1.8785458482751327,2.902622132531442,0.0,1.47601233068375,0.11157251927972178,0.6932108340297144,
chirp_9db,validation,long_gaps,13243,pca_r64_l1,2.3112494904764276,0.9728316128231994,1.287144360425604,0.0,0.7643739212031718,0.2526406280319612,0.8915048886060212,
chirp_9db,validation,long_gaps,13243,template_1,2.0549011089808067,0.8649316174126671,1.1439536816925853,0.0,0.6795946628992563,0.5028579394751992,0.9152777870211837,
chirp_9db,validation,long_gaps,13243,dictionary_8,2.5936043097908223,1.091678018368714,1.5514591479493485,0.0,0.8577540003764801,0.16095275381002339,0.863788418591373,
chirp_9db,validation,long_gaps,13243,dictionary_24,2.6234785445139743,1.1042524289061035,1.6441853345376605,0.0,0.8676339748372089,0.16955114866000792,0.8610537094561722,
chirp_9db,validation,long_gaps,13243,dictionary_48,2.542681701483573,1.0702441042141266,1.6566704244454844,0.0,0.8409129306650134,0.26881036168829237,0.8704542191490643,
chirp_9db,validation,long_gaps,13243,local_pca_8,3.7023359801217905,1.5583559877877131,1.96566305688325,0.0,1.2244325341761042,-0.23713990949261277,0.7355602347530229,
chirp_9db,validation,long_gaps,13243,local_pca_16,2.9565960803202036,1.2444654482938384,1.5849807805407872,0.0,0.9778022444744511,-0.026783044371765697,0.8239122285471375,
chirp_9db,validation,long_gaps,13243,local_pca_32,3.1353771697090753,1.3197164743077427,2.0470188327091132,0.0,1.0369285321799713,-0.04168235975224305,0.8047095599180978,
chirp_9db,validation,long_gaps,13243,local_dictionary_8,3.7933321594326737,1.596657330954914,2.1153442387960903,0.0,1.2545266917653088,-0.1302221110893876,0.7312871048532721,
chirp_9db,validation,long_gaps,13243,local_dictionary_24,4.18246553346823,1.7604480638144415,2.369012837289843,0.0,1.383220458582004,-0.1164489870150849,0.6924738812312827,
chirp_9db,validation,long_gaps,13356,zero_fill,2.4172703257830954,1.0,1.7466810311527694,0.0,0.7994370167047693,,0.807404442746662,
chirp_9db,validation,long_gaps,13356,linear,2.465318868285188,1.0198771903951318,1.7897599296641324,0.0,0.815327578494726,0.01298673710266075,0.7990470137962014,
chirp_9db,validation,long_gaps,13356,pchip,2.480519254949211,1.0261654348260059,1.8051773371168685,0.0,0.8203546338628547,0.011621271347220487,0.7963755156050366,
chirp_9db,validation,long_gaps,13356,autoregression,2.2763840011082466,0.9417167690464212,1.6253530947145747,0.0,0.7528432444273253,0.3437470938849703,0.8314789735869147,
chirp_9db,validation,long_gaps,13356,pca_r32_l01,9.319463825144771,3.855366826681104,5.144346543040074,0.0,3.082122954224475,-0.22154135098053251,0.17169712608804893,
chirp_9db,validation,long_gaps,13356,pca_r64_l01,5.4038748909958905,2.2355277493613626,3.4404015322120225,0.0,1.7871636347101747,0.024229449920760694,0.4641890639362225,
chirp_9db,validation,long_gaps,13356,pca_r96_l01,3.001669464743997,1.2417599441517078,1.9521874527488376,0.0,0.9927088652161224,0.3180772859029733,0.7437065645420977,
chirp_9db,validation,long_gaps,13356,pca_r64_l001,11.801495120127152,4.882157776997472,6.56402615854939,0.0,3.9029776483248475,-0.026924056516346512,0.20823452294307582,
chirp_9db,validation,long_gaps,13356,pca_r64_l1,2.667259895421721,1.1034181270386625,1.8113948927500927,0.0,0.8821132956577524,0.18744052315228943,0.7707420454184302,
chirp_9db,validation,long_gaps,13356,template_1,2.3425169525585225,0.9690752943817502,1.647519716883566,0.0,0.7747146623028425,0.2731938207593212,0.8206434375708465,
chirp_9db,validation,long_gaps,13356,dictionary_8,2.585205589024249,1.0694731000707376,1.8140155845002102,0.0,0.8549763845665518,0.10540634026378579,0.7798653671322507,
chirp_9db,validation,long_gaps,13356,dictionary_24,2.699543885199297,1.1167736832763033,1.9526348311082071,0.0,0.8927902216928049,0.02724409353573292,0.7595708867500967,
chirp_9db,validation,long_gaps,13356,dictionary_48,2.77006003082748,1.1459454911937064,2.0076630951403978,0.0,0.9161112447861782,0.09752143116522262,0.7512594858005054,
chirp_9db,validation,long_gaps,13356,local_pca_8,4.050438053937816,1.675624778385364,2.646849136953052,0.0,1.3395564739489856,-0.29684281031770354,0.5253419132886753,
chirp_9db,validation,long_gaps,13356,local_pca_16,3.7101191202214157,1.5348383176877376,2.5647822345148117,0.0,1.227006565816452,-0.3326860600841753,0.5735099150604703,
chirp_9db,validation,long_gaps,13356,local_pca_32,3.6754159959162305,1.5204819902488762,2.4740597720738244,0.0,1.2155295862378919,-0.2213190004451463,0.5901511498385816,
chirp_9db,validation,long_gaps,13356,local_dictionary_8,3.0555278369043886,1.2640406016296601,2.1699477084631122,0.0,1.0105208475605174,-0.26200563903860624,0.6903079417321927,
chirp_9db,validation,long_gaps,13356,local_dictionary_24,3.207951508445852,1.3270967149305524,2.2578402060206257,0.0,1.0609302386627804,-0.09573942048654671,0.6730317561656616,
chirp_9db,validation,long_gaps,13469,zero_fill,1.9805796990260829,1.0,0.9597902719164983,0.0,0.6550151669207714,,0.905372197129524,
chirp_9db,validation,long_gaps,13469,linear,1.9900487406685397,1.004780944511909,1.0147932385054934,0.0,0.6581467580882783,0.00039772451224209544,0.9044897157417789,
chirp_9db,validation,long_gaps,13469,pchip,1.9913377665932337,1.0054317771571832,1.0223653376309332,0.0,0.6585730633420602,0.001719132963440349,0.9043603067334127,
chirp_9db,validation,long_gaps,13469,autoregression,1.9844273151530814,1.001942671698034,0.9679861571252951,0.0,0.6562876463473313,0.02545290310790768,0.9049844749217143,
chirp_9db,validation,long_gaps,13469,pca_r32_l01,9.903406910910038,5.000256700490201,5.349892943375535,0.0,3.275243977318295,0.286873360672327,0.4564833617080434,
chirp_9db,validation,long_gaps,13469,pca_r64_l01,3.3247005915383125,1.6786502422362395,2.142007009642639,0.0,1.0995413686199635,-0.061050944431079716,0.7614534323800456,
chirp_9db,validation,long_gaps,13469,pca_r96_l01,2.471743134625663,1.247989735450233,1.5457309121113316,0.0,0.8174522048813437,-0.06490500332826707,0.8536099894762205,
chirp_9db,validation,long_gaps,13469,pca_r64_l001,5.637881734964682,2.8465816032230444,3.189613767853518,0.0,1.8645541239887395,-0.03636700904334671,0.5583116752279302,
chirp_9db,validation,long_gaps,13469,pca_r64_l1,2.1688691308575745,1.0950678389383066,1.3275899936898135,0.0,0.7172860433117434,0.16154096046275493,0.8871909761477773,
chirp_9db,validation,long_gaps,13469,template_1,2.3895584720178493,1.2064944789613237,1.182931103749077,0.0,0.7902721825258405,0.24366380035296323,0.8678923615884941,
chirp_9db,validation,long_gaps,13469,dictionary_8,2.11517164527305,1.0679558345029743,1.0235949426227127,0.0,0.6995272692009774,0.19898595849235867,0.8927034636602035,
chirp_9db,validation,long_gaps,13469,dictionary_24,1.655906103308379,0.8360714310677038,0.8552720632999877,0.0,0.5476394679785,0.5981935571099921,0.9355937251904551,
chirp_9db,validation,long_gaps,13469,dictionary_48,1.7778031644308918,0.8976175840361773,1.0870386458599273,0.0,0.5879531316384762,0.4508935924334255,0.924568522087119,
chirp_9db,validation,long_gaps,13469,local_pca_8,2.1172608001807856,1.0690106544169433,1.1993001408392112,0.0,0.7002181922429973,0.24890272063142077,0.893064900599078,
chirp_9db,validation,long_gaps,13469,local_pca_16,2.77817099978059,1.4027059861043256,1.6296775174726985,0.0,0.9187936956288901,0.10819678887097674,0.8259807503161649,
chirp_9db,validation,long_gaps,13469,local_pca_32,3.6169143226197216,1.826189738488322,2.204810324717948,0.0,1.196181976384928,0.07684983654446285,0.7426886722980313,
chirp_9db,validation,long_gaps,13469,local_dictionary_8,1.6187951182549216,0.8173339952191457,0.7652657962797402,0.0,0.5353661633084897,0.5801309661033145,0.9378815560845526,
chirp_9db,validation,long_gaps,13469,local_dictionary_24,1.7160335688715915,0.8664299496331415,0.8369036978414427,0.0,0.5675247580841078,0.5241259369089103,0.9300935375209456,
chirp_9db,validation,long_gaps,13582,zero_fill,2.1138146866423946,1.0,1.0624052432323905,0.0,0.6990784973164629,,0.4242922928078467,
chirp_9db,validation,long_gaps,13582,linear,2.128690542891641,1.0070374457814348,1.138739649534138,0.0,0.7039982243382943,-0.0006119158290332072,0.412384967184731,
chirp_9db,validation,long_gaps,13582,pchip,2.129782864836728,1.0075541996634045,1.1468962373452263,0.0,0.7043594758655841,0.0008352935872870729,0.4115350579974555,
chirp_9db,validation,long_gaps,13582,autoregression,2.1100171159909027,0.9982034514778001,1.052057223226773,0.0,0.6978225688752072,0.06011277873892038,0.42774008330024715,
chirp_9db,validation,long_gaps,13582,pca_r32_l01,2.4286111395237464,1.1489233918519972,1.099789371421657,0.0,0.8031876383076278,-0.3529303336056966,0.174782458427916,
chirp_9db,validation,long_gaps,13582,pca_r64_l01,2.2691155010010293,1.073469455643397,1.068239546758745,0.0,0.7504394139663073,-0.14244936802578767,0.301722355352167,
chirp_9db,validation,long_gaps,13582,pca_r96_l01,2.2214246349536304,1.0509079386150755,1.0789944341649385,0.0,0.7346671425449683,0.0005225194368508018,0.3494461043051462,
chirp_9db,validation,long_gaps,13582,pca_r64_l001,2.8305842317185546,1.3390881658669351,1.2670048730944052,0.0,0.9361277427685153,-0.14525169946625263,0.11156187152912109,
chirp_9db,validation,long_gaps,13582,pca_r64_l1,2.2981437324568876,1.087202083976095,1.065359541032578,0.0,0.7600395991453354,-0.2476965431386855,0.2717310703884111,
chirp_9db,validation,long_gaps,13582,template_1,3.163567800097653,1.4966154886182086,1.4480349190462694,0.0,1.046251706843761,-0.04974920116363483,0.1297636040690411,
chirp_9db,validation,long_gaps,13582,dictionary_8,2.656481534712933,1.2567239462852422,1.2283059986562248,0.0,0.8785486879107021,-0.1963833449204069,0.12485725022396311,
chirp_9db,validation,long_gaps,13582,dictionary_24,2.617695303729067,1.2383750194710974,1.1850533356549224,0.0,0.8657213477261001,-0.3404779003197261,0.08387033307103364,
chirp_9db,validation,long_gaps,13582,dictionary_48,2.535293095946446,1.1993923175798973,1.138267949412728,0.0,0.8384693790666644,-0.39709784834849493,0.10666650216810186,
chirp_9db,validation,long_gaps,13582,local_pca_8,2.1773059063297544,1.0300363225256088,1.0260703042379344,0.0,0.7200762445325781,0.06811581697375914,0.384049736263215,
chirp_9db,validation,long_gaps,13582,local_pca_16,2.0949574288852864,0.991079039295038,1.0216462324085396,0.0,0.6928420455122188,0.19632505693099495,0.4477895449598952,
chirp_9db,validation,long_gaps,13582,local_pca_32,2.241690140350393,1.0604951108136715,1.0734204460835046,0.0,0.7413693284790773,-0.028341029214131584,0.3337615950717275,
chirp_9db,validation,long_gaps,13582,local_dictionary_8,2.5469196995145396,1.2048926122091117,1.1838224360654237,0.0,0.8423145167708533,-0.15647826075913768,0.17360733107119597,
chirp_9db,validation,long_gaps,13582,local_dictionary_24,2.096337000343723,0.9917316847076915,0.9897503012562711,0.0,0.6932982958865771,0.21770633873971396,0.45173679458859034,
chirp_9db,validation,long_gaps,13695,zero_fill,2.603118977172214,1.0,1.1879395857279977,0.0,0.8609006808388124,,0.35571997563535246,
chirp_9db,validation,long_gaps,13695,linear,2.6135224755474833,1.0039965512396865,1.2518835341761019,0.0,0.864341314522066,-0.002350498217273998,0.3470923871387431,
chirp_9db,validation,long_gaps,13695,pchip,2.6144046165788395,1.0043354297308704,1.259516056907516,0.0,0.864633055245848,-0.0016221031808633997,0.3463839682970207,
chirp_9db,validation,long_gaps,13695,autoregression,2.5986660837769335,0.9982894007402928,1.1753414314468995,0.0,0.8594280247714885,0.06432846341847168,0.3598978964918451,
chirp_9db,validation,long_gaps,13695,pca_r32_l01,2.84026014176127,1.0910988574355,1.1756586108277627,0.0,0.9393277492286725,-0.09123747215936917,0.20221426115396354,
chirp_9db,validation,long_gaps,13695,pca_r64_l01,2.6570365371687563,1.0207126760126475,1.1095442722310882,0.0,0.8787322377200947,0.08520375941703351,0.3269700618189333,
chirp_9db,validation,long_gaps,13695,pca_r96_l01,2.6769160713900817,1.0283494895412095,1.1192372114149622,0.0,0.8853067756862727,0.0865448893067436,0.31884772293979513,
chirp_9db,validation,long_gaps,13695,pca_r64_l001,2.80831880657365,1.0788284481811683,1.2020218058731122,0.0,0.9287641455474476,0.1398954470284683,0.30666606185056966,
chirp_9db,validation,long_gaps,13695,pca_r64_l1,2.588439796344318,0.9943609258905861,1.0986602212810122,0.0,0.8560459980987177,0.1330363032404508,0.3711094342712012,
chirp_9db,validation,long_gaps,13695,template_1,2.656964645890925,1.0206850586511431,1.0270790989811038,0.0,0.8787084619147726,0.45779666414061326,0.5289319630398154,
chirp_9db,validation,long_gaps,13695,dictionary_8,2.5400856726050605,0.9757854692313652,1.0784534815667925,0.0,0.8400543748139027,0.26640738358811694,0.42356979711048914,
chirp_9db,validation,long_gaps,13695,dictionary_24,2.573444899264978,0.9886005679465826,1.0404796191161338,0.0,0.8510869020228496,0.21263907433130433,0.3946359369962451,
chirp_9db,validation,long_gaps,13695,dictionary_48,2.525272657731844,0.970094982164459,1.0296559645155279,0.0,0.8351554306236988,0.2601920827635649,0.42611774916676626,
chirp_9db,validation,long_gaps,13695,local_pca_8,2.810368461819531,1.0796158325703782,1.1479146895035968,0.0,0.9294420053042001,-0.032931214753970824,0.23177085710441042,
chirp_9db,validation,long_gaps,13695,local_pca_16,2.823919815157028,1.084821646617425,1.1526605776734704,0.0,0.9339236941616229,-0.06973649750023236,0.21514772888740086,
chirp_9db,validation,long_gaps,13695,local_pca_32,2.7393690099917127,1.0523410700833613,1.1257579126848822,0.0,0.9059611437094104,-0.03612324715074702,0.2610997940332359,
chirp_9db,validation,long_gaps,13695,local_dictionary_8,2.0649548744313377,0.7932618111349302,0.9118838049516931,0.0,0.6829196332894911,0.7112268885599781,0.7094304172794994,
chirp_9db,validation,long_gaps,13695,local_dictionary_24,2.4991754065322453,0.9600696043663424,1.0574265007894335,0.0,0.8265245760516337,0.279972947867681,0.4415279766429024,
chirp_9db,validation,long_gaps,13808,zero_fill,4.355657935287548,1.0,1.8135913636403713,0.0,1.4404984616044894,,0.3691598701525655,
chirp_9db,validation,long_gaps,13808,linear,4.362533421887122,1.0015785184928945,1.8952816937359724,0.0,1.4427723150651184,-0.001593618684783061,0.36572677892678834,
chirp_9db,validation,long_gaps,13808,pchip,4.364187546687047,1.001958283117321,1.910785339547584,0.0,1.4433193654223768,-0.0026452307949700045,0.36493781244233936,
chirp_9db,validation,long_gaps,13808,autoregression,4.357529183827356,1.0004296132909447,1.823537159056628,0.0,1.4411173188891808,0.01094379752338554,0.3681617343362871,
chirp_9db,validation,long_gaps,13808,pca_r32_l01,7.7862941281602795,1.7876275510708237,3.428191734297429,0.0,2.575074737239323,-0.6634379587194348,-0.4285666407978707,
chirp_9db,validation,long_gaps,13808,pca_r64_l01,6.055390013367697,1.3902354370644439,2.650961747079777,0.0,2.002632008359377,-0.6552030090566496,-0.2546936845119075,
chirp_9db,validation,long_gaps,13808,pca_r96_l01,5.299200418880744,1.216624559965797,2.2145777657501027,0.0,1.7525458069809696,-0.6156126258670642,-0.06230107949104696,
chirp_9db,validation,long_gaps,13808,pca_r64_l001,8.500157096779564,1.951520808811725,3.714916698274049,0.0,2.8111627228824396,-0.7802311218775897,-0.5509687011105635,
chirp_9db,validation,long_gaps,13808,pca_r64_l1,4.788013377463558,1.0992629468611994,2.0085536952604004,0.0,1.5834865838523757,-0.42338659967843406,0.1536052872383363,
chirp_9db,validation,long_gaps,13808,template_1,4.123846400847306,0.9467792150154375,1.8370838861794747,0.0,1.363834002708844,0.46107827979427696,0.4847631670792945,
chirp_9db,validation,long_gaps,13808,dictionary_8,5.21235914321174,1.1966869806243488,2.131671513527096,0.0,1.7238257546114961,-0.6765510645595938,-0.0440207108556233,
chirp_9db,validation,long_gaps,13808,dictionary_24,5.3897017353678764,1.237402435049589,2.20700272431655,0.0,1.7824763040745821,-0.6680736496624967,-0.10266103104565891,
chirp_9db,validation,long_gaps,13808,dictionary_48,5.316845018476591,1.2206755207753908,2.1178207182664353,0.0,1.7583812097952096,-0.7297032387292907,-0.09087908233522253,
chirp_9db,validation,long_gaps,13808,local_pca_8,5.080116252994486,1.1663258062203894,2.039375617187268,0.0,1.6800905295900872,-0.5756230540278593,0.020493561802612744,
chirp_9db,validation,long_gaps,13808,local_pca_16,5.173267936370385,1.1877121696033417,2.362319605097072,0.0,1.7108975531425443,-0.3610648891900449,0.03848268937907002,
chirp_9db,validation,long_gaps,13808,local_pca_32,4.986358224862548,1.144800234303377,2.361650881277938,0.0,1.649082976358474,-0.350693936221135,0.09223449031374653,
chirp_9db,validation,long_gaps,13808,local_dictionary_8,4.7994985180498855,1.1018997794033696,2.0993522244470704,0.0,1.5872849370728805,-0.1619730119637084,0.1886247233918352,
chirp_9db,validation,long_gaps,13808,local_dictionary_24,4.626432111310382,1.0621660791654792,1.9702744986579366,0.0,1.5300486030063454,-0.10835687187973325,0.2508443442344825,
chirp_9db,validation,long_gaps,13921,zero_fill,1.6350268453341577,1.0,1.194079727731577,0.0,0.5407343024585812,,0.8972313738887501,
chirp_9db,validation,long_gaps,13921,linear,1.6763014125080116,1.0252439691076867,1.2558411223750754,0.0,0.554384582485312,0.019305097921556033,0.8918317535170672,
chirp_9db,validation,long_gaps,13921,pchip,1.6955588172508922,1.0370220049227163,1.2836686103813182,0.0,0.5607533704660843,0.016842580085940768,0.8892627202810208,
chirp_9db,validation,long_gaps,13921,autoregression,1.5483243415349106,0.9469718163670107,1.1268674517106148,0.0,0.512060144571151,0.35198033017422375,0.9085000589790593,
chirp_9db,validation,long_gaps,13921,pca_r32_l01,13.455136655687543,8.229306261291176,7.090149928568709,0.0,4.449868180917319,-0.0603727502912187,0.19226761915615154,
chirp_9db,validation,long_gaps,13921,pca_r64_l01,6.2320150737231295,3.8115674317564276,3.6689893424958777,0.0,2.0610452564846575,-0.07593245162037651,0.4115910250330251,
chirp_9db,validation,long_gaps,13921,pca_r96_l01,2.8994932964716598,1.7733612782847474,1.8645717155975992,0.0,0.9589172738203606,-0.13040246565814864,0.717359813120808,
chirp_9db,validation,long_gaps,13921,pca_r64_l001,16.731508019063245,10.233170217852756,8.356907347350143,0.0,5.533426159690536,0.00909564731472045,0.1793549317494371,
chirp_9db,validation,long_gaps,13921,pca_r64_l1,2.373875268698622,1.451887640544191,1.5062386407201542,0.0,0.7850854505578984,-0.17431014453924937,0.7905089496427462,
chirp_9db,validation,long_gaps,13921,template_1,1.5959619438137198,0.9761074861664097,1.147911803338202,0.0,0.5278148006567928,0.21644706036502745,0.9023408656980939,
chirp_9db,validation,long_gaps,13921,dictionary_8,1.5430581080807717,0.943750931358812,1.1126585755865952,0.0,0.5103185015629436,0.3611664943037693,0.9090519083309753,
chirp_9db,validation,long_gaps,13921,dictionary_24,1.600809259479701,0.9790721565507609,1.1284758045877041,0.0,0.5294178996290945,0.25425105858450237,0.9018102036520758,
chirp_9db,validation,long_gaps,13921,dictionary_48,1.4762489040832814,0.902889703796621,1.0112895790355094,0.0,0.4882234341795008,0.4307325201117207,0.9170885286529772,
chirp_9db,validation,long_gaps,13921,local_pca_8,2.1957674365706596,1.3429549752266612,1.4687260759486391,0.0,0.7261818217624697,-0.0008887822659939868,0.8208781376650063,
chirp_9db,validation,long_gaps,13921,local_pca_16,2.751164091486402,1.682641541536362,1.7435034592699048,0.0,0.9098620002504965,0.21966774626899674,0.7662879090942594,
chirp_9db,validation,long_gaps,13921,local_pca_32,2.737055894477028,1.674012816540418,1.6232915735712257,0.0,0.9051961526587078,-0.2976725166305789,0.7311279854646023,
chirp_9db,validation,long_gaps,13921,local_dictionary_8,1.7249539429777119,1.0550003799021266,1.1772412791487141,0.0,0.5704748945199145,0.22352109195127817,0.8864222167919923,
chirp_9db,validation,long_gaps,13921,local_dictionary_24,2.0219850772236376,1.2366678155736308,1.3236419192330133,0.0,0.6687087086271846,0.25279831512194056,0.8515853306943254,
chirp_9db,validation,long_gaps,14034,zero_fill,1.532601953560422,1.0,0.7850544550856681,0.0,0.5068604534965799,,0.8299792603786401,
chirp_9db,validation,long_gaps,14034,linear,1.557260179703486,1.0160891261333576,0.8463591895915458,0.0,0.5150153952648973,-0.0004498489585864743,0.8239605162000905,
chirp_9db,validation,long_gaps,14034,pchip,1.5684481146939782,1.0233890874602378,0.880861222956134,0.0,0.5187154569735473,0.0009299452157871883,0.8212577363957856,
chirp_9db,validation,long_gaps,14034,autoregression,1.5205493417195568,0.9921358498774808,0.754828168945774,0.0,0.5028744267991148,0.1245610792056649,0.8329073032397563,
chirp_9db,validation,long_gaps,14034,pca_r32_l01,14.095841065873074,9.197326829139627,6.908382474695545,0.0,4.661761247573972,-0.11484162397917229,0.07178612209203666,
chirp_9db,validation,long_gaps,14034,pca_r64_l01,5.983195162912571,3.903945932610144,3.2865497533869545,0.0,1.9787558058289065,-0.4071940727140618,0.12581083692605838,
chirp_9db,validation,long_gaps,14034,pca_r96_l01,2.8957330994507657,1.8894228163572564,1.743684142097626,0.0,0.9576737055456244,-0.3159248554159565,0.5044888523242212,
chirp_9db,validation,long_gaps,14034,pca_r64_l001,16.767007676570266,10.94022334867736,7.969078621307311,0.0,5.54516656786448,-0.4247072495142634,-0.11779574601572096,
chirp_9db,validation,long_gaps,14034,pca_r64_l1,2.19216102030977,1.4303524899058828,1.288884879980363,0.0,0.7249891116936581,-0.2087771024028609,0.6668212888505951,
chirp_9db,validation,long_gaps,14034,template_1,1.4415672426211783,0.9406012039017966,0.7347071153509497,0.0,0.47675355276909365,0.3776226695703971,0.8518959343063693,
chirp_9db,validation,long_gaps,14034,dictionary_8,2.066628524764122,1.348444401994328,0.954451297914367,0.0,0.6834731411097696,0.2066423348108481,0.7299129836536479,
chirp_9db,validation,long_gaps,14034,dictionary_24,1.8020886503575286,1.1758360650468023,0.9718068155383006,0.0,0.5959848011672563,0.0913936662395173,0.7698899987454003,
chirp_9db,validation,long_gaps,14034,dictionary_48,2.6247011922624055,1.7125785244922227,1.350510094108239,0.0,0.8680383275726317,0.18734378612247451,0.6433888179966332,
chirp_9db,validation,long_gaps,14034,local_pca_8,1.6149988210698603,1.0537627316199227,0.8331898487885765,0.0,0.5341106560266689,0.38283730981564734,0.8219428209372809,
chirp_9db,validation,long_gaps,14034,local_pca_16,2.2624665742078833,1.4762258190731758,1.38051093485178,0.0,0.7482404881187901,0.2075775100422702,0.6989245418994936,
chirp_9db,validation,long_gaps,14034,local_pca_32,2.672151723422199,1.7435392909518765,1.7050818379853345,0.0,0.8837311157009735,0.1652751419647939,0.6322216351564143,
chirp_9db,validation,long_gaps,14034,local_dictionary_8,1.7885933064687833,1.1670305537022592,0.9934283042798417,0.0,0.5915216356938919,0.3311261112597466,0.7893160073397608,
chirp_9db,validation,long_gaps,14034,local_dictionary_24,1.8285090072949375,1.1930749553379383,1.1379319247177513,0.0,0.6047225129179992,0.14928088059595473,0.767622734260909,
chirp_9db,validation,long_gaps,14147,zero_fill,2.0205901127285695,1.0,1.0058470753938134,0.0,0.6682473674844701,,0.438633082770382,
chirp_9db,validation,long_gaps,14147,linear,2.07526090826066,1.027056846011319,1.1065094152299662,0.0,0.6863280336039669,-0.0027361457592898456,0.39586036383198986,
chirp_9db,validation,long_gaps,14147,pchip,2.0879778465308325,1.0333505214035041,1.1358380841236853,0.0,0.6905337656165963,-0.00149261407109603,0.38737990324222804,
chirp_9db,validation,long_gaps,14147,autoregression,2.0294536413929682,1.0043866039968046,1.0020412916201322,0.0,0.6711787040575317,0.004361095036963407,0.43077539709750434,
chirp_9db,validation,long_gaps,14147,pca_r32_l01,2.200721262433218,1.0891477932955944,0.9910828631489552,0.0,0.7278201456713009,-0.09775789189499354,0.3076852996364203,
chirp_9db,validation,long_gaps,14147,pca_r64_l01,2.2924281384609855,1.1345339779799926,1.0939993852993506,0.0,0.758149344106814,-0.21525165025691292,0.23705375646454604,
chirp_9db,validation,long_gaps,14147,pca_r96_l01,2.2020491251280467,1.0898049590841747,1.0706529319374674,0.0,0.7282592949795205,-0.11215869169674504,0.3045353800010707,
chirp_9db,validation,long_gaps,14147,pca_r64_l001,2.91122503668641,1.4407796110390456,1.3995035389211954,0.0,0.9627971822021412,-0.011305269403782018,0.17937237540368084,
chirp_9db,validation,long_gaps,14147,pca_r64_l1,2.189580136407243,1.083633995145345,0.9980308868286223,0.0,0.7241355645725562,-0.2233918932810676,0.2989088964813533,
chirp_9db,validation,long_gaps,14147,template_1,3.2500700987023023,1.6084757013452198,1.4804548977571208,0.0,1.07485965308668,-0.24119785036484173,-0.010032073470668064,
chirp_9db,validation,long_gaps,14147,dictionary_8,2.1740607713699815,1.0759533849416734,1.0047452904221363,0.0,0.719003017023278,-0.16815417572918623,0.31448535561113194,
chirp_9db,validation,long_gaps,14147,dictionary_24,2.170973527445007,1.0744254927157701,0.9804040957001272,0.0,0.7179820070655181,-0.14638545785606155,0.31870293574415237,
chirp_9db,validation,long_gaps,14147,dictionary_48,2.2058014525539034,1.0916620044107945,0.9858837018026515,0.0,0.7295002606303334,-0.22953300210007155,0.2872254973538189,
chirp_9db,validation,long_gaps,14147,local_pca_8,2.2364285733833627,1.1068195173752131,1.0356603537702598,0.0,0.7396292287664178,-0.19476604822745996,0.27203174931539476,
chirp_9db,validation,long_gaps,14147,local_pca_16,2.2699175376199605,1.123393370738959,1.0551453183484456,0.0,0.7507046626458148,-0.22410074798302929,0.24796672112669055,
chirp_9db,validation,long_gaps,14147,local_pca_32,2.090047554874814,1.0343748302581024,0.975734943628758,0.0,0.6912182573121726,-0.0017643603864826863,0.38553542690281867,
chirp_9db,validation,long_gaps,14147,local_dictionary_8,2.2071313301283397,1.0923201673732177,1.0108066089878889,0.0,0.7299400762973487,-0.11488493608987471,0.30128490821226006,
chirp_9db,validation,long_gaps,14147,local_dictionary_24,2.512576327289981,1.243486401057878,1.1438893817843852,0.0,0.8309565140096651,-0.35342710461543925,0.09819827305157819,
chirp_9db,validation,long_gaps,14260,zero_fill,2.4774141522290822,1.0,1.1877903860157613,0.0,0.8193277176637581,,0.37195995720121533,
chirp_9db,validation,long_gaps,14260,linear,2.4883625619590863,1.0044192892497015,1.2582397845826205,0.0,0.822948563838412,-0.0007383891181734821,0.3628275867333065,
chirp_9db,validation,long_gaps,14260,pchip,2.4899376938937214,1.0050550860272478,1.2697045822531188,0.0,0.823469489761057,0.00024252915297899396,0.3615089035295161,
chirp_9db,validation,long_gaps,14260,autoregression,2.4741235686772427,0.9986717668707596,1.1677158717566243,0.0,0.8182394594454522,0.05038260568053237,0.37500713270131936,
chirp_9db,validation,long_gaps,14260,pca_r32_l01,2.286166546972303,0.9228035388896516,1.0448480713050174,0.0,0.7560785173704974,0.3863123277147725,0.5163227831958661,
chirp_9db,validation,long_gaps,14260,pca_r64_l01,2.4606225092457645,0.9932221090413126,1.1656860777245972,0.0,0.8137744037340029,0.20710186562498545,0.40246413511126633,
chirp_9db,validation,long_gaps,14260,pca_r96_l01,2.4411319252059775,0.9853547994829773,1.1809486597454997,0.0,0.8073284989494179,0.25095976280524024,0.42339611570051056,
chirp_9db,validation,long_gaps,14260,pca_r64_l001,3.1240618536125133,1.2610171984371699,1.4579411712200596,0.0,1.0331863431302728,0.2078983933888154,0.3171990467434867,
chirp_9db,validation,long_gaps,14260,pca_r64_l1,2.3861671481749624,0.9631684496627182,1.0762552082590118,0.0,0.7891506075878951,0.2717169947386966,0.44832968918193206,
chirp_9db,validation,long_gaps,14260,template_1,3.529648328499986,1.4247308328824004,1.5612856390634307,0.0,1.1673214615907224,-0.348544629354745,-0.10298593134249986,
chirp_9db,validation,long_gaps,14260,dictionary_8,2.219762709493751,0.8959998502860306,1.0074496363472438,0.0,0.7341175123619225,0.4532139030307748,0.5593690955846825,
chirp_9db,validation,long_gaps,14260,dictionary_24,2.3864762474155286,0.9632932165452711,1.0718905504137373,0.0,0.7892528325530174,0.3256380388350549,0.4675462812669701,
chirp_9db,validation,long_gaps,14260,dictionary_48,2.3392784326436615,0.944241975262339,1.0554242060652632,0.0,0.7736436225140111,0.35667304110042264,0.4915136416590291,
chirp_9db,validation,long_gaps,14260,local_pca_8,2.5237658930216513,1.0187097263293114,1.158767501078057,0.0,0.8346571150352664,0.17887088928013456,0.37272429680538605,
chirp_9db,validation,long_gaps,14260,local_pca_16,2.5736026128417513,1.0388261528764267,1.169509874149925,0.0,0.8511390608856649,0.10904280886538857,0.33225899550048343,
chirp_9db,validation,long_gaps,14260,local_pca_32,2.4867184212336624,1.0037556373027936,1.1444805339081738,0.0,0.8224048154034288,0.15629816205943786,0.37847152427736497,
chirp_9db,validation,long_gaps,14260,local_dictionary_8,2.2137979046326355,0.893592176601052,0.9746930960191008,0.0,0.7321448385767299,0.45284821429827227,0.55992299367479,
chirp_9db,validation,long_gaps,14260,local_dictionary_24,2.5462202402129526,1.027773349047014,1.1361823398152604,0.0,0.842083192350327,-0.003727242958318432,0.3196354488791989,
chirp_9db,validation,long_gaps,14373,zero_fill,1.6025537750574894,1.0,0.8241447796916324,0.0,0.5299948439262326,,0.5285577471291163,
chirp_9db,validation,long_gaps,14373,linear,1.6155286630546775,1.008096382286281,0.8680461463288048,0.0,0.5342858847924172,-0.0011201705244376658,0.5179137078931189,
chirp_9db,validation,long_gaps,14373,pchip,1.623189323986297,1.012876665513497,0.8753617055447653,0.0,0.536819410255349,-0.0013348030262016913,0.5116986127446139,
chirp_9db,validation,long_gaps,14373,autoregression,1.5969768406901517,0.9965199705282042,0.8082846511777235,0.0,0.5281504462494696,0.08238003924958887,0.5332610927341297,
chirp_9db,validation,long_gaps,14373,pca_r32_l01,2.030261472187893,1.2668913229542393,0.9463740448666382,0.0,0.6714458689806305,-0.2989971106026781,0.23596905149669395,
chirp_9db,validation,long_gaps,14373,pca_r64_l01,1.7670449919423414,1.1026431808061798,0.8680455366890555,0.0,0.5843952005176962,-0.14118728842132422,0.4046040181666234,
chirp_9db,validation,long_gaps,14373,pca_r96_l01,1.7270348335735262,1.077676681090824,0.8648322860986634,0.0,0.5711630843976717,-0.054326323449590166,0.43783519077295135,
chirp_9db,validation,long_gaps,14373,pca_r64_l001,2.1386107031849404,1.3345016788021486,1.0675418256257756,0.0,0.7072790089760402,-0.004424203250129728,0.30252274741509044,
chirp_9db,validation,long_gaps,14373,pca_r64_l1,1.8710775272956295,1.1675599012136157,0.8381630743714856,0.0,0.6188007276182381,-0.40405789514238183,0.31237072173526126,
chirp_9db,validation,long_gaps,14373,template_1,3.3914104636748,2.1162537672429353,1.4889062822549028,0.0,1.1216035850782216,-0.4409355302026468,-0.1392068202135117,
chirp_9db,validation,long_gaps,14373,dictionary_8,2.9076896082770465,1.8144100082836454,1.1538424188728265,0.0,0.9616279491584852,-0.8170599563098244,-0.27084558442539053,
chirp_9db,validation,long_gaps,14373,dictionary_24,2.3145822639558333,1.4443086403592296,0.9596563601313128,0.0,0.7654761324284994,-0.7071635278174591,-0.0027014697729860365,
chirp_9db,validation,long_gaps,14373,dictionary_48,2.049316841770081,1.278781950201056,0.8554684931041773,0.0,0.6777478401124923,-0.5785699694846888,0.17438140147907177,
chirp_9db,validation,long_gaps,14373,local_pca_8,1.91480348141087,1.1948450724171045,0.8782829601882636,0.0,0.6332617276717315,-0.2714206739713523,0.3005965154334614,
chirp_9db,validation,long_gaps,14373,local_pca_16,1.911093815629845,1.1925302260520318,0.8708752150897395,0.0,0.6320348710337617,-0.30615078635605714,0.2974597876850702,
chirp_9db,validation,long_gaps,14373,local_pca_32,1.9454556074263039,1.2139721223124094,0.8668794223145897,0.0,0.6433989654957628,-0.4593042812494712,0.25666166598503504,
chirp_9db,validation,long_gaps,14373,local_dictionary_8,2.6748073687444465,1.669090554323827,1.118690159321383,0.0,0.8846093878376059,-0.5439539760526265,-0.0784282745574791,
chirp_9db,validation,long_gaps,14373,local_dictionary_24,3.1715343260722095,1.9790501731889996,1.2458115323222467,0.0,1.0488863876614873,-0.7125246402741597,-0.27671765689306127,
chirp_9db,validation,long_gaps,14486,zero_fill,2.439230873115197,1.0,1.333306013050119,0.0,0.8066997850667197,,0.9060263238626606,
chirp_9db,validation,long_gaps,14486,linear,7.074002998271089,2.900095713054304,4.558024963199059,0.0,2.339506588393822,-0.04984930389409246,0.5572268238858912,
chirp_9db,validation,long_gaps,14486,pchip,7.4244399941241035,3.043762718795939,4.573312824256249,0.0,2.455402731046778,-0.047368764247067784,0.5373965800491909,
chirp_9db,validation,long_gaps,14486,autoregression,2.882761477818107,1.1818321543858075,1.783246611848947,0.0,0.9533837449279692,0.37677707366654234,0.8776625015547406,
chirp_9db,validation,long_gaps,14486,pca_r32_l01,12.73111210196958,5.219314105232847,6.114410615834395,0.0,4.210419566887036,0.5092664248007837,0.5222496184578501,
chirp_9db,validation,long_gaps,14486,pca_r64_l01,4.128534771546845,1.6925559679696085,2.2343640890082597,0.0,1.365384535574477,0.6274197669658123,0.8295398016569895,
chirp_9db,validation,long_gaps,14486,pca_r96_l01,2.4179866878574567,0.991290621362705,1.5714246993256322,0.0,0.7996739311919492,0.6366759235943648,0.917531429923901,
chirp_9db,validation,long_gaps,14486,pca_r64_l001,11.60705393894615,4.758489270891574,5.271148336859411,0.0,3.8386722720705246,0.5757226722217533,0.5670544194664242,
chirp_9db,validation,long_gaps,14486,pca_r64_l1,2.2058526171264807,0.9043230148646555,1.3163259687496913,0.0,0.7295171817222056,0.5689815118344244,0.926096899703781,
chirp_9db,validation,long_gaps,14486,template_1,2.371838224143252,0.972371352906879,1.3325138395085905,0.0,0.7844117613950148,0.3463320376446652,0.9118683194884053,
chirp_9db,validation,long_gaps,14486,dictionary_8,3.320981570102175,1.3614871829909543,1.848874768551651,0.0,1.0983114178898965,0.14438393803240382,0.8365080365222507,
chirp_9db,validation,long_gaps,14486,dictionary_24,2.9917012891186823,1.2264936960632649,1.5030754341383297,0.0,0.9894122009999226,0.0975342079559826,0.861506332282816,
chirp_9db,validation,long_gaps,14486,dictionary_48,2.7084943326384274,1.1103886731227488,1.497181475616713,0.0,0.8957503039486416,0.21611161603312656,0.8857579052608969,
chirp_9db,validation,long_gaps,14486,local_pca_8,3.0394061034444366,1.2460510142538261,1.6381549203673254,0.0,1.0051890853807297,0.48679434648829933,0.8736256072058384,
chirp_9db,validation,long_gaps,14486,local_pca_16,4.01697343640477,1.646819692501925,2.2252568195803444,0.0,1.3284890919849444,0.29485489142412175,0.795644497742247,
chirp_9db,validation,long_gaps,14486,local_pca_32,2.5390635565577755,1.0409279353352396,1.4934229462956545,0.0,0.8397163417048821,0.4230997917579201,0.9019219048375224,
chirp_9db,validation,long_gaps,14486,local_dictionary_8,2.249477834057057,0.9222078397130969,1.278224069475616,0.0,0.7439448660833993,0.45290360600576113,0.921196168476458,
chirp_9db,validation,long_gaps,14486,local_dictionary_24,3.083384122355893,1.2640804756697892,1.8136533596243163,0.0,1.0197334480298557,0.27309433444446535,0.8594788552814665,
chirp_9db,validation,long_gaps,14599,zero_fill,1.3529232096923867,1.0,0.7615153312551239,0.0,0.44743729447666825,,0.9229636727794944,
chirp_9db,validation,long_gaps,14599,linear,1.535254742603106,1.134768574893601,1.1051085793528226,0.0,0.5077377810075373,0.022273145802657556,0.9017274926980274,
chirp_9db,validation,long_gaps,14599,pchip,1.6580857575378123,1.2255579220307782,1.2728771544510187,0.0,0.548360320857899,0.016368501066890653,0.8868297481384189,
chirp_9db,validation,long_gaps,14599,autoregression,1.3270796255355535,0.9808979667347792,0.7439157837780861,0.0,0.43889033239347447,0.19953337842956223,0.9259963845480904,
chirp_9db,validation,long_gaps,14599,pca_r32_l01,3.2724587663541778,2.4188059920253973,1.8508160685174093,0.0,1.0822640089357973,0.6364981098728786,0.774220068650243,
chirp_9db,validation,long_gaps,14599,pca_r64_l01,5.45739969147787,4.033783774556366,3.1580138012942602,0.0,1.8048652985913836,0.5029614541242545,0.6087088555010878,
chirp_9db,validation,long_gaps,14599,pca_r96_l01,1.743534110502578,1.288716239038433,1.1910976705487393,0.0,0.5766197073435038,0.4879051734182748,0.8883241189150962,
chirp_9db,validation,long_gaps,14599,pca_r64_l001,16.850121681570585,12.454603159185796,8.3419909753355,0.0,5.572653941326658,0.4001984650134282,0.3210686328948455,
chirp_9db,validation,long_gaps,14599,pca_r64_l1,1.2096773062810493,0.8941211870820761,0.8800206726014602,0.0,0.40006316488227106,0.5822720144770879,0.940412627766987,
chirp_9db,validation,long_gaps,14599,template_1,1.2897901360709758,0.9533358041542023,0.7157862098706662,0.0,0.42655799293849506,0.3014828872733151,0.9302475986484828,
chirp_9db,validation,long_gaps,14599,dictionary_8,2.000305219113765,1.4785061005558275,1.2985322656420253,0.0,0.6615387694999484,-0.03796850032885643,0.8393770122901342,
chirp_9db,validation,long_gaps,14599,dictionary_24,1.851796661491011,1.3687374480862464,1.1902824421677898,0.0,0.6124241806206093,-0.0059938720793258566,0.859852406763668,
chirp_9db,validation,long_gaps,14599,dictionary_48,1.8897631169214761,1.3967999834603697,1.170663830035166,0.0,0.6249804055245629,0.09965990142805271,0.8573122610690076,
chirp_9db,validation,long_gaps,14599,local_pca_8,1.608565258364384,1.188955327871212,1.0011063567639165,0.0,0.5319829551563151,-0.02904145086143343,0.8912765428102485,
chirp_9db,validation,long_gaps,14599,local_pca_16,1.9898278166862235,1.4707618307018693,1.2529223649929286,0.0,0.658073694348796,-0.008526465170187202,0.8415266414336169,
chirp_9db,validation,long_gaps,14599,local_pca_32,2.1859679111178414,1.6157368692158542,1.4699262970344995,0.0,0.7229409333481441,0.12117231854772963,0.8211029347362901,
chirp_9db,validation,long_gaps,14599,local_dictionary_8,1.8109544412570397,1.338549319195134,1.1965856456095658,0.0,0.5989168859042571,0.12148998744636347,0.8676803481425099,
chirp_9db,validation,long_gaps,14599,local_dictionary_24,1.960872486785892,1.4493597809085812,1.2545153477368898,0.0,0.6484976190930322,-0.03057561078973432,0.8448514766987966,
chirp_9db,test,long_gaps,16000,zero_fill,2.3818893636469527,1.0,1.201011775900104,0.0,0.787735863334966,,0.7915245756015256,False
chirp_9db,test,long_gaps,16000,linear,2.407062515733742,1.0105685648002753,1.304381083108718,0.0,0.7960611008521226,-0.010690373584002655,0.7866497007614028,False
chirp_9db,test,long_gaps,16000,pchip,2.4004301917914788,1.0077840845286525,1.2683040656734135,0.0,0.7938676658814164,-0.011219893918142815,0.7878698472563843,False
chirp_9db,test,long_gaps,16000,autoregression,2.3823522452474895,1.000194333795516,1.2593021195582301,0.0,0.7878889470351519,0.08306985940647253,0.7914613205379643,True
chirp_9db,test,long_gaps,16000,pca_r32_l01,3.698127977327867,1.5526027504760331,2.1313844841503244,0.0,1.2230408680624807,0.5282292369614996,0.720993114957436,False
chirp_9db,test,long_gaps,16000,pca_r64_l01,2.1088862213074115,0.8853837854494042,1.3218094528304232,0.0,0.6974485606137669,0.49737773486566694,0.8424449023399356,False
chirp_9db,test,long_gaps,16000,pca_r96_l01,2.078618165773432,0.8726762029747775,1.337392672493371,0.0,0.6874383421622166,0.5066444953360741,0.8467049335936875,False
chirp_9db,test,long_gaps,16000,pca_r64_l001,3.55025319255973,1.4905197725573092,1.9444856146509573,0.0,1.174135879853269,0.3457313187089249,0.6766353780836266,False
chirp_9db,test,long_gaps,16000,pca_r64_l1,1.9908530121404306,0.8358293388959933,1.1048908421693378,0.0,0.6584127458759292,0.5607813458219837,0.859997392556641,False
chirp_9db,test,long_gaps,16000,template_1,2.606383388144316,1.094250399671644,1.786752436668645,0.0,0.8619802832899742,0.20828235384728352,0.7570146525974784,False
chirp_9db,test,long_gaps,16000,dictionary_8,2.4678250773338317,1.0360788015591544,1.565490929975701,0.0,0.8161564292292575,0.22938963379131966,0.7791317235684063,False
chirp_9db,test,long_gaps,16000,dictionary_24,2.3430532896907326,0.9836952653851405,1.4192257873969394,0.0,0.7748920391366823,0.2668641844171792,0.8001519402512693,False
chirp_9db,test,long_gaps,16000,dictionary_48,2.2873156680801316,0.9602946732076516,1.28189810462866,0.0,0.7564585534551985,0.3472565055845396,0.8112046241041722,False
chirp_9db,test,long_gaps,16000,local_pca_8,2.0980283795207093,0.8808252858178018,1.1155734185201998,0.0,0.6938576669709544,0.4959442417844483,0.8430752272005146,False
chirp_9db,test,long_gaps,16000,local_pca_16,2.1836767865396816,0.9167834660448778,1.2986704294969726,0.0,0.7221832151160842,0.39936011590149084,0.8283022714001388,False
chirp_9db,test,long_gaps,16000,local_pca_32,2.477405332905951,1.0401009260618017,1.528373181483507,0.0,0.819324800946791,0.17657848573015017,0.7756761133094742,False
chirp_9db,test,long_gaps,16000,local_dictionary_8,2.46242046780341,1.033809758499091,1.5637190027771588,0.0,0.8143690226353942,0.20267546646963847,0.7789687163880894,False
chirp_9db,test,long_gaps,16000,local_dictionary_24,2.6965703963307197,1.1321140425271279,1.5061526013249933,0.0,0.8918068326837455,-0.1501812743074371,0.7288789160722517,False
chirp_9db,test,long_gaps,16102,zero_fill,2.3130659169552916,1.0,1.1284318543475145,0.0,0.7649746477954102,,0.3968136869937257,False
chirp_9db,test,long_gaps,16102,linear,2.3210417283869673,1.0034481557024428,1.1670612079843694,0.0,0.7676123994894302,-0.0061601479577833036,0.38974755962357926,False
chirp_9db,test,long_gaps,16102,pchip,2.326431637925308,1.005778357145831,1.1928856291165506,0.0,0.7693949445178783,-0.009341048198546205,0.38557090088812085,False
chirp_9db,test,long_gaps,16102,autoregression,2.323487966892064,1.0045057297590942,1.1124734695141705,0.0,0.768421416830935,-0.006352673414072071,0.38750334521988095,True
chirp_9db,test,long_gaps,16102,pca_r32_l01,2.47947636632752,1.071943669288628,1.117563484230774,0.0,0.8200097308705879,-0.04545366734510369,0.28490038143460195,False
chirp_9db,test,long_gaps,16102,pca_r64_l01,2.2047058443953156,0.9531530546684068,1.0326107859051088,0.0,0.7291379222900839,0.3230844521975795,0.4899448900316519,False
chirp_9db,test,long_gaps,16102,pca_r96_l01,2.5060751255861975,1.0834430213233894,1.216568601426332,0.0,0.828806443643255,0.10327962763548575,0.32370189089975715,False
chirp_9db,test,long_gaps,16102,pca_r64_l001,2.611034952895172,1.128819950073926,1.2850114708275966,0.0,0.8635186437322342,0.5956853097020924,0.640040074826477,False
chirp_9db,test,long_gaps,16102,pca_r64_l1,2.4658620300744585,1.0660578291345426,1.10646982162034,0.0,0.8155072123717364,-0.18401031187973194,0.2718708360118055,False
chirp_9db,test,long_gaps,16102,template_1,4.719034043506883,2.0401640994816903,1.8499799098774865,0.0,1.5606738134458469,0.2601882680485826,0.3153621854760811,False
chirp_9db,test,long_gaps,16102,dictionary_8,2.5209545933279127,1.0898758115143847,1.1096557059759304,0.0,0.8337273650539532,-0.02509626538651864,0.27248371700208096,False
chirp_9db,test,long_gaps,16102,dictionary_24,2.7015933998291666,1.1679707785350524,1.185225603806549,0.0,0.8934680349451829,-0.1239352858229099,0.17652852685275844,False
chirp_9db,test,long_gaps,16102,dictionary_48,2.644018905270437,1.1430797911504318,1.1637689121767656,0.0,0.8744270606373526,-0.20835557916009442,0.17015764806447403,False
chirp_9db,test,long_gaps,16102,local_pca_8,2.465495030504036,1.0658991654459151,1.1033308653146328,0.0,0.8153858386724108,0.15551623067763265,0.35634775956362474,False
chirp_9db,test,long_gaps,16102,local_pca_16,2.4944682096752486,1.0784250424470128,1.1182235574107209,0.0,0.8249678170196539,0.13318679179423712,0.33967421560134714,False
chirp_9db,test,long_gaps,16102,local_pca_32,2.4582588846415625,1.0627707868686205,1.0685585341578452,0.0,0.812992708372074,-0.08518364119357592,0.2885148762020786,False
chirp_9db,test,long_gaps,16102,local_dictionary_8,3.078357747070641,1.3308560402475298,1.3006346986907837,0.0,1.0180711306547483,-0.5405853991422598,-0.1098147840063471,False
chirp_9db,test,long_gaps,16102,local_dictionary_24,3.0422175754612937,1.3152316815362488,1.2823261553999854,0.0,1.0061188923525572,-0.5393942514995174,-0.0962296677874571,False
chirp_9db,test,long_gaps,16205,zero_fill,3.1656099653554253,1.0,1.457853342064777,0.0,1.0469270895197813,,0.29938372835534,False
chirp_9db,test,long_gaps,16205,linear,3.17396337303769,1.0026387987698058,1.5077721947088871,0.0,1.0496897194356825,-0.0005270977300454934,0.2916581526102074,False
chirp_9db,test,long_gaps,16205,pchip,3.176491071311442,1.0034372857285325,1.5204998302815311,0.0,1.0505256770634017,0.00016141589905325295,0.289437273254816,False
chirp_9db,test,long_gaps,16205,autoregression,3.16108174329753,0.9985695578079888,1.4300781360772252,0.0,1.0454295208389728,0.05523814974597579,0.3036999922154477,True
chirp_9db,test,long_gaps,16205,pca_r32_l01,3.0352480416760956,0.9588193349446027,1.2464897004069224,0.0,1.0038139357088451,0.28683656693623305,0.4047818719951736,False
chirp_9db,test,long_gaps,16205,pca_r64_l01,2.9434186094970105,0.9298108869096046,1.2257273940555797,0.0,0.9734442056360786,0.3829034074145636,0.4662569730514002,False
chirp_9db,test,long_gaps,16205,pca_r96_l01,2.92375432587728,0.9235990402718516,1.246516470500817,0.0,0.9669408551150727,0.4289808197526315,0.48541419611528974,False
chirp_9db,test,long_gaps,16205,pca_r64_l001,2.681055673406703,0.8469317770503297,1.1892028652159978,0.0,0.8866758203691179,0.5916280876577193,0.6332268559612244,False
chirp_9db,test,long_gaps,16205,pca_r64_l1,3.3858717950078283,1.069579585628981,1.4149715760864316,0.0,1.1197718425923224,-0.3539323256272898,0.10791615570235276,False
chirp_9db,test,long_gaps,16205,template_1,6.063883348151437,1.9155497406549902,2.5972017804030214,0.0,2.0054409148143004,-0.7029121948424893,-0.5599674151934967,False
chirp_9db,test,long_gaps,16205,dictionary_8,4.335677128893346,1.3696182335610474,1.784872836506862,0.0,1.4338904310152911,-0.7817564661365807,-0.4316332746565005,False
chirp_9db,test,long_gaps,16205,dictionary_24,4.255931708334822,1.3444270630026838,1.735821054287696,0.0,1.4075171121410275,-0.8518133397483836,-0.44198937926628673,False
chirp_9db,test,long_gaps,16205,dictionary_48,3.7394818454134544,1.1812831922879028,1.5477281657897526,0.0,1.2367173744006104,-0.7311123795466823,-0.17570762660323572,False
chirp_9db,test,long_gaps,16205,local_pca_8,3.203245213591932,1.011888782461639,1.2807830937297884,0.0,1.0593737779402785,0.08396528809362291,0.28169960301852504,False
chirp_9db,test,long_gaps,16205,local_pca_16,3.248755621806743,1.026265287689029,1.2928756580251597,0.0,1.0744249307154563,0.028818938937776813,0.24770297791287502,False
chirp_9db,test,long_gaps,16205,local_pca_32,3.2658149315965708,1.0316542364150332,1.3164983337165792,0.0,1.080066767120743,-0.02998007423607736,0.22652203285242334,False
chirp_9db,test,long_gaps,16205,local_dictionary_8,4.664949699232619,1.4736337547221654,1.9378814463988456,0.0,1.542787097849384,-0.8791719749978322,-0.560602390088753,False
chirp_9db,test,long_gaps,16205,local_dictionary_24,3.6899585029587905,1.1656390216551813,1.5082700408284577,0.0,1.2203390683721442,-0.5477173245185478,-0.10710401526255439,False
chirp_9db,test,long_gaps,16308,zero_fill,2.025509418757226,1.0,1.0419878364578716,0.0,0.6698742750313259,,0.7776823730100414,False
chirp_9db,test,long_gaps,16308,linear,2.03348034574678,1.0039352702662054,1.0775640079217932,0.0,0.6725104113479525,-0.0029926844896557996,0.7757085060085543,False
chirp_9db,test,long_gaps,16308,pchip,2.035929751217837,1.0051445490028899,1.0856555142620192,0.0,0.6733204760649998,-0.0013748874105207142,0.7750974812531534,False
chirp_9db,test,long_gaps,16308,autoregression,2.0133640637921952,0.9940038022768206,1.0174367593244034,0.0,0.6658575764285666,0.11542916169845129,0.7807165608918843,True
chirp_9db,test,long_gaps,16308,pca_r32_l01,5.222504428055656,2.5783659062222393,3.4031829113518746,0.0,1.7271809921961099,0.5151340669480959,0.5996132272657774,False
chirp_9db,test,long_gaps,16308,pca_r64_l01,2.9844670847131183,1.4734402403047189,1.8167761294167544,0.0,0.987019712776106,0.4796451140309166,0.7060585148523929,False
chirp_9db,test,long_gaps,16308,pca_r96_l01,2.5981012358325137,1.2826902762202943,1.6673996592320113,0.0,0.8592412188728008,0.015009041493718988,0.6537951248180787,False
chirp_9db,test,long_gaps,16308,pca_r64_l001,7.5775875290487535,3.741077409404528,3.9885242391977753,0.0,2.506051517460929,0.5528687441310107,0.5531286943026733,False
chirp_9db,test,long_gaps,16308,pca_r64_l1,1.980185106733807,0.9776232528944605,1.177985583034946,0.0,0.6548846677864433,0.2906987722574681,0.7902206041861425,False
chirp_9db,test,long_gaps,16308,template_1,1.8117023934200092,0.8944428382523146,0.8775525193775973,0.0,0.5991642478312307,0.4599554152536965,0.8274184607449974,False
chirp_9db,test,long_gaps,16308,dictionary_8,2.7335528799245497,1.3495631541430955,1.2424054444274684,0.0,0.9040376394905957,-0.31730507226625093,0.5980936346375192,False
chirp_9db,test,long_gaps,16308,dictionary_24,2.5612912689483194,1.2645170865311643,1.3046846680198207,0.0,0.847067466604788,-0.3763075191343425,0.6379432171398669,False
chirp_9db,test,long_gaps,16308,dictionary_48,3.4361759753979393,1.6964502576869003,1.6679952573240027,0.0,1.136408386494718,-0.6466586033133376,0.40286244923028985,False
chirp_9db,test,long_gaps,16308,local_pca_8,3.2247990612498723,1.592092849031768,1.522296063006282,0.0,1.066502043027714,-0.20992343658005128,0.5085062581071957,False
chirp_9db,test,long_gaps,16308,local_pca_16,3.1663456614025196,1.5632342323765973,1.6194474087743729,0.0,1.0471703981174243,-0.29722861681587803,0.5059879395395049,False
chirp_9db,test,long_gaps,16308,local_pca_32,4.1549330639314235,2.0513027613965527,2.8468489967368398,0.0,1.3741149501602723,-0.06877799515458917,0.4183503794432753,False
chirp_9db,test,long_gaps,16308,local_dictionary_8,1.8424490918545648,0.9096225743472575,0.9434242080163713,0.0,0.6093327625429975,0.4179363013908091,0.8204275356067671,False
chirp_9db,test,long_gaps,16308,local_dictionary_24,1.5307995611653034,0.7557602778784128,0.8457419126730042,0.0,0.5062643682412752,0.6550298473272675,0.8799357064995836,False
chirp_9db,test,long_gaps,16411,zero_fill,3.06451537642185,1.0,1.352541299027687,0.0,1.0134931968682135,,0.30862118372739955,False
chirp_9db,test,long_gaps,16411,linear,3.0743254738421464,1.003201190470694,1.4246710578746282,0.0,1.0167375816321411,-0.0003059407245846853,0.30028424024543793,False
chirp_9db,test,long_gaps,16411,pchip,3.076522411896536,1.0039180862223984,1.4443418528021137,0.0,1.017464150599357,0.0007184919355588869,0.29846806234631656,False
chirp_9db,test,long_gaps,16411,autoregression,3.06570686253484,1.0003888008270925,1.346943957946983,0.0,1.0138872438614082,0.00952667080332854,0.3074902973375521,True
chirp_9db,test,long_gaps,16411,pca_r32_l01,2.610096676028192,0.851715966612561,1.1034586281229337,0.0,0.863208337825865,0.5467761095790474,0.5972815006890198,False
chirp_9db,test,long_gaps,16411,pca_r64_l01,2.5746507432362997,0.840149396229325,1.1854784984588365,0.0,0.8514856974313578,0.6268666241434286,0.6359186433233437,False
chirp_9db,test,long_gaps,16411,pca_r96_l01,2.489508903199174,0.8123662626571456,1.1926996112296628,0.0,0.8233276805682731,0.6481708645835168,0.6658821565581788,False
chirp_9db,test,long_gaps,16411,pca_r64_l001,1.9335746162366505,0.6309560823591971,0.9649425287928962,0.0,0.6394696969936663,0.7773103842098272,0.8009893480405892,False
chirp_9db,test,long_gaps,16411,pca_r64_l1,2.8793908979162968,0.9395909448097775,1.2280349546476759,0.0,0.9522690304036864,0.39661176019388233,0.4593206156740441,False
chirp_9db,test,long_gaps,16411,template_1,2.199861921667777,0.7178498559979006,0.9935426674293169,0.0,0.7275359454266989,0.7287994436072258,0.7558857578087751,False
chirp_9db,test,long_gaps,16411,dictionary_8,2.622761060750966,0.8558485563264887,1.1185720450066798,0.0,0.867396689386378,0.564558902245957,0.6011821802196597,False
chirp_9db,test,long_gaps,16411,dictionary_24,2.6753974322666374,0.8730246396709064,1.1389769792815174,0.0,0.884804533004787,0.5141604862928857,0.5686744798932495,False
chirp_9db,test,long_gaps,16411,dictionary_48,2.6334234039872024,0.8593278481317351,1.101170175572692,0.0,0.8709229279609146,0.5685918643705625,0.5995344353291628,False
chirp_9db,test,long_gaps,16411,local_pca_8,2.392812719260806,0.780812763307023,1.0905080303071322,0.0,0.7913484236395383,0.682806687795961,0.7002930567356804,False
chirp_9db,test,long_gaps,16411,local_pca_16,2.470190072874463,0.8060622217398284,1.1416452421180572,0.0,0.8169385779857934,0.6323728458644219,0.6631360813506809,False
chirp_9db,test,long_gaps,16411,local_pca_32,2.7997279740015975,0.9135956685166253,1.2374526649892357,0.0,0.925922994729867,0.4366362085334759,0.5045063082316088,False
chirp_9db,test,long_gaps,16411,local_dictionary_8,2.3521610454557447,0.7675474770180938,1.0251153395337944,0.0,0.7779041462311993,0.7336714764880916,0.7301681620652097,False
chirp_9db,test,long_gaps,16411,local_dictionary_24,1.9906015867777094,0.6495648878427068,0.8955162324225333,0.0,0.6583295947530474,0.8073294923144759,0.8167391945697748,False
chirp_9db,test,long_gaps,16514,zero_fill,3.431309408897751,1.0,1.5242816447128462,0.0,1.1347989209074363,,0.2762514307927786,False
chirp_9db,test,long_gaps,16514,linear,3.4361746738819963,1.0014179033145858,1.5764510283881557,0.0,1.1364079560587792,-0.0011693613345533655,0.27185562511659317,False
chirp_9db,test,long_gaps,16514,pchip,3.437118989181836,1.0016931088374077,1.5849492939776464,0.0,1.1367202589891054,-0.0004031844091608458,0.2709929864434595,False
chirp_9db,test,long_gaps,16514,autoregression,3.4312729631265846,0.9999893784655293,1.509377918503628,0.0,1.1347868676015807,0.015832845203261586,0.27628706442491624,True
chirp_9db,test,long_gaps,16514,pca_r32_l01,3.5346706787226907,1.0301229814941528,1.4412509579350108,0.0,1.1689824478015156,0.06633851996006311,0.23148671355888348,False
chirp_9db,test,long_gaps,16514,pca_r64_l01,3.3968671690398744,0.989962362540503,1.4214890561651627,0.0,1.123408220749939,0.18742873897496184,0.3198834702906243,False
chirp_9db,test,long_gaps,16514,pca_r96_l01,3.4142410225728517,0.9950256930253392,1.444691804553701,0.0,1.1291540827203288,0.18091426255229082,0.3123187556962432,False
chirp_9db,test,long_gaps,16514,pca_r64_l001,3.344824302174354,0.9747953051103081,1.3614362712359107,0.0,1.1061966603448128,0.39481545738065255,0.4548281598000289,False
chirp_9db,test,long_gaps,16514,pca_r64_l1,3.5445494213228077,1.033001982313636,1.4658694009627404,0.0,1.1722495348247568,-0.10319170036668993,0.18407518550194985,False
chirp_9db,test,long_gaps,16514,template_1,5.039008188550466,1.4685379801319522,2.02431910700534,0.0,1.666495315165325,-0.4560844898874457,-0.30301091698304206,False
chirp_9db,test,long_gaps,16514,dictionary_8,4.07002329268318,1.1861428998880648,1.6629459541702705,0.0,1.346033682834993,-0.5853788150307542,-0.19498418270012302,False
chirp_9db,test,long_gaps,16514,dictionary_24,3.842115856571338,1.1197229391812706,1.5742347140578006,0.0,1.2706603830982088,-0.43339503871581847,-0.04564853150748998,False
chirp_9db,test,long_gaps,16514,dictionary_48,3.8156782707218992,1.1120181295302134,1.5669749164553672,0.0,1.2619169734203919,-0.3581326121041088,-0.013736012646282958,False
chirp_9db,test,long_gaps,16514,local_pca_8,3.553475735980578,1.035603413310976,1.478765132563711,0.0,1.1752016359133532,0.05140009500138388,0.21994939599902574,False
chirp_9db,test,long_gaps,16514,local_pca_16,3.568940851529762,1.0401104727761121,1.501735316957884,0.0,1.1803162421308553,0.02922816526910778,0.20649620672233815,False
chirp_9db,test,long_gaps,16514,local_pca_32,3.6462884033090623,1.062652174080789,1.5611499694396649,0.0,1.2058965404468205,-0.06593690046362362,0.1456169801124089,False
chirp_9db,test,long_gaps,16514,local_dictionary_8,4.438374975444876,1.293493079911621,1.7901680919808438,0.0,1.4678545512849437,-0.6888355045256793,-0.36310576070820355,False
chirp_9db,test,long_gaps,16514,local_dictionary_24,3.5355635237714633,1.0303831868392195,1.4583035924745036,0.0,1.1692777285463114,-0.005202750030577772,0.2076949442229614,False
chirp_9db,test,long_gaps,16616,zero_fill,2.113068061624019,1.0,1.0060192289079324,0.0,0.6988315743013077,,0.42763490914123164,False
chirp_9db,test,long_gaps,16616,linear,2.1243561669073006,1.0053420452886908,1.0626059509605352,0.0,0.7025647642203923,0.000209895857403573,0.4185572195216159,False
chirp_9db,test,long_gaps,16616,pchip,2.127437038289479,1.0068000538773072,1.0833313169481646,0.0,0.70358366665772,0.0010642382071515244,0.4161356088647768,False
chirp_9db,test,long_gaps,16616,autoregression,2.094255075442069,0.9910968385147562,0.982805868746438,0.0,0.6926097639443158,0.16453085028137265,0.4444109341624858,True
chirp_9db,test,long_gaps,16616,pca_r32_l01,2.250201356847064,1.0648977180212784,1.006191048838083,0.0,0.7441841487546801,0.025992538146957466,0.34403478955532074,False
chirp_9db,test,long_gaps,16616,pca_r64_l01,2.1570201721522113,1.0208001395347448,0.98112180768812,0.0,0.7133673685580604,0.08330846279757824,0.40036606426749444,False
chirp_9db,test,long_gaps,16616,pca_r96_l01,2.1570827855574812,1.02082977104847,1.0140116827727368,0.0,0.7133880759954457,0.07076813336251771,0.3986375549724416,False
chirp_9db,test,long_gaps,16616,pca_r64_l001,2.766535411090324,1.3092504975746386,1.260294321318714,0.0,0.9149455863748551,0.059864607331079234,0.24582829603026873,False
chirp_9db,test,long_gaps,16616,pca_r64_l1,2.2076034406549256,1.04473844489337,0.9961821384233842,0.0,0.7300962121779339,-0.06515994836279532,0.35301116431994634,False
chirp_9db,test,long_gaps,16616,template_1,3.9552985755510055,1.8718273430866785,1.7014620222182728,0.0,1.3080920489894976,-0.3172347978069339,-0.12271445807419253,False
chirp_9db,test,long_gaps,16616,dictionary_8,2.0648580310953037,0.9771848188876306,0.9033280373060785,0.0,0.6828876053665811,0.2878533281620257,0.4852907776563077,False
chirp_9db,test,long_gaps,16616,dictionary_24,1.9720018958159107,0.9332410685817235,0.8836594857422011,0.0,0.6521783251596005,0.3590771701123162,0.5369570549003639,False
chirp_9db,test,long_gaps,16616,dictionary_48,1.9568517423263065,0.9260713262697033,0.8830886463939375,0.0,0.6471678828523568,0.3796146719978735,0.5474650582077693,False
chirp_9db,test,long_gaps,16616,local_pca_8,2.1681925230390506,1.0260874045735495,0.9594132664257761,0.0,0.7170622763088765,0.08116575073888886,0.39408002819531707,False
chirp_9db,test,long_gaps,16616,local_pca_16,2.1945289117935602,1.038550982644134,0.9797275836494028,0.0,0.7257722181933702,0.04476405757418487,0.37435045883475326,False
chirp_9db,test,long_gaps,16616,local_pca_32,1.964399430043404,0.9296432356909724,0.9136037247150176,0.0,0.6496640459364839,0.39966132617404665,0.5458356941675622,False
chirp_9db,test,long_gaps,16616,local_dictionary_8,1.9510410450473754,0.923321439796825,0.8703432102804131,0.0,0.6452461753593653,0.39570449488698856,0.5543351650475709,False
chirp_9db,test,long_gaps,16616,local_dictionary_24,2.2932450279132097,1.085267942647675,1.0634905777627928,0.0,0.7584195048992161,0.0316007252179925,0.3282762695790853,False
chirp_9db,test,long_gaps,16719,zero_fill,2.4158722776555956,1.0,1.1324143389741352,0.0,0.7989746557464864,,0.7829120917772041,False
chirp_9db,test,long_gaps,16719,linear,2.423968330726543,1.0033511925054266,1.187938389701559,0.0,0.8016521736248498,0.0009456815968715952,0.781347358754933,False
chirp_9db,test,long_gaps,16719,pchip,2.4265521532481658,1.0044207120100463,1.2032785274251203,0.0,0.8025066926028676,0.0017050657421594096,0.7808360841465523,False
chirp_9db,test,long_gaps,16719,autoregression,2.415376002769495,0.9997945773496841,1.1256668491246293,0.0,0.7988105282551677,0.03263307671655469,0.7830136531179794,True
chirp_9db,test,long_gaps,16719,pca_r32_l01,26.18102096982174,10.83708820700913,11.16213498314382,0.0,8.658558819489427,-0.009477496964979166,0.08492296148302385,False
chirp_9db,test,long_gaps,16719,pca_r64_l01,6.137742793165494,2.540590762985892,3.4251216883233044,0.0,2.029867630249356,0.03556992227091186,0.38656081819836796,False
chirp_9db,test,long_gaps,16719,pca_r96_l01,2.7158802487242593,1.1241820496238306,1.6938114315129476,0.0,0.8981929660945795,0.37498092326983967,0.7564751589234695,False
chirp_9db,test,long_gaps,16719,pca_r64_l001,11.784030609709378,4.877753976772649,6.36056235020161,0.0,3.897201804407981,0.030946790547179765,0.21698217395098712,False
chirp_9db,test,long_gaps,16719,pca_r64_l1,2.951962330618983,1.2219033091780904,1.6316579269941862,0.0,0.9762697758060572,0.0784474646777007,0.690110455068379,False
chirp_9db,test,long_gaps,16719,template_1,2.5454166568592136,1.0536221970017927,1.2233011017907063,0.0,0.8418174321363638,-0.28456193206389635,0.7559090842467916,False
chirp_9db,test,long_gaps,16719,dictionary_8,2.383534182328275,0.9866143191316795,1.1588515204496483,0.0,0.7882798359827876,0.3220672996543698,0.7929580982159347,False
chirp_9db,test,long_gaps,16719,dictionary_24,2.288764253629506,0.9473862814678938,1.033303688037132,0.0,0.7569376280947544,0.3560254698745926,0.8086712493679359,False
chirp_9db,test,long_gaps,16719,dictionary_48,3.3146565055231325,1.3720330069517304,1.2554830854491592,0.0,1.0962195994020751,-0.4043669268507772,0.5917440233658805,False
chirp_9db,test,long_gaps,16719,local_pca_8,1.7971610130161026,0.7438973614781071,0.8670907991803115,0.0,0.5943551382976902,0.6862559163394082,0.8872606131365403,False
chirp_9db,test,long_gaps,16719,local_pca_16,2.1664758491215808,0.8967675440292591,1.2256347145343085,0.0,0.7164945397753992,0.4545660821002592,0.8303194280010444,False
chirp_9db,test,long_gaps,16719,local_pca_32,2.511914045847667,1.0397544891260857,1.6420350985114094,0.0,0.8307374850103783,0.28066272251149443,0.7717361194408925,False
chirp_9db,test,long_gaps,16719,local_dictionary_8,1.928207250822143,0.7981412215604828,1.034820458423715,0.0,0.6376946077333668,0.6077439391346774,0.8682217928247117,False
chirp_9db,test,long_gaps,16719,local_dictionary_24,1.9851065023195344,0.8216934813482426,1.0884931769193424,0.0,0.656512266389344,0.5720465396224618,0.8595685399202255,False
chirp_9db,test,long_gaps,16822,zero_fill,2.1166726843703665,1.0,1.1001872011310498,0.0,0.7000236912209379,,0.4218545012696755,False
chirp_9db,test,long_gaps,16822,linear,2.1352031994890446,1.008754549182549,1.1857204503908145,0.0,0.706152083054681,0.00035895207160648084,0.4070079833213951,False
chirp_9db,test,long_gaps,16822,pchip,2.1363235459314165,1.0092838452095845,1.1944035680686602,0.0,0.7065226028132752,0.0012827625738232847,0.406145688166286,False
chirp_9db,test,long_gaps,16822,autoregression,2.102440551467239,0.9932761767994559,1.08639034643281,0.0,0.695316855684976,0.1349033563647415,0.4347928840996071,True
chirp_9db,test,long_gaps,16822,pca_r32_l01,2.4250602828310543,1.1456945141957184,1.1709888667295438,0.0,0.8020133028388662,-0.2293378345831887,0.1980906050895092,False
chirp_9db,test,long_gaps,16822,pca_r64_l01,2.3146668765684213,1.0935402973072101,1.1356364905379333,0.0,0.7655041154198352,-0.11312721076139856,0.2784936421845445,False
chirp_9db,test,long_gaps,16822,pca_r96_l01,2.346309052395829,1.1084893142530308,1.1453857555640508,0.0,0.7759687814423728,-0.1288264653424637,0.25921475320957327,False
chirp_9db,test,long_gaps,16822,pca_r64_l001,2.5037473399180725,1.1828693961073375,1.215187274954306,0.0,0.8280366008953401,-0.0880339712072342,0.21167962872579069,False
chirp_9db,test,long_gaps,16822,pca_r64_l1,2.251499001792928,1.0636972917060472,1.1003152891751478,0.0,0.744613304481782,-0.11577866630304952,0.31476810593265864,False
chirp_9db,test,long_gaps,16822,template_1,4.632640456470494,2.188642812220415,2.024444063116175,0.0,1.532101820174709,-0.2469929570024921,-0.10560637860573827,False
chirp_9db,test,long_gaps,16822,dictionary_8,3.1249198002447764,1.4763358658706964,1.4110308755063679,0.0,1.0334700823086644,-0.14929788145580133,0.06466447432548436,False
chirp_9db,test,long_gaps,16822,dictionary_24,2.8429631516483025,1.343128379102214,1.3024998059570787,0.0,0.940221685722727,-0.15886814281469921,0.09967191684637174,False
chirp_9db,test,long_gaps,16822,dictionary_48,2.7009993122320273,1.2760590393481064,1.250274013624134,0.0,0.8932715589403055,-0.08629373906845321,0.16564301239126603,False
chirp_9db,test,long_gaps,16822,local_pca_8,2.412073779344202,1.1395591756605044,1.1649891032362252,0.0,0.7977184205105557,-0.21467340573977753,0.20782942707003532,False
chirp_9db,test,long_gaps,16822,local_pca_16,2.394520970971419,1.1312665338635965,1.1519450548532337,0.0,0.791913374789911,-0.1981963549267089,0.22022946137303484,False
chirp_9db,test,long_gaps,16822,local_pca_32,2.436822730970708,1.1512515605102045,1.1823987830072278,0.0,0.8059033669122183,-0.22527502276555722,0.19329342322731713,False
chirp_9db,test,long_gaps,16822,local_dictionary_8,2.767003094702456,1.3072418400512118,1.28108706271747,0.0,0.9151002581911004,-0.09437003910488365,0.1491244467849852,False
chirp_9db,test,long_gaps,16822,local_dictionary_24,2.7921237638500007,1.319109838978508,1.279701149705258,0.0,0.9234081386075923,0.015199064148619303,0.21023824223520557,False
chirp_9db,test,long_gaps,16925,zero_fill,3.816179757026761,1.0,1.772974611209218,0.0,1.262082824426463,,0.2549049606741554,False
chirp_9db,test,long_gaps,16925,linear,3.8220614925032845,1.0015412626896554,1.8300874784998575,0.0,1.2640280255950063,0.00045082008864278446,0.24963565184528055,False
chirp_9db,test,long_gaps,16925,pchip,3.8246434133274025,1.0022178348085038,1.8529832321600246,0.0,1.2648819156456907,0.0009704556629480975,0.24739648442637371,False
chirp_9db,test,long_gaps,16925,autoregression,3.8093532675854034,0.9982111719373837,1.7423526057261862,0.0,1.2598251752527831,0.0647941623410763,0.2613985628161811,True
chirp_9db,test,long_gaps,16925,pca_r32_l01,4.167761114608193,1.0921291396019965,1.7987071128697203,0.0,1.3783574291473306,-0.3850825055000895,-0.020698927765182198,False
chirp_9db,test,long_gaps,16925,pca_r64_l01,3.613352359384612,0.9468506698960706,1.6189464007232492,0.0,1.1950039677725213,0.3801440858777098,0.41676723679178307,False
chirp_9db,test,long_gaps,16925,pca_r96_l01,3.5789074294391594,0.9378246459300796,1.6089773719816536,0.0,1.1836123779521825,0.42350634455897457,0.4418578936992831,False
chirp_9db,test,long_gaps,16925,pca_r64_l001,2.75674321894473,0.7223829574245599,1.2834584754681673,0.0,0.9117071232239299,0.7276212245511872,0.7413704639769018,False
chirp_9db,test,long_gaps,16925,pca_r64_l1,4.013237612260798,1.0516374667286552,1.7526379019505796,0.0,1.3272535842815913,-0.31060865923113784,0.0851110065339753,False
chirp_9db,test,long_gaps,16925,template_1,7.704318238687468,2.018856219888869,3.2439268911390284,0.0,2.5479637601082756,-0.7513256743123146,-0.6516496588952819,False
chirp_9db,test,long_gaps,16925,dictionary_8,3.9951998216292504,1.0469108050460303,1.7209246365680975,0.0,1.321288145755076,-0.15611678292717562,0.11800466800422618,False
chirp_9db,test,long_gaps,16925,dictionary_24,4.266325918950139,1.1179572741809451,1.8062831582501473,0.0,1.410954674186397,-0.5928792365267843,-0.11673540337749255,False
chirp_9db,test,long_gaps,16925,dictionary_48,4.054704386009265,1.0625035098368485,1.7311741331500652,0.0,1.3409674306579198,-0.3672845772051987,0.050569398920759435,False
chirp_9db,test,long_gaps,16925,local_pca_8,3.8400378454986073,1.0062518251211612,1.7169758760769225,0.0,1.2699731455331982,0.04790846222050089,0.23943514282682016,False
chirp_9db,test,long_gaps,16925,local_pca_16,3.821708114983582,1.0014486628798451,1.7169594097507337,0.0,1.2639111569654995,0.07065424590554226,0.2534859883918793,False
chirp_9db,test,long_gaps,16925,local_pca_32,3.762814994515856,0.9860161821746882,1.700794818690807,0.0,1.2444340881292282,0.1669181094604741,0.30161682117046795,False
chirp_9db,test,long_gaps,16925,local_dictionary_8,4.609060792810349,1.2077682620488857,2.045065403760008,0.0,1.5243035794192978,-0.2973878788392237,-0.11641548524496013,False
chirp_9db,test,long_gaps,16925,local_dictionary_24,4.458625938437537,1.1683479873367693,1.9508658123656502,0.0,1.474551927770963,-0.3857846876075731,-0.1329349945499582,False
chirp_9db,test,long_gaps,17028,zero_fill,2.8906729368562107,1.0,1.3886820600917453,0.0,0.9560002140682814,,0.32033448486887856,False
chirp_9db,test,long_gaps,17028,linear,2.8982864475337013,1.002633819475188,1.4474183773492235,0.0,0.9585181460503782,-0.0008767745959754262,0.31351764148858335,False
chirp_9db,test,long_gaps,17028,pchip,2.8999247560350785,1.0032005762606024,1.4582689731328922,0.0,0.959059965658559,-4.57772075523703e-05,0.3120415110163351,False
chirp_9db,test,long_gaps,17028,autoregression,2.8892673630027343,0.9995137554873278,1.3669846762345497,0.0,0.955535364210077,0.030848678682761744,0.32168702469973887,True
chirp_9db,test,long_gaps,17028,pca_r32_l01,2.5014346488588655,0.8653468252895236,1.1763249338416277,0.0,0.8272717502200923,0.6091346927301118,0.6070431368138967,False
chirp_9db,test,long_gaps,17028,pca_r64_l01,2.576385237550935,0.8912752476082322,1.1693201452463649,0.0,0.8520593275072302,0.556799753751999,0.5633682591280041,False
chirp_9db,test,long_gaps,17028,pca_r96_l01,2.677661987590731,0.9263109476864088,1.2805072569494815,0.0,0.8855534642819992,0.4124122550805251,0.48853438684202977,False
chirp_9db,test,long_gaps,17028,pca_r64_l001,2.4047078830712874,0.8318851477146214,1.0600587806965236,0.0,0.795282379295402,0.5669764130156084,0.621884469279812,False
chirp_9db,test,long_gaps,17028,pca_r64_l1,2.7310225777545676,0.9447705214014032,1.2707565674280359,0.0,0.9032008207051432,0.3896703920406681,0.4557413881542829,False
chirp_9db,test,long_gaps,17028,template_1,2.7372180341460486,0.9469137788804797,1.2682617287289,0.0,0.9052497753139437,0.45225041194394433,0.5210697785540092,False
chirp_9db,test,long_gaps,17028,dictionary_8,2.873055368414521,0.9939053746907632,1.2659111653277797,0.0,0.950173750967985,0.322229145187002,0.42095094740720407,False
chirp_9db,test,long_gaps,17028,dictionary_24,2.573582784952676,0.8903057665706068,1.1408241679862992,0.0,0.8511325034277254,0.45534329768672654,0.5373164243796289,False
chirp_9db,test,long_gaps,17028,dictionary_48,2.6945819478104593,0.9321642422615224,1.2067103007978002,0.0,0.8911492151488126,0.3619652358328059,0.4692902692185592,False
chirp_9db,test,long_gaps,17028,local_pca_8,2.9611804848220427,1.0243913958811657,1.319242799703978,0.0,0.9793183937521,-0.0620468526131572,0.26046107011955094,False
chirp_9db,test,long_gaps,17028,local_pca_16,2.954522785972786,1.022088230149626,1.3189587754121888,0.0,0.9771165668197132,-0.05115196235087093,0.26611033099273357,False
chirp_9db,test,long_gaps,17028,local_pca_32,2.819178326903839,0.9752671396888897,1.2964056575530236,0.0,0.932355594316339,0.23591083695233367,0.38404921651964313,False
chirp_9db,test,long_gaps,17028,local_dictionary_8,2.828585082181788,0.9785213145759938,1.2715649185659406,0.0,0.935466586205026,0.2267955291769069,0.38024105415170284,False
chirp_9db,test,long_gaps,17028,local_dictionary_24,3.318560128675107,1.148023384577105,1.4782408083229728,0.0,1.0975106014111053,-0.1292151454568817,0.09492883023672902,False
chirp_9db,test,long_gaps,17131,zero_fill,1.951585275839869,1.0,1.0245314701262005,0.0,0.6454261627759604,,0.7603040118843009,False
chirp_9db,test,long_gaps,17131,linear,2.0297583936450985,1.0400562141828968,1.2531185818945596,0.0,0.6712794913913596,-0.01509384707727848,0.7392951649707622,False
chirp_9db,test,long_gaps,17131,pchip,2.0204560288119886,1.0352896457176235,1.2514376027903995,0.0,0.6682030233972095,-0.014977269835469516,0.7418198487083782,False
chirp_9db,test,long_gaps,17131,autoregression,1.9477242646211745,0.9980216026086624,1.0075488498197473,0.0,0.6441492533392235,0.08400215495679629,0.7613977606922835,True
chirp_9db,test,long_gaps,17131,pca_r32_l01,5.163483381727617,2.6457892697030623,2.5989490154800348,0.0,1.7076616158582585,-0.3179849209201431,0.18191883947790888,False
chirp_9db,test,long_gaps,17131,pca_r64_l01,2.8256924711095546,1.4478959777422544,1.6650285149323756,0.0,0.9345099450129308,0.10255338094287325,0.588103196677549,False
chirp_9db,test,long_gaps,17131,pca_r96_l01,2.150224225668554,1.1017833820985354,1.2843456389337184,0.0,0.7111198205181778,0.11893214357833444,0.7125109545483663,False
chirp_9db,test,long_gaps,17131,pca_r64_l001,7.526197575570497,3.8564533503828478,3.638329128772792,0.0,2.489055887862098,0.03429147495008968,0.24736001442375974,False
chirp_9db,test,long_gaps,17131,pca_r64_l1,1.688040604581071,0.8649586699995053,0.9490296544650159,0.0,0.5582669553375791,0.521135731295898,0.8277179379634633,False
chirp_9db,test,long_gaps,17131,template_1,3.5528948000175657,1.8205173219953557,1.95297035988574,0.0,1.17500950940263,-0.5278016246473337,0.3255326133542361,False
chirp_9db,test,long_gaps,17131,dictionary_8,2.705823967796878,1.3864748834162117,1.57038935948667,0.0,0.8948671637885727,-0.4172792734581039,0.5411302769975873,False
chirp_9db,test,long_gaps,17131,dictionary_24,2.376842626981235,1.2179035455974914,1.3621447610340625,0.0,0.786066812066226,-0.25561071893021403,0.6388257113913612,False
chirp_9db,test,long_gaps,17131,dictionary_48,2.0006406613616994,1.0251361732070454,1.1738906199783283,0.0,0.6616497065958558,0.09723149937961303,0.7473904162426382,False
chirp_9db,test,long_gaps,17131,local_pca_8,2.0135762622292934,1.0317644261600336,1.140546366499079,0.0,0.6659277544652114,0.1987836067963057,0.7470795337214818,False
chirp_9db,test,long_gaps,17131,local_pca_16,2.397253326587516,1.2283620686551107,1.47547904583921,0.0,0.7928170164716091,0.06116102559543067,0.6554050300371087,False
chirp_9db,test,long_gaps,17131,local_pca_32,1.917793153043645,0.98268478287136,1.1811719513326915,0.0,0.6342504686269899,0.2593532487500299,0.7708961261672868,False
chirp_9db,test,long_gaps,17131,local_dictionary_8,2.7800194723756175,1.4244929528786436,1.3688174035533769,0.0,0.9194050204778601,-0.6011050516488207,0.5087951286007588,False
chirp_9db,test,long_gaps,17131,local_dictionary_24,2.31874625868132,1.1881347371220774,1.3373864409935445,0.0,0.766853244241527,-0.05518836839490507,0.6631198218688534,False
chirp_9db,test,long_gaps,17233,zero_fill,2.5430170970999417,1.0,1.2251362216786528,0.0,0.84102385233898,,0.3608538761425714,False
chirp_9db,test,long_gaps,17233,linear,2.555061798277739,1.004736382304127,1.3118308584703013,0.0,0.8450072628305474,0.0017094528169563992,0.3508562804966791,False
chirp_9db,test,long_gaps,17233,pchip,2.5569284478192995,1.005470411793622,1.3262622326719942,0.0,0.8456245991395325,0.002114861722446462,0.3493345612655936,False
chirp_9db,test,long_gaps,17233,autoregression,2.550924968901654,1.0031096416185052,1.2194837270637613,0.0,0.843639135112369,-0.036930934369278294,0.3534135109051992,True
chirp_9db,test,long_gaps,17233,pca_r32_l01,2.321122921598316,0.9127437343010103,1.1045629401283847,0.0,0.7676392516201023,0.4407238903874182,0.532321254207312,False
chirp_9db,test,long_gaps,17233,pca_r64_l01,2.3718182461497106,0.932678843903383,1.1161694150632426,0.0,0.7844051542946894,0.4175348812186728,0.5019331392892967,False
chirp_9db,test,long_gaps,17233,pca_r96_l01,2.404021440203603,0.9453422247711786,1.1456336494305217,0.0,0.7950553596557586,0.35951356126457,0.47660987804652927,False
chirp_9db,test,long_gaps,17233,pca_r64_l001,1.8713733698500568,0.7358870579298,0.9468907892367492,0.0,0.6188985683465186,0.7034018575386835,0.7410171108723327,False
chirp_9db,test,long_gaps,17233,pca_r64_l1,2.570894305690179,1.0109622576356363,1.1920569438150235,0.0,0.8502433724860352,0.04883713929512201,0.34018431940521343,False
chirp_9db,test,long_gaps,17233,template_1,2.9313571154166493,1.1527083788620889,1.3717864376597557,0.0,0.9694552414140145,0.17670397085776876,0.3084956805813516,False
chirp_9db,test,long_gaps,17233,dictionary_8,2.615235044136036,1.0283985298873735,1.2285504957245708,0.0,0.8649076933456225,0.22003646338021587,0.3761890929217728,False
chirp_9db,test,long_gaps,17233,dictionary_24,2.5546334952898113,1.0045679591392118,1.19715779051854,0.0,0.8448656149315669,0.14389711256149554,0.3642862292140478,False
chirp_9db,test,long_gaps,17233,dictionary_48,2.610170376330557,1.0264069318712787,1.2157978622877768,0.0,0.8632327119098159,0.08768205836418302,0.3263773442772684,False
chirp_9db,test,long_gaps,17233,local_pca_8,2.382156244596882,0.9367440931928828,1.1131498824626456,0.0,0.7878241259128628,0.3899536678269002,0.4929028872332656,False
chirp_9db,test,long_gaps,17233,local_pca_16,2.385495735368009,0.9380572934757024,1.1262069588116685,0.0,0.7889285586736124,0.38186080045209253,0.4900442092121486,False
chirp_9db,test,long_gaps,17233,local_pca_32,2.502747646033303,0.9841646951125252,1.2027652973465968,0.0,0.8277059832195537,0.17974686010861185,0.3971537120338869,False
chirp_9db,test,long_gaps,17233,local_dictionary_8,2.4607249445570747,0.967639953094805,1.1267997916809935,0.0,0.8138082810289027,0.269511853842289,0.43507763845431924,False
chirp_9db,test,long_gaps,17233,local_dictionary_24,2.653854436054377,1.0435849759251852,1.1818457906891189,0.0,0.877679856695681,0.054978356638292245,0.2996348325327211,False
chirp_9db,test,long_gaps,17336,zero_fill,1.9818537902903002,1.0,0.9836392720724566,0.0,0.6554365329998612,,0.45407603123561985,False
chirp_9db,test,long_gaps,17336,linear,2.0132181767057435,1.0158257821889318,1.0743089504274206,0.0,0.6658093288097857,-0.0015839487134956757,0.4302963217299126,False
chirp_9db,test,long_gaps,17336,pchip,2.0139858755685895,1.0162131462147783,1.0798393460675675,0.0,0.6660632213438954,-0.0015182512600669064,0.42979727579151367,False
chirp_9db,test,long_gaps,17336,autoregression,1.9875999778838027,1.0028994003602358,0.9781842566404413,0.0,0.6573369059197527,-0.009530235346013412,0.4490526841833519,True
chirp_9db,test,long_gaps,17336,pca_r32_l01,2.2263367916979355,1.1233607658675082,0.9540553492175545,0.0,0.7362916856882685,-0.05276473523064437,0.30503943875823736,False
chirp_9db,test,long_gaps,17336,pca_r64_l01,1.7953266606011409,0.9058824971836914,0.842507163021428,0.0,0.5937484832593352,0.43769154786307835,0.5927870007813614,False
chirp_9db,test,long_gaps,17336,pca_r96_l01,1.7487598906030697,0.8823859253244474,0.8703098911629354,0.0,0.5783479716625303,0.4908505834097038,0.6220218222733273,False
chirp_9db,test,long_gaps,17336,pca_r64_l001,1.4814976959553194,0.7475312776419853,0.7787651748339598,0.0,0.4899593089266196,0.7116458049784407,0.7726479845819246,False
chirp_9db,test,long_gaps,17336,pca_r64_l1,2.176416100626051,1.0981718789191062,0.9803062406336667,0.0,0.7197819689566823,-0.26399612592890126,0.2969966265567792,False
chirp_9db,test,long_gaps,17336,template_1,3.925584191281394,1.9807637730462335,1.660946977496975,0.0,1.2982649400971473,-0.2547472282753869,-0.06596698624924065,False
chirp_9db,test,long_gaps,17336,dictionary_8,2.4596606871952367,1.2410908913895953,1.0341863878944564,0.0,0.8134563109901037,-0.25854340702625206,0.15313618926200018,False
chirp_9db,test,long_gaps,17336,dictionary_24,2.1963373001212965,1.1082236797092782,0.9424966595025862,0.0,0.726370286416998,-0.16315148915889413,0.2963394927700443,False
chirp_9db,test,long_gaps,17336,dictionary_48,2.263165654966539,1.1419438033494047,0.97134624381072,0.0,0.7484716873480092,-0.2627459774189747,0.24306588925994946,False
chirp_9db,test,long_gaps,17336,local_pca_8,1.6426524958259863,0.8288464587417279,0.7396489848460205,0.0,0.5432562493068906,0.6448723533578705,0.6914577311420382,False
chirp_9db,test,long_gaps,17336,local_pca_16,1.6128503103641714,0.8138089289260448,0.7477236805233467,0.0,0.5334001028996173,0.6637756085386372,0.7068721912121088,False
chirp_9db,test,long_gaps,17336,local_pca_32,2.0034390510930398,1.0108914496662127,0.9256206215928422,0.0,0.6625751870084261,0.08547064696794826,0.43990043290596864,False
chirp_9db,test,long_gaps,17336,local_dictionary_8,1.6613364121282046,0.8382739535416756,0.7307881503094267,0.0,0.5494353738134425,0.5750283925189078,0.6723295546487662,False
chirp_9db,test,long_gaps,17336,local_dictionary_24,1.9243984735978987,0.9710093060477557,0.8680842217089874,0.0,0.6364349730665422,0.2953873657050073,0.5123968942395336,False
chirp_9db,test,long_gaps,17439,zero_fill,2.9582582830625923,1.0,1.2658218355154536,0.0,0.9783519663600672,,0.33321533898197675,False
chirp_9db,test,long_gaps,17439,linear,2.9693555120710506,1.0037512711692536,1.3443842684736307,0.0,0.9820220298848564,0.0016170694425664872,0.3236560750194915,False
chirp_9db,test,long_gaps,17439,pchip,2.9731844144590394,1.0050455808682786,1.367955667417299,0.0,0.9832883203239764,0.0021025653349008282,0.3205558355737354,False
chirp_9db,test,long_gaps,17439,autoregression,2.9576528371647988,0.9997953370396155,1.2600318647059159,0.0,0.978151733950334,0.027267446028274283,0.3337598168656326,True
chirp_9db,test,long_gaps,17439,pca_r32_l01,2.612692909949208,0.8831862061903427,1.0731441778868611,0.0,0.8640669614884096,0.6177193535420777,0.5878390185121685,False
chirp_9db,test,long_gaps,17439,pca_r64_l01,2.6316463106539083,0.8895931520656294,1.1439824352961356,0.0,0.8703352095838589,0.5472130575654639,0.5681616365810841,False
chirp_9db,test,long_gaps,17439,pca_r96_l01,2.6299383832089744,0.8890158098319534,1.2572666556275613,0.0,0.8697703656742793,0.5040105224152521,0.5599140512800173,False
chirp_9db,test,long_gaps,17439,pca_r64_l001,2.6488268290083985,0.8954007985625079,1.2296081606971292,0.0,0.8760171319540041,0.44534953098660757,0.5360520685799687,False
chirp_9db,test,long_gaps,17439,pca_r64_l1,2.7710522927956274,0.9367174964610743,1.1473087211867994,0.0,0.9164394045865715,0.41875267366101926,0.4800100406954129,False
chirp_9db,test,long_gaps,17439,template_1,5.2421007477184745,1.7720226721689396,2.052225351337119,0.0,1.7336618657511031,-0.2854180998338888,-0.16437983986201543,False
chirp_9db,test,long_gaps,17439,dictionary_8,3.7322957573589064,1.26165310809,1.4235208069005207,0.0,1.234340799164142,-0.6718954923800632,-0.20840014275352575,False
chirp_9db,test,long_gaps,17439,dictionary_24,3.2624883111188367,1.1028409283253269,1.235060040878673,0.0,1.0789665908094455,-0.36175194624513773,0.09571967272940042,False
chirp_9db,test,long_gaps,17439,dictionary_48,3.204245989189123,1.0831528834162063,1.2191436843514885,0.0,1.0597047533588222,-0.33329581165762656,0.13537908540537072,False
chirp_9db,test,long_gaps,17439,local_pca_8,2.749780778859522,0.9295269431351884,1.1241357961922693,0.0,0.9094045126009739,0.44007726174102085,0.4942973013062358,False
chirp_9db,test,long_gaps,17439,local_pca_16,2.7027313571523734,0.9136225097811,1.11576159637026,0.0,0.893844378955159,0.5108878268983084,0.5280427650118001,False
chirp_9db,test,long_gaps,17439,local_pca_32,2.7089837095791305,0.9157360346421829,1.1460092669977957,0.0,0.8959121501589502,0.4983460314230169,0.5232238921563428,False
chirp_9db,test,long_gaps,17439,local_dictionary_8,2.9693183023878658,1.0037386929290784,1.2143109456363386,0.0,0.9820097239388474,0.0938142344679279,0.3293594951138792,False
chirp_9db,test,long_gaps,17439,local_dictionary_24,2.3386396248954386,0.7905461258353406,0.998552046028336,0.0,0.7734323567093386,0.7320441199348042,0.7150013455380452,False
chirp_9db,test,long_gaps,17542,zero_fill,2.102237937322719,1.0,1.0512496955174764,0.0,0.6952498473551632,,0.42449699266247726,False
chirp_9db,test,long_gaps,17542,linear,2.1190118623196006,1.0079790801502915,1.1219427808024274,0.0,0.7007973016116877,-0.0024290472735952967,0.411108229718211,False
chirp_9db,test,long_gaps,17542,pchip,2.121207003338188,1.0090232726175739,1.1350688143021217,0.0,0.7015232762651753,-0.002999437886060172,0.4094286418578213,False
chirp_9db,test,long_gaps,17542,autoregression,2.1023044156381596,1.0000316226409296,1.044234285306493,0.0,0.6952718329914424,0.016020008550121638,0.42441724458527436,True
chirp_9db,test,long_gaps,17542,pca_r32_l01,2.0111081764413616,0.956651072048764,0.9581444032981977,0.0,0.6651115118140563,0.3173996622094412,0.5059358854870144,False
chirp_9db,test,long_gaps,17542,pca_r64_l01,2.188044027978864,1.0408165456120644,1.0204043275468415,0.0,0.723627544461516,0.0874405348889262,0.37732927415540773,False
chirp_9db,test,long_gaps,17542,pca_r96_l01,2.2783467564583035,1.0837720678563463,1.1217505483251577,0.0,0.7534923647449142,0.02445217049801223,0.3238722261353657,False
chirp_9db,test,long_gaps,17542,pca_r64_l001,3.514600350516924,1.6718375632555194,1.6953023373882803,0.0,1.1623448106560277,-0.06836140185297303,0.08871925070444422,False
chirp_9db,test,long_gaps,17542,pca_r64_l1,1.899619583465375,0.9036177826210356,0.9103471057744403,0.0,0.628240125434686,0.5239737349602155,0.5867562972180029,False
chirp_9db,test,long_gaps,17542,template_1,2.4921574840035405,1.185478313257632,1.109125822488442,0.0,0.8242036163352249,0.4158919139204226,0.5070248870352208,False
chirp_9db,test,long_gaps,17542,dictionary_8,1.4800204148126532,0.7040213614913239,0.7279628110974592,0.0,0.48947074411161706,0.7125532152134737,0.7717224461542366,False
chirp_9db,test,long_gaps,17542,dictionary_24,1.5656460634268574,0.7447520737927353,0.737812472875215,0.0,0.5177887656218404,0.7100925919596003,0.7545770540036726,False
chirp_9db,test,long_gaps,17542,dictionary_48,1.6219026412742512,0.7715124023210268,0.7486702202370065,0.0,0.536393879946309,0.6498899787789313,0.721105298972963,False
chirp_9db,test,long_gaps,17542,local_pca_8,2.5782335263407883,1.2264232704430535,1.1328055863660615,0.0,0.8526705915683529,-0.24356523680531986,0.12642592357604182,False
chirp_9db,test,long_gaps,17542,local_pca_16,2.4942423826756035,1.1864700652544198,1.1050091071900299,0.0,0.8248931317596058,-0.1531382983622574,0.187957083171302,False
chirp_9db,test,long_gaps,17542,local_pca_32,2.325610341933001,1.106254577868933,1.0833410843480709,0.0,0.7691233263993262,-0.1873637161210442,0.254274066712397,False
chirp_9db,test,long_gaps,17542,local_dictionary_8,2.064687306122461,0.9821377825347019,0.9619642975073349,0.0,0.6828311433889898,0.4214471236065019,0.5440675212694139,False
chirp_9db,test,long_gaps,17542,local_dictionary_24,1.7514431004665054,0.8331326675119543,0.8729785930756627,0.0,0.579235359914286,0.6268120380178752,0.6983645287226322,False
chirp_9db,test,long_gaps,17645,zero_fill,2.229934743374239,1.0,1.068224032009614,0.0,0.7374815963588593,,0.406764596610298,False
chirp_9db,test,long_gaps,17645,linear,2.243060564536052,1.005886190706169,1.1411028537768875,0.0,0.7418225536773175,-7.283096266181182e-05,0.39535893082843143,False
chirp_9db,test,long_gaps,17645,pchip,2.2482302510134367,1.0082045036042238,1.1671894306551285,0.0,0.7435322667742342,0.0007284075341655123,0.39109259985860634,False
chirp_9db,test,long_gaps,17645,autoregression,2.2236412109797103,0.9971777055749148,1.0483978759055652,0.0,0.7354002061608528,0.07606094173850125,0.4124993153301163,True
chirp_9db,test,long_gaps,17645,pca_r32_l01,2.6829112153951176,1.2031344071241539,1.1247427051716798,0.0,0.8872894832001909,-0.5497500249729325,0.04106342856397304,False
chirp_9db,test,long_gaps,17645,pca_r64_l01,2.6680240820639503,1.1964583672196674,1.1406312987197447,0.0,0.8823660266340746,-0.6139180583578336,0.04016938605448788,False
chirp_9db,test,long_gaps,17645,pca_r96_l01,2.5862940543245827,1.1598070580357505,1.1074049391214864,0.0,0.8553363606284775,-0.4818022888584882,0.11205739541885106,False
chirp_9db,test,long_gaps,17645,pca_r64_l001,3.036607340299368,1.3617471763790303,1.2748744182392533,0.0,1.0042634814731763,-0.5983477543157294,-0.1393131731208225,False
chirp_9db,test,long_gaps,17645,pca_r64_l1,2.5172969890229955,1.1288657645711786,1.075646805566653,0.0,0.8325177261308171,-0.43556822450736526,0.16404179613981698,False
chirp_9db,test,long_gaps,17645,template_1,3.1426084211404466,1.4092826843825885,1.3698763201100799,0.0,1.0393200437993697,0.10648455234453409,0.24230521944472685,False
chirp_9db,test,long_gaps,17645,dictionary_8,3.019419871211701,1.3540395655896404,1.2713984095460398,0.0,0.9985792603641044,-0.5107477356101923,-0.09847365299916389,False
chirp_9db,test,long_gaps,17645,dictionary_24,3.036989936985796,1.3619187494206024,1.259172500727738,0.0,1.004390013433767,-0.4983598336234838,-0.09881541438845065,False
chirp_9db,test,long_gaps,17645,dictionary_48,2.95125925767969,1.3234733735813158,1.2158329111641937,0.0,0.9760372562871937,-0.5112994730357742,-0.07519645681316856,False
chirp_9db,test,long_gaps,17645,local_pca_8,2.6877485520431907,1.2053036798629397,1.1436034769072716,0.0,0.8888892819225283,-0.5183267193504185,0.044060190917447666,False
chirp_9db,test,long_gaps,17645,local_pca_16,2.703047594165831,1.2121644376353804,1.1458834787084864,0.0,0.8939489645167792,-0.5311356622116802,0.03281211100712241,False
chirp_9db,test,long_gaps,17645,local_pca_32,2.638494437190975,1.1832159864904932,1.1305241551451124,0.0,0.8726000145543313,-0.5046306743111623,0.07567445613540597,False
chirp_9db,test,long_gaps,17645,local_dictionary_8,2.950287330636737,1.3230375191035824,1.260027590756173,0.0,0.9757158216311747,-0.30092337243551837,0.0155701497933335,False
chirp_9db,test,long_gaps,17645,local_dictionary_24,2.951287275752636,1.3234859381072641,1.2395390204155332,0.0,0.9760465223938476,-0.42979849650599117,-0.042922076374595323,False
chirp_9db,test,long_gaps,17748,zero_fill,2.1063705797483365,1.0,1.0939208132171168,0.0,0.6966165903696304,,0.4348059245062053,False
chirp_9db,test,long_gaps,17748,linear,2.119790412657166,1.006371069287548,1.1676289068863672,0.0,0.7010547829337307,0.004020611662041347,0.42381638918389647,False
chirp_9db,test,long_gaps,17748,pchip,2.1251785373680483,1.0089290829451096,1.1954265630352123,0.0,0.7028367376859804,0.004600934199888798,0.4195417345221336,False
chirp_9db,test,long_gaps,17748,autoregression,2.0971399030918354,0.9956177337714222,1.0558020117387443,0.0,0.6935638310113864,0.09376644921770241,0.4428766775308448,True
chirp_9db,test,long_gaps,17748,pca_r32_l01,2.661930554776283,1.2637522477617986,1.2208811709759277,0.0,0.8803507819077804,-0.5179836442823316,0.02792032934115703,False
chirp_9db,test,long_gaps,17748,pca_r64_l01,2.468680277958486,1.1720066267985176,1.2496656342138508,0.0,0.8164392602509954,-0.2959002285219991,0.17505464274349866,False
chirp_9db,test,long_gaps,17748,pca_r96_l01,2.3976096661268236,1.1382658346914831,1.2235504566008275,0.0,0.7929348646970222,-0.22064074296519648,0.22650234463594493,False
chirp_9db,test,long_gaps,17748,pca_r64_l001,2.7244141005240707,1.2934163279329396,1.417443930593112,0.0,0.9010152722930521,-0.06052679157684138,0.18679328939128795,False
chirp_9db,test,long_gaps,17748,pca_r64_l1,2.422098663395137,1.1498919927397215,1.1439135923116222,0.0,0.8010338392756845,-0.45454209728532274,0.17741366476569034,False
chirp_9db,test,long_gaps,17748,template_1,1.7768939181626857,0.8435808661811941,0.7859625628528623,0.0,0.5876524267002029,0.8836420902765828,0.8879013736773227,False
chirp_9db,test,long_gaps,17748,dictionary_8,1.532017293186313,0.7273256225261912,0.737152131629407,0.0,0.5066670952526641,0.6865859299875094,0.7558191108732388,False
chirp_9db,test,long_gaps,17748,dictionary_24,2.079095543311785,0.9870511691063354,0.9695095298835826,0.0,0.6875962199432127,0.20985083374885866,0.4636631560414147,False
chirp_9db,test,long_gaps,17748,dictionary_48,2.3234813103819834,1.1030733778381896,1.083687185906128,0.0,0.7684192153971507,-0.18367562300506826,0.2728757351979326,False
chirp_9db,test,long_gaps,17748,local_pca_8,2.4249564418993916,1.1512487238542417,1.183535734525276,0.0,0.8019789606787301,-0.2507492311656576,0.2065327180307953,False
chirp_9db,test,long_gaps,17748,local_pca_16,2.362040458764369,1.1213793439170516,1.154912040232652,0.0,0.7811714550704296,-0.15180498201357143,0.2582686892129256,False
chirp_9db,test,long_gaps,17748,local_pca_32,2.186430205051569,1.0380083286734845,1.0563987772859742,0.0,0.7230938226958012,-0.04622830647466333,0.3724475271007209,False
chirp_9db,test,long_gaps,17748,local_dictionary_8,1.4690586831281671,0.6974360054457683,0.6983717314936377,0.0,0.48584549211464617,0.751985331846075,0.7926656599194665,False
chirp_9db,test,long_gaps,17748,local_dictionary_24,1.4500526162823695,0.6884128700922217,0.6985234734111019,0.0,0.4795598263302148,0.7965951409144894,0.8112997447141882,False
chirp_9db,test,long_gaps,17850,zero_fill,2.6600712779807436,1.0,1.1771627757441454,0.0,0.8797358839053517,,0.35345980704793756,False
chirp_9db,test,long_gaps,17850,linear,2.674648032080902,1.0054798359054586,1.2700472199041195,0.0,0.8845566921892968,0.0007607273420663437,0.3417036561452986,False
chirp_9db,test,long_gaps,17850,pchip,2.6757165300294052,1.0058815161000265,1.2780405690818697,0.0,0.884910064670312,0.0012394522124707032,0.34086504942373713,False
chirp_9db,test,long_gaps,17850,autoregression,2.6608033588101425,1.0002752109822992,1.1719921096924566,0.0,0.8799779968821252,0.014330163379210299,0.3527711378742824,True
chirp_9db,test,long_gaps,17850,pca_r32_l01,2.567161307248886,0.9650723755032664,1.092841914836318,0.0,0.8490087992960036,0.266692055144145,0.43120338155282123,False
chirp_9db,test,long_gaps,17850,pca_r64_l01,2.557365887443592,0.9613899855288407,1.116947317677331,0.0,0.845769268696968,0.27655731338431855,0.43752398674901277,False
chirp_9db,test,long_gaps,17850,pca_r96_l01,2.591804440513186,0.9743364630742607,1.1924441019101437,0.0,0.8571587495638487,0.22599876820959527,0.41159101597591324,False
chirp_9db,test,long_gaps,17850,pca_r64_l001,2.734645405426401,1.0280346350351433,1.2126139574146804,0.0,0.9043989583379574,0.3370989650414752,0.44072005725270974,False
chirp_9db,test,long_gaps,17850,pca_r64_l1,2.7792871996360167,1.0448168147380508,1.1845988891083736,0.0,0.9191628440327532,-0.13474205073475548,0.25542222479200605,False
chirp_9db,test,long_gaps,17850,template_1,5.57259010270813,2.0949025497310263,2.3340774178429227,0.0,1.8429609462831997,-0.6357519686866906,-0.4734802689059788,False
chirp_9db,test,long_gaps,17850,dictionary_8,3.016481050441109,1.1339850459687364,1.2474518936986312,0.0,0.9976073367507572,-0.3283829553646231,0.08659862360896475,False
chirp_9db,test,long_gaps,17850,dictionary_24,2.521298445870215,0.9478311602928658,1.0634342824120198,0.0,0.8338410835932795,0.3657239282180371,0.4683534322557358,False
chirp_9db,test,long_gaps,17850,dictionary_48,2.57493925679816,0.9679963383360136,1.063175832121059,0.0,0.8515811143231767,0.2558250214403798,0.4249190038118838,False
chirp_9db,test,long_gaps,17850,local_pca_8,2.628304944006039,0.9880580891806711,1.1294273625329665,0.0,0.8692301564351905,0.17631137813118014,0.3844870721013777,False
chirp_9db,test,long_gaps,17850,local_pca_16,2.613243213733791,0.982395936291414,1.1429769417562963,0.0,0.8642489573583527,0.19652354476954526,0.3956492030900273,False
chirp_9db,test,long_gaps,17850,local_pca_32,2.716733861763125,1.0213011524358075,1.2079050217806162,0.0,0.8984752720716694,0.034228121886125666,0.31419416577453124,False
chirp_9db,test,long_gaps,17850,local_dictionary_8,2.738308029039326,1.0294115243099695,1.171961810662354,0.0,0.9056102572411864,0.13808972842097963,0.33277947210311803,False
chirp_9db,test,long_gaps,17850,local_dictionary_24,2.840569620488343,1.0678547014892832,1.2089114337591498,0.0,0.9394300996971598,0.03649537765546354,0.2639123263077037,False
chirp_9db,test,long_gaps,17953,zero_fill,1.7782478594130047,1.0,0.8818965452281012,0.0,0.5881002006799699,,0.48931858186762883,False
chirp_9db,test,long_gaps,17953,linear,1.7916261751982634,1.0075233133077832,0.937623874590194,0.0,0.5925246627460553,-0.004244395686260614,0.47808954991196356,False
chirp_9db,test,long_gaps,17953,pchip,1.7966968922811366,1.010374837664206,0.957178613514726,0.0,0.5942016447923115,-0.00242324461101824,0.4740046439414707,False
chirp_9db,test,long_gaps,17953,autoregression,1.774300729030678,0.9977803260881587,0.8567190603667848,0.0,0.5867948100069719,0.06573233743688055,0.4927364058462024,True
chirp_9db,test,long_gaps,17953,pca_r32_l01,1.8295881763554935,1.0288712941060063,0.7963043113638839,0.0,0.6050794145376025,0.3058410315284354,0.5148554427444729,False
chirp_9db,test,long_gaps,17953,pca_r64_l01,2.118306579467823,1.1912324641667618,0.9153202428809871,0.0,0.7005640512329675,0.0322403680111471,0.3331275554219209,False
chirp_9db,test,long_gaps,17953,pca_r96_l01,2.050078041174812,1.1528640567865145,0.9267733639653917,0.0,0.6779995831528733,0.061623654232352686,0.3634518467292641,False
chirp_9db,test,long_gaps,17953,pca_r64_l001,4.144022567277304,2.3303964885104578,1.8505323733208143,0.0,1.3705066425568972,-0.06025843142417508,0.07884498227933051,False
chirp_9db,test,long_gaps,17953,pca_r64_l1,1.7244490374967827,0.969746162419686,0.7644544455067741,0.0,0.570307912727648,0.2557287058731902,0.5347278114239,False
chirp_9db,test,long_gaps,17953,template_1,1.6887151470160335,0.9496511625626105,0.7876378040156217,0.0,0.558490039279038,0.5042515129475088,0.6321495453859516,False
chirp_9db,test,long_gaps,17953,dictionary_8,2.044638429589291,1.1498050841260237,0.8978809633898707,0.0,0.6762006007173641,0.02945854900988133,0.3537331321242734,False
chirp_9db,test,long_gaps,17953,dictionary_24,2.108966048430292,1.1859798043712853,0.8972283555432944,0.0,0.6974749609531441,-0.40691630222067365,0.22783784517957348,False
chirp_9db,test,long_gaps,17953,dictionary_48,1.8887925759254187,1.0621649653209224,0.8004798108920816,0.0,0.6246594292604678,-0.03509225280329552,0.40826064687315794,False
chirp_9db,test,long_gaps,17953,local_pca_8,2.127347117456583,1.1963164224805056,0.9291865546486063,0.0,0.703553928137529,0.04200097797333967,0.33473569500784917,False
chirp_9db,test,long_gaps,17953,local_pca_16,2.147619989954777,1.2077168987363218,0.9371839542929928,0.0,0.7102585505114216,0.034267646684730535,0.32636971319697083,False
chirp_9db,test,long_gaps,17953,local_pca_32,2.0711526053919678,1.1647153654247335,0.8736139246476281,0.0,0.6849693401413302,-0.032847117806841616,0.3245177471592956,False
chirp_9db,test,long_gaps,17953,local_dictionary_8,2.2404508908039116,1.2599204767458452,0.9813060667850216,0.0,0.7409594852150347,-0.3711810537493464,0.16128790250640357,False
chirp_9db,test,long_gaps,17953,local_dictionary_24,1.6430065954084492,0.9239468990283513,0.7308049519808796,0.0,0.5433733567362092,0.3937434696770569,0.5946621664655428,False
chirp_9db,test,long_gaps,18056,zero_fill,2.3590454265938336,1.0,1.1642742159870996,0.0,0.7801809412839452,,0.3922218907935741,False
chirp_9db,test,long_gaps,18056,linear,2.371560475878176,1.005305132806371,1.2347723691409034,0.0,0.7843199047904561,0.002501983046437417,0.3819748876035166,False
chirp_9db,test,long_gaps,18056,pchip,2.375725366239694,1.0070706309670112,1.2622963038992752,0.0,0.7856973128072595,0.003135393109365879,0.3786658037014044,False
chirp_9db,test,long_gaps,18056,autoregression,2.362332146352022,1.0013932414022793,1.1545288567849497,0.0,0.7812679216726114,0.015520342418970094,0.3892809473330379,True
chirp_9db,test,long_gaps,18056,pca_r32_l01,2.6895669836040486,1.1401081781996232,1.139741527693479,0.0,0.8894906716333061,-0.01841031273608862,0.23290896496595,False
chirp_9db,test,long_gaps,18056,pca_r64_l01,2.3834771370768277,1.0103566087399471,1.0379366690963927,0.0,0.7882609700391868,0.2020528085831285,0.40469100356903176,False
chirp_9db,test,long_gaps,18056,pca_r96_l01,2.344572337250858,0.9938648534785219,1.0390693563612692,0.0,0.7753944168959036,0.25878196892389693,0.43672076453382574,False
chirp_9db,test,long_gaps,18056,pca_r64_l001,2.622975604119888,1.1118800742667923,1.0531816518222579,0.0,0.8674676429363288,0.3268854427358358,0.43850226416614113,False
chirp_9db,test,long_gaps,18056,pca_r64_l1,2.44005679560847,1.034340741429302,1.0693882569995783,0.0,0.8069729332566467,-0.0021707937850579534,0.33312925531679555,False
chirp_9db,test,long_gaps,18056,template_1,3.223319178343565,1.3663658791842912,1.3507576595960267,0.0,1.0660126177602656,-0.16961698751760274,0.05210839084164679,False
chirp_9db,test,long_gaps,18056,dictionary_8,2.834025810310512,1.2013443142561653,1.2124529133177318,0.0,0.9372659379024907,-0.496917790520339,0.02723595469964388,False
chirp_9db,test,long_gaps,18056,dictionary_24,2.6424509455084353,1.120135676795255,1.1463810959362952,0.0,0.8739085066878512,-0.4036537449038589,0.15741108196971473,False
chirp_9db,test,long_gaps,18056,dictionary_48,2.654638591889598,1.1253020234216362,1.1564210697792612,0.0,0.8779391918618203,-0.396528005383672,0.1501658325049925,False
chirp_9db,test,long_gaps,18056,local_pca_8,2.4099654184740893,1.0215849984515888,1.0266802316963195,0.0,0.7970211456935183,0.19355735462377474,0.393963066607881,False
chirp_9db,test,long_gaps,18056,local_pca_16,2.395324107613334,1.0153785427828246,1.064948083768359,0.0,0.7921789872678249,0.1980339479945651,0.399764210902394,False
chirp_9db,test,long_gaps,18056,local_pca_32,2.5351097627772616,1.0746337201474085,1.0958988600420285,0.0,0.8384087473200728,0.021539685386633384,0.2947934235771347,False
chirp_9db,test,long_gaps,18056,local_dictionary_8,2.4756461121784556,1.049427062433884,1.077392484394609,0.0,0.8187429933785131,-0.003916735607910882,0.3136362136547618,False
chirp_9db,test,long_gaps,18056,local_dictionary_24,2.2952409537751794,0.9729532665630861,1.0359683180704666,0.0,0.7590795953324777,0.23092126002282648,0.4460891684275196,False
chirp_9db,test,long_gaps,18159,zero_fill,3.0348904551727367,1.0,1.2592914788798713,0.0,1.003695675088835,,0.3183961319683235,False
chirp_9db,test,long_gaps,18159,linear,3.0446934216337613,1.0032300890611443,1.3222277658813912,0.0,1.0069377015096572,-0.0006252390747924065,0.31035612054926043,False
chirp_9db,test,long_gaps,18159,pchip,3.0459935467816077,1.0036584818374406,1.3361476308757017,0.0,1.007367677486465,0.0003985050392940601,0.30932528804092074,False
chirp_9db,test,long_gaps,18159,autoregression,3.0326011310823007,0.9992456650003515,1.2472479705954227,0.0,1.0029385523121195,0.03734419840976661,0.320499384318073,True
chirp_9db,test,long_gaps,18159,pca_r32_l01,3.225053361373678,1.0626589028532556,1.244880596456355,0.0,1.0665861448884593,-0.08742843521480145,0.19037624877082723,False
chirp_9db,test,long_gaps,18159,pca_r64_l01,3.0156699129015223,0.9936668085536813,1.1764900421787317,0.0,0.9973390782246553,0.1521205922580099,0.3408850388567444,False
chirp_9db,test,long_gaps,18159,pca_r96_l01,3.08789286555592,1.0174643570059818,1.2525229997323264,0.0,1.0212245746839463,0.09354625157048464,0.29581416364226565,False
chirp_9db,test,long_gaps,18159,pca_r64_l001,2.775680149747978,0.9145898973114648,1.1030400581676607,0.0,0.917969924411459,0.4250336073055309,0.5095612303819869,False
chirp_9db,test,long_gaps,18159,pca_r64_l1,3.211751407805111,1.0582758933954035,1.2716109421061526,0.0,1.0621869372517396,-0.24573197003764308,0.1715546904216371,False
chirp_9db,test,long_gaps,18159,template_1,2.248112590928889,0.7407557617432795,0.914015364159381,0.0,0.7434933543588651,0.7069309106565853,0.7324211534017988,False
chirp_9db,test,long_gaps,18159,dictionary_8,3.8156906804185646,1.2572745991259797,1.3986783494870043,0.0,1.2619210775417946,-0.6002456927425904,-0.20699564980869037,False
chirp_9db,test,long_gaps,18159,dictionary_24,3.2416902846561935,1.0681407887823373,1.2109287689670578,0.0,1.0720882900868087,-0.11603080515123776,0.17579948704427198,False
chirp_9db,test,long_gaps,18159,dictionary_48,3.437446835180301,1.1326428040661032,1.2844535708416802,0.0,1.1368286838616386,-0.2528095286742169,0.05567117505565995,False
chirp_9db,test,long_gaps,18159,local_pca_8,3.1157623938623256,1.0266473995961696,1.2271983018014478,0.0,1.0304415548158743,-0.015481546719192558,0.2593605348374603,False
chirp_9db,test,long_gaps,18159,local_pca_16,3.1588675972941163,1.040850615187797,1.2457137329905443,0.0,1.044697260877545,-0.0701534342488905,0.22662925608425374,False
chirp_9db,test,long_gaps,18159,local_pca_32,3.107343697093096,1.0238734290382272,1.2516101613316697,0.0,1.0276573325640437,0.017716993161786893,0.26946992443696,False
chirp_9db,test,long_gaps,18159,local_dictionary_8,3.4901679658648614,1.1500144790781952,1.3159965795483668,0.0,1.1542645589403242,-0.614381000575221,-0.05576174068068683,False
chirp_9db,test,long_gaps,18159,local_dictionary_24,3.982306717408744,1.3121747806815265,1.4721868975198598,0.0,1.317024152330689,-0.7786193894209997,-0.33602505796804577,False
chirp_9db,test,long_gaps,18262,zero_fill,1.4224393797616794,1.0,0.8017762997570977,0.0,0.47042760673929573,,0.571198098289715,False
chirp_9db,test,long_gaps,18262,linear,1.4463445232780583,1.0168057379853923,0.8718715754406985,0.0,0.47833348983925167,0.0008924970719018736,0.5538103486027856,False
chirp_9db,test,long_gaps,18262,pchip,1.4494007730652352,1.0189543355500132,0.8870900899861363,0.0,0.4793442494494221,0.0026531312560245457,0.5516999740670285,False
chirp_9db,test,long_gaps,18262,autoregression,1.4011509973447138,0.9850338912716742,0.7647617651060238,0.0,0.4633871360280294,0.19009040774758346,0.588495784163477,True
chirp_9db,test,long_gaps,18262,pca_r32_l01,1.98399337838523,1.3947823763973937,0.90682498929704,0.0,0.6561441352507736,-0.34138169219762293,0.208958475459055,False
chirp_9db,test,long_gaps,18262,pca_r64_l01,1.8982521848728904,1.3345048034250362,0.899623346086681,0.0,0.6277879008573342,-0.46156323254198117,0.22191799247298774,False
chirp_9db,test,long_gaps,18262,pca_r96_l01,1.8329174013131544,1.2885732969655606,0.9501909994832041,0.0,0.6061804521996725,-0.3840202615629807,0.27194836180472415,False
chirp_9db,test,long_gaps,18262,pca_r64_l001,3.290116566568077,2.31301003992122,1.4252448349244076,0.0,1.0881037774441025,-0.6857023190577861,-0.2716466031629882,False
chirp_9db,test,long_gaps,18262,pca_r64_l1,1.5234349366715385,1.0710016597872736,0.7653603817064648,0.0,0.5038287476275405,-0.0037140599055018376,0.5000215827352731,False
chirp_9db,test,long_gaps,18262,template_1,2.6210539062651317,1.8426471760816074,1.246613758551206,0.0,0.8668321011089922,0.7281662303069216,0.73143946406738,False
chirp_9db,test,long_gaps,18262,dictionary_8,1.4491650079766478,1.0187885885298298,0.7068847376436416,0.0,0.47926627747539297,0.6377056238258301,0.7307445532696848,False
chirp_9db,test,long_gaps,18262,dictionary_24,1.5364700675048983,1.0801655869245719,0.7658318051468254,0.0,0.508139711939073,0.32551640076815624,0.56909414277737,False
chirp_9db,test,long_gaps,18262,dictionary_48,1.636366974552596,1.1503948764598733,0.7574528002764895,0.0,0.5411775085381662,-0.06431882172236109,0.43039948903849823,False
chirp_9db,test,long_gaps,18262,local_pca_8,1.8654270413968577,1.3114281479674712,0.898901416291009,0.0,0.6169320050588846,-0.4855650327383618,0.23653877606166285,False
chirp_9db,test,long_gaps,18262,local_pca_16,1.873351719693339,1.316999336736028,0.9055222663483341,0.0,0.6195528460579696,-0.47975430563105725,0.23282630234294896,False
chirp_9db,test,long_gaps,18262,local_pca_32,1.6733537127276015,1.1763972064721389,0.8178934588426926,0.0,0.5534097224154815,-0.22762448997018356,0.38668290315423326,False
chirp_9db,test,long_gaps,18262,local_dictionary_8,2.1191068153310346,1.4897695082697142,1.0085387669302028,0.0,0.7008287043684993,-0.5264596548856344,0.09815939192012503,False
chirp_9db,test,long_gaps,18262,local_dictionary_24,2.0465899393447593,1.4387888640200979,0.9259252006076074,0.0,0.6768460019041248,-0.38331452839045643,0.1710879156808977,False
chirp_9db,test,long_gaps,18365,zero_fill,1.1820200918809975,1.0,0.6422244228715671,0.0,0.39091640097485464,,0.6407481502495195,False
chirp_9db,test,long_gaps,18365,linear,1.204291673134313,1.0188419650446667,0.7187851056353795,0.0,0.39828203413740976,0.0014689883422754047,0.6246770878659512,False
chirp_9db,test,long_gaps,18365,pchip,1.208480176988282,1.0223854782918094,0.729645864708955,0.0,0.3996672515827895,0.0032093108381469875,0.621605827715701,False
chirp_9db,test,long_gaps,18365,autoregression,1.1813682347969392,0.9994485228393868,0.6239981661766257,0.0,0.3907008195080079,0.05429242330896041,0.6412416355557118,True
chirp_9db,test,long_gaps,18365,pca_r32_l01,1.176863057183574,0.9956371006441889,0.5551073089684384,0.0,0.38921087206086546,0.2821173584225023,0.6545037419164264,False
chirp_9db,test,long_gaps,18365,pca_r64_l01,1.2678266177447597,1.0725931195697482,0.586581064934217,0.0,0.4192942420125979,0.23241102255350832,0.6086641820402003,False
chirp_9db,test,long_gaps,18365,pca_r96_l01,1.2965089976309103,1.0968586799296465,0.6123196134971988,0.0,0.42878004753612736,0.22242269317535024,0.595817727472592,False
chirp_9db,test,long_gaps,18365,pca_r64_l001,1.8253810770738037,1.5442893818911312,0.8182108322016574,0.0,0.6036880472325638,0.15838865715722203,0.4411826082632176,False
chirp_9db,test,long_gaps,18365,pca_r64_l1,1.1331058054829586,0.9586180584120193,0.5453759593714317,0.0,0.37473952130392957,0.32024994610643837,0.6792744896510218,False
chirp_9db,test,long_gaps,18365,template_1,2.6494686766408027,2.2414751617500794,1.1547205377270175,0.0,0.876229403105871,0.11701100650409366,0.3178519432779899,False
chirp_9db,test,long_gaps,18365,dictionary_8,1.4685646677921718,1.2424193783839867,0.6385945647955245,0.0,0.4856821118992842,0.4791716845763643,0.6489374827570998,False
chirp_9db,test,long_gaps,18365,dictionary_24,1.242770007776552,1.0513949943091752,0.5846148003338808,0.0,0.41100754717832044,0.5338358327822625,0.7071217452997353,False
chirp_9db,test,long_gaps,18365,dictionary_48,1.1801232753558264,0.9983952755640958,0.5532286351449229,0.0,0.39028908787381456,0.5839366201440604,0.737645305761994,False
chirp_9db,test,long_gaps,18365,local_pca_8,1.221458469849666,1.0333652348547717,0.5529003042836043,0.0,0.4039594185019628,0.30223168895238667,0.6399350114954311,False
chirp_9db,test,long_gaps,18365,local_pca_16,1.2592643976237883,1.0653494016500757,0.5726017702579094,0.0,0.4164625538737624,0.25674930560628473,0.6167898121900781,False
chirp_9db,test,long_gaps,18365,local_pca_32,1.2688007241067858,1.0734172226190255,0.5952721279284744,0.0,0.41961639741065376,0.1361734300888272,0.5927521574405654,False
chirp_9db,test,long_gaps,18365,local_dictionary_8,1.6532087985284296,1.3986300316584381,0.7020745845190247,0.0,0.5467474182712636,0.4174029472767145,0.593888245899624,False
chirp_9db,test,long_gaps,18365,local_dictionary_24,1.2468519631191863,1.0548483665239727,0.5962527492724901,0.0,0.4123575270157558,0.4766631207396135,0.6840350090170598,False
chirp_9db,test,long_gaps,18467,zero_fill,1.5105879558513362,1.0,0.80233866790322,0.0,0.4995800080840066,,0.5531598824240719,False
chirp_9db,test,long_gaps,18467,linear,1.5269657151726217,1.0108419766342274,0.8633569228922914,0.0,0.5049964428585806,-0.0004153457699674958,0.5407175525589322,False
chirp_9db,test,long_gaps,18467,pchip,1.532330805254438,1.0143936334980561,0.8866690777156944,0.0,0.5067707796233236,0.0007869044811818064,0.536706277915627,False
chirp_9db,test,long_gaps,18467,autoregression,1.5095653987388762,0.9993230734373996,0.7885668969987315,0.0,0.4992418291063904,0.04503131039595904,0.5539828190889564,True
chirp_9db,test,long_gaps,18467,pca_r32_l01,2.165707551710998,1.4336851709442169,0.9659626333211558,0.0,0.7162404492902322,-0.31528497271043715,0.16660078597996142,False
chirp_9db,test,long_gaps,18467,pca_r64_l01,1.9658210195751726,1.301361507590782,0.9292203683650229,0.0,0.6501341924824179,-0.23113195194134226,0.26763032998450875,False
chirp_9db,test,long_gaps,18467,pca_r96_l01,1.930206595324764,1.277784976272328,0.9183945945218248,0.0,0.6383558287757518,-0.17078053473188295,0.29864877148760444,False
chirp_9db,test,long_gaps,18467,pca_r64_l001,2.912368463684198,1.9279701340150348,1.3848701717842677,0.0,0.9631753351369542,-0.2534370474739287,0.044169688499436574,False
chirp_9db,test,long_gaps,18467,pca_r64_l1,1.7464195988339064,1.1561191071788073,0.8045812525181824,0.0,0.577573992910463,-0.23132915310748345,0.3778366343058445,False
chirp_9db,test,long_gaps,18467,template_1,2.5190310362314476,1.6675831595729715,1.1279669707934727,0.0,0.8330912083402183,0.16217662003957972,0.3468663758362565,False
chirp_9db,test,long_gaps,18467,dictionary_8,2.2186974444343424,1.4687641562612157,0.9987278799264259,0.0,0.7337652090584772,-0.23142203947196305,0.18287798032246536,False
chirp_9db,test,long_gaps,18467,dictionary_24,2.096189436992982,1.3876646036222453,0.9363566517958234,0.0,0.6932494938954911,-0.5867213267406399,0.12086342515972276,False
chirp_9db,test,long_gaps,18467,dictionary_48,1.790394791164163,1.1852304158979827,0.8052089216644607,0.0,0.5921174207557247,-0.40301362906586136,0.3328342475606437,False
chirp_9db,test,long_gaps,18467,local_pca_8,2.2022346682128955,1.4578658989583704,1.0202214857142724,0.0,0.7283206575870201,-0.4054218213580458,0.12247112867400886,False
chirp_9db,test,long_gaps,18467,local_pca_16,2.200485527443031,1.4567079784525905,1.0255978001604447,0.0,0.7277421836513821,-0.42510979917892516,0.11656907527849425,False
chirp_9db,test,long_gaps,18467,local_pca_32,2.1204469213670833,1.403722910111542,0.9948447658750608,0.0,0.7012719027812294,-0.4840095340728912,0.13282758781103424,False
chirp_9db,test,long_gaps,18467,local_dictionary_8,1.9019143096453164,1.2590556559637316,0.8961869809870965,0.0,0.6289990347845751,-0.12547127441002462,0.3224348945072829,False
chirp_9db,test,long_gaps,18467,local_dictionary_24,1.6794966102058055,1.1118164974771534,0.76503607467525,0.0,0.5554412947975682,-0.0018472162690067663,0.4461892178567349,False
chirp_9db,test,long_gaps,18570,zero_fill,2.191567162233678,1.0,1.0526728312341938,0.0,0.7247927115957322,,0.4145821314063467,False
chirp_9db,test,long_gaps,18570,linear,2.203615244236838,1.0054974733199051,1.0929977522971066,0.0,0.7287772401901916,-0.004349960119005367,0.4039407280383194,False
chirp_9db,test,long_gaps,18570,pchip,2.2067675867995105,1.0069358698322255,1.1039449068743197,0.0,0.7298197794987058,-0.002869863464879375,0.4012957183046008,False
chirp_9db,test,long_gaps,18570,autoregression,2.181452008240413,0.9953845110624145,1.0389696114777662,0.0,0.7214474388533195,0.10252169721187333,0.4236964498780921,True
chirp_9db,test,long_gaps,18570,pca_r32_l01,1.927956367657737,0.879715849407387,0.8483727456348548,0.0,0.6376116359257229,0.47671073518907675,0.5997472734724641,False
chirp_9db,test,long_gaps,18570,pca_r64_l01,2.2769623012958453,1.0389653306244702,1.0259699793406678,0.0,0.7530344992372664,0.18499867646732834,0.3994925374151875,False
chirp_9db,test,long_gaps,18570,pca_r96_l01,2.3587472974849155,1.0762833729817547,1.142675077448534,0.0,0.780082344348847,0.13106502224626312,0.3563841334824663,False
chirp_9db,test,long_gaps,18570,pca_r64_l001,3.8885202112856705,1.7743103101263995,1.6822915457548,0.0,1.2860071808887776,-0.012240696593500244,0.11344534472755345,False
chirp_9db,test,long_gaps,18570,pca_r64_l1,2.1187593327505283,0.9667781892620881,0.9462322942985473,0.0,0.7007137853068809,0.2555773024508481,0.475396653522753,False
chirp_9db,test,long_gaps,18570,template_1,2.542496018328156,1.160126900120554,1.1226900678842717,0.0,0.8408515217335276,0.3004719619749498,0.4247390969026247,False
chirp_9db,test,long_gaps,18570,dictionary_8,2.326376527993387,1.061512769529869,1.0049877693013614,0.0,0.7693767186210492,0.011150431809790137,0.32913969067424304,False
chirp_9db,test,long_gaps,18570,dictionary_24,2.1978558086840256,1.002869474665763,0.9579501387321901,0.0,0.7268724859195859,0.19184393425516094,0.4271096246431932,False
chirp_9db,test,long_gaps,18570,dictionary_48,2.0428687597586896,0.9321497396760441,0.8903714667709163,0.0,0.6756153374330559,0.36215265954689546,0.5296137807384785,False
chirp_9db,test,long_gaps,18570,local_pca_8,2.6205194591292424,1.1957285655158154,1.1550075884644986,0.0,0.8666553493326831,-0.08344494561339337,0.19729985195215236,False
chirp_9db,test,long_gaps,18570,local_pca_16,2.5859901655759656,1.1799730394483032,1.1674815703374672,0.0,0.8552358588715936,-0.053945120538861066,0.21917064514560347,False
chirp_9db,test,long_gaps,18570,local_pca_32,2.3978311947153963,1.0941171395685134,1.09330934162802,0.0,0.7930081283912291,-0.05901024655999019,0.28054925882922843,False
chirp_9db,test,long_gaps,18570,local_dictionary_8,2.4672063622770533,1.125772645617869,1.0624926497155072,0.0,0.8159518084576767,0.09807846289113657,0.31654171653195656,False
chirp_9db,test,long_gaps,18570,local_dictionary_24,2.6586833679337363,1.213142546461577,1.1288876057490915,0.0,0.8792768758020378,-0.3823982694488176,0.07959107188316195,False
chirp_9db,test,long_gaps,18673,zero_fill,3.424209979271566,1.0,1.556738320574757,0.0,1.132451005252275,,0.278703021649749,False
chirp_9db,test,long_gaps,18673,linear,3.4296419098135007,1.0015863310295856,1.6029812006347026,0.0,1.134247447421392,-0.0010983085252424735,0.2736689042863377,False
chirp_9db,test,long_gaps,18673,pchip,3.431673308495301,1.002179576973642,1.6182475875007132,0.0,1.1349192693871002,-0.0003592449379221381,0.2718385858579466,False
chirp_9db,test,long_gaps,18673,autoregression,3.427002829349865,1.0008156188128665,1.5334400800374504,0.0,1.1333746535968083,-0.004551553139699147,0.2760234856742809,True
chirp_9db,test,long_gaps,18673,pca_r32_l01,2.9529677305399793,0.8623792782614826,1.2781875040533397,0.0,0.9766022805759473,0.6631066846158209,0.6172328730998434,False
chirp_9db,test,long_gaps,18673,pca_r64_l01,2.8098371284831916,0.8205796798363778,1.293327551446108,0.0,0.9292662833202959,0.7071006786204095,0.6775043897007699,False
chirp_9db,test,long_gaps,18673,pca_r96_l01,2.7019681847559394,0.7890778314157972,1.2950675526050734,0.0,0.893591983409105,0.7213056765434851,0.7089225419773704,False
chirp_9db,test,long_gaps,18673,pca_r64_l001,2.2146766600816816,0.646770108576347,1.12433117835956,0.0,0.7324354596244071,0.7634341488134287,0.7843039210204958,False
chirp_9db,test,long_gaps,18673,pca_r64_l1,3.2198264309866853,0.9403122035383008,1.3994034994607782,0.0,1.0648575001479306,0.42784717469243616,0.4473462566776956,False
chirp_9db,test,long_gaps,18673,template_1,2.9008589740791435,0.8471615326278107,1.3456786046324878,0.0,0.959368929235422,0.5817855283506455,0.6197576325445677,False
chirp_9db,test,long_gaps,18673,dictionary_8,2.9473737638860604,0.8607456265030385,1.3026018369476873,0.0,0.9747522499998654,0.520510596571742,0.569185812518261,False
chirp_9db,test,long_gaps,18673,dictionary_24,3.1654551716256005,0.9244337207086201,1.3317336029700848,0.0,1.0468758963055778,0.3955379643879069,0.46573736638367463,False
chirp_9db,test,long_gaps,18673,dictionary_48,3.2642775556289796,0.9532936284250276,1.3605865728091426,0.0,1.0795583278105112,0.3052009494585834,0.40327388434562966,False
chirp_9db,test,long_gaps,18673,local_pca_8,2.735911484837231,0.7989905704962763,1.191576737095194,0.0,0.9048176747455968,0.7360229158276963,0.707205809183099,False
chirp_9db,test,long_gaps,18673,local_pca_16,2.871147718007749,0.8384847119155145,1.287231666353041,0.0,0.9495428548973887,0.6488608155149292,0.64031873302644,False
chirp_9db,test,long_gaps,18673,local_pca_32,3.0129849191297735,0.8799065879046143,1.39090842699107,0.0,0.9964511000006797,0.5956057935204169,0.5773621740678302,False
chirp_9db,test,long_gaps,18673,local_dictionary_8,2.9988329611352205,0.8757736760562691,1.3287305867299384,0.0,0.9917707798234022,0.4837203056970231,0.541530485462731,False
chirp_9db,test,long_gaps,18673,local_dictionary_24,3.143537302449324,0.9180328664067647,1.3745919249951413,0.0,1.0396272424169681,0.40847870069092307,0.4769052127096182,False
chirp_9db,test,long_gaps,18776,zero_fill,2.1102044268763867,1.0,1.0150400730477704,0.0,0.6978845161278129,,0.4253727933304283,False
chirp_9db,test,long_gaps,18776,linear,2.122870498684012,1.006002296102835,1.0849181745441359,0.0,0.7020734256391957,0.0013895514744623537,0.4149128861835812,False
chirp_9db,test,long_gaps,18776,pchip,2.126179036955644,1.0075701718164356,1.105107593272088,0.0,0.7031676218229304,0.0023938766263946806,0.4122117020885732,False
chirp_9db,test,long_gaps,18776,autoregression,2.104752138015554,0.9974162271714578,1.0005480560105882,0.0,0.6960813410775816,0.06968496474594038,0.43027985531667434,True
chirp_9db,test,long_gaps,18776,pca_r32_l01,2.1120634079355622,1.0008809483268535,0.892206284436945,0.0,0.6984993163246327,0.19870972248539112,0.44027955247029016,False
chirp_9db,test,long_gaps,18776,pca_r64_l01,2.341638638197595,1.1096738346169555,0.9739302834637132,0.0,0.7744241871313486,-0.03632865726269394,0.28605076141678276,False
chirp_9db,test,long_gaps,18776,pca_r96_l01,2.2736377872094264,1.077449065242916,1.0134621926975855,0.0,0.7519350195494167,0.012701265031560155,0.32691869866511003,False
chirp_9db,test,long_gaps,18776,pca_r64_l001,3.233134733769709,1.5321429016976953,1.4368061031251538,0.0,1.0692588075899592,0.019916394260698213,0.1741845822325577,False
chirp_9db,test,long_gaps,18776,pca_r64_l1,2.2409697160829647,1.0619680669517608,0.9762456108581589,0.0,0.7411310705478186,-0.10613274339824075,0.32261504926585594,False
chirp_9db,test,long_gaps,18776,template_1,3.7802534859125467,1.7914157689017063,1.4650920348225063,0.0,1.2502013270637011,-0.45386669746892316,-0.2103664156121652,False
chirp_9db,test,long_gaps,18776,dictionary_8,2.4274870105089112,1.1503563254779916,1.0240010495327727,0.0,0.802815867580777,-0.14844760144056157,0.21925014242620486,False
chirp_9db,test,long_gaps,18776,dictionary_24,2.4367022947669126,1.1547233356788194,0.9669023081096112,0.0,0.8058635363817068,-0.08656502355490181,0.23544249162901032,False
chirp_9db,test,long_gaps,18776,dictionary_48,2.250052855469626,1.066272455318582,0.933671131035567,0.0,0.7441350365404236,-0.02384638818554684,0.329535440334264,False
chirp_9db,test,long_gaps,18776,local_pca_8,2.3131762928243798,1.0961858781845324,0.9475674649924165,0.0,0.765011151182954,0.0011590782172344184,0.3080539482921597,False
chirp_9db,test,long_gaps,18776,local_pca_16,2.3120010849713113,1.0956289615947932,0.9558620131308867,0.0,0.7646224877182003,-0.001367675538393115,0.30774787382036095,False
chirp_9db,test,long_gaps,18776,local_pca_32,2.4558942105186468,1.1638181491989212,1.0152344924939691,0.0,0.812210665914456,-0.2207902779364948,0.18719360162219806,False
chirp_9db,test,long_gaps,18776,local_dictionary_8,2.8398395516365422,1.3457651379493085,1.104445833543347,0.0,0.9391886521194326,-0.17934091744270167,0.09157838840406717,False
chirp_9db,test,long_gaps,18776,local_dictionary_24,2.3697668833017893,1.1230034650290341,0.9809752673031295,0.0,0.7837267298016447,-0.07701874649360989,0.263172086883696,False
chirp_9db,test,long_gaps,18879,zero_fill,2.572132737830478,1.0,1.3109949176202906,0.0,0.8506529454183928,,0.36620150706684945,False
chirp_9db,test,long_gaps,18879,linear,2.5820032596161573,1.003837485383435,1.3615935095111988,0.0,0.853917313662812,0.0015050340519683805,0.357499481997814,False
chirp_9db,test,long_gaps,18879,pchip,2.58570570039469,1.0052769292830745,1.3788046316975822,0.0,0.8551417808558046,0.002079036381319916,0.3543745850273758,False
chirp_9db,test,long_gaps,18879,autoregression,2.5643017562510777,0.9969554520012814,1.27531882435964,0.0,0.8480630916958152,0.08053563715026901,0.37332256190053725,True
chirp_9db,test,long_gaps,18879,pca_r32_l01,3.4917804464535225,1.357542865147287,1.5741776525435516,0.0,1.1547978367692637,-0.7550674579289353,-0.2740331692052587,False
chirp_9db,test,long_gaps,18879,pca_r64_l01,3.2725730681012264,1.2723188892893413,1.5370314131296856,0.0,1.082301810685436,-0.6409602305426744,-0.1450364765085766,False
chirp_9db,test,long_gaps,18879,pca_r96_l01,3.1098736147796915,1.209064201485489,1.4742426139833522,0.0,1.0284940241935683,-0.4814034549755806,-0.025087045506065494,False
chirp_9db,test,long_gaps,18879,pca_r64_l001,4.649249281407497,1.8075464042065763,2.1189659871896516,0.0,1.537594672718749,-0.6754751854452896,-0.4456419903845418,False
chirp_9db,test,long_gaps,18879,pca_r64_l1,2.9138011861849638,1.1328346874674413,1.3557963390782681,0.0,0.9636491635663034,-0.5131715102417181,0.07964156066648029,False
chirp_9db,test,long_gaps,18879,template_1,4.146389040519024,1.6120431809504463,1.8648869973485434,0.0,1.3712892800171321,-0.05423423604550892,0.06522055326657786,False
chirp_9db,test,long_gaps,18879,dictionary_8,2.9210962466849364,1.1356708787699656,1.3079540740366904,0.0,0.9660617780515657,-0.16578264673897905,0.14814167406873505,False
chirp_9db,test,long_gaps,18879,dictionary_24,3.11635114919578,1.2115825530156485,1.4095195702179348,0.0,1.0306362673402971,-0.4980456035333311,-0.03263722968388134,False
chirp_9db,test,long_gaps,18879,dictionary_48,3.029951189969576,1.1779917674564708,1.3745589404751006,0.0,1.0020621666654654,-0.4180544214371887,0.02926383128035279,False
chirp_9db,test,long_gaps,18879,local_pca_8,3.2982628458854006,1.2823066233616673,1.5405395580847732,0.0,1.090797906092116,-0.6071789443981674,-0.1451861332845148,False
chirp_9db,test,long_gaps,18879,local_pca_16,3.3118732818764345,1.2875981216544474,1.5409693620464526,0.0,1.0952991347005456,-0.6197880518322383,-0.1549807971882437,False
chirp_9db,test,long_gaps,18879,local_pca_32,3.009787764979742,1.1701525822179821,1.4284114047438068,0.0,0.9953937406526645,-0.5446375241166204,0.013894924882750308,False
chirp_9db,test,long_gaps,18879,local_dictionary_8,3.6258328513117077,1.4096600840165023,1.5994090172935764,0.0,1.1991315025073765,-0.6892883100615891,-0.29024623902322566,False
chirp_9db,test,long_gaps,18879,local_dictionary_24,3.957615879150625,1.5386514937361915,1.7254701999566717,0.0,1.3088584251191009,-0.6995547734699301,-0.3727434362885969,False
chirp_9db,test,long_gaps,18982,zero_fill,1.674355849417397,1.0,0.8796815033464362,0.0,0.553741147973093,,0.5128661168219328,False
chirp_9db,test,long_gaps,18982,linear,1.7065922707630945,1.0192530287733725,0.9738244112946379,0.0,0.5644023422280192,-0.0031232695293512414,0.48895342813949716,False
chirp_9db,test,long_gaps,18982,pchip,1.7085785230289632,1.0204393072258053,0.9842909188737288,0.0,0.5650592334200852,-0.0028091270944175834,0.4876203940157883,False
chirp_9db,test,long_gaps,18982,autoregression,1.6648877822524224,0.9943452479541497,0.854529026038404,0.0,0.5506098790837206,0.10398803158082824,0.5208649632095685,True
chirp_9db,test,long_gaps,18982,pca_r32_l01,1.8601967466892213,1.1109924735154053,0.8976365264835395,0.0,0.6152022476738865,0.00869594122423385,0.4005054208772622,False
chirp_9db,test,long_gaps,18982,pca_r64_l01,1.6917145991566358,1.0103674196529244,0.8571576925142007,0.0,0.5594820148332222,0.12727784901888947,0.5037880575014803,False
chirp_9db,test,long_gaps,18982,pca_r96_l01,1.7241115362149173,1.0297163155698552,0.8780463919425374,0.0,0.5701962946702754,0.08448190215558413,0.480660729973396,False
chirp_9db,test,long_gaps,18982,pca_r64_l001,2.5185774762646638,1.5042068131102593,1.2892733521874773,0.0,0.8329412074806228,-0.40434857837685295,0.0327718516559886,False
chirp_9db,test,long_gaps,18982,pca_r64_l1,1.5669265913892851,0.9358384550897634,0.7730404097926252,0.0,0.5182122604387713,0.3549365280144309,0.5957213103419101,False
chirp_9db,test,long_gaps,18982,template_1,2.9692740435345057,1.773382906965496,1.1819926920171826,0.0,0.9819950866989346,0.09746412583396874,0.26131274916865344,False
chirp_9db,test,long_gaps,18982,dictionary_8,1.8575070981700792,1.1093860954446517,0.7875306526089743,0.0,0.6143127300369088,0.35355902758537217,0.5301096738442588,False
chirp_9db,test,long_gaps,18982,dictionary_24,1.5014230537618882,0.896716820551807,0.6822089714527986,0.0,0.4965490016191397,0.48004309723869265,0.6493416646642561,False
chirp_9db,test,long_gaps,18982,dictionary_48,1.5343214953009336,0.916365237314882,0.7192142481456699,0.0,0.5074291384733784,0.4083272622740034,0.6190027778561629,False
chirp_9db,test,long_gaps,18982,local_pca_8,1.63973970932558,0.9793256970411268,0.7728816161692572,0.0,0.542292935719103,0.2214995043262782,0.5426958586747569,False
chirp_9db,test,long_gaps,18982,local_pca_16,1.6543590254632838,0.9880570047513668,0.7679258385603507,0.0,0.5471278200738777,0.19081597814952236,0.531495773063304,False
chirp_9db,test,long_gaps,18982,local_pca_32,1.4660777731899404,0.8756070423739802,0.7546868776817118,0.0,0.48485964881749255,0.5215349314796267,0.664456873248969,False
chirp_9db,test,long_gaps,18982,local_dictionary_8,2.060913539733462,1.2308694955439554,0.9298950410273236,0.0,0.6815830874675716,-0.05215168085442476,0.30890874018976366,False
chirp_9db,test,long_gaps,18982,local_dictionary_24,2.1171615794300678,1.264463333864631,0.970204821402635,0.0,0.7001853780640851,-0.03114160361159755,0.3006858223462711,False
chirp_9db,test,long_gaps,19084,zero_fill,2.243434714275799,1.0,0.9874266493830756,0.0,0.7419462920728763,,0.40995913735916384,False
chirp_9db,test,long_gaps,19084,linear,2.300123944836036,1.0252689459601845,1.1986433793984053,0.0,0.7606944928326251,-0.0010000302117453106,0.36605980732224674,False
chirp_9db,test,long_gaps,19084,pchip,2.3269089892263164,1.0372082478796194,1.2955755263342073,0.0,0.7695528136216886,-0.0003297542553087797,0.3493952678580042,False
chirp_9db,test,long_gaps,19084,autoregression,2.238311568906468,0.9977163831259583,0.9728679953900902,0.0,0.7402519710006661,0.07328377010288484,0.41458784596391307,True
chirp_9db,test,long_gaps,19084,pca_r32_l01,3.02667615696382,1.3491260243518421,1.1201294070568348,0.0,1.0009790513068704,-0.4576144208897187,-0.06718742295066407,False
chirp_9db,test,long_gaps,19084,pca_r64_l01,2.345561067180154,1.0455223199741392,0.9415987685432132,0.0,0.7757214085842441,-0.022589895085934755,0.3358688214825012,False
chirp_9db,test,long_gaps,19084,pca_r96_l01,2.258280388798277,1.0066173864690644,0.9667659415132211,0.0,0.746856037426812,0.10472226942241752,0.4026536120791412,False
chirp_9db,test,long_gaps,19084,pca_r64_l001,2.9278317926929964,1.305066634683919,1.3212162924702235,0.0,0.9682893505117608,-0.04691307698471111,0.1650749179917289,False
chirp_9db,test,long_gaps,19084,pca_r64_l1,2.294560763937375,1.02278918541121,0.9304183855038882,0.0,0.7588546436880848,0.029644069705868817,0.3725415861133024,False
chirp_9db,test,long_gaps,19084,template_1,2.269066699839834,1.0114253316135875,0.9937898430012299,0.0,0.7504232744992807,0.5758871980124605,0.6373355168366992,False
chirp_9db,test,long_gaps,19084,dictionary_8,3.0460615390035035,1.357766963139286,1.1195001023668472,0.0,1.0073901638002432,-0.38612385482551353,-0.04021157120689814,False
chirp_9db,test,long_gaps,19084,dictionary_24,2.7005590447474517,1.2037609240700442,1.0032431064052998,0.0,0.8931259541559886,-0.1269482978794992,0.16816834628262717,False
chirp_9db,test,long_gaps,19084,dictionary_48,2.5738819689559578,1.1472952400073875,0.9785342655426549,0.0,0.8512314492363419,-0.20794985807565078,0.18462213114012402,False
chirp_9db,test,long_gaps,19084,local_pca_8,2.3031067539989456,1.0265985184874922,0.9223763804287168,0.0,0.761680964239303,0.04771770415424062,0.36967696910913667,False
chirp_9db,test,long_gaps,19084,local_pca_16,2.2723456408439358,1.012886903453961,0.8950160909677226,0.0,0.751507682306844,0.08385900123693905,0.3919524317174836,False
chirp_9db,test,long_gaps,19084,local_pca_32,2.2601349057404176,1.0074440282832164,0.9419990827260376,0.0,0.7474693612556944,0.10006752392703848,0.40102576804621903,False
chirp_9db,test,long_gaps,19084,local_dictionary_8,2.341761855706936,1.0438288401286853,0.9385701698150796,0.0,0.7744649374922095,-0.031202788837995803,0.33695193867222994,False
chirp_9db,test,long_gaps,19084,local_dictionary_24,3.5505035927114483,1.5826195298299923,1.3695338803926518,0.0,1.1742186919194817,-0.5590252431472214,-0.2398955432738003,False
chirp_9db,test,long_gaps,19187,zero_fill,2.383160943199099,1.0,1.148826307320151,0.0,0.7881563987433677,,0.3876675639613031,False
chirp_9db,test,long_gaps,19187,linear,2.417164506952296,1.0142682615919139,1.2119678742827886,0.0,0.799402020415979,0.0010820443170647285,0.3598651611593636,False
chirp_9db,test,long_gaps,19187,pchip,2.426686338441039,1.0182637246410695,1.2381049853954402,0.0,0.8025510701841136,0.0017650848848184118,0.35302485912862014,False
chirp_9db,test,long_gaps,19187,autoregression,2.384884442730826,1.0007231989667527,1.134638213161198,0.0,0.7887263926365786,0.03277492698614139,0.3861724236069934,True
chirp_9db,test,long_gaps,19187,pca_r32_l01,2.767125368260252,1.16111560830874,1.2312359745914532,0.0,0.9151406963693313,-0.1073807760414255,0.17662112679237885,False
chirp_9db,test,long_gaps,19187,pca_r64_l01,2.8463008885285737,1.1943385093865153,1.3095916354721246,0.0,0.9413255384385979,-0.24535027832841547,0.09850288616065525,False
chirp_9db,test,long_gaps,19187,pca_r96_l01,2.730680662126368,1.1458230170811572,1.3591030890581528,0.0,0.9030877427399452,-0.13395122332938703,0.17819902112145047,False
chirp_9db,test,long_gaps,19187,pca_r64_l001,4.3849383729772216,1.839967370013619,1.997531447737122,0.0,1.4501820561552397,-0.3700990080169375,-0.19585211678080433,False
chirp_9db,test,long_gaps,19187,pca_r64_l1,2.4816380302031007,1.0413220463708206,1.1166590044112594,0.0,0.8207246339997003,-0.045516750353387196,0.31248384743107027,False
chirp_9db,test,long_gaps,19187,template_1,3.771640474457702,1.5826209661672035,1.6857469529306748,0.0,1.2473528412700923,-0.3758463684525623,-0.1510816327032978,False
chirp_9db,test,long_gaps,19187,dictionary_8,2.7689199352830296,1.1618686279601818,1.2230195976540201,0.0,0.9157341936259945,-0.39100567604769726,0.09189292753811151,False
chirp_9db,test,long_gaps,19187,dictionary_24,2.467955928079571,1.0355808889544174,1.1020964124721844,0.0,0.8161997040457691,0.004778875204550111,0.3273017008015898,False
chirp_9db,test,long_gaps,19187,dictionary_48,2.370036062145158,0.9944926585460392,1.0632154038681976,0.0,0.7838157523363639,0.1903714111932739,0.4104012604754085,False
chirp_9db,test,long_gaps,19187,local_pca_8,2.8577246814509802,1.19913205593863,1.3165697055019945,0.0,0.9451036028263212,-0.18153230749776253,0.11974912037698493,False
chirp_9db,test,long_gaps,19187,local_pca_16,2.835055048753606,1.1896196338917402,1.322593022147467,0.0,0.9376063265225175,-0.17105017853048998,0.13071548338131683,False
chirp_9db,test,long_gaps,19187,local_pca_32,2.42137763452872,1.0160361353011769,1.1543188685706092,0.0,0.8007953813921048,0.12218686314326804,0.37244258792927964,False
chirp_9db,test,long_gaps,19187,local_dictionary_8,2.98856999693573,1.2540361596073928,1.312789098571963,0.0,0.9883766234501259,-0.33101884258127495,0.018686437260836807,False
chirp_9db,test,long_gaps,19187,local_dictionary_24,2.8061727554514904,1.1775003125406,1.2040324555264517,0.0,0.9280544058511895,-0.11195406756633212,0.16377036760078595,False
chirp_9db,test,long_gaps,19290,zero_fill,3.956425278277714,1.0,1.854380269585644,0.0,1.3084646708915437,,0.24572904582135432,False
chirp_9db,test,long_gaps,19290,linear,3.9655844812902683,1.0023150198394601,1.8960526575146663,0.0,1.31149379256389,0.0008253093832382858,0.23735510832448148,False
chirp_9db,test,long_gaps,19290,pchip,3.9690661556767073,1.0031950249303068,1.9199078900300535,0.0,1.3126452481354678,0.0011405892555631048,0.2343811125457937,False
chirp_9db,test,long_gaps,19290,autoregression,3.9728817313351765,1.0041594247079086,1.8283486741017705,0.0,1.3139071311730757,-0.08494673508994074,0.2299979150771212,True
chirp_9db,test,long_gaps,19290,pca_r32_l01,4.375037925659923,1.105805776158734,1.9248705789943483,0.0,1.4469077909715062,-0.38268700754266743,-0.062339011080651596,False
chirp_9db,test,long_gaps,19290,pca_r64_l01,4.286134025605736,1.0833350118194445,1.9244910002632118,0.0,1.417505589705616,-0.30741148083633313,-0.001125104834264263,False
chirp_9db,test,long_gaps,19290,pca_r96_l01,4.25905703099179,1.0764912089647287,1.9880796311479507,0.0,1.4085507154556738,-0.2614582684840458,0.023406773544502924,False
chirp_9db,test,long_gaps,19290,pca_r64_l001,4.647929852940883,1.174780142685821,2.1189164021426863,0.0,1.537158312769324,-0.08084835783448259,0.03337784276027719,False
chirp_9db,test,long_gaps,19290,pca_r64_l1,4.25837738833411,1.0763194269620682,1.8807649468754577,0.0,1.4083259447740974,-0.4809247573143757,-0.015525705089040049,False
chirp_9db,test,long_gaps,19290,template_1,1.8776456124992407,0.4745813405874824,0.9275238352944081,0.0,0.6209729176230678,0.9072113908204751,0.9101035221413745,False
chirp_9db,test,long_gaps,19290,dictionary_8,4.159133833286309,1.0512352795139446,1.8260884555300254,0.0,1.3755042240387936,-0.1772816141628298,0.09206056885341857,False
chirp_9db,test,long_gaps,19290,dictionary_24,4.338313875813376,1.0965236471499604,1.8885105865534337,0.0,1.434762453092868,-0.501121215468358,-0.06968099780775776,False
chirp_9db,test,long_gaps,19290,dictionary_48,4.277534344371407,1.0811614130201586,1.8727164650466428,0.0,1.414661512468058,-0.470508440313889,-0.026995847882139008,False
chirp_9db,test,long_gaps,19290,local_pca_8,4.426191807331341,1.1187350944381091,1.9873177444501828,0.0,1.4638253471587808,-0.3977667261446665,-0.08874101340759571,False
chirp_9db,test,long_gaps,19290,local_pca_16,4.421249685204968,1.1174859561936674,1.9858532221213419,0.0,1.4621908938968688,-0.4035896888962602,-0.08853645259001681,False
chirp_9db,test,long_gaps,19290,local_pca_32,4.3594660064719415,1.101869920406958,1.919786163573383,0.0,1.441757862770582,-0.5194897105612682,-0.08551216479228214,False
chirp_9db,test,long_gaps,19290,local_dictionary_8,3.828106928581866,0.9675670989161947,1.7006280212194869,0.0,1.2660273656488643,0.2565653112806878,0.3480444375798129,False
chirp_9db,test,long_gaps,19290,local_dictionary_24,3.9872102464948527,1.0077810058453929,1.735933784746486,0.0,1.3186458421442406,0.010194031869518807,0.22136978524478376,False
chirp_9db,test,long_gaps,19393,zero_fill,2.1798790519470623,1.0,1.0390382729159653,0.0,0.7209272324563971,,0.4132684216286491,False
chirp_9db,test,long_gaps,19393,linear,2.188724743483673,1.0040578818025292,1.082062943001591,0.0,0.7238526699539297,-0.0034300751122222826,0.40533284972294453,False
chirp_9db,test,long_gaps,19393,pchip,2.1930121897674777,1.0060247094024253,1.1064398937131676,0.0,0.7252706095322415,-0.0022712978753730365,0.40167608109863107,False
chirp_9db,test,long_gaps,19393,autoregression,2.1645199599907077,0.9929541540652744,1.014546827970242,0.0,0.7158476902463612,0.1435659321079391,0.42721197897024554,True
chirp_9db,test,long_gaps,19393,pca_r32_l01,2.010303859542406,0.922208898583987,0.8737880063793797,0.0,0.6648455090028159,0.39835361215046267,0.5451166374310453,False
chirp_9db,test,long_gaps,19393,pca_r64_l01,2.4561296482785164,1.126727487969898,1.1134448956309622,0.0,0.8122885296346869,-0.32548272175153586,0.1908014113904255,False
chirp_9db,test,long_gaps,19393,pca_r96_l01,2.5206822170039813,1.1563404009743177,1.1279448076397027,0.0,0.8336372850519354,-0.3315240372879278,0.15190288160716645,False
chirp_9db,test,long_gaps,19393,pca_r64_l001,3.9065699022035916,1.7921039695822818,1.7353287808510325,0.0,1.2919765550650777,-0.7456188116073748,-0.4252520538551646,False
chirp_9db,test,long_gaps,19393,pca_r64_l1,2.0959031269078263,0.9614767961716826,0.9370524963354641,0.0,0.6931548057350946,0.27698730503256364,0.48340795812553994,False
chirp_9db,test,long_gaps,19393,template_1,3.3660157320026887,1.5441295832427822,1.4391739217298765,0.0,1.113205067001269,-0.614408110740984,-0.24979365937244427,False
chirp_9db,test,long_gaps,19393,dictionary_8,2.153996518400833,0.9881266194456473,0.9552617800280884,0.0,0.712367389073446,0.17599646314877596,0.4381007246003965,False
chirp_9db,test,long_gaps,19393,dictionary_24,2.0199861126022887,0.9266505454961101,0.8817555054854207,0.0,0.6680476132187214,0.45763388526663756,0.5448706078134107,False
chirp_9db,test,long_gaps,19393,dictionary_48,2.0438512209815016,0.9375984503158279,0.8856698138320773,0.0,0.6759402559415965,0.3726121810018072,0.5237185482598629,False
chirp_9db,test,long_gaps,19393,local_pca_8,2.625032905599021,1.2042103451814672,1.1525727748286503,0.0,0.8681480314470378,-0.4624363318234213,0.0683221900500179,False
chirp_9db,test,long_gaps,19393,local_pca_16,2.639928378015126,1.2110435098025962,1.160347750053925,0.0,0.8730742459062674,-0.46069250758585906,0.06067984733067208,False
chirp_9db,test,long_gaps,19393,local_pca_32,2.5126163543440327,1.1526402586876416,1.1341936978624807,0.0,0.8309697517135072,-0.4105780454717962,0.1432594239764249,False
chirp_9db,test,long_gaps,19393,local_dictionary_8,2.7708630962287066,1.27110863960722,1.161896672064785,0.0,0.916376833703449,-0.5040962664353799,-0.014486788541577542,False
chirp_9db,test,long_gaps,19393,local_dictionary_24,3.1490591783997854,1.4446027065524822,1.342806406432162,0.0,1.0414534312339019,-0.6931669030643892,-0.22916809903872354,False
chirp_9db,test,long_gaps,19496,zero_fill,3.2032951715454256,1.0,1.3694467741141771,0.0,1.0593902999803977,,0.29342352043362563,False
chirp_9db,test,long_gaps,19496,linear,3.208852179682394,1.0017347786698931,1.4064155917926116,0.0,1.0612281076758951,0.00016534379334965407,0.2881833981810757,False
chirp_9db,test,long_gaps,19496,pchip,3.211647332810121,1.0026073654837953,1.4258902873309645,0.0,1.0621525176824342,0.0008523532995682135,0.2856659495376898,False
chirp_9db,test,long_gaps,19496,autoregression,3.2039387292707477,1.0002009049091194,1.337859189392276,0.0,1.0596031366923373,0.016545675193875776,0.29280581699362873,True
chirp_9db,test,long_gaps,19496,pca_r32_l01,3.2646541451599247,1.0191549546103478,1.3167973549743173,0.0,1.0796828730911652,-0.03638232877112347,0.24260700348955588,False
chirp_9db,test,long_gaps,19496,pca_r64_l01,3.247661496688647,1.013850214472061,1.294799554015395,0.0,1.0740630828447473,0.053060557346551206,0.2657595247885236,False
chirp_9db,test,long_gaps,19496,pca_r96_l01,3.3041774238452963,1.0314932739249254,1.327771142486073,0.0,1.0927539688910894,-0.02588158812098639,0.22069351643675167,False
chirp_9db,test,long_gaps,19496,pca_r64_l001,4.171812530025475,1.302350331959196,1.6477513986228445,0.0,1.3796973088538234,-0.07325043545928213,0.044439716282697536,False
chirp_9db,test,long_gaps,19496,pca_r64_l1,3.082769088719317,0.9623743438017418,1.2419580479142678,0.0,1.0195300447735656,0.3249980295072932,0.39871058298592565,False
chirp_9db,test,long_gaps,19496,template_1,2.249657798776326,0.7022948802095504,1.0211951803980663,0.0,0.7440043838198932,0.7254792893742995,0.7517531769405248,False
chirp_9db,test,long_gaps,19496,dictionary_8,2.4665801785281043,0.7700133913472937,1.0131678058186409,0.0,0.8157447176483329,0.6519507413139701,0.6857860555725921,False
chirp_9db,test,long_gaps,19496,dictionary_24,2.403150828681156,0.7502121097138104,0.9896289122548122,0.0,0.7947674319586407,0.7228037491239727,0.733028164149868,False
chirp_9db,test,long_gaps,19496,dictionary_48,2.3678458479442455,0.7391906524811078,0.9652872831787159,0.0,0.7830914070746667,0.7624581537972158,0.7581531069911158,False
chirp_9db,test,long_gaps,19496,local_pca_8,3.400346981541421,1.061515345743467,1.3483710551608592,0.0,1.1245590605609674,-0.20452825810112177,0.13465149936872858,False
chirp_9db,test,long_gaps,19496,local_pca_16,3.3515145621010065,1.0462709124879281,1.3156819412634893,0.0,1.1084092558413507,-0.13574310091027558,0.174705707535551,False
chirp_9db,test,long_gaps,19496,local_pca_32,3.200639326444939,0.9991709021622239,1.2774272474185324,0.0,1.0585119617733232,0.0738779933445105,0.29696141379610386,False
chirp_9db,test,long_gaps,19496,local_dictionary_8,2.0152320349734523,0.6291121882474559,0.8541055240917997,0.0,0.6664753498287969,0.7859511224721861,0.8053024442939973,False
chirp_9db,test,long_gaps,19496,local_dictionary_24,2.052516876056714,0.6407517153864032,0.8718898999823852,0.0,0.6788061519761561,0.7744562108520676,0.7953815535872442,False
chirp_9db,test,long_gaps,19599,zero_fill,2.9608245240413416,1.0,1.2100326200399416,0.0,0.9792006707893216,,0.316919422443139,False
chirp_9db,test,long_gaps,19599,linear,2.9656237566338124,1.0016209108488199,1.2527936653532392,0.0,0.9807878677797757,-0.0007423585569618979,0.31276493613995243,False
chirp_9db,test,long_gaps,19599,pchip,2.964960766235593,1.0013969899805495,1.2500478476297192,0.0,0.9805686043153615,-0.0012934364306067033,0.31324652627265526,False
chirp_9db,test,long_gaps,19599,autoregression,2.9617099733380474,1.0002990549725308,1.2020211517606083,0.0,0.9794935056190265,0.011735142301433944,0.316065660277441,True
chirp_9db,test,long_gaps,19599,pca_r32_l01,3.1453995679290365,1.0623390688603733,1.2244621878582458,0.0,1.0402431288337806,-0.04274417145468298,0.2015853350383088,False
chirp_9db,test,long_gaps,19599,pca_r64_l01,3.0336973001153478,1.0246123252095127,1.1823672265022904,0.0,1.0033010761441612,0.03817035308004413,0.27099001148659496,False
chirp_9db,test,long_gaps,19599,pca_r96_l01,2.8992533618817777,0.9792047243395826,1.1685206463647904,0.0,0.958837922913392,0.2157571685099947,0.3736073646834986,False
chirp_9db,test,long_gaps,19599,pca_r64_l001,3.5633031230359973,1.2034833858280496,1.4114917257651232,0.0,1.17845173868663,-0.1978595248279522,0.020071849399525277,False
chirp_9db,test,long_gaps,19599,pca_r64_l1,2.9424543644489014,0.9937955932736716,1.1279528170087805,0.0,0.9731253115610511,0.12799751506871707,0.33537921245035235,False
chirp_9db,test,long_gaps,19599,template_1,4.425417280729475,1.4946570608274532,1.757896850030081,0.0,1.463569196562238,-0.4349237199811542,-0.24948354895673813,False
chirp_9db,test,long_gaps,19599,dictionary_8,3.9003948665206933,1.317334017889347,1.52834081410818,0.0,1.2899343539708403,-0.5589875473603363,-0.24521058858523903,False
chirp_9db,test,long_gaps,19599,dictionary_24,3.206192720752207,1.0828715767241597,1.2265612159086412,0.0,1.0603485743069874,-0.05032737494401272,0.17775835809826862,False
chirp_9db,test,long_gaps,19599,dictionary_48,3.23343306137455,1.0920718317210893,1.2376421358181393,0.0,1.0693574701714137,-0.11105169981836589,0.14640524927219162,False
chirp_9db,test,long_gaps,19599,local_pca_8,2.9593574426286655,0.9995045024111481,1.148842506629206,0.0,0.9787154792179431,0.14326230203768925,0.3297162550835329,False
chirp_9db,test,long_gaps,19599,local_pca_16,2.9659623633272636,1.0017352731457754,1.1665027761227698,0.0,0.9808998514176674,0.13082058502867544,0.32374491126855814,False
chirp_9db,test,long_gaps,19599,local_pca_32,3.0314960012803285,1.0238688502696285,1.1968955280066642,0.0,1.0025730649843116,0.033444957569626704,0.27101305858681174,False
chirp_9db,test,long_gaps,19599,local_dictionary_8,3.1191133056000013,1.0534610478511592,1.2559591931701382,0.0,1.0315497647062766,0.07565159383288986,0.25462065723134564,False
chirp_9db,test,long_gaps,19599,local_dictionary_24,3.2431632107895583,1.0953581289453933,1.2687355971815288,0.0,1.0725754146178652,-0.2264367456344137,0.10858498698662197,False
chirp_9db,validation,mixed_damage,12000,zero_fill,2.035535591549937,1.0,1.2086697380531661,0.7808589553752302,0.9113697029510028,,0.8987077526764865,
chirp_9db,validation,mixed_damage,12000,linear,2.123365266288593,1.0431481891563386,1.2581689243820566,0.7808589553752302,0.9238097300352988,-0.022960011669928587,0.8633009558611581,
chirp_9db,validation,mixed_damage,12000,pchip,2.165001518062836,1.063602880269128,1.2853602723359892,0.7808589553752302,0.9298300313787132,-0.01504388272033009,0.8456057889352167,
chirp_9db,validation,mixed_damage,12000,autoregression,1.8596007408886792,0.913568275891804,1.0544715853561704,0.7808589553752302,0.8875607563133059,0.44533800417986946,0.9118665399601099,
chirp_9db,validation,mixed_damage,12000,pca_r32_l01,7.676047659384084,3.771021096977842,4.127130667308757,0.7942353311679727,2.0673632676713525,-0.28585237367709293,0.25092038120014215,
chirp_9db,validation,mixed_damage,12000,pca_r64_l01,2.9584893435040898,1.4534205915070144,2.2560334159898563,0.35032015311933207,0.8136922921492861,0.5001759132537715,0.8240406121461579,
chirp_9db,validation,mixed_damage,12000,pca_r96_l01,3.1788999434739824,1.5617019700713968,2.1969590128015826,0.24695740715639064,0.8299180782184166,0.03118492210734774,0.8002418889754566,
chirp_9db,validation,mixed_damage,12000,pca_r64_l001,9.144449269805872,4.49240450904763,5.652523856381471,0.3324963407138754,2.308669255448836,0.5330156228854038,0.5603996150012481,
chirp_9db,validation,mixed_damage,12000,pca_r64_l1,2.3814715262428208,1.1699483596007647,1.5708178854767658,0.49871610599030375,0.7665740728199921,0.12633647976700207,0.8168410891079316,
chirp_9db,validation,mixed_damage,12000,template_1,2.343735942625201,1.151409954389738,1.17652494826778,1.0793518098193888,1.198126222199666,0.538845422903124,0.47190315025870244,
chirp_9db,validation,mixed_damage,12000,dictionary_8,1.9926534974410728,0.9789332624362456,1.0829629463404196,0.9970914965284098,1.0863798756536285,0.3438610585656159,0.5698524750137559,
chirp_9db,validation,mixed_damage,12000,dictionary_24,1.8078540083705463,0.8881465968344848,1.0806834489340047,0.8055912862263922,0.90149167779852,0.4902367800472511,0.7315600885919726,
chirp_9db,validation,mixed_damage,12000,dictionary_48,2.481121978661432,1.2189037563190963,1.6681981954461182,0.6931545520716467,0.9138830193486711,0.32162554633139656,0.7288158260332334,
chirp_9db,validation,mixed_damage,12000,local_pca_8,3.465675871262898,1.7025867224576485,1.9082680141498884,0.7808589553752302,1.1499190152870353,-0.08721718879600561,0.5058325855508993,
chirp_9db,validation,mixed_damage,12000,local_pca_16,2.3773386214484447,1.1679179825287385,1.4852318443490509,0.7808589553752302,0.9616993274887111,0.24798148035099102,0.7185726429157853,
chirp_9db,validation,mixed_damage,12000,local_pca_32,2.5064464425791555,1.2313449359392672,1.7923375506920851,0.7808589553752302,0.9819745539079392,0.22036559543503773,0.6895486989344481,
chirp_9db,validation,mixed_damage,12000,local_dictionary_8,1.797980343853264,0.883295949880302,0.9645806753822248,0.7808589553752302,0.8795895328123275,0.5924365536423619,0.7961186861832674,
chirp_9db,validation,mixed_damage,12000,local_dictionary_24,2.6295118945552165,1.2918034474420577,1.36389035774092,0.7808589553752302,1.0018870765477017,0.06832577488750538,0.674879750813087,
chirp_9db,validation,mixed_damage,12113,zero_fill,2.6566119525154406,1.0,1.9955432819380252,0.7170776565978116,0.9608132151374768,,0.8491087298642186,
chirp_9db,validation,mixed_damage,12113,linear,2.742679800049609,1.0323975985475313,2.095300534956335,0.7170776565978116,0.9758104954817464,-0.011104818087477295,0.8101586165723729,
chirp_9db,validation,mixed_damage,12113,pchip,2.7186617750752853,1.0233567505036225,2.071105127702039,0.7170776565978116,0.971600719532355,-0.022499058186978192,0.8221212822608511,
chirp_9db,validation,mixed_damage,12113,autoregression,2.553158746069193,0.9610582168960387,1.90906554532698,0.7170776565978116,0.9431206532870924,0.3446528917581069,0.8661216419489426,
chirp_9db,validation,mixed_damage,12113,pca_r32_l01,5.699635184267468,2.145452661564181,3.9296555504474346,0.6212902403443544,1.5466872800227516,-0.1572678686092455,0.4197604732784587,
chirp_9db,validation,mixed_damage,12113,pca_r64_l01,4.64312626389433,1.7477623179019193,3.2842619228275165,0.4267443760267962,1.2321293291372364,-0.23736514636383887,0.579960872807114,
chirp_9db,validation,mixed_damage,12113,pca_r96_l01,3.155186273824966,1.1876729948600302,2.4113608865139495,0.23922919825587174,0.8221032311245073,0.17329301126153793,0.7995727396307301,
chirp_9db,validation,mixed_damage,12113,pca_r64_l001,8.664864613200036,3.261622234664577,5.859801192669957,0.42641304008707653,2.2052111573558943,-0.2358486703922661,0.30540271821874043,
chirp_9db,validation,mixed_damage,12113,pca_r64_l1,3.037547338029906,1.143391429506207,2.303984557986235,0.4789263125323437,0.8897770094000376,0.0010064848239931005,0.7483675197019443,
chirp_9db,validation,mixed_damage,12113,template_1,3.186887982496342,1.199606129709235,2.4967207718017423,0.9774489581258429,1.237117415584992,0.1284951738298313,0.44280588109777497,
chirp_9db,validation,mixed_damage,12113,dictionary_8,2.6953087272315375,1.0145662126828332,2.0480117682718433,0.8100533269976231,1.0340298902772729,0.20045753698651586,0.6380355221417373,
chirp_9db,validation,mixed_damage,12113,dictionary_24,3.0802203093955884,1.1594543593312716,2.423974035013161,0.6571912839791497,0.9989451596085462,0.05569831865144518,0.6729583942475206,
chirp_9db,validation,mixed_damage,12113,dictionary_48,2.9509795950283086,1.1108056606589243,2.271868776421642,0.5223194855262787,0.8944462408621879,0.060114463962376866,0.7460971215995805,
chirp_9db,validation,mixed_damage,12113,local_pca_8,2.684957686546904,1.010669881239006,1.9974930477497108,0.7170776565978116,0.9657252217383201,0.13871752908915322,0.7990796356798591,
chirp_9db,validation,mixed_damage,12113,local_pca_16,2.5920454698179407,0.975695930059953,1.9408610087735374,0.7170776565978116,0.9497271055901021,0.24945323820200602,0.8135969844906354,
chirp_9db,validation,mixed_damage,12113,local_pca_32,2.6648116492592617,1.0030865240729108,2.0197288410942393,0.7170776565978116,0.962231345944967,0.27241381954056404,0.7586446206581163,
chirp_9db,validation,mixed_damage,12113,local_dictionary_8,2.4981061947464402,0.9403353743030036,1.8187752274460074,0.7170776565978116,0.9338609386609602,0.3712720156786147,0.8661707717851821,
chirp_9db,validation,mixed_damage,12113,local_dictionary_24,2.8213153573600915,1.0619975396439438,2.163702411775868,0.7170776565978116,0.9897229987966657,0.05662250721998601,0.7520654821088303,
chirp_9db,validation,mixed_damage,12226,zero_fill,3.7890330959483403,1.0,2.8816346344601604,0.7253448846321505,1.179211861454566,,0.7546353232065964,
chirp_9db,validation,mixed_damage,12226,linear,3.845387734608697,1.014873092219917,2.9168562962365785,0.7253448846321505,1.1905588197987484,-0.04331088113096834,0.7209076156010403,
chirp_9db,validation,mixed_damage,12226,pchip,3.827133576009803,1.0100554624614402,2.9168778359526897,0.7253448846321505,1.1868769268955395,-0.06105035559349932,0.7345125266655171,
chirp_9db,validation,mixed_damage,12226,autoregression,3.7960210679654667,1.001844262596861,2.871426814721508,0.7253448846321505,1.1806156755420056,0.04121906701811469,0.7412607323279331,
chirp_9db,validation,mixed_damage,12226,pca_r32_l01,6.450671824023333,1.7024585588658794,4.731999766003062,0.5415001614141178,1.695757635863341,-0.15660825129034603,0.3721900532101664,
chirp_9db,validation,mixed_damage,12226,pca_r64_l01,4.3876770059980785,1.1579938456304,3.2872214038898524,0.39208794667093766,1.1607568618641066,-0.1391427331647008,0.6419634636867894,
chirp_9db,validation,mixed_damage,12226,pca_r96_l01,4.499194423794227,1.1874254750124171,3.455836741688892,0.26292019585334125,1.1532469353935668,-0.18743036462457308,0.6502686778371518,
chirp_9db,validation,mixed_damage,12226,pca_r64_l001,6.09052330884328,1.607408316215541,4.641623560909168,0.38501480407165267,1.5676020733487797,-0.08798086374090784,0.4712008473206066,
chirp_9db,validation,mixed_damage,12226,pca_r64_l1,4.151796651225305,1.0957404029183255,3.2336260626089395,0.4660143205950146,1.1317838695539486,-0.18043306763518702,0.6529430817183423,
chirp_9db,validation,mixed_damage,12226,template_1,4.110708081425828,1.0848963250865922,3.1503995850795654,1.065440208605418,1.456137087948731,-0.17127132724125194,0.26685109680860664,
chirp_9db,validation,mixed_damage,12226,dictionary_8,4.353476505603704,1.1489676641407356,3.3835976285992557,0.8395649947774901,1.358441165262581,-0.3314095191974459,0.4370629471034278,
chirp_9db,validation,mixed_damage,12226,dictionary_24,4.264988901693193,1.1256140534253443,3.29920895718131,0.7364705909063848,1.2827208460099595,-0.24264035387503172,0.5216034784397592,
chirp_9db,validation,mixed_damage,12226,dictionary_48,4.24211425046866,1.1195769852221151,3.3810875226378396,0.6090295469093163,1.2134477777483306,-0.21300411688325221,0.5869910643407097,
chirp_9db,validation,mixed_damage,12226,local_pca_8,4.159781118902358,1.0978476602251015,3.2686737701198965,0.7253448846321505,1.2548818914071895,-0.26026775016072823,0.5911641526556299,
chirp_9db,validation,mixed_damage,12226,local_pca_16,4.210944024828101,1.1113505525541372,3.2844319337057604,0.7253448846321505,1.2655020645273038,-0.30047100570522806,0.5730075163153511,
chirp_9db,validation,mixed_damage,12226,local_pca_32,3.923775777834557,1.035561231183306,3.0600533192740715,0.7253448846321505,1.206438311198805,0.03021004100869785,0.6560181004813117,
chirp_9db,validation,mixed_damage,12226,local_dictionary_8,4.1922609569678,1.106419725246168,3.2787793624269774,0.7253448846321505,1.2616192461537028,-0.17851727581955923,0.5686933028594376,
chirp_9db,validation,mixed_damage,12226,local_dictionary_24,4.200907185683202,1.108701634244178,3.221345237897509,0.7253448846321505,1.263415490042151,-0.20801815848930336,0.5683752098127827,
chirp_9db,validation,mixed_damage,12339,zero_fill,4.902353149285885,1.0,2.3189049659582976,0.42865092066066035,1.2939568814556215,,0.4698025486943324,
chirp_9db,validation,mixed_damage,12339,linear,5.390928927118068,1.0996614815281827,2.6184802267309655,0.42865092066066035,1.4101914514079914,-0.006667407175940929,0.20900876046772038,
chirp_9db,validation,mixed_damage,12339,pchip,5.447425578087688,1.1111858758851763,2.565751310956757,0.42865092066066035,1.4236961053353443,-0.006943307084140987,0.198911815527286,
chirp_9db,validation,mixed_damage,12339,autoregression,7.216696739130635,1.472088305221723,3.9282055263881004,0.42865092066066035,1.851297450460879,-0.014031989649887812,0.08557880584027973,
chirp_9db,validation,mixed_damage,12339,pca_r32_l01,4.083482556735765,0.8329637691096565,2.168339508764819,0.2085122528734049,1.040642535442058,0.7360695382601455,0.7753223716953643,
chirp_9db,validation,mixed_damage,12339,pca_r64_l01,3.0182004080187985,0.6156636040099341,1.6262076732429607,0.1424336452246226,0.7670496990231649,0.7883830391435168,0.8369553519701691,
chirp_9db,validation,mixed_damage,12339,pca_r96_l01,3.3846003233977404,0.6904032044061876,1.6990840800202052,0.10912326888025985,0.8527212933569941,0.7321244058875949,0.797610395006551,
chirp_9db,validation,mixed_damage,12339,pca_r64_l001,3.215274406385721,0.6558634819798902,2.071412359536112,0.1320133433812039,0.8139180836707135,0.7590097653467893,0.8162514235840114,
chirp_9db,validation,mixed_damage,12339,pca_r64_l1,3.471374524479195,0.7081037246337226,1.7227385347365096,0.20851861359449683,0.8910191241085164,0.7107295782084931,0.7783019013380374,
chirp_9db,validation,mixed_damage,12339,template_1,1.7997157949088083,0.3671126375648741,0.8319538189201927,0.24563733205953747,0.5089230311380688,0.9444902631888108,0.9416475046420917,
chirp_9db,validation,mixed_damage,12339,dictionary_8,1.6342851443320163,0.3333674858919699,0.7668417589506334,0.21852981485179368,0.46010984644102293,0.9449695338425123,0.9460531046129066,
chirp_9db,validation,mixed_damage,12339,dictionary_24,1.618473641090251,0.3301421973906573,0.8170690721511804,0.21011634839446153,0.45288589379964656,0.9479570801295744,0.9489407612161316,
chirp_9db,validation,mixed_damage,12339,dictionary_48,2.052190731223519,0.4186134023254643,1.0551461679144154,0.20065556371953622,0.5486020088651354,0.9399651307986523,0.9404846658092059,
chirp_9db,validation,mixed_damage,12339,local_pca_8,3.1227536103735023,0.636990750213168,1.5785223262166537,0.42865092066066035,0.8841561756785823,0.8100394345869326,0.7912234832786421,
chirp_9db,validation,mixed_damage,12339,local_pca_16,3.547836866485616,0.7237007939753222,1.6536429396719163,0.42865092066066035,0.9792621778647607,0.7090610422249424,0.718489204544844,
chirp_9db,validation,mixed_damage,12339,local_pca_32,3.4489426215638055,0.7035279826925984,1.689322128814828,0.42865092066066035,0.956926374636128,0.7220078761462393,0.731333587143244,
chirp_9db,validation,mixed_damage,12339,local_dictionary_8,1.42292560479441,0.2902535907682792,0.6905033597888102,0.42865092066066035,0.5466283845955138,0.9578960809647236,0.9210415984518988,
chirp_9db,validation,mixed_damage,12339,local_dictionary_24,3.1530226954872678,0.6431651493623143,1.3933572866833674,0.42865092066066035,0.8908449744135575,0.9136924394363624,0.8636315431969092,
chirp_9db,validation,mixed_damage,12452,zero_fill,4.0989209310106585,1.0,2.093053901560287,0.22469973145593475,1.0475716663557804,,0.28794797123171184,
chirp_9db,validation,mixed_damage,12452,linear,4.0986613990847145,0.9999366828659757,2.0920206927743474,0.22469973145593475,1.0475081981807057,0.008467250558028466,0.28690374840703825,
chirp_9db,validation,mixed_damage,12452,pchip,4.098506922309582,0.9998989956849511,2.0921150954725714,0.22469973145593475,1.0474704211803878,0.010975208637356473,0.28700827522359373,
chirp_9db,validation,mixed_damage,12452,autoregression,4.091063906609085,0.9980831480934089,2.0840407989715852,0.22469973145593475,1.0456503188119681,0.1288537701237571,0.29975327550753816,
chirp_9db,validation,mixed_damage,12452,pca_r32_l01,4.036859573431522,0.984859098620418,1.9590866421859727,0.08739887943724979,1.0127565624790165,0.18009061531362344,0.3487204232894629,
chirp_9db,validation,mixed_damage,12452,pca_r64_l01,3.8619472726132638,0.94218633089393,1.92301986458409,0.08315688033859588,0.9688383100929349,0.3777734550145373,0.45071748618167723,
chirp_9db,validation,mixed_damage,12452,pca_r96_l01,3.8136731062061844,0.930409044330079,1.8685143101343067,0.07141138575692167,0.9559222101992721,0.4588297719070187,0.4828972237192859,
chirp_9db,validation,mixed_damage,12452,pca_r64_l001,3.329755959114669,0.8123494000392102,1.7567841281824472,0.0804728080995244,0.8360776294665688,0.6369225606651886,0.6590827934876629,
chirp_9db,validation,mixed_damage,12452,pca_r64_l1,3.8811044526453595,0.9468600438916999,1.8990495468645268,0.08851117479743796,0.9740535532410415,0.4135134814654361,0.4453816842813891,
chirp_9db,validation,mixed_damage,12452,template_1,6.216126504005139,1.51652754679326,3.150243392451352,0.10172551666978422,1.5571498387462823,-0.23535627316420846,-0.11546001363573093,
chirp_9db,validation,mixed_damage,12452,dictionary_8,4.144203630534316,1.0110474684156674,2.0562831571001423,0.07502329975180616,1.038594337431564,0.07885674462101634,0.28955379949950116,
chirp_9db,validation,mixed_damage,12452,dictionary_24,4.187176610515775,1.0215314422967792,2.050955050925568,0.07038796542185773,1.049010395348689,0.06341356146644841,0.2724149430491545,
chirp_9db,validation,mixed_damage,12452,dictionary_48,3.8995523230019873,0.9513607089855443,1.899050529664081,0.06796196658209862,0.977106402642382,0.31276585121471556,0.4278309319756511,
chirp_9db,validation,mixed_damage,12452,local_pca_8,4.147027316979751,1.0117363537327937,1.995360912299238,0.22469973145593475,1.059338977485542,0.038491951887512914,0.19758901801478956,
chirp_9db,validation,mixed_damage,12452,local_pca_16,3.8348101291492864,0.9355657729664351,1.8705471911776974,0.22469973145593475,0.9830792906211681,0.4572516219628838,0.5170386782186662,
chirp_9db,validation,mixed_damage,12452,local_pca_32,3.9134355473981373,0.9547477527050549,1.9160610864692345,0.22469973145593475,1.0022576802956193,0.3626331970623199,0.44826988031303333,
chirp_9db,validation,mixed_damage,12452,local_dictionary_8,4.527047069777103,1.1044484990006584,2.2641663461064554,0.22469973145593475,1.1524838586647046,-0.16072828654216836,-0.02825289885138284,
chirp_9db,validation,mixed_damage,12452,local_dictionary_24,4.016272518266123,0.9798365437793022,2.0269323284207736,0.22469973145593475,1.0273690452049486,0.25368346174575523,0.3214740668066516,
chirp_9db,validation,mixed_damage,12565,zero_fill,3.592156481653536,1.0,1.8539269319984637,0.29464123436978823,0.9422642292488145,,0.4462035859767524,
chirp_9db,validation,mixed_damage,12565,linear,3.6176948092432473,1.0071094696793264,1.8718100264214583,0.29464123436978823,0.9483511212787245,-0.03753788838273047,0.40887367288319,
chirp_9db,validation,mixed_damage,12565,pchip,3.6136157054135873,1.0059739111783275,1.8755548132676723,0.29464123436978823,0.9473786307911699,-0.03607983099430644,0.41489665899558714,
chirp_9db,validation,mixed_damage,12565,autoregression,4.093012694551063,1.1394305107407163,2.035713775236976,0.29464123436978823,1.0622780583673832,-0.3026422779140086,0.04865194072758721,
chirp_9db,validation,mixed_damage,12565,pca_r32_l01,3.5625449710169317,0.9917566200726942,1.7691337844061308,0.3098429072044905,0.9398060331024425,0.5150226142291627,0.5611422946734421,
chirp_9db,validation,mixed_damage,12565,pca_r64_l01,3.880658571872526,1.0803144550334811,2.1080783249149,0.25436489262271716,1.0009381046808103,0.3824945812467205,0.4812288331335828,
chirp_9db,validation,mixed_damage,12565,pca_r96_l01,3.115406517271398,0.8672802905950575,1.5866634019087962,0.20494110154219614,0.8037323324021278,0.5024795159046738,0.614877268087465,
chirp_9db,validation,mixed_damage,12565,pca_r64_l001,9.351993293903432,2.6034481909870855,4.999135773290533,0.24953344859778748,2.350449195084199,0.26154396799599827,0.2989150407093966,
chirp_9db,validation,mixed_damage,12565,pca_r64_l1,3.3425609557094895,0.9305165219781425,1.5988672556845276,0.2717661399400641,0.8760909721920428,0.3671652632114154,0.509725383436405,
chirp_9db,validation,mixed_damage,12565,template_1,5.090125983159333,1.417011204594365,2.505929629075095,0.3305255474337923,1.3121568500714262,-0.4239218780406969,-0.14210874657605882,
chirp_9db,validation,mixed_damage,12565,dictionary_8,3.3461008418937985,0.9315019707475345,1.5267781895852481,0.322818098675699,0.8930132878564606,0.4070825534786997,0.49769170333680096,
chirp_9db,validation,mixed_damage,12565,dictionary_24,3.2867456462822853,0.9149784156310851,1.5329070023142553,0.32210755194451407,0.8788840960505996,0.40373567904395286,0.5042648735722614,
chirp_9db,validation,mixed_damage,12565,dictionary_48,2.6242789208717703,0.7305580740357297,1.2164960964555145,0.31557119938951583,0.7237324083697114,0.7179819817023924,0.7194286160438897,
chirp_9db,validation,mixed_damage,12565,local_pca_8,2.6789458886298756,0.7457765000807279,1.3922119036194704,0.29464123436978823,0.7279660418363966,0.7143586830445219,0.7180100164410899,
chirp_9db,validation,mixed_damage,12565,local_pca_16,2.9027545812118754,0.8080813283155426,1.4406471454686296,0.29464123436978823,0.7797510024685291,0.5906880855337867,0.6438910471516767,
chirp_9db,validation,mixed_damage,12565,local_pca_32,3.012848886786032,0.838729855498712,1.5076488942633666,0.29464123436978823,0.805429243845794,0.5503739957934718,0.6348879757026709,
chirp_9db,validation,mixed_damage,12565,local_dictionary_8,3.42863709414928,0.9544787682999308,1.652225606524407,0.29464123436978823,0.9033878658361779,0.3035689965274931,0.4677810417329477,
chirp_9db,validation,mixed_damage,12565,local_dictionary_24,4.097179684843069,1.1405905354538068,2.152183393776257,0.29464123436978823,1.063281572090474,0.27009449934242685,0.34597310668485,
chirp_9db,validation,mixed_damage,12678,zero_fill,2.8097344537563833,1.0,2.1838361880057304,0.709506678632279,0.9825223790702811,,0.8187944993970652,
chirp_9db,validation,mixed_damage,12678,linear,2.841132700223568,1.0111748092155854,2.200281261184858,0.709506678632279,0.9881494992420422,0.0014891056948074229,0.7922270252533907,
chirp_9db,validation,mixed_damage,12678,pchip,2.8468629955301132,1.0132142529426909,2.2016969454649074,0.709506678632279,0.9891797365960537,0.0004569117447689182,0.7880380556648655,
chirp_9db,validation,mixed_damage,12678,autoregression,2.6750052883841806,0.9520491464266023,2.043219577567934,0.709506678632279,0.9587312318319605,0.3925287213250299,0.8460087547209624,
chirp_9db,validation,mixed_damage,12678,pca_r32_l01,3.9602050875116777,1.4094588484037023,3.0173432261937627,0.5096974601910157,1.1062350803804928,-0.20368105735673855,0.5873617532855162,
chirp_9db,validation,mixed_damage,12678,pca_r64_l01,3.606229016791533,1.283476811116546,2.7149849317085,0.36542261027148204,0.9685005479804071,-0.31307060095904493,0.6801824341776007,
chirp_9db,validation,mixed_damage,12678,pca_r96_l01,2.725680182895305,0.9700846210755949,2.027527645344805,0.2508327269333131,0.7234072294073121,0.2760329944967272,0.8293274828975006,
chirp_9db,validation,mixed_damage,12678,pca_r64_l001,6.950024854389678,2.4735522052975747,4.9222102584874055,0.35333416855503263,1.7708670368752528,-0.36623124253182393,0.3225207836614356,
chirp_9db,validation,mixed_damage,12678,pca_r64_l1,2.8717499602095287,1.0220716610319653,2.191687405709791,0.4323379311144349,0.8310644204184804,0.01108864113216445,0.7695151189500777,
chirp_9db,validation,mixed_damage,12678,template_1,2.5312421991674925,0.9008830694955641,2.00558280053716,0.9903091489000461,1.1488545987953962,0.43406919838210933,0.46278472910752294,
chirp_9db,validation,mixed_damage,12678,dictionary_8,2.888677751380714,1.028096355340196,2.2408562898559254,0.8072121366683036,1.0641408111444608,0.08923442032079759,0.5706897879228255,
chirp_9db,validation,mixed_damage,12678,dictionary_24,2.8365625102369556,1.0095482533748716,2.1567849058313024,0.5944829872579149,0.9133467717195436,0.16547527290156855,0.7087071330244148,
chirp_9db,validation,mixed_damage,12678,dictionary_48,2.906873283533561,1.034572245660906,2.2429577646137684,0.5188884247128286,0.8834799886682351,0.10137105631164084,0.7309234901599568,
chirp_9db,validation,mixed_damage,12678,local_pca_8,2.5299946020394115,0.9004390427917547,1.9081228645794517,0.709506678632279,0.9338050047957577,0.43469017438407237,0.7992547577260118,
chirp_9db,validation,mixed_damage,12678,local_pca_16,2.76987133234809,0.9858124950722659,2.0748955369776523,0.709506678632279,0.9754224438391074,0.2365754198968591,0.7492495573375243,
chirp_9db,validation,mixed_damage,12678,local_pca_32,2.157772367340539,0.7679630950376023,1.5807784527724036,0.709506678632279,0.8734621304976361,0.7064763722581044,0.8919548835000742,
chirp_9db,validation,mixed_damage,12678,local_dictionary_8,2.7732876440034846,0.9870283792462408,2.1935433185587474,0.709506678632279,0.9760289526231893,0.2150808871396485,0.761832910593646,
chirp_9db,validation,mixed_damage,12678,local_dictionary_24,2.635902272665596,0.9381321673091249,2.082592715124189,0.709506678632279,0.951938046053969,0.36093442069871207,0.7661383860845822,
chirp_9db,validation,mixed_damage,12791,zero_fill,3.9882206614918108,1.0,3.007765775804714,0.9284455714709569,1.3424807198920645,,0.8256024765463696,
chirp_9db,validation,mixed_damage,12791,linear,4.110901567715045,1.0307608120603198,3.038916632890004,0.9284455714709569,1.3654138426499696,-0.015032244962172094,0.7712139918164844,
chirp_9db,validation,mixed_damage,12791,pchip,4.170532250687974,1.045712513090479,3.08531654803575,0.9284455714709569,1.376669598655324,-0.01324412050161048,0.7472526522771378,
chirp_9db,validation,mixed_damage,12791,autoregression,3.81367648068274,0.9562350743291667,2.8085215233652105,0.9284455714709569,1.31039822160749,0.410253946754809,0.8530635553338376,
chirp_9db,validation,mixed_damage,12791,pca_r32_l01,6.414853687342434,1.608450041212848,4.420046836778207,0.6104697072616433,1.7091746323568098,0.07590465471320373,0.5867078902924436,
chirp_9db,validation,mixed_damage,12791,pca_r64_l01,5.007971384994284,1.2556906475483307,3.6669592217918954,0.36978602211413203,1.302183333031165,0.10081646295434085,0.7279915154711137,
chirp_9db,validation,mixed_damage,12791,pca_r96_l01,4.5064173271675365,1.1299317940652491,3.1095705816505665,0.2650283570747203,1.155459799641513,0.14372298349406296,0.7807204237941868,
chirp_9db,validation,mixed_damage,12791,pca_r64_l001,10.670833903850049,2.6755876390898035,6.788257746609496,0.34864193274354316,2.6889817329539794,-0.16008958301844664,0.3652430419731571,
chirp_9db,validation,mixed_damage,12791,pca_r64_l1,3.842443042147164,0.9634479554373208,2.9237010495610525,0.4723017198884019,1.063907956876683,0.27007531623602044,0.8142811824055884,
chirp_9db,validation,mixed_damage,12791,template_1,4.424464635176241,1.1093831085868884,3.4269817856086,1.301587231210062,1.6768241394571868,0.06239037571869559,0.4300947467864952,
chirp_9db,validation,mixed_damage,12791,dictionary_8,4.5238517706781485,1.1343032782408742,3.4416438478227667,1.0564821182189164,1.5249498318553947,-0.2519211526588045,0.5545377422974096,
chirp_9db,validation,mixed_damage,12791,dictionary_24,4.261662904014389,1.0685624657539123,3.224044847172175,0.7964646568094569,1.3152259775094604,-0.05994135907978129,0.6931517608258057,
chirp_9db,validation,mixed_damage,12791,dictionary_48,4.139679498933331,1.0379765440021733,3.0835591121071575,0.6951134808548135,1.2345213551939964,0.058041842706197576,0.7356475325628568,
chirp_9db,validation,mixed_damage,12791,local_pca_8,4.0284461768567805,1.0100860806808827,3.180295320092161,0.9284455714709569,1.349966348830418,0.1490273297550899,0.7619285082482462,
chirp_9db,validation,mixed_damage,12791,local_pca_16,3.682331173901153,0.9233017644825504,2.761030920604125,0.9284455714709569,1.286704379462429,0.39263724459268484,0.8370384763557199,
chirp_9db,validation,mixed_damage,12791,local_pca_32,2.89624358236699,0.7261994328276805,2.1246150091449767,0.9284455714709569,1.1542961756023247,0.7025886827359019,0.8756891303993601,
chirp_9db,validation,mixed_damage,12791,local_dictionary_8,3.763712266212782,0.9437071279814667,2.9309083067124977,0.9284455714709569,1.3013381985143464,0.34738814541932883,0.7840629122718292,
chirp_9db,validation,mixed_damage,12791,local_dictionary_24,4.011928873405742,1.0059445587208464,3.147781047476372,0.9284455714709569,1.3468885665912367,0.1857451514093339,0.7540909902285479,
chirp_9db,validation,mixed_damage,12904,zero_fill,1.4346697013428864,1.0,0.8361610949771416,0.8313909762959757,0.8812789528558381,,0.9470394449613337,
chirp_9db,validation,mixed_damage,12904,linear,1.6329514671505376,1.1382072581738183,0.9403931136638153,0.8313909762959757,0.9025898440759488,-0.06153828255516242,0.8915732792554416,
chirp_9db,validation,mixed_damage,12904,pchip,1.7040210381148908,1.1877444937464594,0.996122343490683,0.8313909762959757,0.9107638288249384,-0.04156940759104837,0.8692632354042685,
chirp_9db,validation,mixed_damage,12904,autoregression,1.5626098884268704,1.0891774510636343,0.9293134432085566,0.8313909762959757,0.8947735046998302,0.1067569424361107,0.8909081201135752,
chirp_9db,validation,mixed_damage,12904,pca_r32_l01,4.242432391293401,2.957079519643009,2.485463357538089,0.405883679385767,1.1310768102943807,-0.008856984919061357,0.7052837983810961,
chirp_9db,validation,mixed_damage,12904,pca_r64_l01,2.300503533203913,1.6035074352309697,1.5081466304459057,0.24975375594591298,0.6238975569664887,-0.18015961759940913,0.8885170951949771,
chirp_9db,validation,mixed_damage,12904,pca_r96_l01,1.4932778434625233,1.0408513137656552,1.058373401765446,0.1729984055218874,0.4091764169090772,0.371531576968907,0.9522419014898111,
chirp_9db,validation,mixed_damage,12904,pca_r64_l001,8.750433289014149,6.099266807421615,4.968635925652295,0.22907089328220492,2.1988233338783094,-0.6515860675440202,0.37065482071002737,
chirp_9db,validation,mixed_damage,12904,pca_r64_l1,1.112562886527727,0.7754836430199513,0.8014431455140739,0.3486441812032841,0.437399106422165,0.6688605116728782,0.9489599292548299,
chirp_9db,validation,mixed_damage,12904,template_1,1.5166603794338658,1.0571495153304165,0.8782884195447376,1.0777763276397772,1.1103008008208501,0.20740322032577665,0.561888964995289,
chirp_9db,validation,mixed_damage,12904,dictionary_8,1.683119699667953,1.1731757477644584,0.9475400189728054,0.7925164079849317,0.875147336784299,-0.16134664164162726,0.7575196606267128,
chirp_9db,validation,mixed_damage,12904,dictionary_24,1.729264164820166,1.2053395727264136,0.9533435850847649,0.6244848638676904,0.7433065791502566,-0.01836555159338771,0.8319657719697333,
chirp_9db,validation,mixed_damage,12904,dictionary_48,1.9617039833496148,1.367355832156636,1.2673698745800603,0.46485664107398056,0.6656602910620261,-0.28421601084665726,0.8677781825954953,
chirp_9db,validation,mixed_damage,12904,local_pca_8,2.2826762149052575,1.591081356753137,1.3455975213704425,0.8313909762959757,0.9867489243118608,0.4527644770594014,0.6806802853912224,
chirp_9db,validation,mixed_damage,12904,local_pca_16,1.1189534942109556,0.7799380534513187,0.7989789510722047,0.8313909762959757,0.8522111407319543,0.6463273798584644,0.9054711951667069,
chirp_9db,validation,mixed_damage,12904,local_pca_32,1.1776879912500675,0.820877439697599,0.8743040228712631,0.8313909762959757,0.8571432689729535,0.6440180684587702,0.8807566922773424,
chirp_9db,validation,mixed_damage,12904,local_dictionary_8,2.2332697994951816,1.5566438723873417,1.1064648534327082,0.8313909762959757,0.9796574123556179,0.6186697019812658,0.6830857570428278,
chirp_9db,validation,mixed_damage,12904,local_dictionary_24,2.0930211326587496,1.4588871087886153,1.0960948657668013,0.8313909762959757,0.9601074742493595,0.629376511117901,0.7017299863691597,
chirp_9db,validation,mixed_damage,13017,zero_fill,2.9937264152649443,1.0,1.7102418706642384,0.2224660071832778,0.7788117838547446,,0.38103747688989653,
chirp_9db,validation,mixed_damage,13017,linear,3.001696359295818,1.0026622152212157,1.7211226387254062,0.2224660071832778,0.7807267407154543,-0.02885369873430404,0.3646866189709939,
chirp_9db,validation,mixed_damage,13017,pchip,3.0007515926920134,1.0023466330761714,1.7219523918663764,0.2224660071832778,0.780499719183354,-0.023182180493269113,0.3664885860686227,
chirp_9db,validation,mixed_damage,13017,autoregression,2.9255127018771074,0.9772144465038567,1.6394915654860567,0.2224660071832778,0.7624381710229586,0.3533282357225188,0.4674393280971896,
chirp_9db,validation,mixed_damage,13017,pca_r32_l01,2.427723152004726,0.8109368777406712,1.305255944708763,0.09137190668228823,0.6133449316423178,0.6038565584772511,0.6729827618535349,
chirp_9db,validation,mixed_damage,13017,pca_r64_l01,2.4449865748075563,0.8167034109531934,1.3468563590577243,0.08952429306585488,0.6173622486394892,0.6714798427354274,0.6843999355329321,
chirp_9db,validation,mixed_damage,13017,pca_r96_l01,2.3850534849532075,0.796683849530095,1.320071179443516,0.08184902653285223,0.6015069135748292,0.6819998542489318,0.7045576785011117,
chirp_9db,validation,mixed_damage,13017,pca_r64_l001,2.124286433621783,0.7095793465929598,1.11565757850452,0.08873358618651324,0.5379763930596969,0.7176847393229264,0.7623801967159047,
chirp_9db,validation,mixed_damage,13017,pca_r64_l1,2.6745598200134766,0.8933881888391523,1.4688766833922755,0.09272280871750606,0.6746403217491834,0.5061780233339968,0.5828116051813497,
chirp_9db,validation,mixed_damage,13017,template_1,3.7942169077570407,1.2673893273648564,1.9700368868294114,0.09642836609720871,0.9531381848246107,-0.14785052211837882,0.11301044383517841,
chirp_9db,validation,mixed_damage,13017,dictionary_8,1.9109461578178943,0.6383168976543824,1.0191147289619558,0.07376513421953144,0.4830459762975049,0.8369240253283394,0.8414256574394097,
chirp_9db,validation,mixed_damage,13017,dictionary_24,1.932873497505288,0.6456413276943441,1.037241788400845,0.06993826573128889,0.487940209744034,0.8350779332773905,0.8373059995092217,
chirp_9db,validation,mixed_damage,13017,dictionary_48,2.0233038035691258,0.6758479309439716,1.071531666999292,0.06609389258889868,0.5098580881664883,0.8551185494906876,0.8302665363508661,
chirp_9db,validation,mixed_damage,13017,local_pca_8,2.4986497971047763,0.8346286368601408,1.30863513786394,0.2224660071832778,0.6607579773379959,0.6107726599893697,0.6710002696354809,
chirp_9db,validation,mixed_damage,13017,local_pca_16,2.466382535026798,0.8238503433215434,1.3168519709153768,0.2224660071832778,0.6531371254552076,0.6351871732922921,0.6901939633900162,
chirp_9db,validation,mixed_damage,13017,local_pca_32,2.50198776715991,0.8357436252031348,1.3530271837638814,0.2224660071832778,0.6615469395807679,0.6500596924254337,0.7029955461238615,
chirp_9db,validation,mixed_damage,13017,local_dictionary_8,2.067660715027953,0.6906645525406052,1.0812240880359871,0.2224660071832778,0.559999313490146,0.7409146569292134,0.7606311433566562,
chirp_9db,validation,mixed_damage,13017,local_dictionary_24,2.4643880592698335,0.8231841248765999,1.297153560489478,0.2224660071832778,0.652666423793234,0.6171244986489489,0.673931371448774,
chirp_9db,validation,mixed_damage,13130,zero_fill,2.4140461399261657,1.0,1.39957363908501,0.24501425811292213,0.6484644634573183,,0.49686726230194844,
chirp_9db,validation,mixed_damage,13130,linear,2.477652824399655,1.0263485786048128,1.4567864878437102,0.24501425811292213,0.6632893089762458,-0.006091877470422455,0.38491525016584566,
chirp_9db,validation,mixed_damage,13130,pchip,2.5051888311060018,1.0377551570669745,1.4760264673577277,0.24501425811292213,0.6697224648911312,-0.004252696186696273,0.35298285617488795,
chirp_9db,validation,mixed_damage,13130,autoregression,2.289316785249982,0.9483318265490988,1.3263191202008604,0.24501425811292213,0.6195487845706087,0.40597505225478064,0.6006903134616556,
chirp_9db,validation,mixed_damage,13130,pca_r32_l01,4.258033783789148,1.763857663432805,2.1734711594125526,0.16044043720569687,1.075783688533941,-0.10399268570001104,0.11148551226487104,
chirp_9db,validation,mixed_damage,13130,pca_r64_l01,4.401054203945273,1.823102769725802,2.271061788826315,0.15363949636033694,1.1102745867771922,-0.057308185612883596,0.13534940029488712,
chirp_9db,validation,mixed_damage,13130,pca_r96_l01,3.022676439420149,1.2521204087311266,1.4781550672207415,0.08935113740536277,0.7606053199491898,0.14128301398559337,0.3878991358608497,
chirp_9db,validation,mixed_damage,13130,pca_r64_l001,9.432655816607047,3.907404941686636,4.820009051128928,0.14144594488831905,2.362137539449849,-0.25425897471582504,-0.1284954235883597,
chirp_9db,validation,mixed_damage,13130,pca_r64_l1,2.730810202320701,1.131217070442665,1.3978758412097512,0.17059044722613692,0.7023994977651175,0.10628146133535175,0.3835473743618455,
chirp_9db,validation,mixed_damage,13130,template_1,5.644980613984427,2.338389693809697,2.7845135500362583,0.1361634687152044,1.4173900637582166,0.14590658023162265,0.2466010087347044,
chirp_9db,validation,mixed_damage,13130,dictionary_8,3.3556022334097912,1.39003235187229,1.5459244129332532,0.13044457568019294,0.848355142272775,0.12612959279222716,0.33414633002354355,
chirp_9db,validation,mixed_damage,13130,dictionary_24,3.219764816824781,1.3337627494241924,1.4942402329625866,0.11743856028949431,0.8129330656373928,0.11164588811815217,0.3445012564966079,
chirp_9db,validation,mixed_damage,13130,dictionary_48,3.2938563609698943,1.3644546003046312,1.582026930496649,0.10784758776696654,0.8300585920399361,0.1139795721193942,0.3404598391477715,
chirp_9db,validation,mixed_damage,13130,local_pca_8,4.792408445694021,1.9852182468395565,2.444008918248046,0.24501425811292213,1.2213634417767192,-0.1776029724362069,-0.060625966800428824,
chirp_9db,validation,mixed_damage,13130,local_pca_16,3.0146774449921376,1.2488068869654423,1.4567381619356627,0.24501425811292213,0.7901249860593146,0.1391187741395861,0.25748843438593166,
chirp_9db,validation,mixed_damage,13130,local_pca_32,2.9085389737117495,1.2048398436165384,1.4169436436336706,0.24501425811292213,0.7648561450437747,0.1809531535537336,0.2944114675758244,
chirp_9db,validation,mixed_damage,13130,local_dictionary_8,4.191010544917816,1.736093803511974,2.049911606533069,0.24501425811292213,1.0742744408376206,0.20900606877947153,0.25611287411610795,
chirp_9db,validation,mixed_damage,13130,local_dictionary_24,4.9855723692720435,2.065234912794388,2.41558896347958,0.24501425811292213,1.2687693754537368,0.022302569017378968,0.09250032840818752,
chirp_9db,validation,mixed_damage,13243,zero_fill,2.9522763667234404,1.0,1.683790483219847,0.993192251121895,1.2122396230954717,,0.881898289279401,
chirp_9db,validation,mixed_damage,13243,linear,2.9623103721553106,1.003398735140439,1.7017126357377395,0.993192251121895,1.2137685491967671,0.003670229900550535,0.8773598972310298,
chirp_9db,validation,mixed_damage,13243,pchip,2.9697112092019644,1.0059055590713122,1.7262959410954815,0.993192251121895,1.2148983337451649,0.005755609129955598,0.8739939620437428,
chirp_9db,validation,mixed_damage,13243,autoregression,2.941025135044027,0.9961889639444899,1.6785998130048658,0.993192251121895,1.2105291084968124,0.09997685937128095,0.882866452878197,
chirp_9db,validation,mixed_damage,13243,pca_r32_l01,4.218560655229979,1.4289179369450136,2.3364802443912276,0.4940016711288428,1.1580376388535942,0.6761747621040064,0.8119107100949859,
chirp_9db,validation,mixed_damage,13243,pca_r64_l01,2.5389098510103234,0.8599838008486013,1.7021607019803289,0.30631619487919726,0.7006027494342068,0.5246381112495583,0.9097297635576255,
chirp_9db,validation,mixed_damage,13243,pca_r96_l01,2.9480151142119566,0.998556621405938,1.8859618354953551,0.24341013895058217,0.7737700138680284,0.2329571927640523,0.8886214633179118,
chirp_9db,validation,mixed_damage,13243,pca_r64_l001,4.369672398702233,1.4801027600108716,3.1537251348642297,0.29693300183962307,1.1296176063635004,0.7407143949780434,0.8474572752956383,
chirp_9db,validation,mixed_damage,13243,pca_r64_l1,2.811340873785328,0.9522620935740753,1.6168412196937378,0.43209548847964735,0.8179331870667612,0.30541172537459027,0.8821741095316593,
chirp_9db,validation,mixed_damage,13243,template_1,2.5079020941901127,0.8494808014784494,1.4467987726754115,1.2571692985150535,1.3692309107436835,0.5390720845542585,0.5894589936184904,
chirp_9db,validation,mixed_damage,13243,dictionary_8,3.526615171973026,1.194541002909904,2.2188512206654805,0.9949319081839592,1.3058846881527517,-0.07472643120074038,0.6334999901129782,
chirp_9db,validation,mixed_damage,13243,dictionary_24,4.255811798761965,1.441535706728311,2.793014857305371,0.820749661784261,1.3279774135943123,-0.35986243916542004,0.6303005744396754,
chirp_9db,validation,mixed_damage,13243,dictionary_48,3.25618881144705,1.1029417327419466,2.173166327508267,0.5245477852602566,0.9594927455794857,0.05001583301214655,0.8226249657611895,
chirp_9db,validation,mixed_damage,13243,local_pca_8,2.9746972603501134,1.0075944426746053,1.6918661531394283,0.993192251121895,1.215660481643187,0.0775114307855152,0.8565901386589838,
chirp_9db,validation,mixed_damage,13243,local_pca_16,3.063299918623534,1.0376060836144931,1.809097883929273,0.993192251121895,1.2293359260889498,0.055565346122156765,0.8180588578250311,
chirp_9db,validation,mixed_damage,13243,local_pca_32,3.562339480771767,1.2066416006728395,2.51031696149477,0.993192251121895,1.3106945985715437,-0.026431914604051747,0.6689416863119957,
chirp_9db,validation,mixed_damage,13243,local_dictionary_8,3.047901062040865,1.0323901570988603,2.0019075739867342,0.993192251121895,1.2269414105642558,0.1564776871231757,0.7945268695696418,
chirp_9db,validation,mixed_damage,13243,local_dictionary_24,2.818514618396188,0.9546919963744089,1.9372635491831875,0.993192251121895,1.1921746770461552,0.40245777339956873,0.7814271879974368,
chirp_9db,validation,mixed_damage,13356,zero_fill,2.7638370438636497,1.0,2.229247415805099,0.6986537838534687,0.9669718148175421,,0.8426145310779584,
chirp_9db,validation,mixed_damage,13356,linear,2.8086295771123586,1.0162066476922575,2.2480480862224503,0.6986537838534687,0.9750050239236554,-0.01703190606265128,0.8192736436214014,
chirp_9db,validation,mixed_damage,13356,pchip,2.8437589292847925,1.0289170034820205,2.2704526721570133,0.6986537838534687,0.9813486094808042,-0.016596435489002883,0.8010685273834665,
chirp_9db,validation,mixed_damage,13356,autoregression,2.641941914246098,0.9558964122402995,2.0675405935512337,0.6986537838534687,0.9454368607832134,0.33506763461027816,0.8594159718820955,
chirp_9db,validation,mixed_damage,13356,pca_r32_l01,6.483430562852804,2.345807824396703,4.550009760076198,0.6600302360728139,1.7422950121766267,-0.22400083490066475,0.34868760708169244,
chirp_9db,validation,mixed_damage,13356,pca_r64_l01,3.5367692150187353,1.279659096715261,2.739224715274267,0.3856987088329168,0.9598238409414942,-0.07211099737423432,0.7243940974617388,
chirp_9db,validation,mixed_damage,13356,pca_r96_l01,2.937428825997945,1.0628082551103035,2.285626657395528,0.2474625675744093,0.7724576826217346,0.17608793336846398,0.8229289659317996,
chirp_9db,validation,mixed_damage,13356,pca_r64_l001,9.11613343973955,3.298361406646405,5.885397309576568,0.3779974770635266,2.3082341773682415,-0.2194415968002849,0.2975288947615708,
chirp_9db,validation,mixed_damage,13356,pca_r64_l1,2.9109473110705792,1.0532268237498112,2.2637110479069187,0.4646718928341011,0.8555850983274338,0.07101663122410087,0.776232956326857,
chirp_9db,validation,mixed_damage,13356,template_1,2.443126096936483,0.8839617018524235,1.9057161031751746,1.1319779833463537,1.2547279946079264,0.4907221430675389,0.38783228583297163,
chirp_9db,validation,mixed_damage,13356,dictionary_8,2.5150340440178374,0.9099791355650971,1.9748768793910034,0.9544488430681282,1.1177540302175175,0.4642635334996045,0.5781922736303995,
chirp_9db,validation,mixed_damage,13356,dictionary_24,3.2460106522162517,1.1744580453551476,2.6185026324547027,0.7659755804565228,1.099356743797736,0.11379594973823197,0.5952976091808994,
chirp_9db,validation,mixed_damage,13356,dictionary_48,2.9812162430183173,1.0786512358379807,2.3530293782172933,0.6156136539107956,0.954343781442819,0.1631404702996251,0.7119328719748843,
chirp_9db,validation,mixed_damage,13356,local_pca_8,2.787865607598235,1.008693914783411,2.22278975269975,0.6986537838534687,0.971273368168709,0.1478098463189889,0.7938257606872462,
chirp_9db,validation,mixed_damage,13356,local_pca_16,3.204533380655658,1.1594509118294276,2.4833717459242077,0.6986537838534687,1.0485344186389376,-0.0981909751550309,0.6695510448336055,
chirp_9db,validation,mixed_damage,13356,local_pca_32,3.492600374255265,1.2636781108385664,2.572854882065135,0.6986537838534687,1.1045364983681942,-0.02048857409843262,0.5809229968036008,
chirp_9db,validation,mixed_damage,13356,local_dictionary_8,3.2707642383311155,1.1834142847144191,2.616419254289835,0.6986537838534687,1.0612391150247804,-0.06964513335937414,0.645107862175917,
chirp_9db,validation,mixed_damage,13356,local_dictionary_24,3.1211245234450256,1.1292722667476491,2.447052772210553,0.6986537838534687,1.0326899019139737,0.17173666557238002,0.6614153962826883,
chirp_9db,validation,mixed_damage,13469,zero_fill,2.4936140605031003,1.0,1.3321095461269918,0.8808531841911023,1.0564281229759795,,0.8984294569001469,
chirp_9db,validation,mixed_damage,13469,linear,2.5997403918745974,1.0425592448536665,1.4077407671278046,0.8808531841911023,1.0722984975811989,-0.07667905288695921,0.8665888615506945,
chirp_9db,validation,mixed_damage,13469,pchip,2.578127844503334,1.0338920867261965,1.4036404477542415,0.8808531841911023,1.0690322189981423,-0.10431535627782582,0.8749116574738401,
chirp_9db,validation,mixed_damage,13469,autoregression,2.820188486841494,1.1309643025803704,1.6749788017159761,0.8808531841911023,1.1065712268875696,0.5326504824859503,0.6993721548108671,
chirp_9db,validation,mixed_damage,13469,pca_r32_l01,5.485165781005833,2.1996851348757516,3.243306441798124,0.41136742999139486,1.4279660159205299,0.5680596426926552,0.7333741709680174,
chirp_9db,validation,mixed_damage,13469,pca_r64_l01,2.8140750221993485,1.1285126542924584,1.866968126434974,0.2313864282694925,0.7383306093129943,0.5587064065683193,0.8901460099444806,
chirp_9db,validation,mixed_damage,13469,pca_r96_l01,2.539654192904973,1.018463214950185,1.677369956186403,0.1656646519626321,0.6548623458974179,0.4871446792361764,0.9082878792334999,
chirp_9db,validation,mixed_damage,13469,pca_r64_l001,5.18013260361041,2.077359398015782,3.2568233992162514,0.21258258515561396,1.3112885867453823,0.5311045423100391,0.7708035172509026,
chirp_9db,validation,mixed_damage,13469,pca_r64_l1,1.9162318193212684,0.7684556522490326,1.2066596031634296,0.3545948849092263,0.5893856638184856,0.6399049927487365,0.9286846079943453,
chirp_9db,validation,mixed_damage,13469,template_1,2.914855160526887,1.1689279454651451,1.6356019583232113,0.9407077221987247,1.1664675811481786,0.2662408171833574,0.6618097665343177,
chirp_9db,validation,mixed_damage,13469,dictionary_8,2.64641430491985,1.0612766212851403,1.434119049112868,0.8437954340072862,1.051289972190641,0.1975250825015157,0.7319460196724784,
chirp_9db,validation,mixed_damage,13469,dictionary_24,1.6526479884069503,0.6627521133216259,0.944512236255317,0.6990468535888311,0.7929865590866046,0.7487331637207552,0.8584980727505787,
chirp_9db,validation,mixed_damage,13469,dictionary_48,1.327113587841193,0.532204886418326,0.8689640166432633,0.47953545220319715,0.5706654133459353,0.8607001045099864,0.9290636163574844,
chirp_9db,validation,mixed_damage,13469,local_pca_8,3.509052831089224,1.4072156901382138,2.043026376071743,0.8808531841911023,1.2235191751886585,0.41426906941791863,0.6158902406844832,
chirp_9db,validation,mixed_damage,13469,local_pca_16,2.4326398117629964,0.9755478404995029,1.6358146209511228,0.8808531841911023,1.0475051144048286,0.5493522902503168,0.7589138383369614,
chirp_9db,validation,mixed_damage,13469,local_pca_32,2.1691066369564513,0.8698646159056475,1.518019370544084,0.8808531841911023,1.0106791832717799,0.5993607470753493,0.801973329471264,
chirp_9db,validation,mixed_damage,13469,local_dictionary_8,3.134236374023199,1.2569051577255101,1.639923458376014,0.8808531841911023,1.158176709038396,0.33523545810075916,0.6633974862221551,
chirp_9db,validation,mixed_damage,13469,local_dictionary_24,4.2541659594042045,1.7060242107176373,2.204660943126993,0.8808531841911023,1.3632787451500785,-0.12073948625478428,0.4896441488252822,
chirp_9db,validation,mixed_damage,13582,zero_fill,2.6076728268752367,1.0,1.3941909725435546,0.26579247816170337,0.7008763351036678,,0.5019314363831703,
chirp_9db,validation,mixed_damage,13582,linear,2.763149481486998,1.0596227613408344,1.4744632857292679,0.26579247816170337,0.7371685559775304,-0.021286455189649497,0.3049320256088454,
chirp_9db,validation,mixed_damage,13582,pchip,2.6972604153380537,1.0343553790719096,1.4520779094352159,0.26579247816170337,0.7217556013750301,-0.019681562540522935,0.35963968094821325,
chirp_9db,validation,mixed_damage,13582,autoregression,2.327326275025595,0.8924916695989121,1.3470675965574197,0.26579247816170337,0.63620614839721,0.45721884647291033,0.6041304541896514,
chirp_9db,validation,mixed_damage,13582,pca_r32_l01,3.788445469721938,1.4528070510523423,1.8497392926779943,0.12090772882151059,0.9543191047937108,0.23796751646897868,0.39923583899391096,
chirp_9db,validation,mixed_damage,13582,pca_r64_l01,2.697940009094675,1.0346159921939306,1.3828208632470411,0.1179169358913064,0.6840799637662843,0.4162030170062799,0.5785948026199441,
chirp_9db,validation,mixed_damage,13582,pca_r96_l01,2.848980481510743,1.0925375500133827,1.4377308520200858,0.1019454141104122,0.7190524492301195,0.27515899831163554,0.501903652174191,
chirp_9db,validation,mixed_damage,13582,pca_r64_l001,2.7729236434906275,1.0633709930602797,1.524974738874369,0.11580057683712175,0.7022398155440958,0.7121728382452709,0.7513893220657848,
chirp_9db,validation,mixed_damage,13582,pca_r64_l1,2.622753446352484,1.0057831716164018,1.2895713513370328,0.13480378745227825,0.6685533148628657,0.26927437122440107,0.5221279885977164,
chirp_9db,validation,mixed_damage,13582,template_1,3.2068870613452223,1.2297888862031905,1.5149799854152421,0.13573574868772642,0.8124225934781671,0.4521955509041134,0.555742652978528,
chirp_9db,validation,mixed_damage,13582,dictionary_8,2.2325615563878234,0.856150945539856,1.0790926090157607,0.10952760728649284,0.5681260618488088,0.520222109572873,0.6775954791710227,
chirp_9db,validation,mixed_damage,13582,dictionary_24,3.3714094251857976,1.292880529504824,1.5442065557628282,0.10030999784478849,0.8484299082439705,-0.07612344769075322,0.2784532948709839,
chirp_9db,validation,mixed_damage,13582,dictionary_48,3.2744766220003303,1.255708380381492,1.4664807686671397,0.09084539005004441,0.8233312828619953,0.026558912691287104,0.3381575168564204,
chirp_9db,validation,mixed_damage,13582,local_pca_8,3.1493635615077755,1.2077295621788737,1.5403875037239056,0.26579247816170337,0.8283332460528429,0.30877138343873467,0.37633889035767754,
chirp_9db,validation,mixed_damage,13582,local_pca_16,2.844467452778609,1.0908068770985824,1.3792335442669441,0.26579247816170337,0.7562522608076505,0.28621627058778937,0.3873241358189421,
chirp_9db,validation,mixed_damage,13582,local_pca_32,2.752700393126518,1.0556157063710585,1.3390695659147502,0.26579247816170337,0.7347212088621174,0.31932638639412514,0.41728691319089595,
chirp_9db,validation,mixed_damage,13582,local_dictionary_8,4.779804300403978,1.8329769943308405,2.2639295142268683,0.26579247816170337,1.2223495247849132,-0.13992679467220073,-0.02198720998266858,
chirp_9db,validation,mixed_damage,13582,local_dictionary_24,5.524111179653802,2.118406543459411,2.5581500760439058,0.26579247816170337,1.4048017864383529,-0.13152122504071517,-0.03349216475614321,
chirp_9db,validation,mixed_damage,13695,zero_fill,3.3666796938721446,1.0,1.742899392292621,0.24290483495253978,0.8739126652511123,,0.37562783553369616,
chirp_9db,validation,mixed_damage,13695,linear,3.3666455268984596,0.9999898514332245,1.7549920279388402,0.24290483495253978,0.8739044386557381,0.02712166467399396,0.3748664468212835,
chirp_9db,validation,mixed_damage,13695,pchip,3.3667361597365026,1.0000167719740196,1.7576755317615567,0.24290483495253978,0.8739262609027401,0.027602843507009308,0.37438278273421155,
chirp_9db,validation,mixed_damage,13695,autoregression,3.3197324328425966,0.9860553229595916,1.729505994429461,0.24290483495253978,0.8626146593466878,0.2783747045791465,0.4287676524236164,
chirp_9db,validation,mixed_damage,13695,pca_r32_l01,2.9692823044279293,0.8819616281977946,1.564887421241872,0.10982572234252189,0.7498984407367143,0.49039308729866016,0.5894624127278308,
chirp_9db,validation,mixed_damage,13695,pca_r64_l01,3.1179236452390704,0.926112350668272,1.6084642859507232,0.09596846946558166,0.7849998831414875,0.3772989234425468,0.5234075359056216,
chirp_9db,validation,mixed_damage,13695,pca_r96_l01,3.03088737019545,0.9002600917788864,1.5997742055312214,0.08033033150930038,0.7617033823615416,0.463759044300098,0.5690069868386967,
chirp_9db,validation,mixed_damage,13695,pca_r64_l001,4.544066043005085,1.3497173643444482,2.299574494990133,0.08794751777916533,1.1392036059086585,-0.1064567437859487,0.10273582135840896,
chirp_9db,validation,mixed_damage,13695,pca_r64_l1,3.080641470729151,0.9150384802974796,1.609641511251675,0.11225400485188052,0.7777919988361106,0.4302400618061247,0.543389730054335,
chirp_9db,validation,mixed_damage,13695,template_1,4.128909266257058,1.2264039474180701,2.2372770327006215,0.11208176748492242,1.037916379339563,0.06822099820893664,0.23972449518478164,
chirp_9db,validation,mixed_damage,13695,dictionary_8,3.439643607091577,1.0216723656106155,1.721470777147046,0.08781761220845591,0.8641045632262869,0.24201428603360764,0.41617484719929626,
chirp_9db,validation,mixed_damage,13695,dictionary_24,3.3135481865103373,0.9842184252162407,1.701683119735824,0.08111377919219531,0.8321017539170221,0.21299768951521006,0.4341408573590279,
chirp_9db,validation,mixed_damage,13695,dictionary_48,3.2753979038523338,0.97288670193783,1.6835834841152593,0.07225965631806418,0.8218330615736512,0.23340596370539657,0.45208420384093567,
chirp_9db,validation,mixed_damage,13695,local_pca_8,3.051377573565199,0.9063462672493489,1.610539122658035,0.24290483495253978,0.7982773045403164,0.4316515742321387,0.49908381913222327,
chirp_9db,validation,mixed_damage,13695,local_pca_16,3.0583834521642275,0.9084272132365125,1.579724400288372,0.24290483495253978,0.7999511986334613,0.4610787433338359,0.5607903025269734,
chirp_9db,validation,mixed_damage,13695,local_pca_32,2.975848452234482,0.8839119615836833,1.5511549509167968,0.24290483495253978,0.7802529795407774,0.5300327267164103,0.6112798423875535,
chirp_9db,validation,mixed_damage,13695,local_dictionary_8,2.6744810258014566,0.7943972307996534,1.3801868320221904,0.24290483495253978,0.7087793265547211,0.6227997484552528,0.6666945973968874,
chirp_9db,validation,mixed_damage,13695,local_dictionary_24,2.9655191785454558,0.8808438723598029,1.4736006334796696,0.24290483495253978,0.7777911585449337,0.4834456472222579,0.5622173014352839,
chirp_9db,validation,mixed_damage,13808,zero_fill,5.727584845206651,1.0,2.8480933914593,0.3597320983105634,1.4736505669884208,,0.3681227557952306,
chirp_9db,validation,mixed_damage,13808,linear,5.729983337939511,1.000418761624259,2.848074867316535,0.3597320983105634,1.474233207284982,0.0008585310769848952,0.3629428453246572,
chirp_9db,validation,mixed_damage,13808,pchip,5.729256235633525,1.0002918141716002,2.848270908552572,0.3597320983105634,1.4740565786264244,-0.0021707722300546377,0.3647681270695173,
chirp_9db,validation,mixed_damage,13808,autoregression,5.735274791180654,1.0013426158113465,2.841499381643499,0.3597320983105634,1.4755186517940928,-0.0015547821797167124,0.35464307034327514,
chirp_9db,validation,mixed_damage,13808,pca_r32_l01,6.9436108207346905,1.2123104254921195,3.5084115810040637,0.22805190806188821,1.7498901094315875,-0.25198222622081656,0.039260446428947694,
chirp_9db,validation,mixed_damage,13808,pca_r64_l01,6.368556602125844,1.1119096048757122,3.233723570486379,0.15497723254870738,1.5991947648271208,-0.2954155593120575,0.14837146172921423,
chirp_9db,validation,mixed_damage,13808,pca_r96_l01,5.730023591745908,1.0004257896836393,2.814406645739663,0.13512273404919317,1.4384679927969073,0.0874995589171709,0.37363814456499467,
chirp_9db,validation,mixed_damage,13808,pca_r64_l001,9.077925463541138,1.5849482301669173,4.695015379874099,0.1514080947175783,2.274211359031943,-0.6470585684512277,-0.350129795353992,
chirp_9db,validation,mixed_damage,13808,pca_r64_l1,5.6453062485842525,0.9856346786916206,2.817284411758326,0.18614592793352716,1.4227885743672073,0.17065842461746888,0.39853314524249095,
chirp_9db,validation,mixed_damage,13808,template_1,5.883420920802596,1.0272079907688076,2.941848970368701,0.514406186185188,1.5528974450426838,-0.4210564258497561,0.11338814869333604,
chirp_9db,validation,mixed_damage,13808,dictionary_8,6.148734833261493,1.0735301177436591,3.0856300850399743,0.4097927103014574,1.587566751175491,-0.34948664155301074,0.09038216662585573,
chirp_9db,validation,mixed_damage,13808,dictionary_24,6.309935460887999,1.1016747252847263,3.1836868206680635,0.39730797393201106,1.623712757710343,-0.38028158339842394,0.052808902270940775,
chirp_9db,validation,mixed_damage,13808,dictionary_48,6.061393685954216,1.0582809071832302,2.9366179390504703,0.3328703624782645,1.5492444446683478,-0.3302528200460334,0.1794160025692888,
chirp_9db,validation,mixed_damage,13808,local_pca_8,5.7762224229268675,1.008491812698492,2.7755241389839327,0.3597320983105634,1.4854682177988305,0.06846394530377255,0.2865575307517963,
chirp_9db,validation,mixed_damage,13808,local_pca_16,5.502723070921746,0.9607405598761075,2.7329352124823254,0.3597320983105634,1.4190901339762185,0.29505219864810056,0.45088792627622853,
chirp_9db,validation,mixed_damage,13808,local_pca_32,5.602042794015117,0.9780811538223483,3.097072908926803,0.3597320983105634,1.4431733957736272,0.20905027371060753,0.3811564910944551,
chirp_9db,validation,mixed_damage,13808,local_dictionary_8,6.238884275086232,1.0892696387217173,3.2082212942122306,0.3597320983105634,1.5981392448767189,-0.1288660345190956,0.07892433023082378,
chirp_9db,validation,mixed_damage,13808,local_dictionary_24,4.158379695701746,0.7260267299543971,2.0753072867265203,0.3597320983105634,1.0963926484142315,0.8494619945694636,0.8659847307345745,
chirp_9db,validation,mixed_damage,13921,zero_fill,1.901003614059261,1.0,1.4920631145454668,0.6852923254170531,0.8161724048033239,,0.9022119290378439,
chirp_9db,validation,mixed_damage,13921,linear,2.0572487222755718,1.0821908528004724,1.570405717539673,0.6852923254170531,0.8395183095992143,-0.02713231092160953,0.8450613149033527,
chirp_9db,validation,mixed_damage,13921,pchip,2.063097593919528,1.085267581114243,1.5765830833897974,0.6852923254170531,0.8404148994384124,-0.021015775278163413,0.8423186689474206,
chirp_9db,validation,mixed_damage,13921,autoregression,1.786086094170381,0.9395490260833887,1.3852745484549298,0.6852923254170531,0.7997846235441096,0.4978360908994718,0.9199225167052064,
chirp_9db,validation,mixed_damage,13921,pca_r32_l01,6.857255609077149,3.6071765242122176,4.372704609842305,0.5187738215980849,1.786386867706927,-0.1523655583830535,0.384692123579126,
chirp_9db,validation,mixed_damage,13921,pca_r64_l01,2.6799966323942717,1.409779872365212,1.931445318388925,0.2752086799107864,0.7210443472889775,-0.034153009173609694,0.820813047898484,
chirp_9db,validation,mixed_damage,13921,pca_r96_l01,2.4944671774255114,1.312184342511066,1.7921763034706488,0.18067806178762713,0.6476898818793992,-0.02000209473399857,0.8539244733934287,
chirp_9db,validation,mixed_damage,13921,pca_r64_l001,5.090063524774387,2.677566463908738,3.337394662177199,0.2719397778945288,1.2994714148515,0.07934709449260342,0.6259043700868342,
chirp_9db,validation,mixed_damage,13921,pca_r64_l1,2.023023734502437,1.0641872111871598,1.4450046764873874,0.34448377072215786,0.6058393482766559,0.1576322673806546,0.8705409590277847,
chirp_9db,validation,mixed_damage,13921,template_1,1.8631653409309281,0.9800956332494625,1.4597644598816677,1.0022379863071087,1.07641185791035,0.1974190019999913,0.4768029358820845,
chirp_9db,validation,mixed_damage,13921,dictionary_8,1.8674677659707553,0.9823588719976729,1.458996779733901,0.9040052697748777,0.9920250366564295,0.1854854612222558,0.5924267733695112,
chirp_9db,validation,mixed_damage,13921,dictionary_24,1.7414070916930102,0.916046176248208,1.3658900101294815,0.6201268663890614,0.7416560277202912,0.40005672487618243,0.8018525520519898,
chirp_9db,validation,mixed_damage,13921,dictionary_48,1.8573346365561187,0.9770284616082897,1.468580496603951,0.4776473154095347,0.6553575513088297,0.26659672160387093,0.8458741238699159,
chirp_9db,validation,mixed_damage,13921,local_pca_8,1.8235492372535644,0.9592560602026914,1.3568192909826582,0.6852923254170531,0.8050510616500025,0.3761460372194186,0.8442715806620372,
chirp_9db,validation,mixed_damage,13921,local_pca_16,1.9001514235613275,0.999551715477219,1.4174560051229874,0.6852923254170531,0.8160483671938057,0.3204785730652231,0.8293502920364845,
chirp_9db,validation,mixed_damage,13921,local_pca_32,2.015997296609562,1.0604910383651254,1.4879697759921808,0.6852923254170531,0.8332402365565761,0.21060673397614346,0.8116088822988747,
chirp_9db,validation,mixed_damage,13921,local_dictionary_8,1.4352039300291497,0.7549716999035696,1.0686175157670466,0.6852923254170531,0.7543289190525492,0.7079692122786195,0.9371383712184179,
chirp_9db,validation,mixed_damage,13921,local_dictionary_24,1.6921279793267086,0.8901234941439511,1.2821087874670136,0.6852923254170531,0.7869117115166484,0.49121269206229395,0.8563736222162592,
chirp_9db,validation,mixed_damage,14034,zero_fill,1.9522107069591474,1.0,1.0737013829838349,0.4906204152979118,0.6810723402736106,,0.8117758443115656,
chirp_9db,validation,mixed_damage,14034,linear,1.9564673299282733,1.0021804116502138,1.0812530865779748,0.4906204152979118,0.6818353123960313,-0.03770621612255125,0.8093893834852838,
chirp_9db,validation,mixed_damage,14034,pchip,1.9559763246198727,1.0019288991947959,1.0792133867700824,0.4906204152979118,0.6817472616868319,-0.07001404758643835,0.8098960289346073,
chirp_9db,validation,mixed_damage,14034,autoregression,1.9790791658987057,1.0137630937294724,1.075930279969811,0.4906204152979118,0.6859017888654299,-0.16515793416032223,0.7972769621488816,
chirp_9db,validation,mixed_damage,14034,pca_r32_l01,5.425266132016521,2.7790371770202835,2.8927722960362665,0.47950171205365844,1.433578149708391,0.1285233021548725,0.3320844912671093,
chirp_9db,validation,mixed_damage,14034,pca_r64_l01,3.889307331186107,1.992257965455107,2.4775082720818715,0.2731753561879356,1.007660754695128,-0.1273860033503789,0.4744297136347066,
chirp_9db,validation,mixed_damage,14034,pca_r96_l01,2.5029052952038207,1.2820876795120442,1.5607061408528415,0.18493026814255475,0.6508419056253448,-0.07554986730020595,0.7173405035821934,
chirp_9db,validation,mixed_damage,14034,pca_r64_l001,13.846507969259154,7.092732316188916,7.925602737523057,0.2551708777761735,3.470432840400938,-0.28376219102915756,0.02326083774336812,
chirp_9db,validation,mixed_damage,14034,pca_r64_l1,1.868309255486826,0.9570223382275111,1.0941066355850295,0.3557805081553942,0.58037035717976,0.30880124025181627,0.7768911789074545,
chirp_9db,validation,mixed_damage,14034,template_1,3.1016559961957775,1.5887916120627463,1.6687482172136794,0.703510031937856,1.032114498078316,0.4971022822801031,0.3891690708977796,
chirp_9db,validation,mixed_damage,14034,dictionary_8,1.680058831889299,0.8605929810241822,0.873786207490961,0.5600971390819875,0.6859404928967348,0.5968847512906281,0.6608770622259509,
chirp_9db,validation,mixed_damage,14034,dictionary_24,1.7707860540519926,0.9070670741327148,1.0412047362497632,0.5350497779699538,0.6814441110066584,0.61189518775989,0.6751224996887636,
chirp_9db,validation,mixed_damage,14034,dictionary_48,3.2543452849282577,1.6670051410574294,1.8403645077903694,0.5218419510417278,0.9577169650247777,0.5859805967761462,0.5766312194590744,
chirp_9db,validation,mixed_damage,14034,local_pca_8,2.342730539560265,1.2000397965286282,1.2522076896688432,0.4906204152979118,0.75411422624472,0.4682921229911242,0.5867030814854489,
chirp_9db,validation,mixed_damage,14034,local_pca_16,1.9922381386438315,1.0205036431477381,1.2080309538499663,0.4906204152979118,0.6882785900197622,0.3483657414454948,0.6671808010254775,
chirp_9db,validation,mixed_damage,14034,local_pca_32,1.9889029505103746,1.0187952270830338,1.4006553112675082,0.4906204152979118,0.6876754696600763,0.3495358269228837,0.6683755878517247,
chirp_9db,validation,mixed_damage,14034,local_dictionary_8,2.500451241088921,1.280830615350808,1.5917760773524579,0.4906204152979118,0.7851306534452386,0.1123497579068688,0.5114339283700104,
chirp_9db,validation,mixed_damage,14034,local_dictionary_24,2.059354665357731,1.0548833986088908,1.3906258651118089,0.4906204152979118,0.7005162166367512,0.43851364850464014,0.636933967275987,
chirp_9db,validation,mixed_damage,14147,zero_fill,2.5783021785627276,1.0,1.382722679277991,0.2389467444703631,0.6848391838771385,,0.46049803537074974,
chirp_9db,validation,mixed_damage,14147,linear,2.5887033286180388,1.004034108236727,1.3913616625447662,0.2389467444703631,0.6872871545064374,0.002244045527478774,0.43088290064226975,
chirp_9db,validation,mixed_damage,14147,pchip,2.5822659134377632,1.0015373430267376,1.392850713746723,0.2389467444703631,0.6857719395003589,0.011931975811948135,0.445477841238684,
chirp_9db,validation,mixed_damage,14147,autoregression,2.569874430158077,0.99673127980315,1.3678603140571592,0.2389467444703631,0.6828564905589185,0.08405067192356076,0.46463031643795466,
chirp_9db,validation,mixed_damage,14147,pca_r32_l01,2.9675942176106522,1.150987747784061,1.4860123225435098,0.11650826986278551,0.7504260495958475,0.2763812083251403,0.4519617345954301,
chirp_9db,validation,mixed_damage,14147,pca_r64_l01,2.7793762431808138,1.0779870048941178,1.4355299857413608,0.10064459179721968,0.7016441543362779,0.07815982798708085,0.40702203946609306,
chirp_9db,validation,mixed_damage,14147,pca_r96_l01,2.8933176796132756,1.1221794340747728,1.4566991887239977,0.09459730878533522,0.7291054860925548,-0.009023577125511864,0.3547594575135884,
chirp_9db,validation,mixed_damage,14147,pca_r64_l001,2.998375023869496,1.1629261491532918,1.7068051750789337,0.09758344265041084,0.7555250950480149,0.03102814509822373,0.3421972842699496,
chirp_9db,validation,mixed_damage,14147,pca_r64_l1,2.756124875001952,1.0689689121460355,1.3745719318083163,0.114913179349727,0.697956835539834,0.05485253042317476,0.39864526240490356,
chirp_9db,validation,mixed_damage,14147,template_1,4.114058899306436,1.595646520222783,1.9713488968425463,0.1256071234215715,1.035680267649484,-0.33908160771414,-0.024098431116541637,
chirp_9db,validation,mixed_damage,14147,dictionary_8,3.3724615180375923,1.308016393919183,1.5529613292224864,0.09100365193070611,0.8477072630268401,-0.10192446110678292,0.21926589958859855,
chirp_9db,validation,mixed_damage,14147,dictionary_24,3.086920858800796,1.1972688401177234,1.488209438974374,0.08824330185306162,0.7764455709082415,0.019703927062865265,0.32284344367581225,
chirp_9db,validation,mixed_damage,14147,dictionary_48,2.831378297644332,1.0981561126487824,1.3751482741339767,0.07654764999742401,0.7117143126447067,0.16335120694830355,0.42784978207025276,
chirp_9db,validation,mixed_damage,14147,local_pca_8,2.658088697903681,1.0309453717273087,1.3210222107643044,0.2389467444703631,0.7036453619508046,0.29477652276211735,0.3975847878335589,
chirp_9db,validation,mixed_damage,14147,local_pca_16,2.9744589161120714,1.1536502357416387,1.4290790825256479,0.2389467444703631,0.7787746402214737,-0.03198915765185406,0.16586778007356612,
chirp_9db,validation,mixed_damage,14147,local_pca_32,2.9184947224150655,1.1319444038332147,1.4333183082674932,0.2389467444703631,0.76542654142802,-0.0004584512393452881,0.19495230341054573,
chirp_9db,validation,mixed_damage,14147,local_dictionary_8,3.487886212267597,1.3527841078007063,1.689861770594645,0.2389467444703631,0.9021427073266034,-0.3322724134060755,-0.10132185213749087,
chirp_9db,validation,mixed_damage,14147,local_dictionary_24,3.5653748600692854,1.3828382451496823,1.7283275274798606,0.2389467444703631,0.9208803903469512,-0.31894522360786126,-0.1036933787327189,
chirp_9db,validation,mixed_damage,14260,zero_fill,3.2431788887803594,1.0,1.8077524902865005,0.22907022104011723,0.840584127152851,,0.361433424364432,
chirp_9db,validation,mixed_damage,14260,linear,3.2452028757178004,1.0006240750223316,1.8116730454544583,0.22907022104011723,0.8410722024994943,-0.004478557152952806,0.3569268431716305,
chirp_9db,validation,mixed_damage,14260,pchip,3.2453966239626135,1.0006838152498854,1.8121068603708759,0.22907022104011723,0.8411189251281017,-0.0026455126215246217,0.3563209309375928,
chirp_9db,validation,mixed_damage,14260,autoregression,3.2116415196172703,0.9902757848874166,1.7810148914843105,0.22907022104011723,0.8329817953833104,0.2951403842711953,0.4058800063901497,
chirp_9db,validation,mixed_damage,14260,pca_r32_l01,3.096863453520649,0.9548851789317319,1.6380045745876055,0.10637272488279241,0.7810365948027296,0.3001554499382719,0.46648272952131936,
chirp_9db,validation,mixed_damage,14260,pca_r64_l01,3.1233896680714133,0.9630642573792794,1.7128972906047975,0.09770012918083418,0.7865566868972529,0.28525712975564316,0.45741990615694095,
chirp_9db,validation,mixed_damage,14260,pca_r96_l01,3.089191898052307,0.9525197357257216,1.676653357817675,0.07350839475067308,0.775570711011991,0.3047878914768907,0.4774691976473511,
chirp_9db,validation,mixed_damage,14260,pca_r64_l001,3.4370969806972274,1.059792598116533,1.8892621753252137,0.0898775967742065,0.8636696920244813,0.3183073226996945,0.43735078535575206,
chirp_9db,validation,mixed_damage,14260,pca_r64_l1,3.16958436811129,0.9773079058562983,1.712247166484155,0.10723066002411882,0.7991691499345416,0.2114691096311322,0.42454300074785906,
chirp_9db,validation,mixed_damage,14260,template_1,4.009289382996721,1.2362220896499694,2.186155374980431,0.10479708736451011,1.0074453396900591,-0.13078426205426721,0.10993607179335983,
chirp_9db,validation,mixed_damage,14260,dictionary_8,3.897977291811996,1.2019001804978702,2.0546821797651886,0.082094374778106,0.9777307676143233,-0.025245974632808928,0.18880122664985888,
chirp_9db,validation,mixed_damage,14260,dictionary_24,3.499325323358811,1.0789800511666439,1.8433450478518998,0.07520643503201603,0.8778566880744835,0.08984297344214455,0.30978714720580985,
chirp_9db,validation,mixed_damage,14260,dictionary_48,3.257472125107347,1.0044071686506206,1.7041653270969697,0.07068131646348307,0.81723858103473,0.2469554086072261,0.42103216370272223,
chirp_9db,validation,mixed_damage,14260,local_pca_8,3.1793236730187373,0.9803109177904041,1.690803413351074,0.22907022104011723,0.8251968140361986,0.23174946968885593,0.3550736735883002,
chirp_9db,validation,mixed_damage,14260,local_pca_16,3.0533285441927607,0.9414616488642122,1.6262529956255587,0.22907022104011723,0.7949022224184559,0.3380259825783199,0.4509463908781055,
chirp_9db,validation,mixed_damage,14260,local_pca_32,3.1229171363216492,0.9629185571986946,1.6743713758140018,0.22907022104011723,0.8116229471266942,0.2706916923238212,0.40144686768797083,
chirp_9db,validation,mixed_damage,14260,local_dictionary_8,3.4569004207446583,1.065898779960507,1.8517639680475777,0.22907022104011723,0.8922323832477415,0.04930139370649313,0.18534413008308517,
chirp_9db,validation,mixed_damage,14260,local_dictionary_24,3.051705975691353,0.9409613469823084,1.5982215200389134,0.22907022104011723,0.7945126987099087,0.3383011225427885,0.4458188757990213,
chirp_9db,validation,mixed_damage,14373,zero_fill,2.0383600940599718,1.0,1.0920185168861014,0.23573135470274656,0.5583710094387322,,0.5300933222087654,
chirp_9db,validation,mixed_damage,14373,linear,2.0401416096138054,1.000873994520902,1.0947397128405083,0.23573135470274656,0.5587775083344606,-0.024562568092204546,0.5268979051163583,
chirp_9db,validation,mixed_damage,14373,pchip,2.040108331226849,1.0008576684620014,1.094626337785773,0.23573135470274656,0.5587699144656434,-0.023988938228572662,0.5267689328878155,
chirp_9db,validation,mixed_damage,14373,autoregression,2.0237181124108066,0.9928167836037245,1.0666110009124188,0.23573135470274656,0.5550323229523124,0.12825270724048635,0.5390757531141965,
chirp_9db,validation,mixed_damage,14373,pca_r32_l01,2.4014359862580927,1.178121566084505,1.2238918074817813,0.1265034935565103,0.6127265807604059,-0.1071720692266324,0.37298196525966737,
chirp_9db,validation,mixed_damage,14373,pca_r64_l01,2.0314516819949775,0.9966107990020379,1.030038691269946,0.12086523218668167,0.5211718767326985,0.19100834875737885,0.5550335586564819,
chirp_9db,validation,mixed_damage,14373,pca_r96_l01,2.194543062442371,1.0766218730623385,1.0622371530171075,0.10878864989554277,0.5586559656949753,-0.06049624566898009,0.47119495232092956,
chirp_9db,validation,mixed_damage,14373,pca_r64_l001,2.07992988462288,1.0203937423441756,1.198215055185793,0.11949940378002027,0.5327000761160103,0.6337565934304045,0.7118653281621955,
chirp_9db,validation,mixed_damage,14373,pca_r64_l1,2.4480870627299853,1.2010081387798004,1.1717445248381284,0.1276603282162014,0.6243790744466634,-0.44233704406519836,0.3053365134057238,
chirp_9db,validation,mixed_damage,14373,template_1,4.502583972085737,2.2089247062905186,2.3003088979383466,0.12962570009374566,1.132621537561071,-0.5209506679054485,-0.1799056251251637,
chirp_9db,validation,mixed_damage,14373,dictionary_8,3.6451564195191977,1.7882789356707016,1.793902966422198,0.11670768871525691,0.918268601494168,-0.512621664540445,-0.06674990334027714,
chirp_9db,validation,mixed_damage,14373,dictionary_24,3.0856108171720606,1.513771205668667,1.4335730432026994,0.1107150923598606,0.778815670994789,-0.5656951530395424,0.04304196010924119,
chirp_9db,validation,mixed_damage,14373,dictionary_48,2.9888086157033844,1.466280969890028,1.3703807153019607,0.10767688724682878,0.7544406712098986,-0.49129700756983447,0.09714665186586101,
chirp_9db,validation,mixed_damage,14373,local_pca_8,1.9407312813353887,0.9521042366316506,0.920922414394705,0.23573135470274656,0.5361889231070741,0.306266824845012,0.5382364156370479,
chirp_9db,validation,mixed_damage,14373,local_pca_16,2.1825743984503205,1.070750160783959,1.0149196952789588,0.23573135470274656,0.5914584769143065,-0.06684383688635745,0.32264215521231393,
chirp_9db,validation,mixed_damage,14373,local_pca_32,2.290119876143053,1.1235109453019316,1.1039608224169841,0.23573135470274656,0.6163495417047942,-0.15019785801429186,0.2316692423367254,
chirp_9db,validation,mixed_damage,14373,local_dictionary_8,2.8640501313908184,1.40507564867317,1.3588604297550804,0.23573135470274656,0.7515119023080093,-0.3708748911564038,-0.06194299769260867,
chirp_9db,validation,mixed_damage,14373,local_dictionary_24,3.116373073537281,1.5288628749251763,1.4053307570203688,0.23573135470274656,0.8118389698440078,-0.57044205488665,-0.22328264579866303,
chirp_9db,validation,mixed_damage,14486,zero_fill,2.551687532477335,1.0,1.5632428541832213,1.1221075851606654,1.259910481778536,,0.9250657099284181,
chirp_9db,validation,mixed_damage,14486,linear,2.5564379022112322,1.0018616580883966,1.5733942034413562,1.1221075851606654,1.2605122033817409,0.0008187368040308512,0.9238474503267593,
chirp_9db,validation,mixed_damage,14486,pchip,2.556155309769111,1.0017509108129077,1.5745692810464167,1.1221075851606654,1.2604763845910432,0.0035202849103308496,0.9238471308865192,
chirp_9db,validation,mixed_damage,14486,autoregression,2.5696443511019855,1.0070372325749528,1.5419758056824393,1.1221075851606654,1.2621894068759263,0.13750205135507762,0.9034778945325243,
chirp_9db,validation,mixed_damage,14486,pca_r32_l01,7.503350148033837,2.9405442682667045,4.401700289130676,0.4977727088481532,1.9367648361557384,0.3493976372534895,0.676312873478006,
chirp_9db,validation,mixed_damage,14486,pca_r64_l01,3.4796357932175592,1.3636606163291927,2.1671827217930915,0.29577201300220773,0.9158357354273291,0.44226183228227156,0.8900571905737288,
chirp_9db,validation,mixed_damage,14486,pca_r96_l01,2.6530771820778734,1.0397343516046038,1.8074366883110924,0.21491854947120947,0.6951469393977254,0.3849744473008549,0.9317913140406289,
chirp_9db,validation,mixed_damage,14486,pca_r64_l001,9.707968005340229,3.804528525448074,5.525767684393302,0.2786920739098124,2.4419469930980773,0.5531468485625999,0.66392854947936,
chirp_9db,validation,mixed_damage,14486,pca_r64_l1,2.5997687090822255,1.0188428935725569,1.6366235649122194,0.40541981136713495,0.7592873176726939,0.22624140030761575,0.9195176516876387,
chirp_9db,validation,mixed_damage,14486,template_1,2.5209439045133215,0.9879516486353775,1.566966271084473,1.5586098372238293,1.6354305155689555,0.20536338623472467,0.5165754097061848,
chirp_9db,validation,mixed_damage,14486,dictionary_8,4.2868496199024495,1.6800057081207402,2.3726802215634106,1.0869092817367776,1.5020331318029643,-0.46231189298607167,0.6332170199807896,
chirp_9db,validation,mixed_damage,14486,dictionary_24,3.792252027151567,1.4861741411848401,2.047424476464311,0.809426092118906,1.2300593079318987,-0.5145197530910569,0.7673870559218758,
chirp_9db,validation,mixed_damage,14486,dictionary_48,3.1090162231249305,1.2184157282402468,1.8952963924128738,0.6214061935751505,0.9829218794256162,-0.3358251851995524,0.8568093432027237,
chirp_9db,validation,mixed_damage,14486,local_pca_8,2.2820311339866626,0.8943223278483188,1.4856889045013997,1.1221075851606654,1.2271549307903973,0.45991904005773976,0.8971228222645968,
chirp_9db,validation,mixed_damage,14486,local_pca_16,2.463849398727871,0.9655764537658005,1.683397262198592,1.1221075851606654,1.2489354304200986,0.301990962214833,0.8967203108597868,
chirp_9db,validation,mixed_damage,14486,local_pca_32,2.6191541464102523,1.0264399982655465,1.8322138247913569,1.1221075851606654,1.2685338469268497,0.26753717902443513,0.8559304164121031,
chirp_9db,validation,mixed_damage,14486,local_dictionary_8,2.0584748529532657,0.8067111771145317,1.4105202676438915,1.1221075851606654,1.2021907141331472,0.5986614609102401,0.9272834386232852,
chirp_9db,validation,mixed_damage,14486,local_dictionary_24,2.4182794299117565,0.9477176962823275,1.6172086079472177,1.1221075851606654,1.2433562666041467,0.3544750630550056,0.8938498406373362,
chirp_9db,validation,mixed_damage,14599,zero_fill,1.6438465041194157,1.0,0.9341537444389373,0.6800949144643159,0.7762154871276483,,0.9157307107534555,
chirp_9db,validation,mixed_damage,14599,linear,1.6545414962766112,1.006506077137004,0.9605028039986901,0.6800949144643159,0.7776343916449676,0.044557774259669114,0.9060167466024316,
chirp_9db,validation,mixed_damage,14599,pchip,1.6563143568917644,1.0075845602013964,0.961161794619097,0.6800949144643159,0.7778702349624725,0.044618939013800374,0.9050260495570402,
chirp_9db,validation,mixed_damage,14599,autoregression,1.5524566394091077,0.9444048671933246,0.8682548130083595,0.6800949144643159,0.7643648510139316,0.4659003158415702,0.9291422842746484,
chirp_9db,validation,mixed_damage,14599,pca_r32_l01,2.6536291090810673,1.6142803494311515,1.8145035612001925,0.4307484836051211,0.7836178632823865,0.4494429451342024,0.7893295858253911,
chirp_9db,validation,mixed_damage,14599,pca_r64_l01,1.3859301282588485,0.8431019105407721,0.9526990365155252,0.2870609240465707,0.44418900341891726,0.5728739122832466,0.9241627199960084,
chirp_9db,validation,mixed_damage,14599,pca_r96_l01,1.733405747443379,1.0544815121725364,1.0889283912714167,0.16044291682012937,0.4603547836068941,0.46713482029250175,0.9198336425386481,
chirp_9db,validation,mixed_damage,14599,pca_r64_l001,5.314921487105813,3.2332224899264164,3.158040389012892,0.27077280917344654,1.3543485317421586,0.3604145902054415,0.642794563290519,
chirp_9db,validation,mixed_damage,14599,pca_r64_l1,1.4427938935324358,0.8776938053016813,0.9309125827556766,0.3548396462637936,0.49814166142923755,0.48114790654494044,0.9080780190742719,
chirp_9db,validation,mixed_damage,14599,template_1,1.9004564241442221,1.1561033340897413,1.3120425492987395,1.028451690800144,1.1033309743883566,0.14155936395754917,0.3555299489477823,
chirp_9db,validation,mixed_damage,14599,dictionary_8,2.2255556700341392,1.3538707321255257,1.4915568569726108,0.7885451765653769,0.9447271587834543,0.04715267225123263,0.5949656949464911,
chirp_9db,validation,mixed_damage,14599,dictionary_24,2.5045386564740246,1.5235842581395207,1.6276602372744202,0.7287566902407724,0.9433652720888722,-0.244432177414762,0.605998320385681,
chirp_9db,validation,mixed_damage,14599,dictionary_48,2.0072072268001806,1.2210429755881689,1.2856511093643745,0.49617293581394595,0.6946984320926746,-0.09644876545986053,0.8025776779858512,
chirp_9db,validation,mixed_damage,14599,local_pca_8,2.4853926997112357,1.511937211584499,1.5275808014394197,0.6800949144643159,0.9053698575023524,-0.009530493954504485,0.6323901877997946,
chirp_9db,validation,mixed_damage,14599,local_pca_16,1.644994925980068,1.000698618671375,1.0433129140228454,0.6800949144643159,0.7763675312272993,0.3349117584646358,0.8398846470103025,
chirp_9db,validation,mixed_damage,14599,local_pca_32,2.088356393036655,1.2704083914181248,1.5509463077921022,0.6800949144643159,0.8403559072849894,0.18124133201213616,0.7199372545773054,
chirp_9db,validation,mixed_damage,14599,local_dictionary_8,1.9611357524914328,1.1930163476802138,1.056618162024455,0.6800949144643159,0.8209746429512726,0.07250570243543163,0.7740317883650657,
chirp_9db,validation,mixed_damage,14599,local_dictionary_24,3.1070726141472447,1.8901233213448099,1.8886774187093285,0.6800949144643159,1.018326955715451,-0.0767811134646198,0.5068122017347318,
chirp_9db,test,mixed_damage,16000,zero_fill,3.037224683497052,1.0,1.6589257773305863,0.6489432264677533,0.9855722780991076,,0.7878738561175652,False
chirp_9db,test,mixed_damage,16000,linear,3.0685174012161394,1.0103030631514087,1.6905115357718334,0.6489432264677533,0.9916119676202075,0.003331957306339344,0.7645545184701777,False
chirp_9db,test,mixed_damage,16000,pchip,3.077175937980802,1.0131538686290902,1.6960031381291516,0.6489432264677533,0.9932875156822574,0.0033187401121664247,0.7583195672880361,False
chirp_9db,test,mixed_damage,16000,autoregression,2.5710602253355503,0.8465163078996312,1.5608063216064663,0.6489432264677533,0.8988624877441681,0.532817479215163,0.7951396098870969,False
chirp_9db,test,mixed_damage,16000,pca_r32_l01,4.125992334887037,1.358474516984493,2.2058685196498495,0.28526690562815815,1.0678386716648305,0.9044319578305067,0.8547255569335482,False
chirp_9db,test,mixed_damage,16000,pca_r64_l01,1.8456722545280917,0.6076838057311551,1.1598812920602457,0.17148502580589542,0.4903833183254158,0.827625966741464,0.9277872891298454,False
chirp_9db,test,mixed_damage,16000,pca_r96_l01,1.4742759953461304,0.4854023488471894,0.9143528050607153,0.14818209554431536,0.39551064398227587,0.8862351160625898,0.9526250863675455,False
chirp_9db,test,mixed_damage,16000,pca_r64_l001,5.966389541849639,1.9644215241198275,3.147408153263937,0.15797677839522534,1.4994197649168906,0.5173618963495789,0.668615827238351,False
chirp_9db,test,mixed_damage,16000,pca_r64_l1,1.4705435761639276,0.4841734574838065,0.8761398807901362,0.2583194853659769,0.4446510399454513,0.9005503423282738,0.9477501464916913,False
chirp_9db,test,mixed_damage,16000,template_1,3.009786215085828,0.9909659405310668,2.1472476504195956,0.8948396143347317,1.1475485308708528,0.252887649779701,0.4589630232547255,False
chirp_9db,test,mixed_damage,16000,dictionary_8,3.772786561818666,1.2421822403585532,2.3897675258962083,0.6375438103318826,1.127243598685166,-0.35584047489054704,0.5105876789408998,False
chirp_9db,test,mixed_damage,16000,dictionary_24,2.8463779624459806,0.9371641083756336,1.8071565849828188,0.4939829298737714,0.8573999405979637,0.3492598366681724,0.7470047543561676,False
chirp_9db,test,mixed_damage,16000,dictionary_48,2.807955705126749,0.9245136589281491,1.8199464782397985,0.3895556259226356,0.7969049122728471,0.419142136701343,0.7861542353277434,False
chirp_9db,test,mixed_damage,16000,local_pca_8,2.625864121486331,0.864560378346102,1.3083843707301774,0.6489432264677533,0.9087103516861426,0.7249465008523736,0.715195873615862,False
chirp_9db,test,mixed_damage,16000,local_pca_16,1.679181594679059,0.552867097321774,1.0504283105953787,0.6489432264677533,0.7556685986423121,0.8334660508308237,0.845651203101031,False
chirp_9db,test,mixed_damage,16000,local_pca_32,1.715579760050168,0.5648511186452148,1.114924041631851,0.6489432264677533,0.7607612791132914,0.8262155149500743,0.8561879897848254,True
chirp_9db,test,mixed_damage,16000,local_dictionary_8,1.9205671156978048,0.6323427852187969,1.1842838527253217,0.6489432264677533,0.7907863062158231,0.7750987434066485,0.8392658273571745,False
chirp_9db,test,mixed_damage,16000,local_dictionary_24,1.5716969875137932,0.5174780107819175,1.0557423172816036,0.6489432264677533,0.7410778083404771,0.8563723312369751,0.8491203532580536,False
chirp_9db,test,mixed_damage,16102,zero_fill,2.8932964164623747,1.0,1.4958992686850863,0.26840726518496016,0.768594539304334,,0.4638941085800496,False
chirp_9db,test,mixed_damage,16102,linear,3.0159505993900315,1.0423925396063034,1.529063306088326,0.26840726518496016,0.7975193931036307,0.0022514975812466718,0.2958595021543599,False
chirp_9db,test,mixed_damage,16102,pchip,3.0750612394872956,1.0628227450152392,1.565247201400263,0.26840726518496016,0.8115047183572851,-0.0030312879635742175,0.26057958395845654,False
chirp_9db,test,mixed_damage,16102,autoregression,3.2074992766070904,1.1085968441936864,1.6688095301207828,0.26840726518496016,0.8429371458439254,-0.06543561107068574,0.1812381172293204,False
chirp_9db,test,mixed_damage,16102,pca_r32_l01,2.8248470510278234,0.9763420833603201,1.3587501343258854,0.12892189097776738,0.7171590510174434,0.3917584864539471,0.5569552397382779,False
chirp_9db,test,mixed_damage,16102,pca_r64_l01,3.4255566267075377,1.1839632493983994,1.6521851639767282,0.1178960164447461,0.8639636227578907,0.05877719089563369,0.33696714315615633,False
chirp_9db,test,mixed_damage,16102,pca_r96_l01,3.0416886424117093,1.0512882900987979,1.5073613077543042,0.10292080777771745,0.7669240586378426,0.2072702833218086,0.4624751327153711,False
chirp_9db,test,mixed_damage,16102,pca_r64_l001,7.760463689533281,2.6822221343715547,3.798589788013382,0.1078439990444577,1.9429238855156068,-0.22348136952714132,-0.07264572913498958,False
chirp_9db,test,mixed_damage,16102,pca_r64_l1,2.4967892114275796,0.8629565906974704,1.2273774503195547,0.13707868535116643,0.6381523552395824,0.5247924454316687,0.6505195165632625,False
chirp_9db,test,mixed_damage,16102,template_1,3.8959345642837153,1.3465383436403187,1.8586309179710425,0.12999398817771587,0.9820826939346733,-0.38991934511240567,0.06346433276357964,False
chirp_9db,test,mixed_damage,16102,dictionary_8,3.2580674773876845,1.1260745559458836,1.600627333554371,0.09726364051769122,0.8199430972525117,-0.02149975596063431,0.34838258738991557,False
chirp_9db,test,mixed_damage,16102,dictionary_24,3.076712291732585,1.0633933924732373,1.4687439398758426,0.08985951026416092,0.7740833086574119,0.140948287385444,0.4366970998531341,False
chirp_9db,test,mixed_damage,16102,dictionary_48,3.15757809611044,1.0913427598169156,1.4838176395857223,0.08337825532334718,0.7935119105497059,0.15322131456093394,0.42610512734147815,False
chirp_9db,test,mixed_damage,16102,local_pca_8,3.2014340454545245,1.1065005393982097,1.5088404974527196,0.26840726518496016,0.8414948324060124,0.23993040342563438,0.3364346750289124,False
chirp_9db,test,mixed_damage,16102,local_pca_16,3.162208540017785,1.0929431640758773,1.542708693888726,0.26840726518496016,0.832173349978178,0.15652419397600195,0.29286022726924776,False
chirp_9db,test,mixed_damage,16102,local_pca_32,2.8431602999949157,0.9826716280495172,1.4103908419170095,0.26840726518496016,0.7568106348159451,0.3139354520281217,0.4313181788488569,True
chirp_9db,test,mixed_damage,16102,local_dictionary_8,3.3278701255348535,1.1502002029933147,1.5700092943392656,0.26840726518496016,0.8716133199593299,-0.04666138220352084,0.15601176301273126,False
chirp_9db,test,mixed_damage,16102,local_dictionary_24,2.5121461151120927,0.868264344025866,1.1668779926903843,0.26840726518496016,0.6796835202749615,0.6224903673843384,0.6334827335165217,False
chirp_9db,test,mixed_damage,16205,zero_fill,4.15460447701393,1.0,2.2492114849924376,0.232879437120417,1.062844968819742,,0.2948567056382338,False
chirp_9db,test,mixed_damage,16205,linear,4.155511237362678,1.0002182543136813,2.2502291453620225,0.232879437120417,1.0630664997823023,0.007649059965502475,0.2891439088745115,False
chirp_9db,test,mixed_damage,16205,pchip,4.154743090489597,1.000033363819934,2.251289496576373,0.232879437120417,1.0628788333893555,0.008276479489151377,0.2922915310462333,False
chirp_9db,test,mixed_damage,16205,autoregression,4.143990346060744,0.9974452126521526,2.2326197446264624,0.232879437120417,1.060251988672607,0.09673233474630194,0.30760772023451777,False
chirp_9db,test,mixed_damage,16205,pca_r32_l01,3.6495237786698156,0.8784286925172876,1.8178760672938172,0.08870667397987057,0.916414784677392,0.5646255059465124,0.5797640011797882,False
chirp_9db,test,mixed_damage,16205,pca_r64_l01,3.6665029591335774,0.8825155269097555,1.8952550856568955,0.08920101082843129,0.9206857584949754,0.5790146753886171,0.5773509426833823,False
chirp_9db,test,mixed_damage,16205,pca_r96_l01,3.726068571062898,0.8968527790498516,1.9108932315382807,0.08336500496168955,0.9350077826229123,0.5462331408734846,0.5518316932012757,False
chirp_9db,test,mixed_damage,16205,pca_r64_l001,2.2259873670928303,0.5357880345550321,1.1611886305226589,0.08593202377581725,0.562682439808969,0.8443485310194773,0.858518244020617,False
chirp_9db,test,mixed_damage,16205,pca_r64_l1,4.230928578246975,1.018370966876708,2.1802198688084813,0.09507978403834515,1.061730872038044,-0.03793081195339686,0.2635403678990941,False
chirp_9db,test,mixed_damage,16205,template_1,5.22120096924821,1.256726361831893,2.7047308200289564,0.11026086687202244,1.3096588640445888,-0.5697307410095296,-0.22132815712498272,False
chirp_9db,test,mixed_damage,16205,dictionary_8,4.242550322319821,1.0211682834773965,2.172242521681331,0.08887288119266196,1.0641225573385653,0.04025411568340257,0.2701474462903934,False
chirp_9db,test,mixed_damage,16205,dictionary_24,3.953139144430977,0.9515079392761466,2.0226071024865107,0.08206422305494826,0.9914738759107783,0.32371854308673453,0.43246479695559786,False
chirp_9db,test,mixed_damage,16205,dictionary_48,3.706948153907721,0.8922505558392032,1.925886830224385,0.0807079965887536,0.9300259178666882,0.5578079152205535,0.5614978125759137,False
chirp_9db,test,mixed_damage,16205,local_pca_8,3.70669274453898,0.8921890796216345,1.8775350658846828,0.232879437120417,0.9537119450442292,0.5436140274131407,0.5928459088395902,False
chirp_9db,test,mixed_damage,16205,local_pca_16,3.7782536732758625,0.9094135661239732,1.925611092481269,0.232879437120417,0.9711041815610396,0.49379356369370037,0.5525053684041099,False
chirp_9db,test,mixed_damage,16205,local_pca_32,3.8995608075763744,0.9386118050831003,2.024610360735725,0.232879437120417,1.0006268964844158,0.39612885586898333,0.47642399239627187,True
chirp_9db,test,mixed_damage,16205,local_dictionary_8,4.414427299984656,1.0625385218757264,2.2502134214602982,0.232879437120417,1.1264063673457465,-0.13508995667296445,0.037114266958242784,False
chirp_9db,test,mixed_damage,16205,local_dictionary_24,4.536944424747315,1.092028001666283,2.193993615430221,0.232879437120417,1.1564319369495062,-0.0823042598748138,0.03600914343731533,False
chirp_9db,test,mixed_damage,16308,zero_fill,2.5931408095879367,1.0,1.4645874136920671,0.5078726803970962,0.8136875609976298,,0.7749693173813986,False
chirp_9db,test,mixed_damage,16308,linear,2.5977512041614275,1.0017779190996663,1.4780822094824604,0.5078726803970962,0.8146061629373467,-0.005694600437636931,0.7708739283816798,False
chirp_9db,test,mixed_damage,16308,pchip,2.596228392400992,1.0011906730254059,1.4749873952097052,0.5078726803970962,0.8143026832018226,-0.009993437214700366,0.7724241350380593,False
chirp_9db,test,mixed_damage,16308,autoregression,2.618211591161389,1.0096681142345818,1.4749226060770657,0.5078726803970962,0.8186899530842634,0.05720008191414969,0.7399177578206998,False
chirp_9db,test,mixed_damage,16308,pca_r32_l01,4.06987851404886,1.5694784097341725,2.8405876557697116,0.46112906832760364,1.111123063165339,0.6746451920869673,0.6818406031372372,False
chirp_9db,test,mixed_damage,16308,pca_r64_l01,1.9035745048397947,0.7340806553201723,1.2257012432392815,0.2921799484538,0.5536319134617472,0.6791095572717982,0.8545132975238825,False
chirp_9db,test,mixed_damage,16308,pca_r96_l01,1.763012403490031,0.6798753067983927,1.1462569725451695,0.21350742890623908,0.4868260769920805,0.7513296936360794,0.8917050220057966,False
chirp_9db,test,mixed_damage,16308,pca_r64_l001,3.6529652318514176,1.4087029976717278,2.2465932938955517,0.286974903893815,0.9545769323726692,0.28066210042865664,0.6417753729516338,False
chirp_9db,test,mixed_damage,16308,pca_r64_l1,2.187987348204071,0.843759559879725,1.3482028451387422,0.35402325909360377,0.6455267062441112,0.5652430592884006,0.8063708598362292,False
chirp_9db,test,mixed_damage,16308,template_1,2.3176533777109976,0.8937630263430564,1.2761464114680643,0.7313176142153187,0.9149419029417585,0.4559292783473861,0.5128244355756681,False
chirp_9db,test,mixed_damage,16308,dictionary_8,3.457875277625073,1.3334699237464653,1.90963335943361,0.5505413949677631,1.0156075413639867,-0.3901595395396414,0.4225338347462055,False
chirp_9db,test,mixed_damage,16308,dictionary_24,3.105476540773534,1.197573432684903,1.8466394809115636,0.4671982213453699,0.8985438642506175,-0.19332135607406212,0.5628003000174833,False
chirp_9db,test,mixed_damage,16308,dictionary_48,2.8160790954908106,1.0859723024212866,1.6119170963762486,0.4405245524183793,0.8231505668509081,0.14936450164783535,0.646805342794813,False
chirp_9db,test,mixed_damage,16308,local_pca_8,1.2874046666937202,0.49646539128675216,0.7054500061015053,0.5078726803970962,0.5877090409075063,0.8778453581084784,0.8944665685835312,False
chirp_9db,test,mixed_damage,16308,local_pca_16,1.4353660966903699,0.5535241632013252,0.8847777550899418,0.5078726803970962,0.6087536305812739,0.8425870498270664,0.8838046942717416,False
chirp_9db,test,mixed_damage,16308,local_pca_32,1.7901218819190203,0.6903296092908583,1.147201768264802,0.5078726803970962,0.6649039519232863,0.7329694280898505,0.8535878536771401,True
chirp_9db,test,mixed_damage,16308,local_dictionary_8,1.0108800839264827,0.3898284582884323,0.5391981325639057,0.5078726803970962,0.5528843932327296,0.9365241032607976,0.8611388641058539,False
chirp_9db,test,mixed_damage,16308,local_dictionary_24,2.0579393868113574,0.793608807976137,1.0547418775880075,0.5078726803970962,0.7116940359186783,0.8732051350884821,0.7717340203491102,False
chirp_9db,test,mixed_damage,16411,zero_fill,3.935289950175786,1.0,1.9783910534812974,0.2666858536553165,1.0171445066967044,,0.3568878956882482,False
chirp_9db,test,mixed_damage,16411,linear,3.955036519545219,1.0050178181581133,1.9814737799869766,0.2666858536553165,1.0219201913259401,-0.05786522036247308,0.32313897108859413,False
chirp_9db,test,mixed_damage,16411,pchip,3.9521781684151676,1.00429148003151,1.9777687356096265,0.2666858536553165,1.021228807705313,-0.09859529695094506,0.33075009620644646,False
chirp_9db,test,mixed_damage,16411,autoregression,4.4772977879928755,1.137730089695901,2.420446802449331,0.2666858536553165,1.1487225418498548,0.06626095568685184,0.15643735758668173,False
chirp_9db,test,mixed_damage,16411,pca_r32_l01,1.272780205596018,0.32342730058281066,0.7215091836586924,0.10977916932891188,0.33547926929573746,0.9508871416815872,0.9524595818674992,False
chirp_9db,test,mixed_damage,16411,pca_r64_l01,1.3425777739625144,0.3411636222389516,0.7161250841085438,0.10718514749378365,0.351322938760329,0.9507562107749683,0.9517053716751506,False
chirp_9db,test,mixed_damage,16411,pca_r96_l01,1.5171833482828536,0.3855327987242928,0.7862571515930973,0.10235911821147839,0.3920304634625224,0.9563325878254154,0.9523046800081437,False
chirp_9db,test,mixed_damage,16411,pca_r64_l001,2.7510967624406786,0.6990836246558629,1.4596583725090064,0.10072471810277046,0.694654384787177,0.9530714604047488,0.9449073059774398,False
chirp_9db,test,mixed_damage,16411,pca_r64_l1,2.4983354204591914,0.6348542171200353,1.2741645095824574,0.1381201992513155,0.6387408372502962,0.9105467510509755,0.8756436770725536,False
chirp_9db,test,mixed_damage,16411,template_1,3.087302650735153,0.7845171994498769,1.4249494491326375,0.12017708972668834,0.780547710371696,0.6564303221260268,0.7033855651087655,False
chirp_9db,test,mixed_damage,16411,dictionary_8,1.6284645224250636,0.4138105560309022,0.798755528078079,0.09351148922483508,0.41706284598762716,0.9145985439779938,0.9235237975246333,False
chirp_9db,test,mixed_damage,16411,dictionary_24,1.7649119162238023,0.44848332360998333,0.8751535657124441,0.09202495158052217,0.45013490670365536,0.9158302997780635,0.921343327079854,False
chirp_9db,test,mixed_damage,16411,dictionary_48,2.007718957152371,0.5101832349259774,0.9942389730641761,0.0857201211564708,0.5087456694210775,0.8890126207064798,0.8974834336932858,False
chirp_9db,test,mixed_damage,16411,local_pca_8,1.469489946300078,0.3734133862828677,0.7994410703334527,0.2666858536553165,0.44904209646583937,0.9283502031285138,0.9096655728954846,False
chirp_9db,test,mixed_damage,16411,local_pca_16,1.497567613123132,0.3805482269625995,0.7612196043224277,0.2666858536553165,0.45480276796467556,0.9512910104305504,0.937203392595111,False
chirp_9db,test,mixed_damage,16411,local_pca_32,1.7232135777016666,0.4378873220319362,0.8923564167995123,0.2666858536553165,0.5022627053192228,0.9475284585908998,0.9374153812451104,True
chirp_9db,test,mixed_damage,16411,local_dictionary_8,1.1555403631140702,0.2936353808090947,0.6331609552267619,0.2666858536553165,0.38746723239550934,0.956063371921803,0.9317206461165064,False
chirp_9db,test,mixed_damage,16411,local_dictionary_24,1.3395570974107587,0.3403960354562748,0.7229824702719382,0.2666858536553165,0.4228795178092625,0.9487269945123978,0.921733903050442,False
chirp_9db,test,mixed_damage,16514,zero_fill,4.501863876954245,1.0,2.376607954665766,0.23154645821719963,1.1475785594382921,,0.276710173837831,False
chirp_9db,test,mixed_damage,16514,linear,4.552537185599877,1.0112560730467743,2.405591141564724,0.23154645821719963,1.1600054218882876,-0.026823625931909865,0.18794059208534258,False
chirp_9db,test,mixed_damage,16514,pchip,4.539053686642142,1.0082609804970508,2.39832627449329,0.23154645821719963,1.1566982862039252,-0.03294314882194386,0.2066739088079984,False
chirp_9db,test,mixed_damage,16514,autoregression,4.598415178280158,1.021446961517467,2.39617681125761,0.23154645821719963,1.1712607680009626,-0.314293054953542,0.12759885357346837,False
chirp_9db,test,mixed_damage,16514,pca_r32_l01,3.880175015664886,0.8619041183204399,1.930686915780893,0.11131676082956712,0.9760132386017428,0.5069768320803362,0.5628572621618859,False
chirp_9db,test,mixed_damage,16514,pca_r64_l01,4.327640646904677,0.9612997560984807,2.171732037486481,0.0923245107311803,1.085596920994615,0.3257910521808242,0.41760381052439743,False
chirp_9db,test,mixed_damage,16514,pca_r96_l01,4.340038195998393,0.9640536263692326,2.1399324175867402,0.0748319444146537,1.0874261136192815,0.27907253207171834,0.3944020264470359,False
chirp_9db,test,mixed_damage,16514,pca_r64_l001,6.208637796203871,1.3791260610936888,3.1926563534425068,0.08287296978505022,1.5542321701821566,-0.023724942575613354,0.07258544833770518,False
chirp_9db,test,mixed_damage,16514,pca_r64_l1,4.438942963585378,0.98602336385803,2.1778281954750294,0.11659672277759647,1.1154633726169945,0.18272817706847533,0.3308781059446496,False
chirp_9db,test,mixed_damage,16514,template_1,6.088117478727401,1.3523548568168486,3.1290053278113716,0.11381511625153662,1.5260136517471008,-0.40772012136325,-0.21526254378139714,False
chirp_9db,test,mixed_damage,16514,dictionary_8,4.5664922916048445,1.0143559237722495,2.257770321422689,0.08604226033240428,1.144658816736812,0.22361734585007637,0.3349791312018229,False
chirp_9db,test,mixed_damage,16514,dictionary_24,4.152051821278158,0.9222961721550864,2.038405494761651,0.08227894953179678,1.0410656112134606,0.38711464885080976,0.47220411240623705,False
chirp_9db,test,mixed_damage,16514,dictionary_48,3.9940272237265,0.8871941340058188,1.9607830454863826,0.076411474727549,1.0012440438624028,0.47246014767028527,0.5353365597887951,False
chirp_9db,test,mixed_damage,16514,local_pca_8,4.014728669732732,0.8917925506998923,2.0509888958907894,0.23154645821719963,1.0284166448437828,0.45258529270840137,0.49194160151521754,False
chirp_9db,test,mixed_damage,16514,local_pca_16,4.463444768509205,0.9914659551032375,2.1844683915989793,0.23154645821719963,1.138160402695566,0.20755270892244523,0.2823385088091806,False
chirp_9db,test,mixed_damage,16514,local_pca_32,4.389901787619484,0.9751298367976178,2.1729258639876123,0.23154645821719963,1.120140731661615,0.25117134496165344,0.3211682001123415,True
chirp_9db,test,mixed_damage,16514,local_dictionary_8,4.812139645945109,1.0689216239032047,2.3558904618402234,0.23154645821719963,1.2237466651326026,0.0999608444102343,0.16688442157790404,False
chirp_9db,test,mixed_damage,16514,local_dictionary_24,4.2338329714838645,0.9404622367987461,2.0005277906276526,0.23154645821719963,1.081941197140521,0.342461084423279,0.4005804161026729,False
chirp_9db,test,mixed_damage,16616,zero_fill,2.7556512941124134,1.0,1.5080102684033612,0.22900669456624345,0.7237176178889532,,0.4164283480507568,False
chirp_9db,test,mixed_damage,16616,linear,2.7616899614065824,1.0021913757038385,1.526174003293495,0.22900669456624345,0.7251548298155126,0.009424814295159721,0.3944281576645261,False
chirp_9db,test,mixed_damage,16616,pchip,2.757450565167679,1.000652938584468,1.52908024024359,0.22900669456624345,0.724145816276231,0.01828283300834313,0.4062434208408714,False
chirp_9db,test,mixed_damage,16616,autoregression,2.7121374560684557,0.9842092364382506,1.4710194732297455,0.22900669456624345,0.7133701078749298,0.3354450451348821,0.4733272729043963,False
chirp_9db,test,mixed_damage,16616,pca_r32_l01,2.6549698563446844,0.9634636508680036,1.26863735127638,0.0949972166396642,0.6700854425760832,0.2955709982573674,0.5040578942000877,False
chirp_9db,test,mixed_damage,16616,pca_r64_l01,2.6735285136447535,0.9701984134773803,1.3213670646332223,0.0945266008702199,0.6746195171795308,0.25461131723606567,0.490105562991882,False
chirp_9db,test,mixed_damage,16616,pca_r96_l01,2.6414432546854325,0.9585549740379009,1.330826664257612,0.09319541010649351,0.6664975260033291,0.2871368437776545,0.5070469208337871,False
chirp_9db,test,mixed_damage,16616,pca_r64_l001,3.8491288053627652,1.396812729385108,1.7990299449244265,0.09299961102774017,0.9664861120006799,-0.05228999793064191,0.16622621508592111,False
chirp_9db,test,mixed_damage,16616,pca_r64_l1,2.6584590547434344,0.9647298482298413,1.3669971167071446,0.09941161978568346,0.6715487974625128,0.2630705202184665,0.4954015481796945,False
chirp_9db,test,mixed_damage,16616,template_1,4.293036544581095,1.5579026830257448,2.31297459777124,0.11257053716362535,1.0787795378536684,0.6018279901176145,0.6240282583840487,False
chirp_9db,test,mixed_damage,16616,dictionary_8,2.467840673341707,0.8955562260777958,1.221356036617406,0.0849949741709215,0.6224246828690593,0.4609532636000658,0.5982891909041499,False
chirp_9db,test,mixed_damage,16616,dictionary_24,2.4849680920508654,0.9017716056309896,1.2641906811186632,0.08366859961648576,0.6265018424223544,0.4383238137718362,0.5876344973357498,False
chirp_9db,test,mixed_damage,16616,dictionary_48,2.305929208497865,0.8368000746047216,1.1485491784611812,0.08170437587214763,0.5818850611457477,0.5514821850170905,0.6597976129960472,False
chirp_9db,test,mixed_damage,16616,local_pca_8,2.652309176387792,0.9624981150752213,1.2747581113891473,0.22900669456624345,0.6991693714460949,0.2882840698389717,0.42798153952918366,False
chirp_9db,test,mixed_damage,16616,local_pca_16,2.5733404350896434,0.9338410997747479,1.273744517698646,0.22900669456624345,0.6804751091705019,0.361399946091717,0.5028784175383796,False
chirp_9db,test,mixed_damage,16616,local_pca_32,2.4379153402815166,0.8846966034818137,1.2321440271646995,0.22900669456624345,0.648560531037885,0.5018196901697217,0.6043312105916954,True
chirp_9db,test,mixed_damage,16616,local_dictionary_8,2.512724908367766,0.9118442938467317,1.248400760736588,0.22900669456624345,0.6661666203677082,0.4434882599524975,0.5117575321816203,False
chirp_9db,test,mixed_damage,16616,local_dictionary_24,1.3879702548666808,0.5036813829936133,0.7181231431856161,0.22900669456624345,0.4117889645146703,0.8638992624477746,0.8477376343738997,False
chirp_9db,test,mixed_damage,16719,zero_fill,3.1342285023587237,1.0,1.6633845533462697,0.6291309840934525,0.9924866256086825,,0.7736954751556455,False
chirp_9db,test,mixed_damage,16719,linear,3.1318082766708937,0.9992278081556566,1.653149155615243,0.6291309840934525,0.9920090098198533,0.03545868780262446,0.7721484049477392,False
chirp_9db,test,mixed_damage,16719,pchip,3.135587514534389,1.0004336034129746,1.6503261339382307,0.6291309840934525,0.9927548787496554,0.02065678953849806,0.7692127557847961,False
chirp_9db,test,mixed_damage,16719,autoregression,3.0874221703222706,0.9850660754309304,1.608803288176587,0.6291309840934525,0.9832745860450625,0.22399384638658734,0.7853897300159148,False
chirp_9db,test,mixed_damage,16719,pca_r32_l01,12.556494964564884,4.006247456149177,6.526694294324165,0.7177347880914284,3.2151274681738222,-0.17152533079731644,0.030676012234438037,False
chirp_9db,test,mixed_damage,16719,pca_r64_l01,3.2452911399527467,1.0354353990177936,2.070162564404711,0.3157566343485113,0.8670152956076629,0.4423179122138311,0.7579331635436412,False
chirp_9db,test,mixed_damage,16719,pca_r96_l01,3.1481792113422777,1.0044510822912418,1.8219584841506933,0.21508175319889325,0.8141304700075079,0.25716621672007034,0.7740615170535297,False
chirp_9db,test,mixed_damage,16719,pca_r64_l001,8.510876238327201,2.7154613111080375,4.926777145284072,0.2990945071384015,2.1473366819028405,0.18831874248742794,0.41913665054966165,False
chirp_9db,test,mixed_damage,16719,pca_r64_l1,2.869667265017689,0.9155896779249074,1.640350377804513,0.4414677681465165,0.835104674075281,0.40312596143396223,0.7795334157894372,False
chirp_9db,test,mixed_damage,16719,template_1,3.274373925622128,1.0447144881612604,1.7304806637886467,0.9214267814805386,1.2108089834186746,-0.5164588530379038,0.3342350275810697,False
chirp_9db,test,mixed_damage,16719,dictionary_8,2.8388042463277596,0.9057425915791918,1.4473150549411842,0.8123834467943141,1.0594312306123765,0.4237653920424258,0.5664455713596916,False
chirp_9db,test,mixed_damage,16719,dictionary_24,3.0316509341594466,0.9672718284189936,1.4137910262122197,0.6534293775881445,0.9872770843023975,0.2570128280849267,0.6399743736559217,False
chirp_9db,test,mixed_damage,16719,dictionary_48,3.3144593110402067,1.0575040423969877,1.5260201148866965,0.6161009996776258,1.021008911310207,-0.01185290411852994,0.608055786355607,False
chirp_9db,test,mixed_damage,16719,local_pca_8,1.979360184148835,0.6315302737688812,0.9755212005245221,0.6291309840934525,0.7848150126697712,0.8333416369610036,0.9090428806000145,False
chirp_9db,test,mixed_damage,16719,local_pca_16,2.5161027182598503,0.8027821571931686,1.3518295334029555,0.6291309840934525,0.875637618254212,0.6617546105198827,0.8659333783615178,False
chirp_9db,test,mixed_damage,16719,local_pca_32,2.7770687925130155,0.8860454145009143,1.8899849583321635,0.6291309840934525,0.9236205256200201,0.46442645453984066,0.7616216769273827,True
chirp_9db,test,mixed_damage,16719,local_dictionary_8,3.628504515541462,1.1577026093696619,1.912964569708114,0.6291309840934525,1.0926782447986667,0.12132092116515124,0.5259585382235942,False
chirp_9db,test,mixed_damage,16719,local_dictionary_24,3.0159777871317486,0.9622711888625914,1.6635922587598202,0.6291309840934525,0.9693170578965656,0.3247719707612592,0.7021349407007665,False
chirp_9db,test,mixed_damage,16822,zero_fill,2.3596784042739767,1.0,1.3058590044490728,0.3183366026375635,0.6655897319426289,,0.6126529356547341,False
chirp_9db,test,mixed_damage,16822,linear,2.8542375424633297,1.2095875172199657,1.4977432191651867,0.3183366026375635,0.7772847305480107,-0.016397113262907968,0.2798088593252281,False
chirp_9db,test,mixed_damage,16822,pchip,2.909911067476257,1.233181209018004,1.497865490419107,0.3183366026375635,0.790081297608955,-0.017176833798364,0.2657534349980931,False
chirp_9db,test,mixed_damage,16822,autoregression,4.095534176782399,1.7356323511561351,2.370785210099779,0.3183366026375635,1.0692717463849835,-0.037218235879790076,0.12337549364969731,False
chirp_9db,test,mixed_damage,16822,pca_r32_l01,4.266871557624753,1.808242830843544,2.20739918413528,0.1447304360494464,1.07588325272927,0.11697114177909597,0.35857661869168633,False
chirp_9db,test,mixed_damage,16822,pca_r64_l01,3.496374496412249,1.4817165297099075,1.9124046651773314,0.13249528644982153,0.8834576826712368,0.16670790230880203,0.44801942034259257,False
chirp_9db,test,mixed_damage,16822,pca_r96_l01,2.8553789032902452,1.2100712106015925,1.545751422522557,0.07986033444829492,0.7180204461150422,0.36708650595182374,0.6048190514374254,False
chirp_9db,test,mixed_damage,16822,pca_r64_l001,4.828738980931172,2.0463546948537985,2.7242224280369367,0.12958066870763663,1.213687238117408,-0.026545170715885816,0.25770959038807195,False
chirp_9db,test,mixed_damage,16822,pca_r64_l1,2.485668197904001,1.0533927815764321,1.3196905877732135,0.16406791104673263,0.6414008390624337,0.3574653147652899,0.606954922436695,False
chirp_9db,test,mixed_damage,16822,template_1,2.5359239337603627,1.074690487130433,1.287838224439875,0.18999905182967133,0.6601327893528905,0.7093886677747492,0.7595107111740202,False
chirp_9db,test,mixed_damage,16822,dictionary_8,3.481156511356338,1.4752673521320023,1.8014218455322457,0.1236033744066331,0.8784794238138571,0.10032752660753065,0.4247713117128195,False
chirp_9db,test,mixed_damage,16822,dictionary_24,2.710108430136353,1.148507536123422,1.4096816442794382,0.10097696612185181,0.6845451463564937,0.42092468055475957,0.6373927843123793,False
chirp_9db,test,mixed_damage,16822,dictionary_48,2.646091814925722,1.12137815480829,1.3061726238970846,0.08192169629402112,0.6662614613400776,0.5335266564315909,0.6932618867096914,False
chirp_9db,test,mixed_damage,16822,local_pca_8,3.4627017685441275,1.4674464801102962,1.8196214015460832,0.3183366026375635,0.9189115989365156,0.19182669349907114,0.3031725832083536,False
chirp_9db,test,mixed_damage,16822,local_pca_16,3.1036109950209974,1.315268635505402,1.617512409465306,0.3183366026375635,0.8348830044195419,0.3116977106991534,0.3982351293226597,False
chirp_9db,test,mixed_damage,16822,local_pca_32,2.8750390490675253,1.2184029162025214,1.484017749651361,0.3183366026375635,0.7820614754586707,0.3459665315526477,0.43514441260340797,True
chirp_9db,test,mixed_damage,16822,local_dictionary_8,3.145680360491531,1.3330970672926892,1.6580592007317685,0.3183366026375635,0.8446662735610628,0.26083810579107425,0.365781744664971,False
chirp_9db,test,mixed_damage,16822,local_dictionary_24,2.5797737605323476,1.093273454492664,1.2470735559726296,0.3183366026375635,0.7148122806117351,0.5696695047845503,0.5808726329417465,False
chirp_9db,test,mixed_damage,16925,zero_fill,4.960693850866168,1.0,2.6395351475545477,0.26006883837063666,1.2654796643070068,,0.2903952361154284,False
chirp_9db,test,mixed_damage,16925,linear,4.958037654727646,0.9994645514884863,2.6301861417651704,0.26006883837063666,1.2648289013753256,0.029557338089277952,0.28866216156941327,False
chirp_9db,test,mixed_damage,16925,pchip,4.958110909595019,0.9994793185492192,2.6314835007836432,0.26006883837063666,1.264846848491373,0.029318391511201858,0.28777353090017016,False
chirp_9db,test,mixed_damage,16925,autoregression,4.950865183795906,0.9980186910610205,2.6662729001136554,0.26006883837063666,1.263071728923536,0.13848417194921994,0.25372781221416263,False
chirp_9db,test,mixed_damage,16925,pca_r32_l01,4.099725168047096,0.8264418831916543,2.109694778988091,0.12291407159077611,1.0318177070237544,0.5641886460591261,0.6134352994939511,False
chirp_9db,test,mixed_damage,16925,pca_r64_l01,4.357252911829857,0.8783555371128282,2.273859600185185,0.11971353714563662,1.095462884534677,0.4905852055298058,0.5505605288701165,False
chirp_9db,test,mixed_damage,16925,pca_r96_l01,3.531253821756858,0.711846755296193,1.8274179447719134,0.08957725843824325,0.8870637953422549,0.8155239491620657,0.7987636837855279,False
chirp_9db,test,mixed_damage,16925,pca_r64_l001,6.379502759336714,1.2860101734,3.1841120543424895,0.11712913324222339,1.598902826241245,-0.24704052588352912,-0.07058278886039783,False
chirp_9db,test,mixed_damage,16925,pca_r64_l1,4.453107926425599,0.8976784418268542,2.3006187330714316,0.1395602662956347,1.1214478984587881,0.500383273494842,0.5388046276115175,False
chirp_9db,test,mixed_damage,16925,template_1,4.400572277311913,0.8870880585673607,2.3724690444328016,0.13052382301602905,1.1073781928915183,0.4620177933299848,0.5296017603059758,False
chirp_9db,test,mixed_damage,16925,dictionary_8,3.5207816999330084,0.7097357357213766,1.8500033310091708,0.09239172611171295,0.8847297343112647,0.815178127634836,0.7970573414395901,False
chirp_9db,test,mixed_damage,16925,dictionary_24,3.6084123684775062,0.7274007380736578,1.8820154529907054,0.08847158456843378,0.9061611384062092,0.790295540216799,0.7762816866475031,False
chirp_9db,test,mixed_damage,16925,dictionary_48,4.062055863252718,0.8188483275466512,2.1082797806551694,0.08251629406538799,1.018652047989771,0.6405026876704583,0.6568917946015266,False
chirp_9db,test,mixed_damage,16925,local_pca_8,4.061055055439686,0.8186465800002153,2.1096794871805153,0.26006883837063666,1.0460253693650319,0.5947518870454787,0.6269231415756406,False
chirp_9db,test,mixed_damage,16925,local_pca_16,3.687270432524173,0.7432973175476961,1.8444345661888548,0.26006883837063666,0.9555921022113327,0.7791403696650389,0.794974880651598,False
chirp_9db,test,mixed_damage,16925,local_pca_32,3.7064243794525837,0.7471584602636624,1.933275210684954,0.26006883837063666,0.9602121735250839,0.7552818652394648,0.7733872994656382,True
chirp_9db,test,mixed_damage,16925,local_dictionary_8,4.08438074059607,0.8233486813307199,2.1969622605230508,0.26006883837063666,1.0516862366137263,0.5673921313059519,0.5934143612438335,False
chirp_9db,test,mixed_damage,16925,local_dictionary_24,2.957321636451652,0.5961508057860264,1.615915444866957,0.26006883837063666,0.7810365016996991,0.8345594673988446,0.8381597493501933,False
chirp_9db,test,mixed_damage,17028,zero_fill,3.7083905432887954,1.0,1.9809417947154948,0.255392834021237,0.9595097353790487,,0.3693364311546694,False
chirp_9db,test,mixed_damage,17028,linear,3.8565061202233335,1.0399406629926258,2.076137633506555,0.255392834021237,0.9953335480619366,-0.030777787923567862,0.19151510844135008,False
chirp_9db,test,mixed_damage,17028,pchip,3.8850837445783295,1.0476468697746255,2.085226972728291,0.255392834021237,1.002255524973165,-0.02758574707875597,0.17671859767754747,False
chirp_9db,test,mixed_damage,17028,autoregression,4.067568386157005,1.0968554521632643,2.144680334654012,0.255392834021237,1.046526847216093,-0.036825965668112935,0.1179388175960749,False
chirp_9db,test,mixed_damage,17028,pca_r32_l01,2.4977460198268973,0.6735390975330675,1.2615463365491304,0.12572781893242535,0.6361921607484093,0.7395150870243762,0.7764610598063967,False
chirp_9db,test,mixed_damage,17028,pca_r64_l01,2.8886927020949353,0.7789612955740878,1.5392545341692654,0.10540204539071005,0.7293485704176672,0.6957553059503081,0.7157455594712776,False
chirp_9db,test,mixed_damage,17028,pca_r96_l01,2.7041141814635394,0.7291880803539611,1.420239467727057,0.08819733249421977,0.6814009029326398,0.706828961131024,0.7479268286234634,False
chirp_9db,test,mixed_damage,17028,pca_r64_l001,5.322057228643247,1.4351393593845612,2.7049412660901053,0.09865475983210306,1.3339388237827097,-0.19621402875966892,0.010575646738664887,False
chirp_9db,test,mixed_damage,17028,pca_r64_l1,2.832940476712421,0.7639272195425297,1.488328103757922,0.1262744656230874,0.7187111013222535,0.6849812135715312,0.7226768627465736,False
chirp_9db,test,mixed_damage,17028,template_1,1.002176343336071,0.2702456312617194,0.5431518211920274,0.1271819076138848,0.2791713169707648,0.9629855858446612,0.9611355659322265,False
chirp_9db,test,mixed_damage,17028,dictionary_8,1.1717118840493737,0.31596237515216996,0.5844485449289454,0.10092363855950416,0.3087973092827108,0.9597337805429745,0.9593911543223645,False
chirp_9db,test,mixed_damage,17028,dictionary_24,1.5936903052789335,0.42975255347986224,0.799096746800574,0.08933787185688165,0.40770452071313307,0.9253473475456283,0.9286317987440229,False
chirp_9db,test,mixed_damage,17028,dictionary_48,1.452964291334993,0.3918045508891919,0.7251021221940044,0.08425493073703584,0.3722892551663574,0.9402970522622383,0.9420451677725643,False
chirp_9db,test,mixed_damage,17028,local_pca_8,2.343442250066754,0.6319297341289374,1.1591568656547029,0.255392834021237,0.6359099815637685,0.8088900164783589,0.8200733087673585,False
chirp_9db,test,mixed_damage,17028,local_pca_16,2.8663670641517585,0.7729409917030243,1.4957718148315227,0.255392834021237,0.7580584839532071,0.6515057647246202,0.6889332823061682,False
chirp_9db,test,mixed_damage,17028,local_pca_32,2.8113014009317925,0.7580920531737153,1.4787944316217136,0.255392834021237,0.7450586412290834,0.6683944262784143,0.7019036117678649,True
chirp_9db,test,mixed_damage,17028,local_dictionary_8,1.5145379565200467,0.40840842916638304,0.7322137980482986,0.255392834021237,0.452231116022335,0.9485884914159584,0.9370037192153832,False
chirp_9db,test,mixed_damage,17028,local_dictionary_24,1.3762400060142317,0.37111517515458603,0.6563396486523634,0.255392834021237,0.4237053110059985,0.9472417775951515,0.9325185611198009,False
chirp_9db,test,mixed_damage,17131,zero_fill,2.3902895414919376,1.0,1.26560951284804,0.470578209213392,0.7514628174834641,,0.7791203193995646,False
chirp_9db,test,mixed_damage,17131,linear,2.4130173342754193,1.0095083848165507,1.3017868041386254,0.470578209213392,0.7559890219238841,-0.04457724409289955,0.7646902616438628,False
chirp_9db,test,mixed_damage,17131,pchip,2.409070409368525,1.0078571518431467,1.2931625549928536,0.470578209213392,0.7552018770704739,-0.06655855599902255,0.768046951411169,False
chirp_9db,test,mixed_damage,17131,autoregression,2.4370318365920545,1.0195550766083936,1.3098378020438992,0.470578209213392,0.7607883221271409,-0.0717943499673147,0.7483007443862422,False
chirp_9db,test,mixed_damage,17131,pca_r32_l01,4.3950659087622554,1.83871695561158,2.5625300861483975,0.268473855951703,1.1290974690075428,0.30218757491033865,0.5683490061341461,False
chirp_9db,test,mixed_damage,17131,pca_r64_l01,1.9417050447963273,0.8123304775807122,1.1646435100654429,0.16922598256326246,0.5123341181912585,0.5896804725857937,0.8570515336400748,False
chirp_9db,test,mixed_damage,17131,pca_r96_l01,1.886507694940203,0.7892381496857109,1.0175501583177844,0.12296268459264853,0.48642243793988277,0.616648377613946,0.8725232125753977,False
chirp_9db,test,mixed_damage,17131,pca_r64_l001,4.9689387973613615,2.0788020493366335,2.5281428700436006,0.16083090877813408,1.2519572549162516,-0.12938403680236088,0.41584286234014195,False
chirp_9db,test,mixed_damage,17131,pca_r64_l1,1.7441614574464774,0.7296862690357717,0.9696616889414538,0.21265258604818166,0.4822094996560436,0.6843533086613416,0.8777467161199306,False
chirp_9db,test,mixed_damage,17131,template_1,2.741520776036927,1.1469408740858076,1.851577172125276,0.7051988542940159,0.967455345445786,-0.15055338815958336,0.3200615422209999,False
chirp_9db,test,mixed_damage,17131,dictionary_8,3.074171748111677,1.2861085214776462,1.8298950314590796,0.5277543294899796,0.9229166207369193,-0.6303220549753646,0.42553108015824503,False
chirp_9db,test,mixed_damage,17131,dictionary_24,1.9419341097984237,0.81242630906812,1.2895639419084253,0.37650746664921714,0.6071179958128902,0.5857600965183783,0.7926477713815478,False
chirp_9db,test,mixed_damage,17131,dictionary_48,1.5922569631738928,0.666135602208283,1.0763093963783898,0.3329792040897452,0.512250518064608,0.7483089710938544,0.8575307771262144,False
chirp_9db,test,mixed_damage,17131,local_pca_8,1.7558512777383086,0.7345768147579167,1.0351916291139376,0.470578209213392,0.6326863102247282,0.6973031808705192,0.7872690377211162,False
chirp_9db,test,mixed_damage,17131,local_pca_16,1.694642738708054,0.7089696496142118,0.9930657688188786,0.470578209213392,0.6221671688869669,0.7454829833531478,0.8842466641889987,False
chirp_9db,test,mixed_damage,17131,local_pca_32,1.663493787664078,0.695938194427183,1.0637227271189698,0.470578209213392,0.6168908608089757,0.7239291254377516,0.8513117268027055,True
chirp_9db,test,mixed_damage,17131,local_dictionary_8,1.4827196187912692,0.620309629044273,0.9915451924185044,0.470578209213392,0.5873731369807532,0.8021026033171134,0.8175606840424379,False
chirp_9db,test,mixed_damage,17131,local_dictionary_24,2.0608781660148296,0.8621876681636231,1.30225352661286,0.470578209213392,0.6877897834710242,0.5241535728655825,0.7544919439278959,False
chirp_9db,test,mixed_damage,17233,zero_fill,2.936810196864019,1.0,1.495778761225203,0.33406251262886144,0.8022943882844338,,0.5553108223964924,False
chirp_9db,test,mixed_damage,17233,linear,3.273780222017317,1.1147401440900475,1.7069608648281795,0.33406251262886144,0.8800427325288803,-0.036460824291839666,0.2757605833815232,False
chirp_9db,test,mixed_damage,17233,pchip,3.3159612087324737,1.1291030017102637,1.7056705067227789,0.33406251262886144,0.8898583164251891,-0.0332013154482485,0.26128379754172487,False
chirp_9db,test,mixed_damage,17233,autoregression,4.343866492496555,1.4791103957399145,2.4973806162558976,0.33406251262886144,1.1331135903946519,0.033246400588967155,0.16679782821634245,False
chirp_9db,test,mixed_damage,17233,pca_r32_l01,4.956611938460101,1.6877535850811418,2.5480713397247774,0.1449498676543036,1.2470755508007576,0.4496384065058169,0.5350228943245035,False
chirp_9db,test,mixed_damage,17233,pca_r64_l01,3.5473203859900218,1.2078820721127697,1.6900320480193778,0.10242768939825139,0.8923583008730422,0.4155582296695752,0.5760661639470785,False
chirp_9db,test,mixed_damage,17233,pca_r96_l01,3.2701242732543645,1.1134952734590287,1.586117597640629,0.08744122642084311,0.821903365810768,0.4322308412509176,0.6037655441541613,False
chirp_9db,test,mixed_damage,17233,pca_r64_l001,4.894197139040376,1.6665010031177676,2.34905459488441,0.09484982053693287,1.2269910595290956,0.24607000633487291,0.414242394645652,False
chirp_9db,test,mixed_damage,17233,pca_r64_l1,2.929255412786173,0.9974275545331759,1.4429228448362683,0.1608945300662226,0.7487006670064961,0.48533490234906784,0.6295622969391451,False
chirp_9db,test,mixed_damage,17233,template_1,4.092689753431634,1.393583336710655,2.0871156164881173,0.19120465255242083,1.0397865677991827,0.5313510129821769,0.6002054443963966,False
chirp_9db,test,mixed_damage,17233,dictionary_8,3.4358916909471855,1.1699399895219975,1.6857031723725873,0.16183000136168738,0.8731475373623423,0.4458920619173557,0.5852560956683233,False
chirp_9db,test,mixed_damage,17233,dictionary_24,3.3387970579542174,1.1368787337770236,1.615129007659355,0.13679997703592164,0.8451434530583835,0.44992470464016976,0.5992471934253298,False
chirp_9db,test,mixed_damage,17233,dictionary_48,3.290115536962259,1.120302408536822,1.5991232830753852,0.10369871936981595,0.82863447960125,0.4412971819224358,0.6040904910767999,False
chirp_9db,test,mixed_damage,17233,local_pca_8,5.174324033861901,1.76188574916661,2.617909564779021,0.33406251262886144,1.3334071874937414,0.35322963138622254,0.37149696585883324,False
chirp_9db,test,mixed_damage,17233,local_pca_16,3.350971163863092,1.1410240836950656,1.606109651281285,0.33406251262886144,0.8980177537290321,0.40168528253127506,0.46133094005151515,False
chirp_9db,test,mixed_damage,17233,local_pca_32,3.264926671089108,1.1117254613782865,1.594724339499084,0.33406251262886144,0.8779846454646725,0.42564692700602075,0.4812777954673445,True
chirp_9db,test,mixed_damage,17233,local_dictionary_8,3.398765162421823,1.1572982026727803,1.7046750118731058,0.33406251262886144,0.9091744560469014,0.5056072860879487,0.5258837651844637,False
chirp_9db,test,mixed_damage,17233,local_dictionary_24,2.7775382494771694,0.9457670272471395,1.2747309578033639,0.33406251262886144,0.7660240352979845,0.5624978404513211,0.5937728047933645,False
chirp_9db,test,mixed_damage,17336,zero_fill,2.582037438720841,1.0,1.478224841235531,0.22933138682050827,0.6826332566645571,,0.43794514828383974,False
chirp_9db,test,mixed_damage,17336,linear,2.6679304482457264,1.0332655941532116,1.5226014185368941,0.22933138682050827,0.7029734237238233,-0.03715259188176467,0.2966305773088914,False
chirp_9db,test,mixed_damage,17336,pchip,2.678190569279211,1.037239247238028,1.5246991849548428,0.22933138682050827,0.7054075949447316,-0.039175103022670375,0.28532415428102464,False
chirp_9db,test,mixed_damage,17336,autoregression,2.4863755580009737,0.9629510094294919,1.4163044647660914,0.22933138682050827,0.6600642340967617,0.47583725757668116,0.5515966805455991,False
chirp_9db,test,mixed_damage,17336,pca_r32_l01,3.461708093580717,1.3406885747155048,1.8090931088686408,0.0996812904894745,0.870792323126866,-0.22223511216219777,0.1208382808140293,False
chirp_9db,test,mixed_damage,17336,pca_r64_l01,3.0357189042471013,1.175706772768956,1.6447383435229486,0.09859507997488862,0.7649102934548944,-0.07181810627245687,0.2727781714432982,False
chirp_9db,test,mixed_damage,17336,pca_r96_l01,2.9006640710062235,1.1234012441133434,1.5537933789910325,0.09676259317689576,0.7311932475584499,0.0007971866292262702,0.33118174760720065,False
chirp_9db,test,mixed_damage,17336,pca_r64_l001,2.4482332206017214,0.9481788233925038,1.3260790370345985,0.09600487611758328,0.6190769311055556,0.4634576562251658,0.5938403718960761,False
chirp_9db,test,mixed_damage,17336,pca_r64_l1,3.0983253473614,1.1999536880829782,1.6454384272704656,0.10260264439620735,0.7809261127684616,-0.2980987162889194,0.18635425748279225,False
chirp_9db,test,mixed_damage,17336,template_1,4.676107415235451,1.8110145674541522,2.388067289813585,0.11857761379034037,1.1746512864517265,-0.6346651696659612,-0.2896579410687239,False
chirp_9db,test,mixed_damage,17336,dictionary_8,3.4358383596982955,1.3306694582246,1.793370863727315,0.09093174164421783,0.8634601162818348,-0.18844285308690012,0.14373193568096343,False
chirp_9db,test,mixed_damage,17336,dictionary_24,3.9254222069164255,1.5202809022246813,2.0214630673501013,0.08882340281801722,0.985116853978349,-0.36278873721303495,-0.020673755945766096,False
chirp_9db,test,mixed_damage,17336,dictionary_48,3.83133676979253,1.4838424541553512,2.005175394895708,0.08649556771231043,0.9614885494661514,-0.33759805360790895,0.00920019022582247,False
chirp_9db,test,mixed_damage,17336,local_pca_8,2.860228980985065,1.1077410954978413,1.527639374427078,0.22933138682050827,0.7487407386064171,0.04881328882668355,0.21908944384604676,False
chirp_9db,test,mixed_damage,17336,local_pca_16,2.8324981433211556,1.0970011901626007,1.4962413199223628,0.22933138682050827,0.7421227579818356,0.06872533994982227,0.2357827468545853,False
chirp_9db,test,mixed_damage,17336,local_pca_32,2.856378853415535,1.1062499755350583,1.547337898206038,0.22933138682050827,0.7478215624797598,0.03036990531327305,0.21098084339649578,True
chirp_9db,test,mixed_damage,17336,local_dictionary_8,3.571928431005848,1.3833759253217512,1.871544899818841,0.22933138682050827,0.9201754585044897,-0.31408390148876425,-0.11802123379672365,False
chirp_9db,test,mixed_damage,17336,local_dictionary_24,4.536064510417199,1.7567772033020543,2.3763068468701354,0.22933138682050827,1.155551127097523,-0.575263244629838,-0.3869496742105558,False
chirp_9db,test,mixed_damage,17439,zero_fill,3.8757433185103047,1.0,1.933140502295107,0.23932219374167205,0.9962590324947237,,0.3308550441733164,False
chirp_9db,test,mixed_damage,17439,linear,3.875610335520188,0.9999656883907968,1.933865992812867,0.23932219374167205,0.996226698568491,0.009428567495788116,0.33090709201810276,False
chirp_9db,test,mixed_damage,17439,pchip,3.8756023997436078,0.9999636408412229,1.9339789638991443,0.23932219374167205,0.9962247690392938,0.00970998369714303,0.3309165173734249,False
chirp_9db,test,mixed_damage,17439,autoregression,3.8699938220404633,0.9985165435382725,1.9319094306763887,0.23932219374167205,0.9948611356896515,0.1102874612573484,0.3384485906393743,False
chirp_9db,test,mixed_damage,17439,pca_r32_l01,3.8871540322002054,1.0029441355508255,1.969865435917541,0.13623934505014917,0.9807007653059151,0.15578424683413145,0.3428213404549238,False
chirp_9db,test,mixed_damage,17439,pca_r64_l01,3.5281993995082077,0.9103284478767597,1.808925961150912,0.13054703731045345,0.8910607771410759,0.4338187636805371,0.519789996084117,False
chirp_9db,test,mixed_damage,17439,pca_r96_l01,3.6130235532175816,0.9322143538149211,1.8534230591681404,0.12535107681944266,0.9113737084410649,0.4057303062230143,0.48809699196860273,False
chirp_9db,test,mixed_damage,17439,pca_r64_l001,3.0829279747536984,0.7954417311460822,1.5080333882115906,0.12621578685046672,0.780360544487017,0.6169977452033588,0.665892779026185,False
chirp_9db,test,mixed_damage,17439,pca_r64_l1,3.8775240942168065,1.0004594668841966,1.9644784579118564,0.13719182547511125,0.9784399910025707,0.08638929958251758,0.33413279642316024,False
chirp_9db,test,mixed_damage,17439,template_1,3.128615532905728,0.8072298074961926,1.5148310776845058,0.1496849901735201,0.7954683799886272,0.7352734545979437,0.7525924803996891,False
chirp_9db,test,mixed_damage,17439,dictionary_8,2.6810249805721376,0.6917447210107367,1.322732098103225,0.1273252075542454,0.68149975117534,0.8870535319930889,0.8318432082824863,False
chirp_9db,test,mixed_damage,17439,dictionary_24,3.4579370274103605,0.8921997003505037,1.7202949389798883,0.12412071464959555,0.8727978632898233,0.525889452290447,0.5603658196083612,False
chirp_9db,test,mixed_damage,17439,dictionary_48,3.464896422044961,0.8939953287145811,1.7220900747024794,0.12161213852487748,0.8741906935506436,0.4483181582736364,0.5389539535651008,False
chirp_9db,test,mixed_damage,17439,local_pca_8,3.556386212480678,0.9176010690634756,1.8254952348253228,0.23932219374167205,0.9187970933026561,0.40771905372190176,0.49068136062977685,False
chirp_9db,test,mixed_damage,17439,local_pca_16,3.5889040510246843,0.9259911599110049,1.8141968648126832,0.23932219374167205,0.9266660325368469,0.45020580186452386,0.5347876693197433,False
chirp_9db,test,mixed_damage,17439,local_pca_32,3.6767609089811595,0.948659549104086,1.88225927665477,0.23932219374167205,0.9479483592234818,0.3762227394060732,0.482492747827346,True
chirp_9db,test,mixed_damage,17439,local_dictionary_8,4.64522542401175,1.198537942857683,2.2101962028926643,0.23932219374167205,1.18419925282195,-0.4708197614290884,-0.25069157225310285,False
chirp_9db,test,mixed_damage,17439,local_dictionary_24,3.805321974744562,0.9818302353952557,1.9672706652838374,0.23932219374167205,0.9791450996192339,0.26344175247988294,0.3456033349220077,False
chirp_9db,test,mixed_damage,17542,zero_fill,2.6163318736836385,1.0,1.3528368292269248,0.25703167445055775,0.6998290728061657,,0.4898135027769216,False
chirp_9db,test,mixed_damage,17542,linear,2.655173019414199,1.014845649407571,1.387973533550015,0.25703167445055775,0.70891303187027,-0.04053866519198441,0.4215579771117907,False
chirp_9db,test,mixed_damage,17542,pchip,2.649551747980393,1.0126971179118736,1.389455146630778,0.25703167445055775,0.7075973294487842,-0.04801418440144101,0.4320017224582982,False
chirp_9db,test,mixed_damage,17542,autoregression,2.609531658814494,0.997400859219144,1.313752506239842,0.25703167445055775,0.6982404091454636,0.07206880762263122,0.4827523951353947,False
chirp_9db,test,mixed_damage,17542,pca_r32_l01,3.153874645492572,1.205456646083704,1.722138495001086,0.16695416944325756,0.8048691935610647,0.359890605774423,0.4897733406398613,False
chirp_9db,test,mixed_damage,17542,pca_r64_l01,2.5302112329309643,0.9670834416616186,1.3011376841657354,0.12577832215375237,0.6441696049036323,0.3482055514610567,0.5626026797891395,False
chirp_9db,test,mixed_damage,17542,pca_r96_l01,2.412241911155501,0.9219938553740161,1.2210644836261464,0.10156646391693991,0.6110261469867724,0.3904100733523568,0.6064524723042145,False
chirp_9db,test,mixed_damage,17542,pca_r64_l001,4.627004405222195,1.7685082124950953,2.5513144086539667,0.1139128496490747,1.161997521126691,-0.11733581887163362,0.11358083750715402,False
chirp_9db,test,mixed_damage,17542,pca_r64_l1,2.116706033887034,0.8090357554322184,1.041408533706786,0.15779729441429566,0.5507917157238782,0.6070344392917173,0.7046332866904508,False
chirp_9db,test,mixed_damage,17542,template_1,3.9045774763672396,1.492386159279491,1.8400560813221345,0.14414772128304906,0.9860718708663175,0.14207873513638572,0.3115075727467741,False
chirp_9db,test,mixed_damage,17542,dictionary_8,2.066015363259187,0.7896610456953846,1.0211936803345472,0.1140861869040566,0.5281840559796368,0.6230807057199761,0.7292930462789697,False
chirp_9db,test,mixed_damage,17542,dictionary_24,2.0718171882580756,0.791878587383137,1.0135849264384622,0.10548699401672502,0.5279286794966881,0.6102897305478993,0.7261857795461659,False
chirp_9db,test,mixed_damage,17542,dictionary_48,2.4801729442176232,0.9479580817572996,1.1528972148953538,0.09282068927075995,0.6265227968009025,0.4578386467631888,0.6189536845590315,False
chirp_9db,test,mixed_damage,17542,local_pca_8,3.352290574034826,1.2812940926011047,1.7585264617087835,0.25703167445055775,0.8742436487410705,0.22478062223542786,0.3047769634678068,False
chirp_9db,test,mixed_damage,17542,local_pca_16,2.5408606956171007,0.9711538208032152,1.2191584552568973,0.25703167445055775,0.6822276150411001,0.2542528787407301,0.46905652164884515,False
chirp_9db,test,mixed_damage,17542,local_pca_32,2.2774099091990934,0.8704591080766205,1.1176904922583004,0.25703167445055775,0.6213682040254537,0.5105814061330208,0.6381810151300626,True
chirp_9db,test,mixed_damage,17542,local_dictionary_8,2.6832837724231573,1.025589987039853,1.3169743141844812,0.25703167445055775,0.7154976864223738,0.34475618458116053,0.4385533991928022,False
chirp_9db,test,mixed_damage,17542,local_dictionary_24,2.738706706327479,1.0467734364568757,1.3762274984774279,0.25703167445055775,0.7285041887467931,0.5332463125307549,0.5523574942743639,False
chirp_9db,test,mixed_damage,17645,zero_fill,2.8742532462896,1.0,1.5128104822220472,0.2381328608048806,0.7546497786528635,,0.41683593045311157,False
chirp_9db,test,mixed_damage,17645,linear,2.9436269392474186,1.0241362493188009,1.5223826080694298,0.2381328608048806,0.7711820654192935,-0.008823711568264479,0.29775685475644637,False
chirp_9db,test,mixed_damage,17645,pchip,2.910273989592354,1.0125322093135853,1.5172402835693353,0.2381328608048806,0.7632293063614854,-0.0034779371553646334,0.3403428106620913,False
chirp_9db,test,mixed_damage,17645,autoregression,2.90186488039204,1.0096065418515519,1.5105556602041745,0.2381328608048806,0.761225519925742,-0.05387308915074789,0.3646024214047396,False
chirp_9db,test,mixed_damage,17645,pca_r32_l01,4.895027343798502,1.7030605602055204,2.419905292848917,0.12006346907169016,1.229266072846364,-0.43646819928948105,-0.16484346511926729,False
chirp_9db,test,mixed_damage,17645,pca_r64_l01,4.323087568611383,1.5040733011929608,2.16541585109116,0.10274233529975851,1.0853405553622615,-0.22262286348895197,0.028212510932105476,False
chirp_9db,test,mixed_damage,17645,pca_r96_l01,3.919386897002769,1.3636191946768579,1.886353671825137,0.08211557691013689,0.9830672080269446,-0.22397600490389385,0.08471546614117029,False
chirp_9db,test,mixed_damage,17645,pca_r64_l001,6.614301848696484,2.301224450989121,3.336092638547323,0.09866197294039977,1.6563325775496658,-0.36718547555665154,-0.19255786222841875,False
chirp_9db,test,mixed_damage,17645,pca_r64_l1,3.23448527884092,1.1253306517149617,1.574401717372562,0.12634214820321824,0.817822187857318,-0.18281148105405062,0.23889506669531976,False
chirp_9db,test,mixed_damage,17645,template_1,5.351168688565218,1.8617596398205656,2.498565265399164,0.11926477563453157,1.3427669109456444,-0.7035890164734303,-0.3805095072979243,False
chirp_9db,test,mixed_damage,17645,dictionary_8,3.263218072174826,1.1353272633117293,1.6153804133936338,0.0956439436858353,0.8210438723823272,0.0005550559364794948,0.29957708559741186,False
chirp_9db,test,mixed_damage,17645,dictionary_24,2.9311217044097533,1.0197854723461006,1.462388335732729,0.08346385286397218,0.7372231542706988,0.2568079236493727,0.4640124509298974,False
chirp_9db,test,mixed_damage,17645,dictionary_48,3.139779075442456,1.0923808051693515,1.56246005696896,0.07809215859222052,0.7885781675383461,0.1998668851762046,0.4084258833821598,False
chirp_9db,test,mixed_damage,17645,local_pca_8,5.419681087526216,1.8855962307853464,2.6733988495175387,0.2381328608048806,1.3743987772253388,-0.5140179041379163,-0.37088479781890843,False
chirp_9db,test,mixed_damage,17645,local_pca_16,4.038195595148199,1.4049546957496326,1.9413463260878825,0.2381328608048806,1.0355443180883503,-0.20720408637615356,-0.06578863723570562,False
chirp_9db,test,mixed_damage,17645,local_pca_32,3.702054428713561,1.2880056527700114,1.7845388325232843,0.2381328608048806,0.9538021245286035,-0.17156370497717446,-0.010745968041366245,True
chirp_9db,test,mixed_damage,17645,local_dictionary_8,3.4223560025075135,1.1906939678768613,1.7177238974954405,0.2381328608048806,0.886112630356109,0.033572534228792895,0.15828336752159985,False
chirp_9db,test,mixed_damage,17645,local_dictionary_24,3.3986562507558156,1.1824484342648554,1.7661218864188792,0.2381328608048806,0.8803931366770305,0.0485710879687733,0.17086400917057673,False
chirp_9db,test,mixed_damage,17748,zero_fill,2.6814517444656576,1.0,1.5232745466552498,0.24282452717930947,0.7103977637077585,,0.4665376244950526,False
chirp_9db,test,mixed_damage,17748,linear,2.6834204181359054,1.0007341820244615,1.530965233973027,0.24282452717930947,0.7108622143859221,0.046959902830085685,0.4421510477749934,False
chirp_9db,test,mixed_damage,17748,pchip,2.68562500770399,1.0015563447102658,1.5366420985285854,0.24282452717930947,0.7113823667252936,0.04602317395672416,0.4364786554984492,False
chirp_9db,test,mixed_damage,17748,autoregression,2.9660268777630585,1.1061272625490075,1.68645118383668,0.24282452717930947,0.7778886369771505,-0.21678751517489733,0.15505108530577125,False
chirp_9db,test,mixed_damage,17748,pca_r32_l01,3.8350772867050456,1.4302242412605024,2.0223371241948302,0.13402604302444762,0.9675117085251733,-0.08994476140400756,0.16871874605562115,False
chirp_9db,test,mixed_damage,17748,pca_r64_l01,3.6443208638638454,1.359085007360467,2.0415007327712162,0.11334713208624991,0.9176664748179206,-0.18566026456349,0.1498301780466821,False
chirp_9db,test,mixed_damage,17748,pca_r96_l01,3.1699887578238655,1.182191238147961,1.768723429724187,0.09410585601418607,0.797718128741762,0.01924987676699539,0.32561471139562803,False
chirp_9db,test,mixed_damage,17748,pca_r64_l001,4.562474731081568,1.7014942523199306,2.5660830717313967,0.10841779147116551,1.1454391061501836,-0.24556789339930288,0.014032199410690125,False
chirp_9db,test,mixed_damage,17748,pca_r64_l1,2.9460853632024797,1.098690427408589,1.5290392005265026,0.13157175110801012,0.7474576013318543,-0.07869680826121944,0.3401182272366492,False
chirp_9db,test,mixed_damage,17748,template_1,3.9893384315460816,1.4877532067395274,1.9461773778690277,0.12666063701884203,1.0048465329330405,0.02679307999425066,0.2278309033284352,False
chirp_9db,test,mixed_damage,17748,dictionary_8,2.969079436757089,1.107265660433784,1.541219382247538,0.10005345509008753,0.7485650067757039,0.050366622851129014,0.38109714270867096,False
chirp_9db,test,mixed_damage,17748,dictionary_24,2.766778714346367,1.031821184198753,1.4429210092660063,0.09466555195318434,0.6977413540784271,0.10999498718099116,0.4536664954708293,False
chirp_9db,test,mixed_damage,17748,dictionary_48,2.2444195336203676,0.8370165669595598,1.2085425970454313,0.08870181226976875,0.5676398074150868,0.5478875923503412,0.679799276387531,False
chirp_9db,test,mixed_damage,17748,local_pca_8,4.082866569430815,1.5226328714874644,2.190785272802279,0.24282452717930947,1.0474449773369239,-0.02430860573966711,0.08235724078555942,False
chirp_9db,test,mixed_damage,17748,local_pca_16,3.04619963437359,1.1360262740736427,1.6624838816965997,0.24282452717930947,0.7970174275641507,0.11394209045702557,0.2588513610391782,False
chirp_9db,test,mixed_damage,17748,local_pca_32,2.944668382476375,1.0981619895095929,1.6130238452087462,0.24282452717930947,0.7728004329932898,0.13493875602092972,0.28776022647874927,True
chirp_9db,test,mixed_damage,17748,local_dictionary_8,3.1673165641673053,1.181194690788093,1.6024408762469355,0.24282452717930947,0.8259975212828432,-0.03201540508769391,0.15734768925524262,False
chirp_9db,test,mixed_damage,17748,local_dictionary_24,3.7674609268684116,1.4050079158217956,1.8541773186806607,0.24282452717930947,0.9707670324438692,-0.20123526312130716,-0.025691245144814676,False
chirp_9db,test,mixed_damage,17850,zero_fill,3.485897582693534,1.0,1.7966256348239396,0.22700825532522234,0.8987655832034166,,0.3455683439405633,False
chirp_9db,test,mixed_damage,17850,linear,3.4939188010282027,1.0023010481932952,1.8137592053469014,0.22700825532522234,0.9007101298408028,-0.0003653492909611073,0.3250766848353639,False
chirp_9db,test,mixed_damage,17850,pchip,3.4961717358528297,1.0029473479686564,1.8180848946939219,0.22700825532522234,0.9012563462454513,0.0005485722878567455,0.31943935667007756,False
chirp_9db,test,mixed_damage,17850,autoregression,3.3927572168733864,0.973280808282331,1.7360761632413881,0.22700825532522234,0.87620605283637,0.5529775157266952,0.4713345611207983,False
chirp_9db,test,mixed_damage,17850,pca_r32_l01,3.9838081942665893,1.1428356971946154,1.8228773564941934,0.13112213579876883,1.0040114213167624,0.2197708814345621,0.33596449580765736,False
chirp_9db,test,mixed_damage,17850,pca_r64_l01,3.4453433197180607,0.9883661920600268,1.6057047175594348,0.1117380385154236,0.8681039478907099,0.3075862587552156,0.43719739833869176,False
chirp_9db,test,mixed_damage,17850,pca_r96_l01,3.287084839807769,0.9429665564838129,1.56799274400259,0.10832394313201625,0.8284374559196175,0.3636883122042561,0.48607318872509997,False
chirp_9db,test,mixed_damage,17850,pca_r64_l001,4.283668413294036,1.2288566464376929,1.9789057299299349,0.10533836615004143,1.0757630328573893,0.2492804828371741,0.34656272251779185,False
chirp_9db,test,mixed_damage,17850,pca_r64_l1,3.6807468123532363,1.0558964298397842,1.795053055015263,0.12342898390152197,0.92791492766218,0.030669734939108764,0.2741083750682415,False
chirp_9db,test,mixed_damage,17850,template_1,3.2918156625621675,0.9443236883679754,1.4628469705781402,0.15022631966302544,0.835709637190232,0.43314280158212254,0.5152369459329245,False
chirp_9db,test,mixed_damage,17850,dictionary_8,3.733979098863164,1.0711671844294228,1.842092914326194,0.11342884309336804,0.9399332239389889,0.2605121910077642,0.38106699040096503,False
chirp_9db,test,mixed_damage,17850,dictionary_24,3.5037420385209326,1.0051190419121867,1.694153174524532,0.107147413248648,0.8820578493991681,0.2183497870457439,0.38692789922005155,False
chirp_9db,test,mixed_damage,17850,dictionary_48,2.8502641627483176,0.8176557386249811,1.36811387332434,0.10043221048494737,0.7191707564528207,0.578341898868703,0.6456635249409652,False
chirp_9db,test,mixed_damage,17850,local_pca_8,3.8705066490547098,1.110332864703383,1.8312997570439546,0.22700825532522234,0.9922768307081616,0.3267494163724114,0.3634666857406922,False
chirp_9db,test,mixed_damage,17850,local_pca_16,3.1679999213053303,0.9088046467668836,1.476938016313119,0.22700825532522234,0.8219342553231371,0.4278457951560055,0.4865882793716468,False
chirp_9db,test,mixed_damage,17850,local_pca_32,3.260795727742795,0.935424994679045,1.5549523280211364,0.22700825532522234,0.8443111096425255,0.37610607896910964,0.4435233865453438,True
chirp_9db,test,mixed_damage,17850,local_dictionary_8,3.6817386831304835,1.0561809679691232,1.691116998423901,0.22700825532522234,0.9463149234876307,0.1739739111856433,0.2588239749743452,False
chirp_9db,test,mixed_damage,17850,local_dictionary_24,2.705343243327896,0.7760822511708713,1.3069936351852385,0.22700825532522234,0.7111554543490702,0.6903701391409812,0.7243858084159307,False
chirp_9db,test,mixed_damage,17953,zero_fill,2.282130623318092,1.0,1.214735280200627,0.23656909865667214,0.6147964225291712,,0.48721931172197047,False
chirp_9db,test,mixed_damage,17953,linear,2.281658540014074,0.9997931392273545,1.221666479688398,0.23656909865667214,0.6146869004728958,0.020109580585099953,0.48470639318178477,False
chirp_9db,test,mixed_damage,17953,pchip,2.2800343122310234,0.9990814237074561,1.222007361950841,0.23656909865667214,0.614310108044954,0.044861921403872344,0.4887302726245093,False
chirp_9db,test,mixed_damage,17953,autoregression,2.2966886666222854,1.0063791455035238,1.204450470694403,0.23656909865667214,0.6181753851042046,-0.06759782045015131,0.4601007378389561,False
chirp_9db,test,mixed_damage,17953,pca_r32_l01,2.7973263871182437,1.225752092599803,1.4911930486804237,0.1055097583096174,0.7067540039038651,0.022260965048477802,0.3376330069524826,False
chirp_9db,test,mixed_damage,17953,pca_r64_l01,2.4195975509441063,1.0602362223360138,1.2761275884036962,0.09797916218325638,0.6122933861652186,0.1569993284058509,0.47090050241747017,False
chirp_9db,test,mixed_damage,17953,pca_r96_l01,2.5015878758088115,1.0961633178435863,1.2988309818851882,0.09112529372577363,0.6315902146438963,0.1448436205488717,0.449146799348788,False
chirp_9db,test,mixed_damage,17953,pca_r64_l001,2.2984545170321375,1.0071529182191648,1.2194672157000945,0.09563194634805035,0.582026374203748,0.41682286668992174,0.5863162556191462,False
chirp_9db,test,mixed_damage,17953,pca_r64_l1,2.46271301220861,1.0791288575006988,1.2786494769025274,0.10798809992895907,0.624493636196339,-0.006646300809825801,0.4188550654088762,False
chirp_9db,test,mixed_damage,17953,template_1,2.662977598999551,1.1668821984991065,1.248347500742607,0.11826380547024883,0.6755203831139177,0.4097470585142487,0.5376906068884973,False
chirp_9db,test,mixed_damage,17953,dictionary_8,3.3406999963683943,1.463851351116441,1.679765460925157,0.09363161438184911,0.8400810844016807,-0.15413530581309384,0.17247147122178727,False
chirp_9db,test,mixed_damage,17953,dictionary_24,2.721641214050912,1.192587832721773,1.4031136863943448,0.08610239068944425,0.685498688148685,0.10900764997007162,0.3944004255362691,False
chirp_9db,test,mixed_damage,17953,dictionary_48,2.614538831563035,1.1456569597062065,1.3373055949888513,0.07969163461168387,0.6581733553535322,-0.05339188312643327,0.37132497390560815,False
chirp_9db,test,mixed_damage,17953,local_pca_8,2.3747741364567454,1.0405951842510903,1.3008164825838169,0.23656909865667214,0.6363482868962332,0.21010036377447194,0.36826941839072147,False
chirp_9db,test,mixed_damage,17953,local_pca_16,2.53356647887677,1.1101759263863276,1.2923265896139204,0.23656909865667214,0.6735369876386007,0.1426319867303874,0.2975664323582247,False
chirp_9db,test,mixed_damage,17953,local_pca_32,2.583741122062451,1.1321618033878509,1.3151419768231691,0.23656909865667214,0.6853462748140985,0.06765050622420678,0.24944646790665784,True
chirp_9db,test,mixed_damage,17953,local_dictionary_8,3.139666629655697,1.3757611407408377,1.6037715555342487,0.23656909865667214,0.8176559721989599,-0.0927480375724458,0.0698698020404654,False
chirp_9db,test,mixed_damage,17953,local_dictionary_24,3.133901955474144,1.3732351353831025,1.6049066244122707,0.23656909865667214,0.8162726085350224,-0.08409352138674403,0.07630938250116555,False
chirp_9db,test,mixed_damage,18056,zero_fill,3.05409371707702,1.0,1.7293423030557462,0.2412160081277797,0.7984463770091985,,0.40007478087573206,False
chirp_9db,test,mixed_damage,18056,linear,3.129177338587757,1.024584583338391,1.7760705820194218,0.2412160081277797,0.8164147328023481,-0.04326769085611512,0.27394927390157,False
chirp_9db,test,mixed_damage,18056,pchip,3.108028421319576,1.0176598065543894,1.766000625158664,0.2412160081277797,0.8113498823868611,-0.05447397871635185,0.30322001565315165,False
chirp_9db,test,mixed_damage,18056,autoregression,2.940734613388158,0.9628828994162777,1.6178131230593458,0.2412160081277797,0.7713906883445848,0.3322623095404991,0.49907769151572595,False
chirp_9db,test,mixed_damage,18056,pca_r32_l01,3.124913255634271,1.0231883973177582,1.5264585279578022,0.08541283612218356,0.7855934517872182,0.40226226527043984,0.5199685294085884,False
chirp_9db,test,mixed_damage,18056,pca_r64_l01,2.6315038791408547,0.8616316730645014,1.259350525356623,0.08146112152762382,0.6625873235252392,0.5239475388808031,0.6309065450254487,False
chirp_9db,test,mixed_damage,18056,pca_r96_l01,2.6430178674071265,0.8654016910576924,1.288410125257999,0.07776224522178224,0.6650304480417749,0.5140217833166915,0.6255701377168337,False
chirp_9db,test,mixed_damage,18056,pca_r64_l001,2.8146210669883214,0.9215896196145904,1.3932313354862895,0.07865663605203425,0.7077647360996719,0.638412097811663,0.6933866740291722,False
chirp_9db,test,mixed_damage,18056,pca_r64_l1,2.9650802630117234,0.9708543802806128,1.4733291384626614,0.09752713327136645,0.747260584232654,0.27893649132898923,0.47889196034074477,False
chirp_9db,test,mixed_damage,18056,template_1,2.969662168682318,0.9723546307951844,1.4269695061835321,0.1115118288500805,0.7502256625386671,0.3667411865814187,0.5086829710923854,False
chirp_9db,test,mixed_damage,18056,dictionary_8,2.691530785340887,0.8812862455042373,1.1604043545217024,0.07532687688593469,0.6768239267046566,0.5325284785035889,0.630244684155822,False
chirp_9db,test,mixed_damage,18056,dictionary_24,2.8463063980817314,0.9319643278025681,1.221554736314895,0.07203609715796519,0.7149868049991936,0.4706459365890704,0.5838087692570454,False
chirp_9db,test,mixed_damage,18056,dictionary_48,2.7858848960195792,0.9121805530859298,1.2193998867944669,0.06947747311939581,0.6997125053788104,0.4582270427069426,0.5838840755824951,False
chirp_9db,test,mixed_damage,18056,local_pca_8,2.6136721766411064,0.855793049842155,1.2415785143178995,0.2412160081277797,0.6939046983197862,0.5221193150145058,0.5750740339625373,False
chirp_9db,test,mixed_damage,18056,local_pca_16,2.5648070045704205,0.8397931570433664,1.2043999783062413,0.2412160081277797,0.6824135663835937,0.5435677879362962,0.5954156047617304,False
chirp_9db,test,mixed_damage,18056,local_pca_32,2.706511017216372,0.8861912134794251,1.3014527232215376,0.2412160081277797,0.7158028414379426,0.4695285359895769,0.5364861154724765,True
chirp_9db,test,mixed_damage,18056,local_dictionary_8,2.9555217661689457,0.9677246476239719,1.3268328783137835,0.2412160081277797,0.7749147674484482,0.5283330679380884,0.547066618756133,False
chirp_9db,test,mixed_damage,18056,local_dictionary_24,3.1352516548925866,1.0265734929356525,1.3814504664712726,0.2412160081277797,0.8178699613234375,0.4730743739218867,0.4979482649617505,False
chirp_9db,test,mixed_damage,18159,zero_fill,4.005499597353019,1.0,2.0185602067757413,0.22086432476404239,1.0239550397141879,,0.29848309300839443,False
chirp_9db,test,mixed_damage,18159,linear,4.006023601796014,1.000130821244706,2.026218545121908,0.22086432476404239,1.024083152368768,0.01858131878692219,0.2972989743156894,False
chirp_9db,test,mixed_damage,18159,pchip,4.006023744435269,1.0001308568555585,2.0268837854514015,0.22086432476404239,1.0240831872424145,0.018720038419133108,0.2972228265276123,False
chirp_9db,test,mixed_damage,18159,autoregression,4.003836385754582,0.9995847680025892,2.0106065677961835,0.22086432476404239,1.0235484097367615,0.0362979499130934,0.30032659706242537,False
chirp_9db,test,mixed_damage,18159,pca_r32_l01,4.6074885133166745,1.1502905945519186,2.1526874955036535,0.1187134050933228,1.1575929630211637,-0.34663415214718435,-0.009476246649135064,False
chirp_9db,test,mixed_damage,18159,pca_r64_l01,4.466859197427409,1.1151815369995977,2.0941738526319753,0.11678392484396224,1.1224250633720285,-0.3613730763133551,0.036090046287531194,False
chirp_9db,test,mixed_damage,18159,pca_r96_l01,4.3301147352290945,1.081042359382733,2.0465376621081326,0.11381899708825083,1.08812381768232,-0.2581433736751121,0.1137664244441826,False
chirp_9db,test,mixed_damage,18159,pca_r64_l001,5.5551521845304075,1.3868812240554103,2.4515446983249225,0.11592556026816349,1.3933165654775226,-0.4802657203256999,-0.24906987032400246,False
chirp_9db,test,mixed_damage,18159,pca_r64_l1,4.334806209233103,1.082213617521695,2.123832182816959,0.1185698499921488,1.0897656574785148,-0.3701736782429854,0.09405376592689432,False
chirp_9db,test,mixed_damage,18159,template_1,3.742741583515888,0.9344006889900149,2.028566031522601,0.12927980759337193,0.9440211064493509,0.552793954814685,0.5910100964269914,False
chirp_9db,test,mixed_damage,18159,dictionary_8,3.7705180595765406,0.9413352736493189,1.8266799150338717,0.11029425117118807,0.9486595399962398,0.3438824620245876,0.44685547374429924,False
chirp_9db,test,mixed_damage,18159,dictionary_24,3.676738773960983,0.9179226422568378,1.7543078363502018,0.10971378652546664,0.9253028131460009,0.45706768411752463,0.50066574817851,False
chirp_9db,test,mixed_damage,18159,dictionary_48,4.1807668509388645,1.043756652404027,1.9246688186562706,0.09958987025671125,1.049630399110072,-0.07153169954626094,0.21500179616309,False
chirp_9db,test,mixed_damage,18159,local_pca_8,4.366607869307072,1.090153116528257,2.047089215581557,0.22086432476404239,1.1124011201449715,-0.20580594224900786,-0.026702486518897072,False
chirp_9db,test,mixed_damage,18159,local_pca_16,4.41412822264261,1.102016893363222,2.0935418521075135,0.22086432476404239,1.1240619343265785,-0.39958252391859755,-0.1346855402618021,False
chirp_9db,test,mixed_damage,18159,local_pca_32,4.151291390847828,1.0363979049183163,1.9627668727446879,0.22086432476404239,1.059626584021154,-0.13341134039026448,0.10391083369875496,True
chirp_9db,test,mixed_damage,18159,local_dictionary_8,4.44089695479135,1.1086998879555643,2.0510334106128107,0.22086432476404239,1.1306326081108653,-0.14249346445620548,-0.007765878717773789,False
chirp_9db,test,mixed_damage,18159,local_dictionary_24,3.3041953784148954,0.8249146699698656,1.517765863350601,0.22086432476404239,0.8532812713299943,0.5703619854900926,0.6031529768744308,False
chirp_9db,test,mixed_damage,18262,zero_fill,1.590807791720209,1.0,0.9064571132424182,0.2618447434274472,0.4716400557566723,,0.6750214862073765,False
chirp_9db,test,mixed_damage,18262,linear,1.7187135816588248,1.0804030446697181,0.9228147062676605,0.2618447434274472,0.4988998158878751,0.050657984980178476,0.4958952680364955,False
chirp_9db,test,mixed_damage,18262,pchip,1.7421737557110022,1.0951503788066783,0.9326317413128771,0.2618447434274472,0.5039599091195749,0.04695689830735823,0.47816926554157646,False
chirp_9db,test,mixed_damage,18262,autoregression,1.596928960753037,1.0038478369698007,0.9833302209436651,0.2618447434274472,0.4729311624460107,0.37765362844650663,0.5669283275561331,False
chirp_9db,test,mixed_damage,18262,pca_r32_l01,1.399409651399224,0.8796849365981431,0.785341501552623,0.15170627074231252,0.3794378457968606,0.7534648894389397,0.8206745027618447,False
chirp_9db,test,mixed_damage,18262,pca_r64_l01,0.8026300811579576,0.5045424628515549,0.5269733073301561,0.13247625968063095,0.23815231967484843,0.8648938985343364,0.9102902157335788,False
chirp_9db,test,mixed_damage,18262,pca_r96_l01,0.9743775158840834,0.6125048676247977,0.5607765098687465,0.08785634242174879,0.2580204203421154,0.802081647291833,0.8954437823423121,False
chirp_9db,test,mixed_damage,18262,pca_r64_l001,4.061394425087415,2.5530390574059574,2.264310158796304,0.12855048001912084,1.0229492614747666,0.255736719764859,0.40906218812965756,False
chirp_9db,test,mixed_damage,18262,pca_r64_l1,1.0703618154661603,0.6728416978073334,0.6142252627727705,0.14711722794151644,0.30314256107543236,0.7396408464691822,0.8497133761497723,False
chirp_9db,test,mixed_damage,18262,template_1,3.2856691171409977,2.0654092431795688,1.608343238750423,0.15165510603347881,0.8344388314581727,-0.006687721608849215,0.3230873654310427,False
chirp_9db,test,mixed_damage,18262,dictionary_8,1.493825690573739,0.9390359403246328,0.8001512498188169,0.09978733038405951,0.38575233824597305,0.45508516046607744,0.7504227604347623,False
chirp_9db,test,mixed_damage,18262,dictionary_24,1.3901397625745848,0.8738577782997698,0.7675312747359045,0.09324416103478765,0.3590704721044624,0.5954308108568998,0.79691273823086,False
chirp_9db,test,mixed_damage,18262,dictionary_48,1.3076948816428469,0.8220319817699535,0.7260850082293933,0.08186097674612296,0.33639487549812075,0.6574163571341106,0.8250457009505172,False
chirp_9db,test,mixed_damage,18262,local_pca_8,1.3541747861194628,0.8512497821343553,0.7399449676590314,0.2618447434274472,0.422953114738389,0.7861531620039444,0.7279374355204923,False
chirp_9db,test,mixed_damage,18262,local_pca_16,0.9172902065142903,0.5766191310405796,0.5012735950609211,0.2618447434274472,0.34185718581337204,0.8269834728608283,0.8059499732056827,False
chirp_9db,test,mixed_damage,18262,local_pca_32,0.8422096083645938,0.5294226070227355,0.5050950502956468,0.2618447434274472,0.3295600352487414,0.8508615836579217,0.8266207077810702,True
chirp_9db,test,mixed_damage,18262,local_dictionary_8,1.4799285441416044,0.930300034890635,0.7598815500268041,0.2618447434274472,0.448513415398154,0.4641393861724145,0.6227129948662108,False
chirp_9db,test,mixed_damage,18262,local_dictionary_24,2.0069632201065115,1.261600069192706,0.9418679467405278,0.2618447434274472,0.5621577520906099,0.6830023089117053,0.6292814028323129,False
chirp_9db,test,mixed_damage,18365,zero_fill,1.4911093565594604,1.0,0.8425279057743109,0.22443945418540875,0.43149472347185425,,0.6257386317371384,False
chirp_9db,test,mixed_damage,18365,linear,1.4862056390654186,0.9967113629376209,0.831090780295124,0.22443945418540875,0.43043606018457553,0.07951352650558588,0.613186079775693,False
chirp_9db,test,mixed_damage,18365,pchip,1.4886797743256774,0.9983706210258187,0.8331215952059965,0.22443945418540875,0.4309700902768669,0.07184050358718204,0.6075907211961069,False
chirp_9db,test,mixed_damage,18365,autoregression,1.5039466665088594,1.0086092343884283,0.8414326750324086,0.22443945418540875,0.4342703366444666,-0.014397752328556938,0.5967087010546019,False
chirp_9db,test,mixed_damage,18365,pca_r32_l01,1.2812722639292249,0.8592745114855914,0.7209591575622251,0.09753007261782153,0.33394800683329473,0.5294808726255611,0.7577159903191218,False
chirp_9db,test,mixed_damage,18365,pca_r64_l01,1.502021095691415,1.0073178664488647,0.8778493826422175,0.09284949458918998,0.3861171131910676,0.37221793154000227,0.6784737817760422,False
chirp_9db,test,mixed_damage,18365,pca_r96_l01,1.2519928309518367,0.8396385050125674,0.7022551963377364,0.07413395152748295,0.3211233885022801,0.5762037341913778,0.7815333346600928,False
chirp_9db,test,mixed_damage,18365,pca_r64_l001,2.3551086651946176,1.5794338992203245,1.344525565014812,0.08978157917280233,0.5951600522263006,0.39467915467716075,0.5673205522920167,False
chirp_9db,test,mixed_damage,18365,pca_r64_l1,1.3779347788667329,0.9241004174543824,0.7739540820452655,0.09953796095125136,0.35771159296505056,0.38634346591207513,0.7120331759197184,False
chirp_9db,test,mixed_damage,18365,template_1,1.7928540446158117,1.202362547541508,0.9604288361175498,0.0933308111949751,0.45723251949021765,0.4852327069839895,0.6626715263789963,False
chirp_9db,test,mixed_damage,18365,dictionary_8,1.0803051429649406,0.7244975951714254,0.5871114966027393,0.06682324108352598,0.2777183133534439,0.7042123334283212,0.8410602424865253,False
chirp_9db,test,mixed_damage,18365,dictionary_24,1.0959905106518135,0.7350168556253098,0.6066427774410399,0.06467985626726357,0.28106354447661513,0.6944893901110227,0.8372944273528894,False
chirp_9db,test,mixed_damage,18365,dictionary_48,1.1641306521801553,0.7807144707791482,0.6478210425740427,0.06383711103564386,0.2975239303953182,0.6548416790520268,0.8174692878457539,False
chirp_9db,test,mixed_damage,18365,local_pca_8,1.6220575517932432,1.0878193102724059,0.9234977157858939,0.22443945418540875,0.4600724623805983,0.25160702891884806,0.4589775039253682,False
chirp_9db,test,mixed_damage,18365,local_pca_16,1.2506744868139406,0.8387543685593309,0.695140340407558,0.22443945418540875,0.38077082189397216,0.5853000455985806,0.663886626576736,False
chirp_9db,test,mixed_damage,18365,local_pca_32,1.394609733701427,0.935283336239876,0.7888195248656447,0.22443945418540875,0.4108324124765191,0.4112905037256866,0.5926076096041132,True
chirp_9db,test,mixed_damage,18365,local_dictionary_8,1.2046884919121448,0.8079142462708474,0.6439060582438622,0.22443945418540875,0.3713884751401843,0.7241186585767088,0.7077624273905113,False
chirp_9db,test,mixed_damage,18365,local_dictionary_24,1.4546972503361255,0.9755805259599798,0.7780065767127059,0.22443945418540875,0.42365523417198764,0.7080315401919207,0.67286723776864,False
chirp_9db,test,mixed_damage,18467,zero_fill,1.9497731298960252,1.0,1.136084078050106,0.2249542127119113,0.5338937877352736,,0.5340426443193972,False
chirp_9db,test,mixed_damage,18467,linear,1.953009748150649,1.0016599973632812,1.1454180270888437,0.2249542127119113,0.5346326451185897,-0.05009892690451883,0.5292633073213796,False
chirp_9db,test,mixed_damage,18467,pchip,1.9527877417985218,1.0015461347047374,1.1450599979775764,0.2249542127119113,0.5345819588572871,-0.07039010736142444,0.5296929093743123,False
chirp_9db,test,mixed_damage,18467,autoregression,1.932100201087977,0.9909359050357871,1.1164116531047352,0.2249542127119113,0.5298630220571597,0.19176836992710097,0.5529957727240498,False
chirp_9db,test,mixed_damage,18467,pca_r32_l01,2.0173935082330217,1.0346811520274681,1.0498949869997132,0.09290269534005624,0.512307294812062,0.16778639286194677,0.538372995522175,False
chirp_9db,test,mixed_damage,18467,pca_r64_l01,2.0202329631841773,1.0361374522029183,1.0669577162045294,0.0882748105008677,0.5122394373038832,0.11578451687321192,0.5327019966037015,False
chirp_9db,test,mixed_damage,18467,pca_r96_l01,2.0033598797004273,1.0274835820551387,1.0850265341576564,0.07831455536284238,0.5065476502338222,0.10217923946333095,0.5425789612422216,False
chirp_9db,test,mixed_damage,18467,pca_r64_l001,3.1558341631218574,1.6185648036344347,1.5960111757162339,0.08577489287321602,0.7933177661267824,-0.22017523812793208,0.15425389651849014,False
chirp_9db,test,mixed_damage,18467,pca_r64_l1,2.1083328187585892,1.0813221222671272,1.1285622539816842,0.09198036264963326,0.5345543167765968,-0.07420094359377218,0.47523102374891135,False
chirp_9db,test,mixed_damage,18467,template_1,2.710374157478566,1.3900971943454268,1.3413325148876145,0.09961832480847671,0.6844242668610401,-0.03728433267118877,0.30671163738603446,False
chirp_9db,test,mixed_damage,18467,dictionary_8,2.9473389932861767,1.5116317627391593,1.5003920310056942,0.07701767578351765,0.7405987010981216,-0.408188858844041,0.1249656580510699,False
chirp_9db,test,mixed_damage,18467,dictionary_24,2.1851510299521175,1.1207206604948157,1.154244921719827,0.07071030247525639,0.5505613173640911,-0.004257487608631908,0.46384187052203785,False
chirp_9db,test,mixed_damage,18467,dictionary_48,1.9181703782955604,0.9837915749704941,1.0040990419466815,0.06834498070597864,0.4840869721693899,0.2905946794116109,0.6012274569955243,False
chirp_9db,test,mixed_damage,18467,local_pca_8,2.080553709044114,1.0670747673884822,1.1184590044569371,0.2249542127119113,0.5639021249001106,0.04453385307582334,0.34913460637087085,False
chirp_9db,test,mixed_damage,18467,local_pca_16,2.129974283126174,1.0924216004760299,1.150732541371231,0.2249542127119113,0.5753181953292997,-0.14151211857538915,0.2917614295344816,False
chirp_9db,test,mixed_damage,18467,local_pca_32,2.099586328487258,1.0768362207346767,1.1097423068441143,0.2249542127119113,0.5682939775120323,-0.012930950576768343,0.32862399280849497,True
chirp_9db,test,mixed_damage,18467,local_dictionary_8,2.954906491726343,1.5155129827252867,1.4810040909786273,0.2249542127119113,0.7701679338827273,-0.37398922471549295,-0.0929440521103395,False
chirp_9db,test,mixed_damage,18467,local_dictionary_24,2.38657190026195,1.2240254333534781,1.3107760669645656,0.2249542127119113,0.635157037785365,-0.1456086973892166,0.15283345886448688,False
chirp_9db,test,mixed_damage,18570,zero_fill,2.7889177539082786,1.0,1.4647681748818921,0.24936053997084442,0.7378504430727758,,0.4483496395872438,False
chirp_9db,test,mixed_damage,18570,linear,2.837396401578519,1.0173826021231012,1.4592321165160818,0.24936053997084442,0.7493133741595115,0.0025487127198643004,0.34931882112647233,False
chirp_9db,test,mixed_damage,18570,pchip,2.8158776689712472,1.0096668017639416,1.4681332845027584,0.24936053997084442,0.7442226326018484,0.008259614916940269,0.38178231480552155,False
chirp_9db,test,mixed_damage,18570,autoregression,2.8330964709478095,1.0158408102847853,1.436898760766072,0.24936053997084442,0.7482958053602198,-0.05313503923920457,0.36657718636031467,False
chirp_9db,test,mixed_damage,18570,pca_r32_l01,1.8994086848740628,0.6810558261219094,0.952304354261577,0.11886355767539726,0.48860013893800497,0.7374693983115765,0.7923410881115589,False
chirp_9db,test,mixed_damage,18570,pca_r64_l01,1.7269271710569245,0.6192105050917609,0.8584260466706517,0.1168878200041436,0.4463195947912835,0.8205633450677157,0.8426022949104269,False
chirp_9db,test,mixed_damage,18570,pca_r96_l01,1.8929203992803196,0.6787293732945894,0.9721037914951832,0.11307129819245124,0.4857291178691742,0.7648202023356487,0.8036694151578473,False
chirp_9db,test,mixed_damage,18570,pca_r64_l001,1.667249588911797,0.5978123903350608,0.9039652613078318,0.11541191461490799,0.4315321426508067,0.9447245509139509,0.9358928677421683,False
chirp_9db,test,mixed_damage,18570,pca_r64_l1,2.4432785162001873,0.8760668946856801,1.211071644054603,0.12816212620655065,0.6232973240472874,0.5044085381341875,0.6288925937333933,False
chirp_9db,test,mixed_damage,18570,template_1,1.666750321919895,0.5976333721509633,0.8873514126369939,0.1333806115441678,0.43624193750848533,0.9263822809980511,0.9187809221001668,False
chirp_9db,test,mixed_damage,18570,dictionary_8,2.3693035151254977,0.849542268431993,1.2264109761141275,0.10929840557699715,0.6017054547654082,0.5542303911735211,0.6656516410204312,False
chirp_9db,test,mixed_damage,18570,dictionary_24,1.9071954735514305,0.6838478728455734,0.9847079085958482,0.10644837192621935,0.4878116575983249,0.7359626029206063,0.7932580771723212,False
chirp_9db,test,mixed_damage,18570,dictionary_48,2.37636258958755,0.8520733844723137,1.2145073984621781,0.10004939455893173,0.6019368414473284,0.5241781847403216,0.655143682063264,False
chirp_9db,test,mixed_damage,18570,local_pca_8,1.958039197746935,0.7020785015990582,0.9857045906324877,0.24936053997084442,0.5458151978538459,0.7271555981129717,0.7581466999112718,False
chirp_9db,test,mixed_damage,18570,local_pca_16,1.9246338186421106,0.6901006011901947,0.9566615503089757,0.24936053997084442,0.5383380396692665,0.7460190550546699,0.7749942147305502,False
chirp_9db,test,mixed_damage,18570,local_pca_32,2.2182173569053134,0.7953685094502309,1.1143278845590776,0.24936053997084442,0.6048346068293309,0.6286620582421351,0.6936469440964589,True
chirp_9db,test,mixed_damage,18570,local_dictionary_8,2.6452694279482283,0.9484931652219765,1.3614586017609858,0.24936053997084442,0.7040135177082811,0.3795783612791349,0.4744705156817961,False
chirp_9db,test,mixed_damage,18570,local_dictionary_24,3.8655095437985927,1.386024933285186,2.019791090843554,0.24936053997084442,0.9960821444732944,-0.15058640189776146,-0.0037243599203167278,False
chirp_9db,test,mixed_damage,18673,zero_fill,4.249814323855635,1.0,2.0567008178288155,0.3311319552790714,1.1097760856461272,,0.4139355200867785,False
chirp_9db,test,mixed_damage,18673,linear,4.359395746899643,1.0257849907533347,2.135110436029969,0.3311319552790714,1.1360308329660007,-0.05559890260981867,0.2722029546163155,False
chirp_9db,test,mixed_damage,18673,pchip,4.324343717842448,1.0175370941663155,2.0945314988630805,0.3311319552790714,1.1276267713417958,-0.09349997377856072,0.31299419113120086,False
chirp_9db,test,mixed_damage,18673,autoregression,5.092047964284484,1.1981812795211095,2.692484011850162,0.3311319552790714,1.3127661170139437,-0.045019320096412345,0.08592210028333912,False
chirp_9db,test,mixed_damage,18673,pca_r32_l01,1.8265062398693215,0.42978495074867823,0.9311740849311949,0.14963671357245956,0.4790610761565965,0.9415884850774764,0.9400860649147991,False
chirp_9db,test,mixed_damage,18673,pca_r64_l01,1.833586269678901,0.4314509128990331,0.8456599971962907,0.10968889719018711,0.4705391469405719,0.9405635647743079,0.9396088274808542,False
chirp_9db,test,mixed_damage,18673,pca_r96_l01,1.825459015681403,0.4295385342918368,0.871990060357217,0.09903209672986704,0.46632948120623513,0.9505339576830474,0.9459649671881497,False
chirp_9db,test,mixed_damage,18673,pca_r64_l001,2.9056646288603853,0.6837156655409423,1.3518044690206934,0.1021157846211557,0.7331141383441887,0.7389011902694065,0.7887507118960181,False
chirp_9db,test,mixed_damage,18673,pca_r64_l1,2.3245384901460615,0.5469741294572908,1.1347017953511855,0.1738086075892312,0.6050113983044112,0.9202229391295256,0.9146516469447323,False
chirp_9db,test,mixed_damage,18673,template_1,2.613337491598525,0.6149298045632214,1.1852066437249118,0.15975384261902004,0.6713955707362282,0.8457235937265667,0.860932628210295,False
chirp_9db,test,mixed_damage,18673,dictionary_8,2.181531441456733,0.513323941992257,0.9394442511697396,0.10661329493935778,0.5550661756680284,0.858161143279248,0.8823023625266325,False
chirp_9db,test,mixed_damage,18673,dictionary_24,2.493520345680207,0.5867363032034693,1.1122517117140949,0.09939044046053115,0.6307644473744347,0.8123335163348374,0.8462542684113609,False
chirp_9db,test,mixed_damage,18673,dictionary_48,2.9569067425644047,0.6957731602452121,1.3457476229647667,0.09394141031991184,0.7448016645732042,0.7413722544971865,0.7884937141586255,False
chirp_9db,test,mixed_damage,18673,local_pca_8,2.451694055309691,0.5768943931379563,1.2463556005828829,0.3311319552790714,0.6917156802990387,0.8206621073490327,0.8101579282506906,False
chirp_9db,test,mixed_damage,18673,local_pca_16,1.8489278471809059,0.43506085355359003,0.8563227173859009,0.3311319552790714,0.5625422073712076,0.9490529210837081,0.9378356162829435,False
chirp_9db,test,mixed_damage,18673,local_pca_32,1.749540781359122,0.4116746398868209,0.8463497818502155,0.3311319552790714,0.5423109418695377,0.9494766064036779,0.9360767441832609,True
chirp_9db,test,mixed_damage,18673,local_dictionary_8,2.4854964326808218,0.5848482411875963,1.1442213053317847,0.3311319552790714,0.6992146529309332,0.8458572306215411,0.8232198604583835,False
chirp_9db,test,mixed_damage,18673,local_dictionary_24,2.827268770921056,0.6652687754028798,1.2979869577941447,0.3311319552790714,0.7761352282354528,0.7673955702157508,0.7607639927862597,False
chirp_9db,test,mixed_damage,18776,zero_fill,2.6568836735361834,1.0,1.3601476151265135,0.25080170748129205,0.7072196132494886,,0.47136067823748046,False
chirp_9db,test,mixed_damage,18776,linear,2.733412690959349,1.028804052727423,1.4173456615500775,0.25080170748129205,0.7252183889280612,-0.0011152981402014668,0.34322755297072277,False
chirp_9db,test,mixed_damage,18776,pchip,2.6920700576127428,1.0132434793540388,1.40085283163106,0.25080170748129205,0.7154877550589199,0.008227233228291168,0.3946114844735266,False
chirp_9db,test,mixed_damage,18776,autoregression,2.7273252880431746,1.0265128711537592,1.4008919735853662,0.25080170748129205,0.7237845705876835,-0.1492107541719241,0.36519977510911755,False
chirp_9db,test,mixed_damage,18776,pca_r32_l01,4.1070162873881975,1.545802071914559,2.0852481447837494,0.13152929040077266,1.0346219749977494,0.03967867349382079,0.23400768212322817,False
chirp_9db,test,mixed_damage,18776,pca_r64_l01,3.6148411614472566,1.3605568047456433,1.9282816705304444,0.12926868588190596,0.912336715518792,0.03809734826437438,0.27217557131804765,False
chirp_9db,test,mixed_damage,18776,pca_r96_l01,3.1198323857909607,1.1742450062326646,1.6245028249460165,0.09042848105731803,0.7848572230119758,0.006149428339090957,0.3388882633458081,False
chirp_9db,test,mixed_damage,18776,pca_r64_l001,4.962085700874974,1.8676337809967716,2.577134193052167,0.13346540691991707,1.24723418324037,0.20414865990896655,0.3139958698395228,False
chirp_9db,test,mixed_damage,18776,pca_r64_l1,3.003901170582745,1.1306107228190003,1.5177214219375126,0.13947922965764364,0.7630219146269953,-0.0036970391988664373,0.3377891066583563,False
chirp_9db,test,mixed_damage,18776,template_1,3.2205658047599015,1.2121591309541544,1.6455670365935615,0.12296844671183466,0.813897363234825,0.10069605031801249,0.34946948895170493,False
chirp_9db,test,mixed_damage,18776,dictionary_8,2.9446638385659374,1.1083149284615583,1.4039255882750301,0.08801414899776715,0.7410820837850428,0.07970365540539315,0.40269471008992785,False
chirp_9db,test,mixed_damage,18776,dictionary_24,2.8985081394916024,1.090942809563743,1.4286028414591292,0.08770997053473062,0.7295865703716694,0.09236053560186198,0.417876814593582,False
chirp_9db,test,mixed_damage,18776,dictionary_48,2.717651269134009,1.0228717561868061,1.3570725336059162,0.08202326830785654,0.6840388178305484,0.18943011905927032,0.4879230418078266,False
chirp_9db,test,mixed_damage,18776,local_pca_8,3.8819543660290385,1.4610930861200804,1.9565680879719323,0.25080170748129205,1.0004090459364887,-0.009740340540380761,0.10256612903150984,False
chirp_9db,test,mixed_damage,18776,local_pca_16,3.148324520943005,1.1849688988275267,1.5858968235420177,0.25080170748129205,0.823690996987947,0.015248720872678591,0.18416561023588102,False
chirp_9db,test,mixed_damage,18776,local_pca_32,3.173391050388098,1.1944034592092128,1.6031880383901662,0.25080170748129205,0.8296811588577359,-0.017197197143491327,0.16168575263346913,True
chirp_9db,test,mixed_damage,18776,local_dictionary_8,3.335994061263238,1.2556041103685927,1.5901730631217432,0.25080170748129205,0.868633223227609,-0.09313387021864775,0.09238755004196185,False
chirp_9db,test,mixed_damage,18776,local_dictionary_24,3.6045283941928936,1.35667527716614,1.7407052654648416,0.25080170748129205,0.9332787429164642,-0.31110017282976526,-0.07910623095589338,False
chirp_9db,test,mixed_damage,18879,zero_fill,3.316570533771632,1.0,1.9178561394665707,0.24388808541275853,0.8621144456573313,,0.39232757554343356,False
chirp_9db,test,mixed_damage,18879,linear,3.324844167152843,1.0024946351349875,1.9099506116608889,0.24388808541275853,0.8641039328744256,0.04040558691156846,0.3529842237788254,False
chirp_9db,test,mixed_damage,18879,pchip,3.3275856849281706,1.0033212473681397,1.911715963773889,0.24388808541275853,0.864763243019202,0.040112653482134254,0.3472558974873687,False
chirp_9db,test,mixed_damage,18879,autoregression,3.463654851547632,1.0443483159119593,1.9422020319085158,0.24388808541275853,0.8975357201716252,0.09964181487849899,0.25320116387156383,False
chirp_9db,test,mixed_damage,18879,pca_r32_l01,2.092045746139417,0.6307858448468832,1.1431760281054268,0.1288614638123195,0.5376880227405244,0.7763041236783753,0.8089890992934242,False
chirp_9db,test,mixed_damage,18879,pca_r64_l01,2.053203763242042,0.6190743547694496,1.087582210277974,0.10842865545912117,0.5239273144519533,0.7870665452516413,0.8207813623792011,False
chirp_9db,test,mixed_damage,18879,pca_r96_l01,2.2327816520713792,0.6732200112542884,1.2018256034267103,0.08565352717867977,0.564322702815,0.7642833200058825,0.8000609141271118,False
chirp_9db,test,mixed_damage,18879,pca_r64_l001,2.425376103382562,0.7312903731989695,1.3793074960114184,0.09605655081906506,0.6134356199506602,0.8591579985097126,0.8666636374212572,False
chirp_9db,test,mixed_damage,18879,pca_r64_l1,2.8533725644249013,0.8603382727337996,1.5678049373869976,0.12888330655461133,0.7241761954127378,0.5594523867565484,0.6266642133569218,False
chirp_9db,test,mixed_damage,18879,template_1,5.301762842877183,1.598567794319747,2.741433065607439,0.12026449527938317,1.3305459986995287,-0.4068412692713142,-0.15624118891603136,False
chirp_9db,test,mixed_damage,18879,dictionary_8,3.3837097608972373,1.0202435698086163,1.7955024586535075,0.10023136035112681,0.8514761678241058,0.13977206904348097,0.3917846455599131,False
chirp_9db,test,mixed_damage,18879,dictionary_24,2.834442270412714,0.8546304809593067,1.5273680210840876,0.08922956287553578,0.7138579912904058,0.5224531624161807,0.6257460687190852,False
chirp_9db,test,mixed_damage,18879,dictionary_48,2.3028777834772693,0.6943551358331637,1.2656179475164024,0.07957558111771494,0.5808522930943003,0.7410157226181253,0.7821694681135426,False
chirp_9db,test,mixed_damage,18879,local_pca_8,2.1816898945099212,0.6578150147251309,1.0975350336683078,0.24388808541275853,0.5943479499050424,0.7701009029111231,0.7661163703655242,False
chirp_9db,test,mixed_damage,18879,local_pca_16,2.218460755618101,0.668902027871317,1.1828930415508085,0.24388808541275853,0.6027950054388386,0.7802349292159336,0.8003407809986143,False
chirp_9db,test,mixed_damage,18879,local_pca_32,2.28678621962526,0.6895032674081886,1.2492737265354352,0.24388808541275853,0.6185472994930593,0.7644457073809641,0.7886602713420127,True
chirp_9db,test,mixed_damage,18879,local_dictionary_8,2.029989705554886,0.6120749385198103,1.073001169763749,0.24388808541275853,0.5597476651220469,0.7909145566510524,0.7913365638179211,False
chirp_9db,test,mixed_damage,18879,local_dictionary_24,2.852312210101382,0.8600185586457915,1.4463454738102812,0.24388808541275853,0.7511618466161248,0.5777529714728586,0.6011209211576708,False
chirp_9db,test,mixed_damage,18982,zero_fill,2.137820181149183,1.0,1.2347997722712019,0.23520245816797686,0.5809517015129468,,0.515187445683672,False
chirp_9db,test,mixed_damage,18982,linear,2.1384004114834787,1.0002714121325134,1.235851762231935,0.23520245816797686,0.5810851521483638,0.02971132445704115,0.5022779680291988,False
chirp_9db,test,mixed_damage,18982,pchip,2.143084589251699,1.002462512118155,1.235984089947223,0.23520245816797686,0.5821626974916466,0.01846769747197624,0.49084613054475507,False
chirp_9db,test,mixed_damage,18982,autoregression,2.1483369397168497,1.004919384081225,1.2258771809921925,0.23520245816797686,0.583371373541109,-0.03292458241860669,0.49301876226959324,False
chirp_9db,test,mixed_damage,18982,pca_r32_l01,1.744157435833882,0.8158578776706618,0.9053938850821587,0.11405443233435274,0.449806303035074,0.5881010629759351,0.7197300416769284,False
chirp_9db,test,mixed_damage,18982,pca_r64_l01,1.526405657980737,0.7140009582846296,0.8135066437926481,0.10654398524785638,0.3952996129996712,0.7062052711181364,0.7920756385604867,False
chirp_9db,test,mixed_damage,18982,pca_r96_l01,1.6465619159342542,0.7702059932136793,0.8899461289324062,0.08960588047592798,0.4206842900444373,0.7638998393639207,0.775202906702893,False
chirp_9db,test,mixed_damage,18982,pca_r64_l001,3.096089963776976,1.4482462047451887,1.4258610866568322,0.10275522648354196,0.7803906318451106,0.5018175739538578,0.5851261495341877,False
chirp_9db,test,mixed_damage,18982,pca_r64_l1,1.831402455878595,0.8566681482509566,1.0059804632984788,0.11659812754325781,0.471564007161081,0.562446445233045,0.6892426097346115,False
chirp_9db,test,mixed_damage,18982,template_1,1.7049478887546519,0.7975169772408823,0.8404691433418221,0.11547223478864324,0.44065681505532156,0.7515516393115443,0.7997132950805634,False
chirp_9db,test,mixed_damage,18982,dictionary_8,1.8932076505162057,0.8855785286386968,0.9412676057377001,0.08810411226074988,0.48092815386837634,0.48937984877297097,0.6716583576983833,False
chirp_9db,test,mixed_damage,18982,dictionary_24,1.7482833289387112,0.8177878309666454,0.9328092793914757,0.08376179125397729,0.44453171732707564,0.5942927413510434,0.728594365101545,False
chirp_9db,test,mixed_damage,18982,dictionary_48,1.7787996550723646,0.8320623365601184,0.9625733115862909,0.08025370882382257,0.4514378472991359,0.5656968125054515,0.7166551721362809,False
chirp_9db,test,mixed_damage,18982,local_pca_8,1.6115564308053119,0.7538316108228623,0.8392000213162503,0.23520245816797686,0.4627983547530339,0.6582150083511248,0.7000085045656494,False
chirp_9db,test,mixed_damage,18982,local_pca_16,1.6602985723326753,0.7766315366338172,0.8797307684294671,0.23520245816797686,0.47344444593675683,0.7623841587880683,0.8146595754470726,False
chirp_9db,test,mixed_damage,18982,local_pca_32,1.6849114654838742,0.7881446158760425,0.9263539408824286,0.23520245816797686,0.47884820085824825,0.7267807104229592,0.7924578837749549,True
chirp_9db,test,mixed_damage,18982,local_dictionary_8,2.3633888387685187,1.105513391448144,1.1501416369013626,0.23520245816797686,0.6332164789854401,0.23537351665209424,0.36481330651466365,False
chirp_9db,test,mixed_damage,18982,local_dictionary_24,2.6544688683136686,1.2416707877117905,1.2268485595873557,0.23520245816797686,0.7016056548094847,-0.08304515639478945,0.14416725721069984,False
chirp_9db,test,mixed_damage,19084,zero_fill,2.9370571294476036,1.0,1.463302000786645,0.22120246999902468,0.7648636550328773,,0.39791443531346454,False
chirp_9db,test,mixed_damage,19084,linear,2.9382444536535246,1.0004042564218505,1.467932482677493,0.22120246999902468,0.7651486154838948,0.004692271270345815,0.3924123318204229,False
chirp_9db,test,mixed_damage,19084,pchip,2.9363288646469172,0.9997520426847049,1.4682936607902675,0.22120246999902468,0.7646888743291161,0.019278741173655564,0.3972144552465784,False
chirp_9db,test,mixed_damage,19084,autoregression,2.937153768573989,1.0000329033866642,1.4469143911800728,0.22120246999902468,0.7648868483006745,0.01678924575016454,0.3945192558876099,False
chirp_9db,test,mixed_damage,19084,pca_r32_l01,4.652484843135312,1.5840634478943019,2.1264034004441132,0.10090552294007368,1.167217419870891,-0.3883680647450889,-0.12324983431942615,False
chirp_9db,test,mixed_damage,19084,pca_r64_l01,3.472533112104228,1.1823171831721693,1.5071385117331513,0.09359449766217241,0.8728504011480788,-0.08717581168503463,0.20632857361186244,False
chirp_9db,test,mixed_damage,19084,pca_r96_l01,3.470906137639539,1.18176323600908,1.5133398388174837,0.08907697481166602,0.8720023662499358,-0.08574982868809201,0.2088041176688707,False
chirp_9db,test,mixed_damage,19084,pca_r64_l001,2.730952758861826,0.929826230304025,1.2443767019750631,0.09165415095474207,0.6884815820858763,0.509292957103568,0.6017890712725732,False
chirp_9db,test,mixed_damage,19084,pca_r64_l1,3.3031491095152115,1.124645849206366,1.483111302262909,0.09918332750994563,0.8313525886518573,-0.1858350386578297,0.21936077750407298,False
chirp_9db,test,mixed_damage,19084,template_1,1.967036214640197,0.6697303211838285,1.0389429227497458,0.1286592852917677,0.5072924233789411,0.7765263679504294,0.8035991157218286,False
chirp_9db,test,mixed_damage,19084,dictionary_8,3.015608423448846,1.0267448982226697,1.3109533969809315,0.10730052041237867,0.761027068703339,0.1380514369261966,0.38928970096874477,False
chirp_9db,test,mixed_damage,19084,dictionary_24,3.1052498149027103,1.057265718044354,1.3815711901667391,0.10496050702245519,0.7829362615129296,-0.025107457057811602,0.32600307419288244,False
chirp_9db,test,mixed_damage,19084,dictionary_48,3.4444639249986797,1.1727602743793097,1.460353294771731,0.09969993789715148,0.8665099860528062,-0.2292067945899726,0.16526640021514444,False
chirp_9db,test,mixed_damage,19084,local_pca_8,4.143792828461866,1.410865586139015,1.9504035119428087,0.22120246999902468,1.0578568250304785,-0.32087900533208225,-0.16581665045490118,False
chirp_9db,test,mixed_damage,19084,local_pca_16,3.3685847449098927,1.146925169121055,1.472925321258293,0.22120246999902468,0.868954874211137,-0.05446454193371745,0.10786042814451616,False
chirp_9db,test,mixed_damage,19084,local_pca_32,3.4189725459923244,1.164081049603335,1.4971446480402841,0.22120246999902468,0.8811686579925505,-0.11197618966492157,0.06442925003900953,True
chirp_9db,test,mixed_damage,19084,local_dictionary_8,3.1880798217815633,1.08546741900835,1.3784221730038317,0.22120246999902468,0.8252958159447967,0.08109602958264103,0.22047632446042853,False
chirp_9db,test,mixed_damage,19084,local_dictionary_24,3.0602226281378924,1.0419350027125462,1.4299660196129689,0.22120246999902468,0.7944699697271536,0.35334737861679755,0.40934753473693,False
chirp_9db,test,mixed_damage,19187,zero_fill,2.9674433882071303,1.0,1.513794626477761,0.2758404170586385,0.7884731803246571,,0.4636704061413847,False
chirp_9db,test,mixed_damage,19187,linear,2.962865954787499,0.9984574487797064,1.5040237168637647,0.2758404170586385,0.7873965686554129,0.05465024260873812,0.45293825684364925,False
chirp_9db,test,mixed_damage,19187,pchip,2.9722548371265205,1.0016214122023392,1.5035677309087494,0.2758404170586385,0.789605037822243,0.03364105385920934,0.43375567104594803,False
chirp_9db,test,mixed_damage,19187,autoregression,3.5396770273403715,1.1928372556010154,1.9223753966100767,0.2758404170586385,0.924345460756131,-0.1349726150915734,0.08490303577232321,False
chirp_9db,test,mixed_damage,19187,pca_r32_l01,1.9571322922038834,0.6595348372884523,0.937678189476606,0.12981717202303705,0.5051704094577956,0.8287829576756295,0.8499583645752884,False
chirp_9db,test,mixed_damage,19187,pca_r64_l01,2.0095473178892744,0.6771981989194418,1.0090527524418587,0.11657002114912215,0.514909516947916,0.7423859183318428,0.8009928755197245,False
chirp_9db,test,mixed_damage,19187,pca_r96_l01,1.9421439076868092,0.6544838952631927,1.0278612285753121,0.11358085211468323,0.49783481871948826,0.756940090373051,0.8132657662872245,False
chirp_9db,test,mixed_damage,19187,pca_r64_l001,5.0329658987597155,1.696061302723127,2.250031658187739,0.11322581264364774,1.2630084869026614,0.6260183976427872,0.6455777105684024,False
chirp_9db,test,mixed_damage,19187,pca_r64_l1,2.085673611053019,0.7028520305868889,1.099677764355352,0.15078508107356925,0.5414723285842029,0.7634425109358168,0.8005170453088181,False
chirp_9db,test,mixed_damage,19187,template_1,3.2841148837513523,1.1067152609558455,1.6766206120508742,0.14498551865182116,0.8329436722761563,0.42853351307551857,0.5417687185206561,False
chirp_9db,test,mixed_damage,19187,dictionary_8,2.1284391368400923,0.7172636031739269,0.9894264782133297,0.11632886426825186,0.5439002223042453,0.7578685062469654,0.8039745816077392,False
chirp_9db,test,mixed_damage,19187,dictionary_24,1.9297179133500784,0.6502964541864352,0.9002512999441143,0.1098050074605373,0.49400584004995013,0.7880859090097467,0.8311132381338979,False
chirp_9db,test,mixed_damage,19187,dictionary_48,1.6841139468989177,0.5675302698584674,0.8019294346179977,0.09523307122975672,0.4310075299499729,0.8365678989229746,0.870561171278974,False
chirp_9db,test,mixed_damage,19187,local_pca_8,2.008486847284886,0.6768408304828263,0.8959847691768482,0.2758404170586385,0.5687342553294681,0.7753549102830068,0.7611814044288936,False
chirp_9db,test,mixed_damage,19187,local_pca_16,1.9146785060522173,0.6452283179727407,0.9704563601356414,0.2758404170586385,0.5481396273296046,0.7642868310657522,0.7691189517703301,False
chirp_9db,test,mixed_damage,19187,local_pca_32,1.999492844414918,0.673809937659155,1.0020401196244868,0.2758404170586385,0.5667500920882542,0.7386335261481028,0.7529475465459041,True
chirp_9db,test,mixed_damage,19187,local_dictionary_8,2.1272090810591595,0.716849086157083,1.0408720290042583,0.2758404170586385,0.5951017512675253,0.7250112884408848,0.7255026320286655,False
chirp_9db,test,mixed_damage,19187,local_dictionary_24,1.8002642292699598,0.606671802543685,0.9564802220118824,0.2758404170586385,0.5233468215745665,0.8065269997133102,0.8152200170867485,False
chirp_9db,test,mixed_damage,19290,zero_fill,5.04946130568151,1.0,2.699768792919566,0.30618146350909986,1.2967089545876185,,0.33626187144097214,False
chirp_9db,test,mixed_damage,19290,linear,5.137649958664273,1.017464962625525,2.7217003894446847,0.30618146350909986,1.318181830844848,0.01470631938375858,0.21835505165120567,False
chirp_9db,test,mixed_damage,19290,pchip,5.149993001962281,1.0199093903675736,2.725537383629197,0.30618146350909986,1.321188722543289,0.014951356024276927,0.21083200785011347,False
chirp_9db,test,mixed_damage,19290,autoregression,4.869334168581843,0.9643274547134377,2.5431232065406695,0.30618146350909986,1.25291214711635,0.2804522940503988,0.41691156411573443,False
chirp_9db,test,mixed_damage,19290,pca_r32_l01,4.411213632658423,0.8736008389043501,2.2598475771210804,0.12117167331628678,1.1090267222086434,0.5307864070798739,0.5965693166885692,False
chirp_9db,test,mixed_damage,19290,pca_r64_l01,4.360255115577383,0.8635089669211541,2.298263759461945,0.11151201024582486,1.0953980041335063,0.5121025467285022,0.5882492963810607,False
chirp_9db,test,mixed_damage,19290,pca_r96_l01,4.409656065538466,0.8732923768673793,2.284636986065811,0.09512062488498692,1.1062545371522168,0.48732479205466334,0.5730668942940728,False
chirp_9db,test,mixed_damage,19290,pca_r64_l001,4.630351720945917,0.9169991491440834,2.5062454314771685,0.1083178932787638,1.1623292495494786,0.5505523101223603,0.605415745939038,False
chirp_9db,test,mixed_damage,19290,pca_r64_l1,4.361789478137051,0.8638128335054849,2.2378632723851335,0.14484707752960854,1.0994293289480945,0.5274498156798331,0.5958162864238897,False
chirp_9db,test,mixed_damage,19290,template_1,7.0487551588116375,1.3959420088793588,3.5009531619769882,0.13324576409075015,1.7669052357440465,-0.5740850913676171,-0.26896912864170597,False
chirp_9db,test,mixed_damage,19290,dictionary_8,3.804644166953072,0.7534752593652306,1.8929379972290223,0.11140934428478316,0.9572583855417355,0.7402738713921865,0.7446119987004768,False
chirp_9db,test,mixed_damage,19290,dictionary_24,4.090141207642966,0.8100153580820305,2.019259685103397,0.10117498496275303,1.0272171375308223,0.6125226135608659,0.6610029333907121,False
chirp_9db,test,mixed_damage,19290,dictionary_48,5.054957438022421,1.001088459146073,2.434986507965635,0.09007878227086519,1.2667455226250364,0.2575001135117092,0.39798032857931437,False
chirp_9db,test,mixed_damage,19290,local_pca_8,4.993781359624526,0.9889730918436122,2.599819864933095,0.30618146350909986,1.283161588535374,0.44062252760280946,0.4660355272327764,False
chirp_9db,test,mixed_damage,19290,local_pca_16,4.537800056929508,0.8986701317670668,2.2906536177745522,0.30618146350909986,1.172546259365117,0.44402408209543814,0.4954764073369047,False
chirp_9db,test,mixed_damage,19290,local_pca_32,4.303257966040789,0.85222119856605,2.208464673000969,0.30618146350909986,1.1159142958590647,0.5234383351162993,0.5674218113444374,True
chirp_9db,test,mixed_damage,19290,local_dictionary_8,3.305407088278851,0.6546058852970515,1.6672514445934374,0.30618146350909986,0.8779209228410283,0.8082579634095535,0.820665410469291,False
chirp_9db,test,mixed_damage,19290,local_dictionary_24,4.045519456520869,0.8011784251062515,2.0653129157021892,0.30618146350909986,1.0539341180203559,0.6282221172000706,0.6666288303775272,False
chirp_9db,test,mixed_damage,19393,zero_fill,2.8202863302591292,1.0,1.4971645970138612,0.23942695306184608,0.7422050749470164,,0.41366082683030103,False
chirp_9db,test,mixed_damage,19393,linear,2.823759018554719,1.0012313247269722,1.5031647422679617,0.23942695306184608,0.743029860716256,0.006089080412200405,0.3997145458152098,False
chirp_9db,test,mixed_damage,19393,pchip,2.82050170164674,1.0000763650787157,1.5101775811673224,0.23942695306184608,0.7422562241562607,0.01763594107902699,0.409048586733647,False
chirp_9db,test,mixed_damage,19393,autoregression,2.8235469291324313,1.0011561233475903,1.4582902754108487,0.23942695306184608,0.7429794852820792,0.05050546815736884,0.38221135404165935,False
chirp_9db,test,mixed_damage,19393,pca_r32_l01,1.9517466316948024,0.6920384681350688,0.9865812310366773,0.12637407902472253,0.5030451664657092,0.7861076423630436,0.7978045195927828,False
chirp_9db,test,mixed_damage,19393,pca_r64_l01,1.9638640182139044,0.6963349774607686,1.0162867443325436,0.11623665710310441,0.5037004497251338,0.7484985076602517,0.7848676204164673,False
chirp_9db,test,mixed_damage,19393,pca_r96_l01,2.096137451419421,0.7432356881390929,1.0998391478507248,0.09490575594580507,0.5320302360367887,0.7543615693012601,0.7675354186965438,False
chirp_9db,test,mixed_damage,19393,pca_r64_l001,2.3902674532428336,0.8475265179983391,1.2113756144411671,0.10804913275090779,0.6066556748042569,0.6232682692654472,0.6934642036445076,False
chirp_9db,test,mixed_damage,19393,pca_r64_l1,2.446625297232731,0.8675095400713919,1.2610424957123667,0.13188718969408642,0.6248444209931485,0.6035997417505089,0.633169369676372,False
chirp_9db,test,mixed_damage,19393,template_1,4.419437673773078,1.5670173720861236,1.9830959561553505,0.12549662217664262,1.1115212094532598,-0.0844510667396861,0.09341762811771019,False
chirp_9db,test,mixed_damage,19393,dictionary_8,2.0232609631193985,0.7173955854806772,1.0593021653718684,0.11017003774344683,0.5169409107388826,0.7104260922448237,0.7652137430267015,False
chirp_9db,test,mixed_damage,19393,dictionary_24,1.2846475838771674,0.4555025389067972,0.6581433383850037,0.09639711409706304,0.3344496850102303,0.9172781727175616,0.9224648572440853,False
chirp_9db,test,mixed_damage,19393,dictionary_48,1.3684587671171886,0.4852197992930221,0.7258953108609429,0.09308249382344347,0.3537870702436854,0.8869551127403712,0.9027076545349825,False
chirp_9db,test,mixed_damage,19393,local_pca_8,2.054859942627694,0.7285997597410234,1.0286825145640743,0.23942695306184608,0.5636004996672667,0.7212999314388207,0.7537193309529565,False
chirp_9db,test,mixed_damage,19393,local_pca_16,2.2102112559512492,0.7836832850046732,1.1272916679488085,0.23942695306184608,0.5992136922522294,0.6890928683779143,0.7369641689156735,False
chirp_9db,test,mixed_damage,19393,local_pca_32,2.2188628734505533,0.7867509229981918,1.144510372017875,0.23942695306184608,0.6012087532091306,0.6802853083979089,0.7298014431970821,True
chirp_9db,test,mixed_damage,19393,local_dictionary_8,1.723509427938865,0.6111115064620081,0.7939643821919933,0.23942695306184608,0.4892828767684744,0.8163144266999527,0.8223445985314582,False
chirp_9db,test,mixed_damage,19393,local_dictionary_24,2.128225382448976,0.7546132318605514,1.0267666849217456,0.23942695306184608,0.580367462598443,0.6705374665981907,0.6829820924100855,False
chirp_9db,test,mixed_damage,19496,zero_fill,4.196504621868398,1.0,2.0812040013384268,0.2337699307603349,1.0732653664541156,,0.2951933194720269,False
chirp_9db,test,mixed_damage,19496,linear,4.203752321510198,1.0017270801047213,2.1039662556583805,0.2337699307603349,1.0750366066010775,-0.030275462969453895,0.2804900643198883,False
chirp_9db,test,mixed_damage,19496,pchip,4.2029830454182715,1.0015437665709015,2.1026302261419527,0.2337699307603349,1.0748485994545005,-0.05475786231401173,0.28301116276487087,False
chirp_9db,test,mixed_damage,19496,autoregression,4.179819120581948,0.9960239526010528,2.0720918916041944,0.2337699307603349,1.069188173004927,0.15194887507734425,0.3176646162774381,False
chirp_9db,test,mixed_damage,19496,pca_r32_l01,3.4687266027487675,0.8265751894261936,1.7590431829233826,0.09614312099686098,0.8721638586133865,0.5665879496168252,0.6193647704601793,False
chirp_9db,test,mixed_damage,19496,pca_r64_l01,3.547799262306681,0.8454176944828682,1.7967720455129839,0.09254528989100802,0.891464702955163,0.5775836440910507,0.6141833196445713,False
chirp_9db,test,mixed_damage,19496,pca_r96_l01,3.656894948425178,0.8714144932353319,1.8323794867938628,0.08180923420304559,0.91764889547388,0.6125384912435644,0.5991394303565455,False
chirp_9db,test,mixed_damage,19496,pca_r64_l001,3.690390837690118,0.8793963477268985,2.011152800417441,0.08968571550540083,0.9266754235030498,0.5078928448122184,0.5689913617969862,False
chirp_9db,test,mixed_damage,19496,pca_r64_l1,3.627611284706034,0.8644363849385975,1.782121596468061,0.10704817327856668,0.9128065685004386,0.640464177722952,0.6134182636543816,False
chirp_9db,test,mixed_damage,19496,template_1,3.154981301226615,0.7518117065296909,1.6833794357804508,0.1259799639387666,0.7981216730862445,0.6712687223361139,0.7020896317657949,False
chirp_9db,test,mixed_damage,19496,dictionary_8,2.9758242908163255,0.7091197458258506,1.5094076642132483,0.0961370439056834,0.7497568429987959,0.825114146621426,0.8048237978742352,False
chirp_9db,test,mixed_damage,19496,dictionary_24,3.425675527814705,0.8163163957840469,1.6695152335782952,0.0814445628361344,0.8600418258034785,0.7918354670559955,0.708079983388227,False
chirp_9db,test,mixed_damage,19496,dictionary_48,3.3506940664009632,0.7984487968725609,1.6503608241673955,0.07497195620383912,0.8408129488726253,0.8249423339898444,0.7352266996635475,False
chirp_9db,test,mixed_damage,19496,local_pca_8,4.049443136995648,0.9649561961384725,2.0695447541949354,0.2337699307603349,1.0373558763653787,0.33164447251160895,0.3803184821731102,False
chirp_9db,test,mixed_damage,19496,local_pca_16,3.870995964379106,0.9224333852051457,1.9303677832590438,0.2337699307603349,0.9938666744134592,0.42651997260905455,0.49785694745869385,False
chirp_9db,test,mixed_damage,19496,local_pca_32,3.51976145769418,0.8387364663802245,1.7599287244396393,0.2337699307603349,0.9085856600709435,0.7237904412397288,0.7401545473668945,True
chirp_9db,test,mixed_damage,19496,local_dictionary_8,4.0597678335244565,0.9674165047665163,2.046141802113957,0.2337699307603349,1.0398750096175995,0.2720190866059216,0.34706780070944376,False
chirp_9db,test,mixed_damage,19496,local_dictionary_24,3.8031002023480838,0.9062542627809237,1.9330499677423894,0.2337699307603349,0.9773464347729843,0.46098904966840465,0.5235167040884867,False
chirp_9db,test,mixed_damage,19599,zero_fill,3.8990108755877286,1.0,1.900764164739785,0.2204380565062915,0.9978470530126177,,0.30198635386590006,False
chirp_9db,test,mixed_damage,19599,linear,3.8991120050900134,1.000025937219852,1.9120597930686836,0.2204380565062915,0.9978717502634398,0.026175301576134003,0.30126322117983995,False
chirp_9db,test,mixed_damage,19599,pchip,3.8989213260152384,0.9999770327461637,1.912250523685667,0.2204380565062915,0.9978251837684449,0.0262516298508897,0.3014413784517853,False
chirp_9db,test,mixed_damage,19599,autoregression,3.8956602082170946,0.9991406365671834,1.878215978625374,0.2204380565062915,0.9970287893671288,0.04537885726475306,0.30519987850000707,False
chirp_9db,test,mixed_damage,19599,pca_r32_l01,3.2033283181887104,0.821574604535015,1.4058449171520169,0.0767210988904365,0.804270019153007,0.7887752858421827,0.6946060516428607,False
chirp_9db,test,mixed_damage,19599,pca_r64_l01,3.432587490101743,0.8803739203687966,1.5111053095894862,0.07219497943775431,0.8609892059080667,0.5958637752096057,0.5845067983997787,False
chirp_9db,test,mixed_damage,19599,pca_r96_l01,3.397112306808325,0.8712754119456646,1.5525211682699953,0.0689720738845325,0.8518996870857058,0.6378288460867575,0.604298062897715,False
chirp_9db,test,mixed_damage,19599,pca_r64_l001,4.01206833883722,1.0289964472675264,1.7860487250580452,0.06991145389248479,1.0052986660154926,0.15022848397893276,0.31157140677231066,False
chirp_9db,test,mixed_damage,19599,pca_r64_l1,3.62048835111902,0.9285658508385861,1.669493473717332,0.07719189307850358,0.9082027143603516,0.4839079823688875,0.49432964424352877,False
chirp_9db,test,mixed_damage,19599,template_1,5.846349069129136,1.4994441553712954,2.710324120582099,0.09684323987138967,1.464592021578427,-0.6089202472479149,-0.3728167835005208,False
chirp_9db,test,mixed_damage,19599,dictionary_8,5.124612957910248,1.3143366667675105,2.469078883889059,0.06820138905091332,1.2828539816169828,-0.6408090141431193,-0.27316153064734816,False
chirp_9db,test,mixed_damage,19599,dictionary_24,3.899697533528856,1.0001761108042624,1.815310673142317,0.06330010779222356,0.976849029012053,0.10850826938753366,0.328479186426299,False
chirp_9db,test,mixed_damage,19599,dictionary_48,3.733840595688801,0.9576379022348763,1.7188333304228853,0.06128988621180553,0.9353446004779314,0.29218535257886435,0.4244054069168155,False
chirp_9db,test,mixed_damage,19599,local_pca_8,3.27797075692113,0.8407185467075712,1.4677972490604763,0.2204380565062915,0.8468318285887019,0.6747111413443517,0.703455272656535,False
chirp_9db,test,mixed_damage,19599,local_pca_16,3.4205879687562306,0.877296339482669,1.5159506380301648,0.2204380565062915,0.881380880470524,0.6329885679281118,0.6633888091710577,False
chirp_9db,test,mixed_damage,19599,local_pca_32,3.478834424182775,0.8922351168508559,1.550614582689731,0.2204380565062915,0.8955160175222707,0.5987154468609046,0.6340491663760073,True
chirp_9db,test,mixed_damage,19599,local_dictionary_8,3.7961059163733326,0.9736074192922367,1.7943980972779023,0.2204380565062915,0.9727317904896975,0.22763168880187143,0.3450780572183191,False
chirp_9db,test,mixed_damage,19599,local_dictionary_24,4.152692622903261,1.065063103287008,1.9546085384172096,0.2204380565062915,1.0598864936768944,-0.11960881655378809,0.051653501726949956,False
chirp_9db,validation,severe_4x,12000,zero_fill,2.035535591549937,1.0,1.2086697380531661,1.2090182044370008,1.2764521246497946,,0.26069664086903943,
chirp_9db,validation,severe_4x,12000,linear,2.0357143966861524,1.0000878418127188,1.208779533718086,1.2090182044370008,1.2764699463945555,0.02570751883547787,0.26088023295441914,
chirp_9db,validation,severe_4x,12000,pchip,2.034421406431169,0.9994526329466343,1.209571394954441,1.2090182044370008,1.276341102009138,0.03826062688029545,0.26113253273812764,
chirp_9db,validation,severe_4x,12000,autoregression,2.0395679215342826,1.0019809675650404,1.2127624191042736,1.2090182044370008,1.276854352169148,-0.017050662983747435,0.25970060398112943,
chirp_9db,validation,severe_4x,12000,pca_r32_l01,8.122646868722681,3.9904224236815127,4.281666859165036,1.1266575275457562,2.305126757897534,-0.4706502450529071,0.10792297549727191,
chirp_9db,validation,severe_4x,12000,pca_r64_l01,2.90111413689474,1.4252338052638607,2.0133261363635206,0.6525061836028818,0.9618643365195297,0.007777639937929081,0.7128300431010974,
chirp_9db,validation,severe_4x,12000,pca_r96_l01,2.832383008638913,1.3914681818372063,1.7917934566826048,0.5891801738041004,0.909305802029901,-0.0812370996737177,0.7353248088572271,
chirp_9db,validation,severe_4x,12000,pca_r64_l001,5.49981999083394,2.7019031323574945,3.6007396913983074,0.9258347057647035,1.6413707774972885,-0.09997350068827,0.4817890383906901,
chirp_9db,validation,severe_4x,12000,pca_r64_l1,2.276022140303591,1.1181441138892287,1.3782523674411682,0.694461376054961,0.8808527766330475,0.14912850804852046,0.7500181891341047,
chirp_9db,validation,severe_4x,12000,template_1,2.087831330264444,1.025691389986793,1.531939272680725,1.1655825161482463,1.2434271865717286,0.3314668480083719,0.4472512505027218,
chirp_9db,validation,severe_4x,12000,dictionary_8,1.3514823550734374,0.6639443499213715,0.9952646914268894,1.0391727844031498,1.0613878206662308,0.772891871329608,0.6161040258426453,
chirp_9db,validation,severe_4x,12000,dictionary_24,2.023571133419414,0.9941222063715366,1.3756104048787947,0.972106388319794,1.0685768159446543,0.3315152859523414,0.610059430961826,
chirp_9db,validation,severe_4x,12000,dictionary_48,1.9308496840626632,0.9485708292589659,1.2259107220988938,0.7814243413828209,0.89748051935782,0.41911079861426287,0.7371914078252957,
chirp_9db,validation,severe_4x,12000,local_pca_8,2.433185572980267,1.195353981075587,1.4194711110276452,1.2090182044370008,1.3192390636381157,0.3113542775457878,0.24885668758790314,
chirp_9db,validation,severe_4x,12000,local_pca_16,2.138595838289138,1.0506305304446812,1.3001753050217792,1.2090182044370008,1.2869408358450445,0.36115443912832695,0.27625342602719005,
chirp_9db,validation,severe_4x,12000,local_pca_32,2.1965515238787425,1.0791024892894168,1.538877616080983,1.2090182044370008,1.2930273072559961,0.3408136044053189,0.26867430896054,
chirp_9db,validation,severe_4x,12000,local_dictionary_8,1.4663439709597148,0.7203725530749294,0.9263171945385507,1.2090182044370008,1.2266835350109393,0.6964047566834837,0.37403308263570706,
chirp_9db,validation,severe_4x,12000,local_dictionary_24,2.8653630376962345,1.4076703200824086,1.7033432236779995,1.2090182044370008,1.372410757975196,0.5266096386472515,0.2914780881783008,
chirp_9db,validation,severe_4x,12113,zero_fill,2.6566119525154406,1.0,1.9955432819380252,1.1329784406729948,1.2823852110348675,,0.29832487936206525,
chirp_9db,validation,severe_4x,12113,linear,2.667005635447325,1.0039123828085028,2.009928778110567,1.1329784406729948,1.2837328690423426,0.0008232907843192641,0.29369836070438293,
chirp_9db,validation,severe_4x,12113,pchip,2.6631552357991426,1.0024630180849357,2.0044713140326493,1.1329784406729948,1.2832331728735902,-0.009955347840819875,0.29535709290622636,
chirp_9db,validation,severe_4x,12113,autoregression,2.6469049222340444,0.996346086498555,1.986021340975263,1.1329784406729948,1.2811300644546686,0.08279659620579072,0.3010730446785842,
chirp_9db,validation,severe_4x,12113,pca_r32_l01,3.1767135468884424,1.1957762758240014,2.4109772383956325,1.1045667538503146,1.3321159076975966,0.22992718637509132,0.5304942493397394,
chirp_9db,validation,severe_4x,12113,pca_r64_l01,3.306855382812889,1.2447641740381987,2.5774074392100363,0.7227425361742007,1.0831275353914733,0.11197599912061706,0.6432934426817493,
chirp_9db,validation,severe_4x,12113,pca_r96_l01,2.868442095913976,1.0797369533770116,2.2325659559717046,0.6124579902319333,0.9305419088021857,0.1839249156439825,0.7250422305522518,
chirp_9db,validation,severe_4x,12113,pca_r64_l001,5.682067390936047,2.1388398051721187,4.208067465409209,1.3048866159598858,1.9010987948224742,0.04970003453256955,0.4092596492855629,
chirp_9db,validation,severe_4x,12113,pca_r64_l1,2.8113651943935407,1.0582521063084018,2.1053387197050597,0.6772134005438504,0.9612181107971122,0.07179646958270905,0.7007693448488329,
chirp_9db,validation,severe_4x,12113,template_1,2.7613545884799446,1.0394271492550229,2.184937301392504,1.1285972150296808,1.2925520847801095,0.2830538893472018,0.3535517853767294,
chirp_9db,validation,severe_4x,12113,dictionary_8,2.7740642827602637,1.0442113234240373,2.1329686001818504,0.8995577316486312,1.1133702869390163,0.3952914249190841,0.5672051177740344,
chirp_9db,validation,severe_4x,12113,dictionary_24,2.8121733997858573,1.0585563304129237,2.1064613810545554,0.884661249210765,1.1081432138460945,0.2041297000216939,0.5762183871236277,
chirp_9db,validation,severe_4x,12113,dictionary_48,3.2029209364023505,1.205641242925837,2.383252648579938,0.8346930326085179,1.1376892536277912,-0.09713901237578619,0.5607844218199958,
chirp_9db,validation,severe_4x,12113,local_pca_8,2.62233246994764,0.98709654131634,1.984264327016134,1.1329784406729948,1.2779678641399022,0.2501550468623175,0.3044436697442498,
chirp_9db,validation,severe_4x,12113,local_pca_16,2.456447555894234,0.9246542588082242,1.876128562463453,1.1329784406729948,1.257197697269256,0.38232045117486213,0.3495675461609241,
chirp_9db,validation,severe_4x,12113,local_pca_32,2.4346168925584277,0.9164367758916335,1.8289328510710794,1.1329784406729948,1.254540792954189,0.4019599588963752,0.35460383787748373,
chirp_9db,validation,severe_4x,12113,local_dictionary_8,2.3164009763362814,0.8719380239718387,1.7342823781158836,1.1329784406729948,1.2404715758689022,0.48994766766729825,0.38342545875279277,
chirp_9db,validation,severe_4x,12113,local_dictionary_24,3.362928641466118,1.2658712305656437,2.353025362831808,1.1329784406729948,1.3821154811791305,-0.33977608888266586,0.08645221081446115,
chirp_9db,validation,severe_4x,12226,zero_fill,3.7890330959483403,1.0,2.8816346344601604,1.1068797606630734,1.4303520954356614,,0.2963283587043424,
chirp_9db,validation,severe_4x,12226,linear,3.9027290149062366,1.0300065784802652,2.931621882177705,1.1068797606630734,1.4493325151659069,-0.0353924052774975,0.245997696850097,
chirp_9db,validation,severe_4x,12226,pchip,3.883210034780518,1.024855137563428,2.9274354199349686,1.1068797606630734,1.4460520011980735,-0.04114652891703512,0.2533186008536928,
chirp_9db,validation,severe_4x,12226,autoregression,3.8058506853295686,1.004438491022739,2.8977948236705346,1.1068797606630734,1.4331399423012283,0.011262936077794978,0.2865859734202431,
chirp_9db,validation,severe_4x,12226,pca_r32_l01,4.801596522314692,1.2672353079863827,3.5941320959441496,0.8664288188043596,1.464492502411785,-0.002904201112238555,0.43782910075919734,
chirp_9db,validation,severe_4x,12226,pca_r64_l01,4.802589655860116,1.2674974153684706,3.695887570887881,0.8636535641929992,1.4631586035595143,-0.37842277099901483,0.43551488735667837,
chirp_9db,validation,severe_4x,12226,pca_r96_l01,4.210483756680389,1.1112290787807348,3.1864254555674725,0.6749872779902523,1.2390089499020918,-0.09388122384044778,0.5775614300977091,
chirp_9db,validation,severe_4x,12226,pca_r64_l001,6.0866273525236565,1.6063800970839135,4.818184999316589,1.6688015577272306,2.2195229233241434,-0.17407887969594293,0.24107333109552925,
chirp_9db,validation,severe_4x,12226,pca_r64_l1,4.082932950900796,1.077565924474697,3.097162095896842,0.6677259158179784,1.208258301269224,-0.18506297208944522,0.5890275902859579,
chirp_9db,validation,severe_4x,12226,template_1,4.286007329039208,1.131161227813578,3.1586833606568723,1.1540322053274448,1.5481180871579956,-0.006969679065719538,0.22297548984795632,
chirp_9db,validation,severe_4x,12226,dictionary_8,4.149455359033825,1.0951224900808831,3.073371726726856,0.961027186476515,1.3935471505706898,-0.02949976487585934,0.4030641755882677,
chirp_9db,validation,severe_4x,12226,dictionary_24,4.38176804737415,1.156434355788454,3.353692953583337,0.8686570037268626,1.3810857611143539,-0.273367027681591,0.42820021834998595,
chirp_9db,validation,severe_4x,12226,dictionary_48,4.432047458505594,1.1697040765478763,3.3562560062720745,0.7478603946983181,1.3236425174452495,-0.10620726644182105,0.5198521030181318,
chirp_9db,validation,severe_4x,12226,local_pca_8,4.102178365619815,1.0826451661259768,3.187667298971242,1.1068797606630734,1.4833578759827817,-0.1280380244190963,0.17559637504078215,
chirp_9db,validation,severe_4x,12226,local_pca_16,4.396759841758855,1.1603909837737665,3.4309583010554956,1.1068797606630734,1.5351962247255742,-0.3422581210419051,0.07067622111290427,
chirp_9db,validation,severe_4x,12226,local_pca_32,4.465202648948837,1.1784543802806928,3.4189103216828967,1.1068797606630734,1.5474934726167435,-0.2613167922406584,0.07234652637108674,
chirp_9db,validation,severe_4x,12226,local_dictionary_8,4.0631318060604364,1.0723400147666151,3.1705747953562176,1.1068797606630734,1.476625844237105,0.03580627678491708,0.21094818452198488,
chirp_9db,validation,severe_4x,12226,local_dictionary_24,4.356315379677406,1.1497168985764912,3.4117300323855604,1.1068797606630734,1.527973039595616,-0.11665617859928487,0.1262707795811443,
chirp_9db,validation,severe_4x,12339,zero_fill,4.902353149285885,1.0,2.3189049659582976,0.6738198591673212,1.3884245667175545,,0.13455864122661831,
chirp_9db,validation,severe_4x,12339,linear,4.918176355732084,1.0032276757639347,2.3326574875321464,0.6738198591673212,1.3919176678508627,0.006410125492414735,0.12286012529843608,
chirp_9db,validation,severe_4x,12339,pchip,4.910067816319543,1.0015736661147683,2.3223194846018385,0.6738198591673212,1.39012733229687,0.001784000225234829,0.12822859277713075,
chirp_9db,validation,severe_4x,12339,autoregression,4.887224734892704,0.9969140504707653,2.4877341225916307,0.6738198591673212,1.385087173440518,0.18097980965751273,0.20207771182007436,
chirp_9db,validation,severe_4x,12339,pca_r32_l01,3.077279754184302,0.6277148260183097,1.5312674060450628,0.2673734041509773,0.8117103371978603,0.8001403122841998,0.8256078479861813,
chirp_9db,validation,severe_4x,12339,pca_r64_l01,2.308733582368111,0.47094395529306565,1.2511516851530575,0.21824474244447306,0.6146499139969895,0.9290598793338205,0.9252174476369126,
chirp_9db,validation,severe_4x,12339,pca_r96_l01,2.7268995250892942,0.556242980064893,1.375252440163246,0.20236076795053498,0.7093231468279801,0.8739638486035602,0.8876069041722062,
chirp_9db,validation,severe_4x,12339,pca_r64_l001,2.3268298155861236,0.47463529140593796,1.546549110828438,0.35069634599894417,0.6735612396599381,0.8808120708138303,0.879308034613059,
chirp_9db,validation,severe_4x,12339,pca_r64_l1,3.677490542161555,0.7501480269117795,1.8152183391747272,0.3268180594540249,0.9723067721746538,0.7195727476493257,0.7672326408953661,
chirp_9db,validation,severe_4x,12339,template_1,1.4022540885995096,0.28603693897567806,0.7202269543575042,0.2987777536721799,0.4545147632596045,0.9600779460459422,0.9474055746144481,
chirp_9db,validation,severe_4x,12339,dictionary_8,1.548893947236958,0.3159490758968644,0.7263323685220104,0.23236590817005373,0.4478407354310439,0.9537086924696201,0.95158827674302,
chirp_9db,validation,severe_4x,12339,dictionary_24,1.362678906386812,0.2779642479622894,0.67305333055859,0.22655822099532608,0.40518693328049704,0.9610540888700017,0.9573263377967005,
chirp_9db,validation,severe_4x,12339,dictionary_48,1.620148717721556,0.33048388567387477,0.8436630795568066,0.21658208974851473,0.4561043528851366,0.9538956982110247,0.9508115972692223,
chirp_9db,validation,severe_4x,12339,local_pca_8,2.223352813068206,0.45352767239791303,1.063871313916214,0.6738198591673212,0.8570952313812018,0.8932337835906994,0.7924216433919483,
chirp_9db,validation,severe_4x,12339,local_pca_16,2.812607718541888,0.5737260521412242,1.384698924988498,0.6738198591673212,0.9592073621461314,0.8604818383523655,0.760274981710842,
chirp_9db,validation,severe_4x,12339,local_pca_32,2.8755967306140744,0.5865747821600645,1.442572967279999,0.6738198591673212,0.9708100546786425,0.851917891343497,0.7527415440842508,
chirp_9db,validation,severe_4x,12339,local_dictionary_8,1.5269233264918953,0.3114674279869697,0.7508429080839214,0.6738198591673212,0.7558932168347716,0.9516179972277342,0.8429053483369443,
chirp_9db,validation,severe_4x,12339,local_dictionary_24,2.906718812823001,0.5929231787894385,1.393065907553954,0.6738198591673212,0.9765856431959509,0.9140567509350487,0.8103146818119958,
chirp_9db,validation,severe_4x,12452,zero_fill,4.0989209310106585,1.0,2.093053901560287,0.35070332824510775,1.0795266661050522,,0.07021802361147782,
chirp_9db,validation,severe_4x,12452,linear,4.103725158169374,1.0011720711961944,2.102729956574268,0.35070332824510775,1.080666823667949,-0.012050289677107945,0.06456054805911327,
chirp_9db,validation,severe_4x,12452,pchip,4.10212935775019,1.0007827491170318,2.0983294246587243,0.35070332824510775,1.080288087570537,-0.016813097527606357,0.06603385064856457,
chirp_9db,validation,severe_4x,12452,autoregression,4.100238339864953,1.000321403822242,2.095384609379483,0.35070332824510775,1.0798393054736037,-0.015081327109088355,0.06841645859726246,
chirp_9db,validation,severe_4x,12452,pca_r32_l01,4.033876720598213,0.9841313820131662,1.9403403678377307,0.10727525997523639,1.013804132895795,0.180501621193576,0.34505226382011606,
chirp_9db,validation,severe_4x,12452,pca_r64_l01,4.097364848456421,0.9996203677552147,2.0341460625668617,0.10188285915710062,1.0290803071255146,0.08354165416749566,0.3071459663639275,
chirp_9db,validation,severe_4x,12452,pca_r96_l01,4.081207765616927,0.9956785784132304,1.9801892125083427,0.09272434726622827,1.0242443523999512,0.10483168638319859,0.3188889512779294,
chirp_9db,validation,severe_4x,12452,pca_r64_l001,5.026823684262817,1.2263773243909266,2.6490461372109895,0.16915536030163256,1.2673338005298573,-0.4800934880099269,-0.13206917453605518,
chirp_9db,validation,severe_4x,12452,pca_r64_l1,3.8938870131837064,0.9499785623392356,1.9004482494046895,0.09345656259195312,0.9776684000663671,0.4135198105791888,0.4367229080823896,
chirp_9db,validation,severe_4x,12452,template_1,2.8054770648873437,0.684442835591758,1.357411683202105,0.11145634272039777,0.7096231088841284,0.7340448853574641,0.7581438944647987,
chirp_9db,validation,severe_4x,12452,dictionary_8,3.643067418702085,0.8887869466181249,1.8414511857453035,0.07784555542510761,0.9138804344216863,0.4864592174442173,0.5446354225810423,
chirp_9db,validation,severe_4x,12452,dictionary_24,3.596144773464354,0.8773393861436756,1.7951008769322916,0.07489749160468619,0.9019562678369272,0.5454035604199631,0.573759675971717,
chirp_9db,validation,severe_4x,12452,dictionary_48,3.3327670798527422,0.8130840130724337,1.6714541935284677,0.0722004776360946,0.8361193860296424,0.68490591684322,0.677820918037177,
chirp_9db,validation,severe_4x,12452,local_pca_8,4.053154200228498,0.9888344441006633,1.961361688962237,0.35070332824510775,1.068671819873355,0.1516021377504731,0.15717216356771221,
chirp_9db,validation,severe_4x,12452,local_pca_16,4.014459934124451,0.9793943337020209,1.9594010743245125,0.35070332824510775,1.0595040387288357,0.20613168307254529,0.19430364706776146,
chirp_9db,validation,severe_4x,12452,local_pca_32,4.002147440190555,0.9763904958283149,1.9634643496197004,0.35070332824510775,1.0565887474455455,0.22386081020605733,0.20723679261984695,
chirp_9db,validation,severe_4x,12452,local_dictionary_8,3.2912163100868863,0.8029470110503891,1.674780659444661,0.35070332824510775,0.8901192745362442,0.6327120861390221,0.5916683700715683,
chirp_9db,validation,severe_4x,12452,local_dictionary_24,3.27864467056964,0.7998799502973664,1.6748889908396785,0.35070332824510775,0.8872148570980298,0.6000848652975567,0.570346877289074,
chirp_9db,validation,severe_4x,12565,zero_fill,3.592156481653536,1.0,1.8539269319984637,0.46880637799119523,1.0062392697988096,,0.15011270706698807,
chirp_9db,validation,severe_4x,12565,linear,3.588493354021286,0.9989802427452816,1.848595798134961,0.46880637799119523,1.0054220460997116,0.03768818511884545,0.15541618933378926,
chirp_9db,validation,severe_4x,12565,pchip,3.589495349085809,0.9992591824489501,1.849250650856555,0.46880637799119523,1.0056455688321246,0.03277871779282879,0.1544464007148365,
chirp_9db,validation,severe_4x,12565,autoregression,3.557281252071612,0.9902912833112799,1.8344430245081333,0.46880637799119523,0.9984657357359129,0.22100484091614983,0.1933378290244181,
chirp_9db,validation,severe_4x,12565,pca_r32_l01,2.9597985623273493,0.8239614775815388,1.5003565584097975,0.38265400671682637,0.8275252587686394,0.5781842228841821,0.5819032115356898,
chirp_9db,validation,severe_4x,12565,pca_r64_l01,3.5199207342670724,0.9798907013780168,1.9057256872372421,0.3841166458272945,0.9553476441702851,0.24824095833602924,0.39531722619962406,
chirp_9db,validation,severe_4x,12565,pca_r96_l01,3.538278042082678,0.9850010878295433,1.8165679275708522,0.35176926391676855,0.9478770927918545,0.21238348640675997,0.39728925712419566,
chirp_9db,validation,severe_4x,12565,pca_r64_l001,5.178662289392738,1.441658323027427,3.2403830785417975,0.9182376863119898,1.5705482688386319,0.13607365734411386,0.21569169813290026,
chirp_9db,validation,severe_4x,12565,pca_r64_l1,3.5139598531989025,0.978231285620765,1.7004448641164984,0.3117276473162975,0.9288946973895225,0.20694880695594467,0.4082543202109983,
chirp_9db,validation,severe_4x,12565,template_1,5.057411063144957,1.4079038841918539,2.4893686545976927,0.3305861385564782,1.3042410289778268,-0.4239218780406969,-0.1421087465760587,
chirp_9db,validation,severe_4x,12565,dictionary_8,2.6869476105683523,0.7480040539134589,1.3228376694873902,0.33148015424544125,0.7444743889071042,0.691677446365189,0.6965083902814061,
chirp_9db,validation,severe_4x,12565,dictionary_24,3.2206859435121373,0.8965884309220282,1.565734106414788,0.3317209148068341,0.8668693466485057,0.4594054057382642,0.5291791102759121,
chirp_9db,validation,severe_4x,12565,dictionary_48,3.077555169123891,0.8567430691959265,1.3945131850394188,0.32694628449184465,0.8319688212737645,0.5706178360563746,0.593300585299788,
chirp_9db,validation,severe_4x,12565,local_pca_8,2.992769247416038,0.8331399989675313,1.4295409865199389,0.46880637799119523,0.8751199585255979,0.5858821005996033,0.5301534596552858,
chirp_9db,validation,severe_4x,12565,local_pca_16,3.0604883746608245,0.8519919414123143,1.5155466775826576,0.46880637799119523,0.8896375804264484,0.576659084313624,0.5156503003235937,
chirp_9db,validation,severe_4x,12565,local_pca_32,3.186695825841659,0.8871261155011722,1.5451130910954727,0.46880637799119523,0.9169147175144959,0.49740505213930486,0.45213391681427506,
chirp_9db,validation,severe_4x,12565,local_dictionary_8,4.856530051029269,1.3519817624408497,2.453214850395333,0.46880637799119523,1.2962102317243118,-0.44842981713656205,-0.3244642774190142,
chirp_9db,validation,severe_4x,12565,local_dictionary_24,8.764275171280104,2.4398366875280852,4.30213793343137,0.46880637799119523,2.237593721201909,-0.7144437955613979,-0.6076608014720886,
chirp_9db,validation,severe_4x,12678,zero_fill,2.8097344537563833,1.0,2.1838361880057304,1.0917738373167247,1.2692064296826624,,0.20401047228515098,
chirp_9db,validation,severe_4x,12678,linear,2.8140703723986107,1.0015431773762216,2.1955030510113334,1.0917738373167247,1.269806671765208,-0.0003337597935578404,0.20269424068291042,
chirp_9db,validation,severe_4x,12678,pchip,2.8155117417628914,1.0020561686883913,2.197604662389769,1.0917738373167247,1.2700063495349148,0.003540274392058727,0.2023074805241249,
chirp_9db,validation,severe_4x,12678,autoregression,2.8330290354387624,1.0082906701917103,2.2064872801881483,1.0917738373167247,1.272438731171819,-0.2822176635816466,0.19464516224735232,
chirp_9db,validation,severe_4x,12678,pca_r32_l01,3.5287675215808614,1.2559078374339576,2.683150202190898,0.8019526535578448,1.175242557400146,0.27427941145814994,0.6100427471063653,
chirp_9db,validation,severe_4x,12678,pca_r64_l01,2.8748890311209734,1.02318887369498,2.237099000152922,0.7619373428733393,1.0299640363330944,0.16959411028605725,0.6492906041886966,
chirp_9db,validation,severe_4x,12678,pca_r96_l01,2.780035378617775,0.9894299352385764,2.1072298974478163,0.6033298443685026,0.9079062528336936,0.21048611600669057,0.7197830382539466,
chirp_9db,validation,severe_4x,12678,pca_r64_l001,5.5446238647817285,1.9733622361960304,4.224659369182142,1.5825110582302975,2.0662159335247474,-0.038274851518716416,0.30618038514229434,
chirp_9db,validation,severe_4x,12678,pca_r64_l1,2.7013974250605215,0.961442253537154,2.013928792142302,0.5608680162432838,0.8666076831096122,0.2787667419035769,0.7465836588428688,
chirp_9db,validation,severe_4x,12678,template_1,3.207155968081289,1.141444510456704,2.5140676286350336,0.9958405235970111,1.2540266302537442,-0.07547325339903495,0.3132536259306464,
chirp_9db,validation,severe_4x,12678,dictionary_8,2.9960294044189077,1.0663034011678447,2.2518427093956492,0.7921967069951775,1.0720840257050972,0.0485513313571051,0.5650519640079024,
chirp_9db,validation,severe_4x,12678,dictionary_24,3.0393257137259124,1.0817127966176963,2.2995271155756845,0.692803511826184,1.0135689229184148,-0.028623738361843645,0.6244594576159164,
chirp_9db,validation,severe_4x,12678,dictionary_48,3.0058630901720935,1.0698032642029578,2.3159913969785304,0.5869207860950818,0.9421502353033977,-0.006482221616039698,0.6882786008892312,
chirp_9db,validation,severe_4x,12678,local_pca_8,2.496135126926745,0.8883882687168597,1.8839166389289488,1.0917738373167247,1.2275545367115286,0.46453418478916136,0.3177918924467144,
chirp_9db,validation,severe_4x,12678,local_pca_16,2.7374475212577876,0.9742726817468625,2.025023141631772,1.0917738373167247,1.259294708591373,0.24920696794256758,0.24449421943374627,
chirp_9db,validation,severe_4x,12678,local_pca_32,2.5784283309108478,0.9176768742198045,1.8693872660361563,1.0917738373167247,1.2381398430554755,0.39926417633732697,0.2970684602763672,
chirp_9db,validation,severe_4x,12678,local_dictionary_8,2.8102946566426428,1.0001993792991757,2.2079549114400248,1.0917738373167247,1.269283945156025,0.15350313887489192,0.21659909963998655,
chirp_9db,validation,severe_4x,12678,local_dictionary_24,2.8650704417189115,1.0196943835345538,2.1924164001477005,1.0917738373167247,1.2769147464139563,0.1162690738520443,0.20216045210165956,
chirp_9db,validation,severe_4x,12791,zero_fill,3.9882206614918108,1.0,3.007765775804714,1.452634964763891,1.724060054739412,,0.34357192368770595,
chirp_9db,validation,severe_4x,12791,linear,4.0366213007232945,1.0121358980205923,3.055687046141463,1.452634964763891,1.7310859423760545,-0.020317401886552178,0.3236169394049533,
chirp_9db,validation,severe_4x,12791,pchip,4.034633088108953,1.0116373768044675,3.0532067810516654,1.452634964763891,1.7307962269661188,-0.021045874726096262,0.3244488952041325,
chirp_9db,validation,severe_4x,12791,autoregression,3.9829003786675066,0.998666000887144,2.9995660157561748,1.452634964763891,1.7232911923701517,0.051344221673529956,0.34460849572972624,
chirp_9db,validation,severe_4x,12791,pca_r32_l01,4.537307862739568,1.1376772370068333,3.3295216898795017,0.7868893359528767,1.3664526392914176,0.22321981272455596,0.697816978599697,
chirp_9db,validation,severe_4x,12791,pca_r64_l01,4.6348060378875555,1.1621237717959885,3.3246245493370745,0.7637584349728165,1.374575643919807,-0.011029856759428601,0.6711619896572605,
chirp_9db,validation,severe_4x,12791,pca_r96_l01,4.039207680735737,1.012784402762924,2.99703611497496,0.6808035583599462,1.2059125425442356,0.1548082883871503,0.7496364171650824,
chirp_9db,validation,severe_4x,12791,pca_r64_l001,7.440359165128557,1.8655836265452421,5.09981857494307,1.4844535465798088,2.350704408860952,-0.04232222501148386,0.4296674887782292,
chirp_9db,validation,severe_4x,12791,pca_r64_l1,3.8600330716620905,0.9678584509960964,2.8922866607005644,0.6772486072838291,1.1667219156504092,0.25174566813826765,0.7825842301592476,
chirp_9db,validation,severe_4x,12791,template_1,3.9680237180582347,0.9949358510604522,3.035109309422387,1.3694375434304389,1.6559664853082139,0.10216341689839077,0.41943317478675085,
chirp_9db,validation,severe_4x,12791,dictionary_8,4.294628579940842,1.0768282260326134,3.250232076578654,1.2764098100762713,1.6371118755396812,-0.268091993595281,0.4958454184979143,
chirp_9db,validation,severe_4x,12791,dictionary_24,4.315180623938877,1.0819814123135216,3.2827994031429877,1.0485153949210713,1.481375033077691,-0.13731475820876174,0.5936527060051132,
chirp_9db,validation,severe_4x,12791,dictionary_48,3.9143097640618407,0.9814677010869496,2.962849980862794,1.0903195733046114,1.4394828174555678,0.20071079751913737,0.6235232283801005,
chirp_9db,validation,severe_4x,12791,local_pca_8,4.029503307124691,1.010351143814956,3.1255082164611148,1.452634964763891,1.7300491686464377,0.07512957574079333,0.3186852033338713,
chirp_9db,validation,severe_4x,12791,local_pca_16,3.6767644919654336,0.9219059836549075,2.826203410681237,1.452634964763891,1.680231052604758,0.40181874016770547,0.4075207437324778,
chirp_9db,validation,severe_4x,12791,local_pca_32,3.3537781761007266,0.8409209170603493,2.427915767278761,1.452634964763891,1.6374533040538204,0.5745505201213167,0.4657324525300362,
chirp_9db,validation,severe_4x,12791,local_dictionary_8,4.033202900692791,1.0112787739242477,3.1591451831913275,1.452634964763891,1.7305878833321278,0.1263447988753465,0.31382627332890484,
chirp_9db,validation,severe_4x,12791,local_dictionary_24,3.8619461532688533,0.9683381339848623,2.90682281889576,1.452634964763891,1.7059977506500217,0.2617450341000241,0.3565182534608062,
chirp_9db,validation,severe_4x,12904,zero_fill,1.4346697013428864,1.0,0.8361610949771416,1.2948661062374587,1.304043007539189,,0.23340387863735607,
chirp_9db,validation,severe_4x,12904,linear,1.4310171140405397,0.9974540569868258,0.8279842514279412,1.2948661062374587,1.303792148813301,0.0707528949781209,0.23441199693267756,
chirp_9db,validation,severe_4x,12904,pchip,1.4254290284631805,0.9935590241635016,0.8328243454584154,1.2948661062374587,1.3034095051878325,0.11512123557745911,0.23519962436828698,
chirp_9db,validation,severe_4x,12904,autoregression,1.4624666630944525,1.0193751646985696,0.8453271119001118,1.2948661062374587,1.3059714352949348,0.02809442700076126,0.22967401778561083,
chirp_9db,validation,severe_4x,12904,pca_r32_l01,1.922516943933512,1.3400415037231137,1.3156515852328288,0.5695849905875457,0.731542775673895,0.77836410144784,0.855385964248877,
chirp_9db,validation,severe_4x,12904,pca_r64_l01,1.3445030137168101,0.9371516053195533,1.0308535839201025,0.5608785594596255,0.6386734166818044,0.6477667252697319,0.8831533877366161,
chirp_9db,validation,severe_4x,12904,pca_r96_l01,1.1189229779520147,0.7799167828697261,0.7991603930216833,0.4572499761330954,0.5236978936308814,0.6818996747879454,0.9204688090531585,
chirp_9db,validation,severe_4x,12904,pca_r64_l001,3.581884553561903,2.496661461665476,2.3383320979349387,1.0907001226116142,1.3846095640337615,0.43302053891620307,0.6604615131508204,
chirp_9db,validation,severe_4x,12904,pca_r64_l1,1.2566759076260052,0.8759339564010625,0.8731303682344531,0.5279644536294401,0.6000224631863347,0.553059171355979,0.902852478441665,
chirp_9db,validation,severe_4x,12904,template_1,3.129963302169637,2.181661255716151,1.7074295575177294,0.9751971583862887,1.2263210412346923,-0.3523799734365104,0.49129746472037883,
chirp_9db,validation,severe_4x,12904,dictionary_8,2.198219894569539,1.5322132282517367,1.2146323410435014,0.7597073106889217,0.9182013216607994,-0.1278895114486134,0.7305953333236165,
chirp_9db,validation,severe_4x,12904,dictionary_24,2.123583949496509,1.4801901423782644,1.2398432446881902,0.6079703638861763,0.7927021919129504,-0.10909804523885293,0.8065738458682639,
chirp_9db,validation,severe_4x,12904,dictionary_48,2.045341873264572,1.425653494563997,1.4947334645996186,0.6784948982621823,0.8324944925886358,-0.1908493630916199,0.7887897416591053,
chirp_9db,validation,severe_4x,12904,local_pca_8,1.8860236768170622,1.3146048007089697,1.2427547854490624,1.2948661062374587,1.339478882013284,0.42978351750484145,0.23287268723484744,
chirp_9db,validation,severe_4x,12904,local_pca_16,1.254797058081436,0.8746243521466404,0.9151231075151782,1.2948661062374587,1.2923981863479659,0.6234466628255412,0.2839174094686686,
chirp_9db,validation,severe_4x,12904,local_pca_32,1.4190900383490463,0.9891405924448972,1.0806310415821396,1.2948661062374587,1.3029771207023326,0.5740069084504239,0.27159599398641765,
chirp_9db,validation,severe_4x,12904,local_dictionary_8,2.6263008320999996,1.8305961502091506,1.3354705332544556,1.2948661062374587,1.4152656454913224,0.6738250260912604,0.25999695396161826,
chirp_9db,validation,severe_4x,12904,local_dictionary_24,3.8863431933781447,2.7088766074452058,1.7586107498155663,1.2948661062374587,1.5861477885303399,0.31157189567228205,0.15909510817297073,
chirp_9db,validation,severe_4x,13017,zero_fill,2.9937264152649443,1.0,1.7102418706642384,0.35570765900077167,0.8238748740529502,,0.0791136336565709,
chirp_9db,validation,severe_4x,13017,linear,2.994922357459326,1.0003994827945144,1.7013415277987163,0.35570765900077167,0.8241464905921939,0.034168542223347684,0.08761850361019748,
chirp_9db,validation,severe_4x,13017,pchip,2.999560759085671,1.001948856712817,1.7036089233487872,0.35570765900077167,0.8252001207102638,0.02750513978905449,0.08538083224707668,
chirp_9db,validation,severe_4x,13017,autoregression,2.984192500809929,0.9968153688304976,1.6957013083628307,0.35570765900077167,0.8217102577082507,0.1052967302650898,0.0957981642405163,
chirp_9db,validation,severe_4x,13017,pca_r32_l01,2.4296480229629087,0.8115798459652784,1.2963584069752543,0.10157977629872443,0.6153234047932159,0.6014629663760969,0.6690615568511539,
chirp_9db,validation,severe_4x,13017,pca_r64_l01,2.546966551431635,0.8507679721315579,1.3664657423038058,0.1015508096539968,0.6442887123716494,0.5342933143177854,0.6240724568073894,
chirp_9db,validation,severe_4x,13017,pca_r96_l01,2.482314243991818,0.8291720416850895,1.3263173741493577,0.09572848986806297,0.6274623077579525,0.5908182258031675,0.6556247464362993,
chirp_9db,validation,severe_4x,13017,pca_r64_l001,2.4470924094872344,0.8174068268261137,1.4280816262995937,0.1472512558444493,0.6281672371762629,0.600189056908699,0.6653563855680474,
chirp_9db,validation,severe_4x,13017,pca_r64_l1,2.7268952979047882,0.9108699058138412,1.488670348735207,0.10155957101565184,0.6887794078435279,0.4573411402835781,0.5538207109021742,
chirp_9db,validation,severe_4x,13017,template_1,1.9925251085531028,0.6655668662284108,1.0131565869593997,0.12225375054226113,0.5120025635335784,0.8262645376229499,0.8401805398739963,
chirp_9db,validation,severe_4x,13017,dictionary_8,1.7806291846011633,0.5947868768240727,0.955760568997084,0.0799756381826039,0.45184218992877684,0.806449190499101,0.8374223892924848,
chirp_9db,validation,severe_4x,13017,dictionary_24,1.8249870297523176,0.6096038103036903,0.9878133931624902,0.07805340387465103,0.46246369226476025,0.8219574453436063,0.8425490244489418,
chirp_9db,validation,severe_4x,13017,dictionary_48,1.6006358842032058,0.5346633800742777,0.8527244401737923,0.07628695311231817,0.40691911988336166,0.8862964128085633,0.8915285641294938,
chirp_9db,validation,severe_4x,13017,local_pca_8,2.603068068275669,0.8695076660989071,1.3776995093977689,0.35570765900077167,0.7362863933345487,0.5006519010425616,0.4476282442227096,
chirp_9db,validation,severe_4x,13017,local_pca_16,2.550871794862415,0.8520724478548128,1.3400519420050938,0.35570765900077167,0.7247786728504492,0.5511776345154038,0.48380419325386026,
chirp_9db,validation,severe_4x,13017,local_pca_32,2.5515927594323236,0.8523132729904138,1.3652112750408407,0.35570765900077167,0.7249372684095069,0.5537016043368643,0.4847572958306137,
chirp_9db,validation,severe_4x,13017,local_dictionary_8,2.0420363516605637,0.6821051988078356,1.0548401974289063,0.35570765900077167,0.6158242211449387,0.8107559783153778,0.711976362871229,
chirp_9db,validation,severe_4x,13017,local_dictionary_24,3.304017190410388,1.103647004470174,1.676142716654584,0.35570765900077167,0.8949318645365024,0.0990441611877833,0.11088287854830625,
chirp_9db,validation,severe_4x,13130,zero_fill,2.4140461399261657,1.0,1.39957363908501,0.38225016289060587,0.7079612706188825,,0.15097452559702548,
chirp_9db,validation,severe_4x,13130,linear,2.4288043051790353,1.0061134561634024,1.423623607974771,0.38225016289060587,0.7111090879000491,-0.004180143117387722,0.13689736603197628,
chirp_9db,validation,severe_4x,13130,pchip,2.436647477042112,1.00936242963303,1.4359646395629588,0.38225016289060587,0.7127840983085321,-0.0008574767609794696,0.13130456995344714,
chirp_9db,validation,severe_4x,13130,autoregression,2.2710676802289385,0.9407722755035659,1.3231256848176387,0.38225016289060587,0.6777479349668316,0.49113243985381216,0.3283351727811221,
chirp_9db,validation,severe_4x,13130,pca_r32_l01,2.8429057272002627,1.1776517773132595,1.4751751930074049,0.17471716776151075,0.7305821439273236,0.26260925159249804,0.44356951452419247,
chirp_9db,validation,severe_4x,13130,pca_r64_l01,3.0156314957248602,1.2492020951252796,1.5559297464126818,0.17740330917724884,0.773228310785911,0.1674382926151307,0.3773192673718541,
chirp_9db,validation,severe_4x,13130,pca_r96_l01,2.745780245347686,1.1374182953403147,1.384291868546525,0.14090527001457032,0.6998715767245169,0.22183275873737,0.4477522222694675,
chirp_9db,validation,severe_4x,13130,pca_r64_l001,4.388780256016444,1.818018381434365,2.372375857122086,0.2389105913641569,1.1213152488146825,0.060281674164777976,0.21919453094879487,
chirp_9db,validation,severe_4x,13130,pca_r64_l1,2.5663964675147963,1.0631099485088096,1.3425303347684672,0.17348988161060144,0.6632246939099586,0.18122439019585973,0.44350047320270053,
chirp_9db,validation,severe_4x,13130,template_1,5.814343392936152,2.408546919121432,2.8700332126329062,0.13659731251908439,1.4595905135900236,0.1459065802316226,0.24660100873470445,
chirp_9db,validation,severe_4x,13130,dictionary_8,3.602254115928588,1.4922059924002795,1.7985162918621738,0.13803459551804564,0.910427027523414,0.055347201478011164,0.273172788310681,
chirp_9db,validation,severe_4x,13130,dictionary_24,3.3992193081085915,1.4081003887575063,1.643578239270383,0.13695285775325064,0.8600884105471361,0.020873027191228945,0.27298410302810694,
chirp_9db,validation,severe_4x,13130,dictionary_48,3.4146704057104795,1.414500886803646,1.630142407359479,0.1348189399667115,0.8635904765223352,0.058617051615144654,0.2931943033862669,
chirp_9db,validation,severe_4x,13130,local_pca_8,3.1722941027381073,1.3140983721359745,1.6299247813766415,0.38225016289060587,0.8751848975971948,0.13427350309448033,0.1474014349307399,
chirp_9db,validation,severe_4x,13130,local_pca_16,2.818692572564073,1.167621664700362,1.4163340924411085,0.38225016289060587,0.7959567993960277,0.18919822681104195,0.197500893064012,
chirp_9db,validation,severe_4x,13130,local_pca_32,2.8398856149765863,1.176400719111129,1.4360696812863858,0.38225016289060587,0.8006512236766771,0.19164460012064943,0.19883791460408992,
chirp_9db,validation,severe_4x,13130,local_dictionary_8,3.736585338751032,1.5478516656957173,1.89148843936271,0.38225016289060587,1.0047946867152011,0.08398664095277929,0.09941087629293457,
chirp_9db,validation,severe_4x,13130,local_dictionary_24,4.345100591459458,1.7999244171829931,2.1203397991680775,0.38225016289060587,1.1475960459627592,0.02931836570505164,0.04940014430102587,
chirp_9db,validation,severe_4x,13243,zero_fill,2.9522763667234404,1.0,1.683790483219847,1.490811503395304,1.621220987121864,,0.2766613733716999,
chirp_9db,validation,severe_4x,13243,linear,2.953125189231972,1.0002875145830177,1.6795637617540846,1.490811503395304,1.6213176058208192,0.017176938483318235,0.27660234217727325,
chirp_9db,validation,severe_4x,13243,pchip,2.9556358288158333,1.0011379226315866,1.6848375255255645,1.490811503395304,1.6216035125843868,0.009367342212960594,0.276106880829383,
chirp_9db,validation,severe_4x,13243,autoregression,2.947495338643614,0.9983805621541005,1.6853994258042357,1.490811503395304,1.6206771896949883,0.05762280607400218,0.27776922872821425,
chirp_9db,validation,severe_4x,13243,pca_r32_l01,2.4926801060721098,0.8443247841456626,1.7375871991847869,0.8610684689254315,1.0408841714460677,0.5512855661625734,0.8237787755474018,
chirp_9db,validation,severe_4x,13243,pca_r64_l01,2.284927393885541,0.7739544372065169,1.444947402530178,0.7488519693297591,0.9230581737783529,0.6592655272102992,0.8510296684032077,
chirp_9db,validation,severe_4x,13243,pca_r96_l01,2.3639146125022243,0.8007091203069838,1.4687144132583194,0.6478828206186018,0.861843030008665,0.647926251110662,0.8639860573392854,
chirp_9db,validation,severe_4x,13243,pca_r64_l001,2.764879865929895,0.9365247431081373,1.9887355859675475,1.2887675577117814,1.4264989471644458,0.694167751433111,0.7675582442974931,
chirp_9db,validation,severe_4x,13243,pca_r64_l1,2.766059500592381,0.9369243109385011,1.638888100109541,0.612096666471701,0.9107352832122757,0.3517787219702999,0.8434267694399809,
chirp_9db,validation,severe_4x,13243,template_1,2.4900292363976857,0.8434268771257428,1.4422122847140815,1.266598743744597,1.3753256719534221,0.5390720845542585,0.5894589936184902,
chirp_9db,validation,severe_4x,13243,dictionary_8,3.182731025796127,1.0780599884449351,2.151717233697386,0.9470237097774784,1.2140476047548479,0.22779991368783536,0.7141325177292943,
chirp_9db,validation,severe_4x,13243,dictionary_24,3.0373201979003657,1.0288061890599052,2.1705513756427077,1.0005580106360918,1.2309056364699102,0.3476118088461942,0.7351749845164929,
chirp_9db,validation,severe_4x,13243,dictionary_48,2.8611226446264646,0.9691242584453088,2.053897525794354,0.9340203661243445,1.1530376580098152,0.4152478286514129,0.7663153856915467,
chirp_9db,validation,severe_4x,13243,local_pca_8,3.1508558645502913,1.0672631803936576,2.0362537334015895,1.490811503395304,1.6444162482285212,-0.03471586027770793,0.2382784759821145,
chirp_9db,validation,severe_4x,13243,local_pca_16,3.273241283496343,1.108717774660481,2.1554017982573286,1.490811503395304,1.6592899946178272,-0.03404656015463404,0.21990417562828943,
chirp_9db,validation,severe_4x,13243,local_pca_32,3.1835529203157162,1.0783383819343975,2.0443831345217918,1.490811503395304,1.6483475300336246,0.07645912318234821,0.24161106879416003,
chirp_9db,validation,severe_4x,13243,local_dictionary_8,2.625487197319385,0.8893094247247795,1.8693382863792858,1.490811503395304,1.5856971476121413,0.5100725527927289,0.35049923107519004,
chirp_9db,validation,severe_4x,13243,local_dictionary_24,3.347643669383357,1.1339194755329467,2.126469156446089,1.490811503395304,1.6685416951824832,0.23242689530120952,0.25210914396140033,
chirp_9db,validation,severe_4x,13356,zero_fill,2.7638370438636497,1.0,2.229247415805099,1.1154691999612045,1.2821580500752505,,0.33815400902486314,
chirp_9db,validation,severe_4x,13356,linear,2.8111828372755143,1.0171304576429292,2.2466455066499895,1.1154691999612045,1.2885753272879452,-0.04019713969715428,0.31645437470611165,
chirp_9db,validation,severe_4x,13356,pchip,2.8072383663972222,1.0157032856296406,2.2495756117270074,1.1154691999612045,1.2880377587318599,-0.04934610619883676,0.3183399417442691,
chirp_9db,validation,severe_4x,13356,autoregression,2.7102073001612856,0.9805959096534167,2.188366827182757,1.1154691999612045,1.2749827609319586,0.3661228574526628,0.35817728221854267,
chirp_9db,validation,severe_4x,13356,pca_r32_l01,4.057900950171422,1.4682128091382558,2.9736956846666334,1.2360678101314528,1.5689270734734935,-0.15244862398221515,0.2674419101189473,
chirp_9db,validation,severe_4x,13356,pca_r64_l01,3.1575681670135407,1.1424581539725955,2.489112222525508,0.9591474736144484,1.218854351210901,-0.06518374559980993,0.5217342469767677,
chirp_9db,validation,severe_4x,13356,pca_r96_l01,2.9087047188286475,1.052415418371585,2.2747657232412477,0.8564187408067111,1.102904093615191,0.050471199817926346,0.5983680491987164,
chirp_9db,validation,severe_4x,13356,pca_r64_l001,5.259525062059392,1.902979437133148,3.9381067622958796,1.617061832599644,2.0445955962486297,-0.21999467339507306,0.21093450031028874,
chirp_9db,validation,severe_4x,13356,pca_r64_l1,2.8392754627292165,1.027294814299221,2.2399035647113257,0.8145358733235137,1.061058300919997,0.051648766103143014,0.622413669625696,
chirp_9db,validation,severe_4x,13356,template_1,3.215727399705751,1.1635010851473322,2.552269658265878,1.0664427484666705,1.3086348981279956,-0.20713474484931582,0.3369432396104204,
chirp_9db,validation,severe_4x,13356,dictionary_8,3.508801860542901,1.2695400650820725,2.8548320827311704,0.956136561814825,1.2753589536169672,-0.10852125112952785,0.41777524167462066,
chirp_9db,validation,severe_4x,13356,dictionary_24,3.3112586305021505,1.198065796915886,2.6452629297808175,0.8958626730126082,1.1990356190376084,-0.1275311714697474,0.49547324986729835,
chirp_9db,validation,severe_4x,13356,dictionary_48,3.488276661326909,1.2621137230473414,2.7229074189336635,0.9334355868976357,1.2559260524922937,-0.3018575599492896,0.4604610378058491,
chirp_9db,validation,severe_4x,13356,local_pca_8,2.853049754345936,1.032278571083038,2.30057488476933,1.1154691999612045,1.2943136680714404,0.0746533688076509,0.2959101417329483,
chirp_9db,validation,severe_4x,13356,local_pca_16,2.894658836516803,1.0473333957744027,2.320119217820255,1.1154691999612045,1.3000750656393882,0.021396944960940113,0.28209043161780795,
chirp_9db,validation,severe_4x,13356,local_pca_32,3.1738916723751527,1.1483642566488925,2.409773082229427,1.1154691999612045,1.3401879856223458,-0.0994559000446201,0.20235045433129506,
chirp_9db,validation,severe_4x,13356,local_dictionary_8,2.933969715237768,1.0615566940720516,2.389237733309793,1.1154691999612045,1.3055710276269856,0.1264061075998558,0.27781626412857013,
chirp_9db,validation,severe_4x,13356,local_dictionary_24,3.3216719079524855,1.2018334855621668,2.654185424851807,1.1154691999612045,1.3623870894731984,-0.1929958873938805,0.15970762942965103,
chirp_9db,validation,severe_4x,13469,zero_fill,2.4936140605031003,1.0,1.3321095461269918,1.3433186928940688,1.4423437467997662,,0.36401932005538484,
chirp_9db,validation,severe_4x,13469,linear,2.491175494195245,0.9990220754901569,1.3057000625994237,1.3433186928940688,1.442080354970259,0.07332496961090718,0.3628362281202782,
chirp_9db,validation,severe_4x,13469,pchip,2.512328441045456,1.0075049226096278,1.3050245144715635,1.3433186928940688,1.444372070656167,0.04687996243558591,0.35712380276688305,
chirp_9db,validation,severe_4x,13469,autoregression,2.4647016775106003,0.9884054299137748,1.321668356265636,1.3433186928940688,1.4392344106178252,0.1992844633378423,0.3702680274169287,
chirp_9db,validation,severe_4x,13469,pca_r32_l01,4.949490813537891,1.984866420162591,2.9973696275399275,0.8642682205533907,1.4937756832347235,-0.22960578673356402,0.5809817608227984,
chirp_9db,validation,severe_4x,13469,pca_r64_l01,2.4116328610355047,0.9671235413827208,1.4782533729251066,0.6831847589067352,0.8950242412381599,0.4053343914692097,0.8240273893793105,
chirp_9db,validation,severe_4x,13469,pca_r96_l01,2.240345764794322,0.8984332420480177,1.3075872804319189,0.6078694154438413,0.8124702894303434,0.4840551904779898,0.8524326071457784,
chirp_9db,validation,severe_4x,13469,pca_r64_l001,2.9590325953942602,1.1866441733157613,2.005842726610711,0.8608566520674759,1.1144501596005214,0.3820667080681161,0.7597849315450173,
chirp_9db,validation,severe_4x,13469,pca_r64_l1,2.20156103288024,0.8828796194853277,1.2840688533470332,0.6415668049337397,0.8299469282501599,0.48989638305161803,0.8484544928777836,
chirp_9db,validation,severe_4x,13469,template_1,3.3662707240330025,1.3499565860459735,1.9085605494222007,0.9748080573772874,1.2645537705648602,0.26624081718335746,0.661809766534318,
chirp_9db,validation,severe_4x,13469,dictionary_8,2.890835236069879,1.159295370465884,1.6579733563919898,0.8226020665818248,1.0754952568838207,0.22274624065853738,0.7302124416009883,
chirp_9db,validation,severe_4x,13469,dictionary_24,2.853229388488179,1.1442145092462803,1.8373559910600763,0.7328913335785561,1.006164236899565,0.08257218704916264,0.7642319117423222,
chirp_9db,validation,severe_4x,13469,dictionary_48,3.0600756996513927,1.2271649202338897,1.9976473854070633,0.7429658922262489,1.050120172967425,0.08540905951072653,0.75366888755867,
chirp_9db,validation,severe_4x,13469,local_pca_8,2.0764272250405544,0.8326979134139242,1.2342177379361399,1.3433186928940688,1.4004268697675064,0.5624321508944438,0.42042765408929245,
chirp_9db,validation,severe_4x,13469,local_pca_16,2.2743944359145796,0.9120875888290861,1.5897507916143447,1.3433186928940688,1.419516790810755,0.48103461520502017,0.39183032967534903,
chirp_9db,validation,severe_4x,13469,local_pca_32,2.4961554838003144,1.0010191726688857,1.8705536781521972,1.3433186928940688,1.442618471293732,0.4221296221265156,0.36317248811488834,
chirp_9db,validation,severe_4x,13469,local_dictionary_8,1.750681817561429,0.7020660675967713,1.0355189094104147,1.3433186928940688,1.3723261157274087,0.71151104725631,0.4607619577087673,
chirp_9db,validation,severe_4x,13469,local_dictionary_24,1.4293018926096492,0.5731848866465244,0.9783933199932628,1.3433186928940688,1.3488532296083258,0.8269166494257562,0.4935454364292498,
chirp_9db,validation,severe_4x,13582,zero_fill,2.6076728268752367,1.0,1.3941909725435546,0.43166454723327263,0.7743937867815978,,0.08380292792171976,
chirp_9db,validation,severe_4x,13582,linear,2.624054516287838,1.0062821107171758,1.4174891279422919,0.43166454723327263,0.7778446311974115,0.02085008364060313,0.07939190877748775,
chirp_9db,validation,severe_4x,13582,pchip,2.6376463732398445,1.0114943661857017,1.4379553573656008,0.43166454723327263,0.7807125195269102,0.020562571625072704,0.07510609072818397,
chirp_9db,validation,severe_4x,13582,autoregression,2.6253805070317875,1.0067906065416075,1.3989048473492958,0.43166454723327263,0.7781242279825118,-0.05820523647362278,0.06568426577809203,
chirp_9db,validation,severe_4x,13582,pca_r32_l01,2.677062411814831,1.0266097741344122,1.3820103524188194,0.17449915825139659,0.6902631970944366,0.2943896028687305,0.5047168725651806,
chirp_9db,validation,severe_4x,13582,pca_r64_l01,2.6806812973550143,1.0279975577178764,1.3790135348050208,0.15325622052772014,0.6864020439466207,0.12883872770645882,0.4727937537623053,
chirp_9db,validation,severe_4x,13582,pca_r96_l01,2.85895967955173,1.0963644097091771,1.4737929097807796,0.14195384100692027,0.7278355688251211,-0.031110709895322372,0.3923146625511394,
chirp_9db,validation,severe_4x,13582,pca_r64_l001,2.883941630607613,1.1059445805030028,1.5641641428937274,0.19431350905724984,0.7451294109827428,0.12010768577201104,0.41417862815334716,
chirp_9db,validation,severe_4x,13582,pca_r64_l1,2.7849405812203165,1.067979292692749,1.4284932128497736,0.18468566050449398,0.7188326447645635,-0.017626504833512,0.3925695045241954,
chirp_9db,validation,severe_4x,13582,template_1,4.64881820280259,1.782745962181632,2.2128196340836412,0.21622960554371048,1.1809117059874896,-0.38694303160159454,-0.09087476470250005,
chirp_9db,validation,severe_4x,13582,dictionary_8,4.004567089569723,1.5356861674891857,1.9213062164406267,0.15692149594685048,1.0126056399586751,-0.5128875280336077,-0.0514066329847733,
chirp_9db,validation,severe_4x,13582,dictionary_24,3.2972022344145557,1.2644232821053625,1.5549037802001557,0.1361266098345892,0.8347716522799894,-0.265793083794476,0.2111394465831576,
chirp_9db,validation,severe_4x,13582,dictionary_48,3.5630020168301852,1.366353163674952,1.6983724222577177,0.13678024669771907,0.9005420558695573,-0.3969448248847464,0.10449949784036244,
chirp_9db,validation,severe_4x,13582,local_pca_8,2.641591518375719,1.0130072650030744,1.3030391665759185,0.43166454723327263,0.7815457428242018,0.2339157382354724,0.21450535482682692,
chirp_9db,validation,severe_4x,13582,local_pca_16,2.9559705616859953,1.1335665008359666,1.4877830050309835,0.43166454723327263,0.8489985343636427,-0.07732677103965276,-0.02016287303257708,
chirp_9db,validation,severe_4x,13582,local_pca_32,2.8631974417120816,1.0979895223830816,1.4538500592282206,0.43166454723327263,0.8288890837401816,-0.0359720170024,0.014559018614979055,
chirp_9db,validation,severe_4x,13582,local_dictionary_8,2.659089808363136,1.019717573829809,1.349713761232324,0.43166454723327263,0.7852456951892626,0.12629510040651945,0.1350247120397783,
chirp_9db,validation,severe_4x,13582,local_dictionary_24,3.6291598973610806,1.3917236318752024,1.8465341706831844,0.43166454723327263,0.9989311719497209,0.09311912117266373,0.09485245119373457,
chirp_9db,validation,severe_4x,13695,zero_fill,3.3666796938721446,1.0,1.742899392292621,0.3828377066030147,0.919680746410367,,0.09346982678913691,
chirp_9db,validation,severe_4x,13695,linear,3.376520444471081,1.002922983917017,1.7613864969267021,0.3828377066030147,0.9219327848292082,-0.024701678597965286,0.0818320797277818,
chirp_9db,validation,severe_4x,13695,pchip,3.3754847048224423,1.0026153396672466,1.7611459449196012,0.3828377066030147,0.9216957075292695,-0.020658780703186014,0.08306430596608819,
chirp_9db,validation,severe_4x,13695,autoregression,3.418870554942074,1.0155021759762073,1.7797508067554868,0.3828377066030147,0.9316365478086722,-0.10457619161722881,0.036223239684034736,
chirp_9db,validation,severe_4x,13695,pca_r32_l01,3.5504722638618857,1.0545916412316476,1.9231641261088885,0.13378047572334975,0.8970197716509665,0.06233924329272777,0.31891498427289583,
chirp_9db,validation,severe_4x,13695,pca_r64_l01,3.4036196305924697,1.0109722159751524,1.8839312599336382,0.12855041154033972,0.8599601994555578,0.12062695082755513,0.3774273504331647,
chirp_9db,validation,severe_4x,13695,pca_r96_l01,3.411129216868288,1.0132027775250043,1.8681440739761659,0.11486815978668008,0.860004467508895,0.11847750332632542,0.3781680266062924,
chirp_9db,validation,severe_4x,13695,pca_r64_l001,3.584473352112117,1.0646909352963958,2.0103304607100285,0.23401127289226095,0.9243196264554444,0.20314946119739852,0.3636479270206619,
chirp_9db,validation,severe_4x,13695,pca_r64_l1,3.3267260562982224,0.9881326288192358,1.7708259287411094,0.12324953399842208,0.84019949149428,0.17007003295746054,0.4109742062551443,
chirp_9db,validation,severe_4x,13695,template_1,4.7128984337548285,1.399865405174422,2.4555521584568423,0.15499782430803752,1.1877440941231854,-0.5524030722973556,-0.17102760871362793,
chirp_9db,validation,severe_4x,13695,dictionary_8,4.193361235654269,1.2455480226666074,2.1436359256903925,0.11573262434539651,1.0543122479179257,-0.12030471557760641,0.12983919943013708,
chirp_9db,validation,severe_4x,13695,dictionary_24,3.7313154887973563,1.1083072427676748,1.9441213574847174,0.10597229819477277,0.9384550867219646,-0.035039707002287986,0.2515272369968838,
chirp_9db,validation,severe_4x,13695,dictionary_48,3.7709913086581164,1.1200920941549262,1.984694934486725,0.10095500513810102,0.9478018696539233,-0.21141540435259157,0.19470411579492722,
chirp_9db,validation,severe_4x,13695,local_pca_8,3.7951064499412044,1.1272549796907796,2.0560531860022087,0.3828377066030147,1.018617433409778,-0.10086652116671307,-0.04732284862176566,
chirp_9db,validation,severe_4x,13695,local_pca_16,3.5559902368645018,1.0562306367715737,1.9322221610611736,0.3828377066030147,0.9631827840755193,-0.01885813503049142,0.032045521330253304,
chirp_9db,validation,severe_4x,13695,local_pca_32,3.519663289517152,1.0454404961432655,1.901511259279468,0.3828377066030147,0.9548069279810755,0.004713863071120032,0.05207108036784673,
chirp_9db,validation,severe_4x,13695,local_dictionary_8,3.744284889356582,1.1121595250572054,1.9559812887540047,0.3828377066030147,1.0067937964343752,-0.03884332887614511,0.0030233620112236365,
chirp_9db,validation,severe_4x,13695,local_dictionary_24,4.862105788270726,1.4441842498769568,2.437688706720734,0.3828377066030147,1.2707906825155042,-0.35307990110965126,-0.2905192165676803,
chirp_9db,validation,severe_4x,13808,zero_fill,5.727584845206651,1.0,2.8480933914593,0.6150669549909089,1.5508029884923271,,0.04875739309468336,
chirp_9db,validation,severe_4x,13808,linear,5.760558004618604,1.0057569045772492,2.8640619464124493,0.6150669549909089,1.5584174447055716,-0.0006867363047096524,0.0343188822988156,
chirp_9db,validation,severe_4x,13808,pchip,5.766234715081204,1.0067480222325993,2.862344780789001,0.6150669549909089,1.5597290064349807,-0.0025026599616362398,0.032195199830738826,
chirp_9db,validation,severe_4x,13808,autoregression,5.71792464010063,0.9983133894360194,2.8572555015434498,0.6150669549909089,1.5485733873612664,0.06196929861792888,0.07303940965640777,
chirp_9db,validation,severe_4x,13808,pca_r32_l01,4.443488004094876,0.7758048329591449,2.20399813137002,0.5280383014216707,1.2228796025943054,0.713575201675916,0.6469202151400697,
chirp_9db,validation,severe_4x,13808,pca_r64_l01,4.594548664362674,0.8021790664886961,2.285462802900925,0.5386321321469076,1.2614908351805834,0.6908504467901081,0.610423173584195,
chirp_9db,validation,severe_4x,13808,pca_r96_l01,4.592053058224603,0.8017433494796046,2.2693755200349113,0.49235973837413904,1.243061316094456,0.7107237553680276,0.6432298162800733,
chirp_9db,validation,severe_4x,13808,pca_r64_l001,4.8768134986049425,0.8514607169348685,2.544587737737876,0.6419440415947724,1.3685003696624647,0.5247987217445792,0.48306844417382216,
chirp_9db,validation,severe_4x,13808,pca_r64_l1,5.350946736660627,0.9342413742048312,2.6200972778898266,0.4602360664496236,1.4100064169068158,0.4505339712090814,0.4412315377010145,
chirp_9db,validation,severe_4x,13808,template_1,3.2077814773898723,0.5600583080099507,1.55989253921205,0.5107178309580076,0.9421502185679553,0.8423361667451288,0.8043236705684154,
chirp_9db,validation,severe_4x,13808,dictionary_8,5.857274028278806,1.0226429091104066,2.814179493646175,0.5037098583317164,1.5434035717177517,0.1820156134917525,0.25066236364547356,
chirp_9db,validation,severe_4x,13808,dictionary_24,5.492191337965738,0.9589017860751708,2.656662757358504,0.503471382268267,1.4570178701776593,0.2915820906339316,0.3456958299273633,
chirp_9db,validation,severe_4x,13808,dictionary_48,5.862037226859303,1.0234745333829798,2.80898149178343,0.5028041107741632,1.5442566993592592,0.12042422281282719,0.21415372102795646,
chirp_9db,validation,severe_4x,13808,local_pca_8,4.58482402120383,0.8004812054492421,2.2907963852546125,0.6150669549909089,1.2916854709118064,0.6968023517572952,0.625071355762476,
chirp_9db,validation,severe_4x,13808,local_pca_16,4.632805288410101,0.8088584304931322,2.2729206352049003,0.6150669549909089,1.302341526519336,0.6990546525354122,0.6237961185276277,
chirp_9db,validation,severe_4x,13808,local_pca_32,4.65701455785665,0.8130852154471446,2.3178023742924836,0.6150669549909089,1.3077269157519948,0.6953636621465461,0.6195359517678528,
chirp_9db,validation,severe_4x,13808,local_dictionary_8,7.40657886556644,1.2931417108146237,3.717018890552806,0.6150669549909089,1.9450581752013598,-0.15993896221805406,-0.1373242124327792,
chirp_9db,validation,severe_4x,13808,local_dictionary_24,6.772176543980851,1.1823790876966942,3.274879447618135,0.6150669549909089,1.794731622166516,-0.13447345073084654,-0.11027936293288243,
chirp_9db,validation,severe_4x,13921,zero_fill,1.901003614059261,1.0,1.4920631145454668,1.0599494671268177,1.1309898273636998,,0.4059503082685886,
chirp_9db,validation,severe_4x,13921,linear,1.899064923685716,0.9989801753351719,1.4985683667424137,1.0599494671268177,1.1307862496209717,0.023271857504787573,0.4060138704626417,
chirp_9db,validation,severe_4x,13921,pchip,1.9014645536721932,1.000242471718372,1.5015899962537984,1.0599494671268177,1.1310382548185585,0.006019629893435876,0.40502837257260293,
chirp_9db,validation,severe_4x,13921,autoregression,1.8549060432729452,0.9757509294325419,1.460149423418895,1.0599494671268177,1.1261957401554041,0.3758377407707575,0.4184800564114632,
chirp_9db,validation,severe_4x,13921,pca_r32_l01,4.746115316407577,2.496636661449095,3.0110922128149458,0.9059495240964541,1.4755672362645296,-0.20907907524454314,0.49392487577548727,
chirp_9db,validation,severe_4x,13921,pca_r64_l01,2.751419003459682,1.4473507483683883,1.9518952727229482,0.49758770474441605,0.8397994325764379,0.008745408914246865,0.77569988376568,
chirp_9db,validation,severe_4x,13921,pca_r96_l01,2.1616870729467514,1.1371293862671026,1.5443868425861416,0.4003693421392413,0.6650810642893573,0.12224873507376559,0.84249876533539,
chirp_9db,validation,severe_4x,13921,pca_r64_l001,5.7228062283096826,3.010413123881248,3.5917897858769265,0.9574717064323008,1.7048055636211097,0.150149733432684,0.5708586110777644,
chirp_9db,validation,severe_4x,13921,pca_r64_l1,2.045108533733547,1.0758046531887309,1.4795557123442566,0.5068320543659167,0.7086805470706377,0.08921005326882427,0.8203699319621228,
chirp_9db,validation,severe_4x,13921,template_1,2.0809160069936214,1.0946407421868016,1.4611189558890358,1.0190265724808643,1.1154158069833684,-0.009880833769440265,0.43388628591508427,
chirp_9db,validation,severe_4x,13921,dictionary_8,2.414624727517754,1.270184185690076,1.8211762076723985,0.8416896697370458,1.0141817846443706,-0.22823094863545998,0.578694988163388,
chirp_9db,validation,severe_4x,13921,dictionary_24,2.165532186076952,1.139152061606467,1.6396120177725608,0.6466494683628559,0.8277175949918202,0.035514185340252524,0.7372242674289827,
chirp_9db,validation,severe_4x,13921,dictionary_48,2.1614357904133232,1.136997202124174,1.633023741824514,0.5539250255635475,0.7613433311121582,0.103704185460224,0.7855503476716954,
chirp_9db,validation,severe_4x,13921,local_pca_8,1.8217180352205058,0.9582927784816491,1.3408294271289662,1.0599494671268177,1.1228047941645964,0.3240553290000896,0.40619353928442026,
chirp_9db,validation,severe_4x,13921,local_pca_16,2.1644586316885217,1.1385873312816583,1.5742913845821438,1.0599494671268177,1.160206723531073,0.123621031034865,0.3246198093554733,
chirp_9db,validation,severe_4x,13921,local_pca_32,1.9823075168642275,1.0427689364731696,1.4624136600184183,1.0599494671268177,1.1396802233618206,0.22619715535366763,0.3658895284346463,
chirp_9db,validation,severe_4x,13921,local_dictionary_8,2.361609879169499,1.2422963647747591,1.7461309484275676,1.0599494671268177,1.1839973161479123,0.2668687762721597,0.3116816616557761,
chirp_9db,validation,severe_4x,13921,local_dictionary_24,2.0356569075464725,1.0708327393442894,1.4483951243123057,1.0599494671268177,1.1455427790511044,0.3157185638585913,0.35821630841850777,
chirp_9db,validation,severe_4x,14034,zero_fill,1.9522107069591474,1.0,1.0737013829838349,0.7742707700165188,0.8945513898002005,,0.1905448642785113,
chirp_9db,validation,severe_4x,14034,linear,1.95103049697306,0.9993954494861235,1.0646062287511053,0.7742707700165188,0.8943904481422158,0.02466844187297062,0.19156688943040068,
chirp_9db,validation,severe_4x,14034,pchip,1.9525872055379054,1.000192857552423,1.0639210895966058,0.7742707700165188,0.8946027461518855,0.013411991863761621,0.1909100880720476,
chirp_9db,validation,severe_4x,14034,autoregression,1.9521495517351952,0.9999686738610057,1.0728631061678673,0.7742707700165188,0.894543048568287,0.008664212195456043,0.19064777206785855,
chirp_9db,validation,severe_4x,14034,pca_r32_l01,1.4796398172051242,0.757930387294043,1.0598414779485918,0.9968191362314136,1.033624080723256,0.6969384412057308,0.4951359675538519,
chirp_9db,validation,severe_4x,14034,pca_r64_l01,2.0093655322271644,1.0292769756175777,1.231661230413187,0.4983236119247159,0.6965291709221507,0.22144564975114558,0.6558308604451953,
chirp_9db,validation,severe_4x,14034,pca_r96_l01,1.9076845983833086,0.9771919555521777,1.098628991358003,0.4901047266493092,0.6727880504460896,0.27252818438547094,0.6800658875634328,
chirp_9db,validation,severe_4x,14034,pca_r64_l001,3.462326608696393,1.773541450394702,2.203014570633619,0.6554198958524141,1.0732932423001562,-0.4972324746633394,0.31683955330612096,
chirp_9db,validation,severe_4x,14034,pca_r64_l1,1.9115019142169398,0.9791473366081382,1.0838455509264706,0.4911492955241004,0.6741779265085704,0.24613496996963882,0.6709368219590077,
chirp_9db,validation,severe_4x,14034,template_1,1.8345759155129158,0.9397427792876595,1.015863849646807,0.7428602416750527,0.853056595048902,0.6538541786683474,0.4798716759947014,
chirp_9db,validation,severe_4x,14034,dictionary_8,2.170055823655909,1.111588936542658,1.1060620453045065,0.6063834394338393,0.7994003773171612,0.33851697306857625,0.5223737519572019,
chirp_9db,validation,severe_4x,14034,dictionary_24,2.424855790233415,1.2421076175790886,1.4046151422025441,0.6179089182071211,0.8517297499583913,-0.2611825071465263,0.4401790502673404,
chirp_9db,validation,severe_4x,14034,dictionary_48,2.293064972791704,1.174599117102214,1.3829069607305327,0.5909489836356259,0.8099559204188177,-0.12644714995658946,0.5039752172972853,
chirp_9db,validation,severe_4x,14034,local_pca_8,1.6929425730701393,0.8671925458841192,0.9429949569109028,0.7742707700165188,0.8609037016139979,0.5022374889675777,0.3214053508982691,
chirp_9db,validation,severe_4x,14034,local_pca_16,1.83748928844402,0.9412351248222468,1.138828974722517,0.7742707700165188,0.8792324516544282,0.3511684275022512,0.26827643171601645,
chirp_9db,validation,severe_4x,14034,local_pca_32,1.828952654424536,0.9368623212160312,1.139822734759899,0.7742707700165188,0.8781193039550543,0.3528427032176829,0.2680008969498715,
chirp_9db,validation,severe_4x,14034,local_dictionary_8,2.7441062545181483,1.405640407941668,1.4934187576053586,0.7742707700165188,1.0161984155301318,0.32956307604752355,0.2311469716231727,
chirp_9db,validation,severe_4x,14034,local_dictionary_24,2.670032669621784,1.3676969704672652,1.454394960768869,0.7742707700165188,1.0037897824114252,0.3436795253212947,0.2392346453222084,
chirp_9db,validation,severe_4x,14147,zero_fill,2.5783021785627276,1.0,1.382722679277991,0.3852088161098095,0.7447075602254939,,0.09064178832925576,
chirp_9db,validation,severe_4x,14147,linear,2.579894470038047,1.000617573645385,1.3962660093104138,0.3852088161098095,0.7450521356197041,-0.0019097214441927979,0.08911879125101166,
chirp_9db,validation,severe_4x,14147,pchip,2.5803440931479806,1.0007919609277107,1.402034602521588,0.3852088161098095,0.7451494447078423,0.0006239548393023055,0.08888465010923485,
chirp_9db,validation,severe_4x,14147,autoregression,2.5565329132868295,0.9915567440244598,1.3542004755266666,0.3852088161098095,0.7400020277358054,0.13308640262384977,0.13056904254147883,
chirp_9db,validation,severe_4x,14147,pca_r32_l01,3.0831375326488977,1.1958014689991032,1.4692913952407294,0.16084478497253082,0.7863603943970772,0.028977006046402222,0.30248711109535764,
chirp_9db,validation,severe_4x,14147,pca_r64_l01,3.245785695129628,1.2588849057789604,1.5668579855247484,0.12703557784511804,0.8207159736049358,-0.1851473409499659,0.19984176870924725,
chirp_9db,validation,severe_4x,14147,pca_r96_l01,3.0888082667195076,1.1980008753052216,1.483322599341195,0.12611835039354338,0.7817977712916157,-0.13504191844825056,0.25402448841561504,
chirp_9db,validation,severe_4x,14147,pca_r64_l001,3.9410880241818824,1.528559397323567,2.070748363520133,0.24231959765795524,1.012822683934809,-0.09369013018703232,0.14453166470349096,
chirp_9db,validation,severe_4x,14147,pca_r64_l1,2.8719504349809934,1.1138921026634512,1.40721910260025,0.14334221246661297,0.731279022890283,-0.08888420942298456,0.3162661614495667,
chirp_9db,validation,severe_4x,14147,template_1,3.82873637569179,1.4849835707877017,1.9885746370106803,0.16827746117065884,0.9709525539906719,-0.14515389652115082,0.10349579397684439,
chirp_9db,validation,severe_4x,14147,dictionary_8,3.271494082224914,1.2688559585551007,1.5140700436324932,0.12903004304329027,0.8273604417871985,-0.10791679177416585,0.21124815017306053,
chirp_9db,validation,severe_4x,14147,dictionary_24,3.390667478434401,1.3150776144961123,1.5399860801751863,0.1128388560834322,0.8546788527330735,-0.19963872236772973,0.15749362659623392,
chirp_9db,validation,severe_4x,14147,dictionary_48,3.443831742453818,1.3356974877062622,1.5825596639902544,0.10945897159358543,0.8674566295811054,-0.19776250732106818,0.1493428212375964,
chirp_9db,validation,severe_4x,14147,local_pca_8,3.2994867918551694,1.2797129906993545,1.5073380240478031,0.3852088161098095,0.9052762206143746,-0.12604712203676569,-0.0749052641357544,
chirp_9db,validation,severe_4x,14147,local_pca_16,3.1641221877472745,1.2272115402357966,1.4952247376669885,0.3852088161098095,0.8745519102348004,-0.1711011914346419,-0.10319045805695927,
chirp_9db,validation,severe_4x,14147,local_pca_32,3.1345770045338854,1.2157523779005814,1.5310017118804313,0.3852088161098095,0.8678767365488691,-0.17882325120495896,-0.10702917104386445,
chirp_9db,validation,severe_4x,14147,local_dictionary_8,3.1410043451140583,1.2182452356554299,1.5054639279901991,0.3852088161098095,0.8693278932656903,-0.26367215272428435,-0.16763063866188016,
chirp_9db,validation,severe_4x,14147,local_dictionary_24,3.3396901156509657,1.2953059355954442,1.5624587614658725,0.3852088161098095,0.914443736264962,-0.09642319611374564,-0.052763946479533724,
chirp_9db,validation,severe_4x,14260,zero_fill,3.2431788887803594,1.0,1.8077524902865005,0.3618435316668902,0.883252880895674,,0.08014803218845937,
chirp_9db,validation,severe_4x,14260,linear,3.2771517125289926,1.0104751618438812,1.8345735830726548,0.3618435316668902,0.8910557105222584,-0.010466123794427911,0.05641219333911712,
chirp_9db,validation,severe_4x,14260,pchip,3.2939053409382937,1.015640966439878,1.8499474962468323,0.3618435316668902,0.8949082884644988,-0.006203053638486362,0.05109848713804504,
chirp_9db,validation,severe_4x,14260,autoregression,3.2463021247050956,1.0009630168522436,1.8026365315108812,0.3618435316668902,0.8839696900206171,0.013131593664822298,0.08001360414748843,
chirp_9db,validation,severe_4x,14260,pca_r32_l01,3.7228482543294783,1.1479009891216654,2.010616733201437,0.12321540302002598,0.9383272902446158,-0.20184077729441824,0.1474852116138496,
chirp_9db,validation,severe_4x,14260,pca_r64_l01,3.452167343908195,1.064439385644382,1.9016550751604564,0.12272990028363445,0.8711844952670985,0.010047135415533388,0.2863226458640343,
chirp_9db,validation,severe_4x,14260,pca_r96_l01,3.5345475533662776,1.0898404542511966,1.9253895863949535,0.10240967146981968,0.8891829999768708,-0.09603512784873808,0.2395586251164049,
chirp_9db,validation,severe_4x,14260,pca_r64_l001,3.4723007853803303,1.070647319946676,1.9644019573748341,0.21459478415191863,0.8925958129568986,0.35020622318315175,0.4425358737393696,
chirp_9db,validation,severe_4x,14260,pca_r64_l1,3.3523106535118843,1.0336496284892152,1.8290490874822996,0.10875913200030624,0.8446676472713682,-0.030816084200676917,0.3151539518242903,
chirp_9db,validation,severe_4x,14260,template_1,2.044504452351716,0.6304013816273265,1.1232799419938362,0.1844738870693002,0.5414366122203759,0.785550440335432,0.7909884785832398,
chirp_9db,validation,severe_4x,14260,dictionary_8,3.3542233607460967,1.0342393915888795,1.8060320498897002,0.08754424464848994,0.8428291002384825,0.13135732925870044,0.35714041013193654,
chirp_9db,validation,severe_4x,14260,dictionary_24,3.5322864971998116,1.0891432814327966,1.8858654365913803,0.08951797594850977,0.887315118720827,0.0038591352858685104,0.27277470610975457,
chirp_9db,validation,severe_4x,14260,dictionary_48,3.646355445646236,1.1243152384411015,1.9260898322774191,0.08081487672098125,0.9149410397836223,0.1003895857501423,0.295495477867831,
chirp_9db,validation,severe_4x,14260,local_pca_8,3.681204367444536,1.1350605358771626,2.0018123172257507,0.3618435316668902,0.9847343142959374,-0.20589285060956874,-0.1334235917586213,
chirp_9db,validation,severe_4x,14260,local_pca_16,3.5556567261392793,1.0963492450077064,1.9242250380069903,0.3618435316668902,0.9554663741884449,-0.12801192599374991,-0.06504135756582871,
chirp_9db,validation,severe_4x,14260,local_pca_32,3.557381567500911,1.0968810816472452,1.948579530461714,0.3618435316668902,0.9558675620193402,-0.1262637333692322,-0.06400789008244362,
chirp_9db,validation,severe_4x,14260,local_dictionary_8,2.5456328211589363,0.7849190280454297,1.3254710945480517,0.3618435316668902,0.7264729684105219,0.6195331132941755,0.5686957749035985,
chirp_9db,validation,severe_4x,14260,local_dictionary_24,3.1368384638365026,0.9672110516901374,1.5188261832551166,0.3618435316668902,0.8589134367524204,0.4973628615929514,0.46381733817710324,
chirp_9db,validation,severe_4x,14373,zero_fill,2.0383600940599718,1.0,1.0920185168861014,0.3721912979030756,0.6241397733369614,,0.12067361498165628,
chirp_9db,validation,severe_4x,14373,linear,2.0352170744561016,0.998458064591713,1.0851255207258967,0.3721912979030756,0.6234983948294941,0.05740437191942856,0.1283165236212812,
chirp_9db,validation,severe_4x,14373,pchip,2.0350382415363684,0.9983703308687785,1.0857955552666718,0.3721912979030756,0.6234619113284444,0.05723161821996081,0.1286917562714062,
chirp_9db,validation,severe_4x,14373,autoregression,2.0466652513734327,1.004074430880816,1.0995615718299319,0.3721912979030756,0.6258361449243881,-0.006395348377526283,0.11486563769225287,
chirp_9db,validation,severe_4x,14373,pca_r32_l01,2.1948204000614813,1.07675793225027,1.172842191953047,0.13666149033174102,0.5644345640008585,0.030293993724653863,0.4677374318096055,
chirp_9db,validation,severe_4x,14373,pca_r64_l01,2.3583381646949273,1.1569781863211561,1.1492214282348239,0.1440624428271391,0.6058603753421905,-0.30044515917566145,0.3666723210305276,
chirp_9db,validation,severe_4x,14373,pca_r96_l01,2.480282311331582,1.2168028203453478,1.2031029951769212,0.12579061008450784,0.6319191753937873,-0.410911197094812,0.308160641875129,
chirp_9db,validation,severe_4x,14373,pca_r64_l001,3.284552651857329,1.6113701702799783,1.7131320991412722,0.2566823880739093,0.8579253262971408,-0.7202081578961715,-0.04325198304184625,
chirp_9db,validation,severe_4x,14373,pca_r64_l1,2.3619116811363994,1.1587313193676114,1.1238594114658016,0.13380946795689927,0.604524678735916,-0.3640696637488124,0.35428531025656557,
chirp_9db,validation,severe_4x,14373,template_1,4.44223531718284,2.1793182324006697,2.1256856829303374,0.14730659980560273,1.1196802871919747,-0.6516877806874694,-0.23381122021877007,
chirp_9db,validation,severe_4x,14373,dictionary_8,3.047044869977572,1.494851120200513,1.4296312407638396,0.11420919585712981,0.769745840599822,-0.3159714580594698,0.14657776930206043,
chirp_9db,validation,severe_4x,14373,dictionary_24,2.953525613406077,1.448971465843061,1.3340284862108065,0.11442415541693723,0.7466469572022031,-0.599213934828701,0.08609440158555973,
chirp_9db,validation,severe_4x,14373,dictionary_48,3.5777641449152857,1.7552169292076134,1.6205905277981985,0.1151086289225149,0.9013582190029847,-0.7107263733589759,-0.12382132412651145,
chirp_9db,validation,severe_4x,14373,local_pca_8,2.310181431670484,1.133352952897102,1.1456739960235067,0.3721912979030756,0.6807548053795106,-0.10544234609056383,-0.002866685393004014,
chirp_9db,validation,severe_4x,14373,local_pca_16,2.4549696386003164,1.204384664787343,1.189491279006102,0.3721912979030756,0.7117220033118182,-0.4008614858497434,-0.18395870641922096,
chirp_9db,validation,severe_4x,14373,local_pca_32,2.4373058349507333,1.1957189713698466,1.2095284542327125,0.3721912979030756,0.7079175078445992,-0.35442375578725566,-0.1572847129905165,
chirp_9db,validation,severe_4x,14373,local_dictionary_8,3.5691399790826437,1.7509859957931624,1.6166370275068997,0.3721912979030756,0.9623102288181191,-0.6386586185615503,-0.45978791825652987,
chirp_9db,validation,severe_4x,14373,local_dictionary_24,5.057357815206815,2.4810914567767335,2.1911807351435506,0.3721912979030756,1.3146949148128217,-0.7981325464846175,-0.6182880647260459,
chirp_9db,validation,severe_4x,14486,zero_fill,2.551687532477335,1.0,1.5632428541832213,1.661554359913907,1.7306529228089391,,0.4482289017485035,
chirp_9db,validation,severe_4x,14486,linear,2.553808737610207,1.0008312950178555,1.5642001706012174,1.661554359913907,1.7308484630472412,-0.018266883648240573,0.4478590156170075,
chirp_9db,validation,severe_4x,14486,pchip,2.5530737186097445,1.0005432428989705,1.562878928744034,1.661554359913907,1.7307806904849596,-0.0288983048768093,0.44799204797862086,
chirp_9db,validation,severe_4x,14486,autoregression,2.5840048963945295,1.012665094572069,1.6114123580382156,1.661554359913907,1.7336472512600534,-0.07108723833438133,0.4421776200854685,
chirp_9db,validation,severe_4x,14486,pca_r32_l01,3.1647077482158714,1.2402410984637209,2.0400615564101727,1.438559608062378,1.6018969481689183,0.3654001903224384,0.7209261069113582,
chirp_9db,validation,severe_4x,14486,pca_r64_l01,2.569023874486069,1.0067940693317974,1.822957719001069,1.1000939824316731,1.2438093006067865,0.34401729278860266,0.7969299642917783,
chirp_9db,validation,severe_4x,14486,pca_r96_l01,2.5205103700686458,0.9877817475643578,1.6543565277304266,1.037250857656899,1.1856251687209465,0.3004915557036221,0.8087572497157921,
chirp_9db,validation,severe_4x,14486,pca_r64_l001,2.5997072524275096,1.0188188088623664,1.990357144377511,1.3764837232061957,1.4827990719012232,0.7087175058920772,0.7634132753337493,
chirp_9db,validation,severe_4x,14486,pca_r64_l1,2.7463682837009187,1.0762949023913504,1.7182104957086732,0.9678240466516849,1.1617010568794413,0.0588139865799005,0.8000307411690352,
chirp_9db,validation,severe_4x,14486,template_1,2.9826793833333145,1.1689046348231933,2.1934309022306655,1.962166719884632,2.0409533595403375,-0.03462443369066706,0.392559286165676,
chirp_9db,validation,severe_4x,14486,dictionary_8,3.8001663877546323,1.489275759428584,2.1734352811254563,1.4211728539995514,1.6721477354886767,-0.6601425319041754,0.54175971764875,
chirp_9db,validation,severe_4x,14486,dictionary_24,3.3685908047181754,1.3201423614151302,1.8434541179672168,0.9605065373895494,1.2546412867616976,-0.5290130123427361,0.7646662035654802,
chirp_9db,validation,severe_4x,14486,dictionary_48,3.255157328409357,1.2756880640667827,2.0365569979745746,0.5976003652500924,0.9985283602914968,-0.21540830578106304,0.8528811677505906,
chirp_9db,validation,severe_4x,14486,local_pca_8,2.4083544425444026,0.9438281184084574,1.6296698203513122,1.661554359913907,1.7177677099428539,0.34611915192327763,0.4509210571279394,
chirp_9db,validation,severe_4x,14486,local_pca_16,2.499554040767735,0.9795690142127293,1.6892835775353956,1.661554359913907,1.7258913234715858,0.26903025075982606,0.4392816324172172,
chirp_9db,validation,severe_4x,14486,local_pca_32,2.465728884049368,0.9663130193905392,1.5852861363998947,1.661554359913907,1.7228476117657114,0.3226024177565166,0.43992737498841655,
chirp_9db,validation,severe_4x,14486,local_dictionary_8,2.637084917955091,1.033467023054679,1.8179049412344828,1.661554359913907,1.738635604230008,0.23823354689473922,0.41489756736731964,
chirp_9db,validation,severe_4x,14486,local_dictionary_24,2.619681559406632,1.0266466901075793,1.6342574094658744,1.661554359913907,1.7369904799129023,0.7117307852385616,0.43322593279619664,
chirp_9db,validation,severe_4x,14599,zero_fill,1.6438465041194157,1.0,0.9341537444389373,1.0630572216601557,1.108309274778558,,0.3032396349141974,
chirp_9db,validation,severe_4x,14599,linear,1.6417670280713086,0.9987349937826336,0.9394929074509101,1.0630572216601557,1.1081166122728026,0.050312999918722616,0.30377089270596536,
chirp_9db,validation,severe_4x,14599,pchip,1.6431805458534918,0.9995948780714896,0.9383584880821887,1.0630572216601557,1.108247551151381,0.024838970187083396,0.3033321586981028,
chirp_9db,validation,severe_4x,14599,autoregression,1.676909731378532,1.0201133300318863,0.9606345533315009,1.0630572216601557,1.1114007517275541,-0.16247004395192755,0.2937925272461451,
chirp_9db,validation,severe_4x,14599,pca_r32_l01,2.3736615198845885,1.443967860707362,1.623636327672592,0.8115493897414151,0.984678094316417,0.28978124925146337,0.6563525477023731,
chirp_9db,validation,severe_4x,14599,pca_r64_l01,1.7355535464564882,1.0557880812516607,1.285483642858508,0.6139459393697095,0.7359556015670212,0.3669688374083573,0.7905516271818208,
chirp_9db,validation,severe_4x,14599,pca_r96_l01,1.6993931788572254,1.0337906699917614,1.084974195971283,0.5045051568799549,0.6473899026148908,0.2938313935786146,0.8340638946279504,
chirp_9db,validation,severe_4x,14599,pca_r64_l001,3.44165095380635,2.09365712989729,2.6170995814104003,0.9102334944972741,1.2316867627720671,0.2981324966511758,0.5985466881458054,
chirp_9db,validation,severe_4x,14599,pca_r64_l1,1.5355744213017146,0.9341349191993441,0.9484157224217193,0.5539069719529801,0.6595539594599088,0.3687655360225735,0.8312007088385303,
chirp_9db,validation,severe_4x,14599,template_1,2.599505436452035,1.5813553333220438,1.8238431088455993,1.026375538855134,1.1874113049915085,-0.31985279511272136,0.27550328518605766,
chirp_9db,validation,severe_4x,14599,dictionary_8,2.6276542586766487,1.5984790867589211,1.6755841517688919,0.8747497871744119,1.071866793133792,-0.43110446043607553,0.471172632986675,
chirp_9db,validation,severe_4x,14599,dictionary_24,2.1201238917218923,1.2897334917882808,1.3933633634205775,0.8035670342545149,0.9414325850253078,-0.022763860710716077,0.610058209835362,
chirp_9db,validation,severe_4x,14599,dictionary_48,2.5688187712538126,1.5626877356349589,1.618563578258645,0.7102607136509254,0.9409398260477652,-0.3723630938122768,0.6286801633887402,
chirp_9db,validation,severe_4x,14599,local_pca_8,1.8244388087121086,1.1098595909898739,1.1608266764421746,1.0630572216601557,1.1258312710668505,0.14710770982893062,0.26557903457207144,
chirp_9db,validation,severe_4x,14599,local_pca_16,1.7571738357066864,1.0689403367670136,1.2323348787283526,1.0630572216601557,1.1191240921125907,0.22522070706040026,0.28189962256320295,
chirp_9db,validation,severe_4x,14599,local_pca_32,1.8349587465841788,1.1162591774754171,1.3121184134678696,1.0630572216601557,1.126899325847337,0.23202385587724364,0.2718818276841626,
chirp_9db,validation,severe_4x,14599,local_dictionary_8,1.5612459535493612,0.9497516645483257,1.163698324901261,1.0630572216601557,1.100819262394246,0.5085536739194626,0.3334965677006238,
chirp_9db,validation,severe_4x,14599,local_dictionary_24,1.941108879529016,1.1808334139864471,1.0889689108906275,1.0630572216601557,1.1379604433492936,0.3411529543407158,0.2766580618357607,
chirp_9db,test,severe_4x,16000,zero_fill,3.037224683497052,1.0,1.6589257773305863,1.0233197625083645,1.2483109544286835,,0.24987784828340487,False
chirp_9db,test,severe_4x,16000,linear,3.0575918851295545,1.0067058593798375,1.6820085878218767,1.0233197625083645,1.2514146540294093,0.0033478493348494047,0.2396813124436993,False
chirp_9db,test,severe_4x,16000,pchip,3.059908422915714,1.0074685746964707,1.6773685670091232,1.0233197625083645,1.251768489021961,0.001516007720048841,0.23858848335982502,False
chirp_9db,test,severe_4x,16000,autoregression,3.2752548941349295,1.0783709588333157,1.8218750501403156,1.0233197625083645,1.2853755449930149,-0.16843988312991895,0.15035464388041925,False
chirp_9db,test,severe_4x,16000,pca_r32_l01,1.6826257795824355,0.554001088139803,1.2101130089987477,0.9066732691179734,0.9734627550692263,0.8801528818375741,0.7287758090456846,False
chirp_9db,test,severe_4x,16000,pca_r64_l01,1.3365851293965931,0.44006791353270996,0.8442301220460403,0.6392822221672223,0.7034151602099057,0.9019285673958113,0.8382264368361755,False
chirp_9db,test,severe_4x,16000,pca_r96_l01,1.3479753621364017,0.4438181243095742,0.8361979479599554,0.595186440698768,0.6675861866082249,0.9038725122456035,0.8556537580779422,False
chirp_9db,test,severe_4x,16000,pca_r64_l001,2.4252572353496515,0.798510972377986,1.513226659543902,0.7523866151264741,0.9477986645689159,0.7862650163556578,0.7603929856793006,False
chirp_9db,test,severe_4x,16000,pca_r64_l1,1.908126247868055,0.6282466549926243,1.1290374435356316,0.6133572465233185,0.7617435779079068,0.8470322794923659,0.8237713183936844,False
chirp_9db,test,severe_4x,16000,template_1,3.045632730343391,1.002768332185638,1.6263158150132857,0.9202105770927114,1.17200926086994,0.3044854611012483,0.4818020242902555,False
chirp_9db,test,severe_4x,16000,dictionary_8,2.966865929122493,0.9768345243745523,1.8459126807378987,0.7839323385189737,1.0612652269821996,0.3647792977795535,0.5791197956059654,False
chirp_9db,test,severe_4x,16000,dictionary_24,2.8031420484050558,0.9229287723216861,1.8550412514609578,0.6712781804881874,0.9557987915066599,0.41524271887320896,0.6727700291207701,False
chirp_9db,test,severe_4x,16000,dictionary_48,2.8024290805139747,0.9226940291053034,1.8563805790185983,0.7485042973541124,1.0080144157784279,0.3984283347266245,0.6304918059726738,False
chirp_9db,test,severe_4x,16000,local_pca_8,1.7293806518099253,0.569395033961966,1.0034940176089793,1.0233197625083645,1.0810442718720275,0.8230672172447613,0.5448374604140351,True
chirp_9db,test,severe_4x,16000,local_pca_16,1.7059786860755424,0.561689984723581,1.207011316626845,1.0233197625083645,1.0787177956504272,0.8273530550192488,0.5474501013416787,False
chirp_9db,test,severe_4x,16000,local_pca_32,1.6277762093560089,0.5359419795975686,1.0226855292193333,1.0233197625083645,1.0711385715923982,0.8502204873070621,0.5596114851325317,False
chirp_9db,test,severe_4x,16000,local_dictionary_8,2.3411340663933555,0.7708135914718631,1.2264168901668198,1.0233197625083645,1.1507785071944265,0.8222296810965599,0.5351203247195364,False
chirp_9db,test,severe_4x,16000,local_dictionary_24,3.1993227982570707,1.0533704719445975,1.8733948658291721,1.0233197625083645,1.27336700357139,0.697068436988624,0.4613409618442226,False
chirp_9db,test,severe_4x,16102,zero_fill,2.8932964164623747,1.0,1.4958992686850863,0.4253406501017115,0.8323492424663242,,0.09876868793136381,False
chirp_9db,test,severe_4x,16102,linear,2.8942166507072353,1.000318057368621,1.4961848498975894,0.4253406501017115,0.8325491746236827,0.0010540338520259001,0.09779843660361161,False
chirp_9db,test,severe_4x,16102,pchip,2.8942653147419426,1.0003348769500613,1.4965218470275514,0.4253406501017115,0.8325597479142443,-0.0011242711530176294,0.09769046713718822,False
chirp_9db,test,severe_4x,16102,autoregression,2.8794162448564466,0.9952026444553167,1.4983881390809615,0.4253406501017115,0.8293354998347094,0.14334874209354562,0.1195656090636403,False
chirp_9db,test,severe_4x,16102,pca_r32_l01,2.4868482313511993,0.8595207242512198,1.2551532232176692,0.17898059193835375,0.6454128964340211,0.5139586348288226,0.633782707550225,False
chirp_9db,test,severe_4x,16102,pca_r64_l01,2.788918454996495,0.9639242073947257,1.4187458536132236,0.15714186737355834,0.7136381105751698,0.30625126403947794,0.5226922291834254,False
chirp_9db,test,severe_4x,16102,pca_r96_l01,2.6083577509789464,0.9015176378534274,1.313489968247918,0.14492465427737905,0.6670165612802098,0.440476119226611,0.6020196190615258,False
chirp_9db,test,severe_4x,16102,pca_r64_l001,5.470688146584774,1.8908149595241848,2.9810631263091403,0.21607450945004175,1.3835812160317489,-0.030910044480257012,0.12630460998817522,False
chirp_9db,test,severe_4x,16102,pca_r64_l1,2.7514985622269403,0.9509908997126502,1.3856932845084198,0.182860712346107,0.7102954904357061,0.3149324778131969,0.525833756211921,False
chirp_9db,test,severe_4x,16102,template_1,4.701142490580431,1.624839564944578,2.2579752037651764,0.217422502229765,1.1939909150585737,-0.8099322475578898,-0.31181347113412095,False
chirp_9db,test,severe_4x,16102,dictionary_8,3.0938731981386978,1.0693246570019839,1.5142706284177188,0.14226867728874906,0.7856389523114025,-0.14876231239628657,0.35706405996724633,False
chirp_9db,test,severe_4x,16102,dictionary_24,3.335557436968962,1.1528571417674995,1.6119609536461206,0.1276871964621645,0.8430044379118231,-0.2715174855874639,0.24893927738139987,False
chirp_9db,test,severe_4x,16102,dictionary_48,3.6420152928192246,1.258777107003888,1.7853105115361523,0.12069708148564423,0.9179730447879579,-0.37250835805786864,0.12866421438319683,False
chirp_9db,test,severe_4x,16102,local_pca_8,2.456174858160536,0.8489191927191801,1.2099583688849376,0.4253406501017115,0.7393626885405314,0.5285671673816116,0.46299012404248224,True
chirp_9db,test,severe_4x,16102,local_pca_16,2.6676869174826163,0.922023371785871,1.330477297801076,0.4253406501017115,0.7838316751359194,0.38829438827453094,0.34058593891896427,False
chirp_9db,test,severe_4x,16102,local_pca_32,2.660528747046645,0.9195493181786283,1.3526305938263832,0.4253406501017115,0.7823096111553193,0.3951406175182082,0.34518309187384505,False
chirp_9db,test,severe_4x,16102,local_dictionary_8,3.451633874408149,1.1929762380269533,1.6994642753514042,0.4253406501017115,0.9561477537623307,-0.2627907865530522,-0.16198053217557254,False
chirp_9db,test,severe_4x,16102,local_dictionary_24,3.2470111023998154,1.1222531794270587,1.6060383264532767,0.4253406501017115,0.910247257910655,0.06520201474376466,0.08731409783095671,False
chirp_9db,test,severe_4x,16205,zero_fill,4.15460447701393,1.0,2.2492114849924376,0.37138841746745227,1.0991382621700414,,0.05390810097102378,False
chirp_9db,test,severe_4x,16205,linear,4.182343306105348,1.006676647378803,2.2716070859557655,0.37138841746745227,1.1056936702687732,-0.004828624815551272,0.0375033510823941,False
chirp_9db,test,severe_4x,16205,pchip,4.197124945131219,1.0102345405808282,2.285612751808654,0.37138841746745227,1.1091888408448936,-0.001671304894560694,0.033939107464677404,False
chirp_9db,test,severe_4x,16205,autoregression,4.13748970039713,0.9958805280474976,2.2268571816791227,0.37138841746745227,1.095095925316791,0.0914430060738154,0.08925253907304885,False
chirp_9db,test,severe_4x,16205,pca_r32_l01,3.3238608565671774,0.8000426695145144,1.6833785839095317,0.10274813789272792,0.8368993626560571,0.6630506086390343,0.6748558196799352,False
chirp_9db,test,severe_4x,16205,pca_r64_l01,3.4545624724115336,0.8315021301123849,1.7655888039506056,0.10637373538354607,0.8697604716776128,0.6077029136551821,0.6307495492939779,False
chirp_9db,test,severe_4x,16205,pca_r96_l01,3.6115246583064073,0.8692824258693684,1.8329257831303423,0.09925135076200868,0.907981030121791,0.5419517640285837,0.5777584171172436,False
chirp_9db,test,severe_4x,16205,pca_r64_l001,2.254527403163788,0.542657529889392,1.2574423634354441,0.16216308667450335,0.5850933051559754,0.8439437872917084,0.8473739363155002,False
chirp_9db,test,severe_4x,16205,pca_r64_l1,4.12783571810083,0.9935568454082205,2.137889165645503,0.1002541715862715,1.0365143269461998,0.12671233139739804,0.3291242956077449,False
chirp_9db,test,severe_4x,16205,template_1,6.072826891847367,1.461709995607605,3.031730669144938,0.1298228312724988,1.523401538727123,-0.570739590633096,-0.34135971290056366,False
chirp_9db,test,severe_4x,16205,dictionary_8,3.74623685769876,0.9017072210905913,1.7724905573446934,0.0877479293266721,0.940405035094502,0.4364427251603878,0.5172574277722299,False
chirp_9db,test,severe_4x,16205,dictionary_24,4.1364494524112665,0.9956301436868157,2.0564396788468318,0.08229284009392558,1.0371775325768227,0.17805064986680055,0.34110668072063427,False
chirp_9db,test,severe_4x,16205,dictionary_48,3.986801896512126,0.9596104559579136,1.9754819649963562,0.0811166596217096,0.999790229531158,0.2904418173170922,0.41490818869432156,False
chirp_9db,test,severe_4x,16205,local_pca_8,3.5322390306652256,0.8501986290651615,1.7940929688893232,0.37138841746745227,0.9534690909774386,0.5548897141000905,0.5111341972410963,True
chirp_9db,test,severe_4x,16205,local_pca_16,3.6607018858833555,0.881119227145887,1.8523243671208518,0.37138841746745227,0.9832878090475543,0.5016879366274107,0.45847781717706043,False
chirp_9db,test,severe_4x,16205,local_pca_32,3.6708252172990417,0.8835558806159574,1.895560649325547,0.37138841746745227,0.9856437656867096,0.49971248637654553,0.4554367779920731,False
chirp_9db,test,severe_4x,16205,local_dictionary_8,3.7363840288949817,0.8993356767334111,1.8420272843039842,0.37138841746745227,1.0009216365685232,0.4423631944340607,0.41095342241851346,False
chirp_9db,test,severe_4x,16205,local_dictionary_24,5.010986747133756,1.2061284714003244,2.4101855990014927,0.37138841746745227,1.3033353494348838,-0.1379692788738548,-0.1130203730169824,False
chirp_9db,test,severe_4x,16308,zero_fill,2.5931408095879367,1.0,1.4645874136920671,0.8187374512934256,1.0240649537079909,,0.28101974734869317,False
chirp_9db,test,severe_4x,16308,linear,2.643490741448612,1.0194165822675385,1.4791826280490274,0.8187374512934256,1.0320794698199527,0.005769079408811003,0.24946416426923607,False
chirp_9db,test,severe_4x,16308,pchip,2.663308872077937,1.027059102317375,1.490878957085962,0.8187374512934256,1.0352590062499418,0.0059776305637317196,0.23953761182364616,False
chirp_9db,test,severe_4x,16308,autoregression,2.747559459732009,1.0595488874237455,1.569895379411371,0.8187374512934256,1.048929460122905,-0.12237663124042732,0.1939187115511998,False
chirp_9db,test,severe_4x,16308,pca_r32_l01,2.7488650949890268,1.0600523831275617,1.744985888189161,0.882831420900374,1.0967887523465842,0.5545500602453535,0.5365926070072365,False
chirp_9db,test,severe_4x,16308,pca_r64_l01,2.0710700825563686,0.7986724341766355,1.3362680607320372,0.613123475435307,0.7877236677925231,0.629892840210194,0.6874177684049337,False
chirp_9db,test,severe_4x,16308,pca_r96_l01,1.9894998301637241,0.7672162741057883,1.1604403801446979,0.5576063943423342,0.7340803319202098,0.6440632374149298,0.726373148960086,False
chirp_9db,test,severe_4x,16308,pca_r64_l001,4.093080766005323,1.5784259577696185,2.555730483890163,0.9365276796018314,1.367241099279599,0.4874564519953363,0.49486072642641915,False
chirp_9db,test,severe_4x,16308,pca_r64_l1,2.2689623334179836,0.8749861654363973,1.3498109181003821,0.577100580953277,0.7962359213244656,0.4854493997368694,0.6720545985075947,False
chirp_9db,test,severe_4x,16308,template_1,2.3111804214583116,0.8912668424764677,1.2745356564150514,0.7329279198722456,0.9151265273329718,0.45592927834738634,0.512824435575668,False
chirp_9db,test,severe_4x,16308,dictionary_8,2.6503169988377677,1.0220490106200275,1.4549850470099797,0.7452509060026702,0.9796416400843807,0.24735878505773665,0.43691126223475396,False
chirp_9db,test,severe_4x,16308,dictionary_24,2.018330821271615,0.7783344482524795,1.13915354031613,0.7389779171480271,0.8755350055316713,0.6484231678111082,0.5724678974757386,False
chirp_9db,test,severe_4x,16308,dictionary_48,1.3684561561462216,0.5277214993827027,0.7435638583639467,0.7384059308096855,0.7925955002047965,0.8507099279842298,0.6771291541673332,False
chirp_9db,test,severe_4x,16308,local_pca_8,1.9217183654097467,0.7410775220166766,1.0790784581532329,0.8187374512934256,0.9269562654263255,0.6714942843587397,0.4941268176995644,True
chirp_9db,test,severe_4x,16308,local_pca_16,2.033468854111804,0.7841721693604955,1.302641315380411,0.8187374512934256,0.9417391090722655,0.6231356682755502,0.4679114465356749,False
chirp_9db,test,severe_4x,16308,local_pca_32,1.9564399514913295,0.7544673024532816,1.132860290115926,0.8187374512934256,0.9314847857066767,0.6569555900730948,0.4873527276624541,False
chirp_9db,test,severe_4x,16308,local_dictionary_8,2.4915375485355153,0.9608184558753033,1.4092614396712335,0.8187374512934256,1.0081767134293467,0.6313198748615705,0.45085256970504656,False
chirp_9db,test,severe_4x,16308,local_dictionary_24,3.438989533052942,1.3261869622881817,1.8084415101294842,0.8187374512934256,1.1694446924904283,0.4812769033203349,0.35339133307920656,False
chirp_9db,test,severe_4x,16411,zero_fill,3.935289950175786,1.0,1.9783910534812974,0.44634139380354576,1.0745585311330161,,0.018073161886416826,False
chirp_9db,test,severe_4x,16411,linear,3.974299771303901,1.0099128200518928,2.018966663272699,0.44634139380354576,1.083494585517263,0.055745664843013985,0.05818721204265416,False
chirp_9db,test,severe_4x,16411,pchip,3.985665511553579,1.0128009783308451,2.019809606713703,0.44634139380354576,1.0861008000907717,0.05175188079165838,0.056224117534513805,False
chirp_9db,test,severe_4x,16411,autoregression,4.0782770209313215,1.0363345706582938,2.0281915335987786,0.44634139380354576,1.1073801587754832,0.12282713968961684,0.11230780582032555,False
chirp_9db,test,severe_4x,16411,pca_r32_l01,1.5204030025435564,0.38635094790808017,0.7839624949386556,0.1328298138799446,0.4012699903099978,0.9278978733069142,0.930484773254637,False
chirp_9db,test,severe_4x,16411,pca_r64_l01,1.58801644536873,0.40353225949660826,0.842588075834751,0.14173077332799452,0.4200528547385292,0.9213983713927947,0.9234597552155673,False
chirp_9db,test,severe_4x,16411,pca_r96_l01,1.7257066969825232,0.4385208507712214,0.8901188902605035,0.14193196400854188,0.4527853961950518,0.9116748175156411,0.9138094821960554,False
chirp_9db,test,severe_4x,16411,pca_r64_l001,2.2563457032014385,0.5733619966428775,1.4005036402168543,0.21629990886468445,0.6017100989564376,0.8981770716660384,0.8933801692371482,False
chirp_9db,test,severe_4x,16411,pca_r64_l1,2.702545189914587,0.6867461417408053,1.3643478074267272,0.1696406080713289,0.6953155552576751,0.9255130328535782,0.8521115456791502,False
chirp_9db,test,severe_4x,16411,template_1,1.8783560652292324,0.47731071636673883,0.8688306463248788,0.17492398277510976,0.4991992027257285,0.8968364185118584,0.8950688725111339,False
chirp_9db,test,severe_4x,16411,dictionary_8,1.0839380617665015,0.27544045686343466,0.5349473991834293,0.11421075375535632,0.2926797701676932,0.9633551600419957,0.9632280338873079,False
chirp_9db,test,severe_4x,16411,dictionary_24,1.159904822124003,0.29474443733737865,0.5538926753808296,0.10078216356500858,0.30595494600708545,0.9564454274726776,0.9586186913858468,False
chirp_9db,test,severe_4x,16411,dictionary_48,1.400852188157355,0.3559717850255939,0.7065274027965438,0.10132495365659565,0.36369527479814046,0.9372110066030854,0.9420334443583968,False
chirp_9db,test,severe_4x,16411,local_pca_8,1.4730189912088512,0.3743101549971058,0.7404643924274841,0.44634139380354576,0.5677859712184316,0.9344144078937855,0.849916729403568,True
chirp_9db,test,severe_4x,16411,local_pca_16,1.7029709149871837,0.4327434411563787,0.8683919405881804,0.44634139380354576,0.6066516470878109,0.9133950504839885,0.8289069430314999,False
chirp_9db,test,severe_4x,16411,local_pca_32,1.7643237845161415,0.4483338729430421,0.8977415637684125,0.44634139380354576,0.6175125511855376,0.9103216694749662,0.8248806862531287,False
chirp_9db,test,severe_4x,16411,local_dictionary_8,1.4082367555193045,0.35784828395081786,0.7614730053783102,0.44634139380354576,0.5574181754377114,0.9368795053323051,0.8571185879811875,False
chirp_9db,test,severe_4x,16411,local_dictionary_24,2.272338670433543,0.5774259836513544,0.9670503681851708,0.44634139380354576,0.713785359478125,0.858211825029469,0.7869930121886831,False
chirp_9db,test,severe_4x,16514,zero_fill,4.501863876954245,1.0,2.376607954665766,0.3765247939854679,1.1830401032380646,,0.04719300966865294,False
chirp_9db,test,severe_4x,16514,linear,4.512017482690317,1.002255422645729,2.3807189433107503,0.3765247939854679,1.1854552282612272,0.024435360936187905,0.05495083652692021,False
chirp_9db,test,severe_4x,16514,pchip,4.524447790798274,1.0050165696834237,2.392165113246794,0.3765247939854679,1.1884125866819772,0.01608746903408329,0.05050815670103135,False
chirp_9db,test,severe_4x,16514,autoregression,4.494349249299154,0.9983307741281207,2.376623775768593,0.3765247939854679,1.1812530153919938,0.0795398188114966,0.06046863487985756,False
chirp_9db,test,severe_4x,16514,pca_r32_l01,4.460686398854941,0.9908532378533037,2.2707992967908397,0.12007688157190362,1.1212158582106848,0.25014684403970927,0.3569875130595373,False
chirp_9db,test,severe_4x,16514,pca_r64_l01,4.280437751473982,0.9508145666923029,2.1254066563618466,0.11961624919317805,1.0763586777391314,0.3288205485326028,0.42058584842300506,False
chirp_9db,test,severe_4x,16514,pca_r96_l01,4.412997844330368,0.9802601688872032,2.1839402777397656,0.10981174226152882,1.1083611002044347,0.2583606256695263,0.36825610885033133,False
chirp_9db,test,severe_4x,16514,pca_r64_l001,4.884201666360934,1.084928776137354,2.459355131772337,0.1744243139151116,1.2326745195142321,0.2854427275698412,0.3544141359194235,False
chirp_9db,test,severe_4x,16514,pca_r64_l1,4.654313958893297,1.0338637697864363,2.3020368168655336,0.12687457676189876,1.1700452929634992,-0.02250297459972765,0.20687713925076404,False
chirp_9db,test,severe_4x,16514,template_1,5.840627031524054,1.2973797500682216,2.6530298191552144,0.13428144807056766,1.4659339329163255,-0.20657005474376192,-0.057400204712988186,False
chirp_9db,test,severe_4x,16514,dictionary_8,4.858555574931063,1.0792320042822217,2.3214228864902573,0.09869686107803419,1.21839234060948,0.06532638425222316,0.2088871768373982,False
chirp_9db,test,severe_4x,16514,dictionary_24,4.47516552096435,0.9940694883897827,2.123576873207189,0.08202385588684441,1.121606691705205,0.24973029925048548,0.36068372054613923,False
chirp_9db,test,severe_4x,16514,dictionary_48,4.10404040270931,0.911631385328762,1.9522911705678783,0.08174735771250571,1.0290586439941434,0.41369609327906254,0.49192153880703404,False
chirp_9db,test,severe_4x,16514,local_pca_8,4.421838438129155,0.9822239319063482,2.2446546699167493,0.3765247939854679,1.1640237051979296,0.2670798011034108,0.2580561756908766,True
chirp_9db,test,severe_4x,16514,local_pca_16,4.446221662897349,0.9876401829158501,2.180015668342542,0.3765247939854679,1.1698143785154724,0.2344378446146054,0.22760576454976356,False
chirp_9db,test,severe_4x,16514,local_pca_32,4.427624627309561,0.9835092193647332,2.1846702521462067,0.3765247939854679,1.1653975621983341,0.24171808225231092,0.2340910792273382,False
chirp_9db,test,severe_4x,16514,local_dictionary_8,5.066984216072349,1.1255303035729365,2.3511193059897124,0.3765247939854679,1.3181637998844573,0.046775135454236116,0.05452731633379234,False
chirp_9db,test,severe_4x,16514,local_dictionary_24,3.871061176988979,0.8598796593574396,1.6230924858321187,0.3765247939854679,1.0341566142054563,0.5187579677345008,0.4935523303887653,False
chirp_9db,test,severe_4x,16616,zero_fill,2.7556512941124134,1.0,1.5080102684033612,0.36539562712506973,0.7744483326687804,,0.08484577063745889,False
chirp_9db,test,severe_4x,16616,linear,2.7693462768231694,1.0049697807338744,1.5231490765516362,0.36539562712506973,0.7774955090620378,-0.008760252977363301,0.07359194820523561,False
chirp_9db,test,severe_4x,16616,pchip,2.7674202753590507,1.0042708528730693,1.5266379052569472,0.36539562712506973,0.7770667782316157,-0.004736185393158296,0.07538689042266672,False
chirp_9db,test,severe_4x,16616,autoregression,2.7580026440542205,1.000853282832567,1.5175513789470414,0.36539562712506973,0.7749712917844891,-0.017110790680080507,0.08227017872172786,False
chirp_9db,test,severe_4x,16616,pca_r32_l01,2.5694789721377185,0.9324398110992993,1.2513178256117754,0.10558334581703772,0.650453679748158,0.36128998491763764,0.5405130517279109,False
chirp_9db,test,severe_4x,16616,pca_r64_l01,2.5605413614419454,0.9291964360340765,1.2724488744928806,0.11087961990378144,0.6490756126650942,0.37363262315476153,0.5434974242410641,False
chirp_9db,test,severe_4x,16616,pca_r96_l01,2.549991779881993,0.9253680918664048,1.2791376556549632,0.1120855907823729,0.6466696303166151,0.3868683178168372,0.5487010177366357,False
chirp_9db,test,severe_4x,16616,pca_r64_l001,3.0033703746839886,1.0898949301389618,1.556447867247448,0.17973212067520755,0.7707459104483443,0.38961725633420036,0.4988715421578762,False
chirp_9db,test,severe_4x,16616,pca_r64_l1,2.7495134035659747,0.9977726171088654,1.4330308734444108,0.11225900077455014,0.6959191406519716,0.13032907019720083,0.43781044503838756,False
chirp_9db,test,severe_4x,16616,template_1,3.36775580960807,1.2221269856615924,1.7814886498696207,0.13348406398050522,0.8518013678082533,0.5934166503629528,0.6325911433280094,False
chirp_9db,test,severe_4x,16616,dictionary_8,2.8518922168321867,1.034924927883799,1.430633189475856,0.10502814168785898,0.7201889020694534,0.07831191608885595,0.39241819160603947,False
chirp_9db,test,severe_4x,16616,dictionary_24,3.21736582229578,1.167551870285563,1.6056984556919436,0.09371663342027844,0.8094436725759343,-0.22132211180704087,0.20526899390735356,False
chirp_9db,test,severe_4x,16616,dictionary_48,3.3750783853998247,1.2247842797130566,1.6640727470620782,0.0939723758335579,0.8486613068124609,-0.35428980810887184,0.11837218493272438,False
chirp_9db,test,severe_4x,16616,local_pca_8,2.6211293165122855,0.9511832364684383,1.27633934475045,0.36539562712506973,0.7446907226624355,0.3093613436299403,0.2783339942690562,True
chirp_9db,test,severe_4x,16616,local_pca_16,2.586258285196299,0.9385288663779663,1.2836710870731967,0.36539562712506973,0.7370312655587594,0.3459402331670216,0.3043109386934552,False
chirp_9db,test,severe_4x,16616,local_pca_32,2.5858693142497393,0.9383877124709422,1.3183067938360638,0.36539562712506973,0.7369459603326701,0.34628758296795054,0.30470219600297005,False
chirp_9db,test,severe_4x,16616,local_dictionary_8,2.4723189178781015,0.8971813390033544,1.289493393072485,0.36539562712506973,0.7121740612610881,0.44935366734342824,0.4035770066001061,False
chirp_9db,test,severe_4x,16616,local_dictionary_24,2.5030383345045877,0.9083291270751325,1.3038814025118726,0.36539562712506973,0.7188493569948846,0.4470837338821648,0.4042072898738156,False
chirp_9db,test,severe_4x,16719,zero_fill,3.1342285023587237,1.0,1.6633845533462697,1.0254950809633632,1.2648614232693296,,0.17813369378861182,False
chirp_9db,test,severe_4x,16719,linear,3.1378026002891732,1.001140343764904,1.6442973716154112,1.0254950809633632,1.265415138763321,0.03874010405689925,0.17867884638932913,False
chirp_9db,test,severe_4x,16719,pchip,3.139487179145634,1.0016778217615443,1.647199699456034,1.0254950809633632,1.2656762561033486,0.0371320741469119,0.17806077793720285,False
chirp_9db,test,severe_4x,16719,autoregression,3.0971240283080035,0.9881615287389555,1.650997802464131,1.0254950809633632,1.259136104213014,0.25136609431438084,0.19827540563886512,False
chirp_9db,test,severe_4x,16719,pca_r32_l01,6.916058490318888,2.206622294805269,3.744393757727263,1.2242800593083294,2.0963478658701313,-0.10119540420471423,0.11816459753558774,False
chirp_9db,test,severe_4x,16719,pca_r64_l01,3.4220835908789846,1.0918424066093553,2.2213864348109036,0.6741493906278625,1.0760987732377887,0.10992682642697975,0.5725398401363385,False
chirp_9db,test,severe_4x,16719,pca_r96_l01,2.6986633562885456,0.8610295497783952,1.6158829566980977,0.6625710312911324,0.9309870260631817,0.5297063538894409,0.6892631698612947,False
chirp_9db,test,severe_4x,16719,pca_r64_l001,6.268488437671931,2.000010028928797,4.214778427687504,1.2337888292052788,1.9705245243859357,-0.3006400205728131,0.18452859244117328,False
chirp_9db,test,severe_4x,16719,pca_r64_l1,2.808142298758073,0.8959596585394944,1.6396636925426762,0.6891491339866118,0.9685543706728513,0.5223833763574841,0.7004543339384041,False
chirp_9db,test,severe_4x,16719,template_1,3.6187931882431914,1.1546041348037641,1.816473004330524,0.9479685612790598,1.2887816445406317,0.6151248552505963,0.47382780711213085,False
chirp_9db,test,severe_4x,16719,dictionary_8,2.7927001875491824,0.8910327327594278,1.5628144117577842,0.9051603051253906,1.1205161201193623,0.6301214378004143,0.5334509314034518,False
chirp_9db,test,severe_4x,16719,dictionary_24,4.0421034285800115,1.2896645619609575,2.033181058266684,0.8477145553182985,1.3018712406766604,-0.1376154927060824,0.2843830566033892,False
chirp_9db,test,severe_4x,16719,dictionary_48,4.1735730595224245,1.3316109710512563,2.1543608945222292,0.8133625054616891,1.307241622714961,-0.09274463289025224,0.30752283712332357,False
chirp_9db,test,severe_4x,16719,local_pca_8,2.3521897500667603,0.7504844488194063,1.1745662129743835,1.0254950809633632,1.153998457443725,0.7082646969528255,0.44911194549333777,True
chirp_9db,test,severe_4x,16719,local_pca_16,2.2661651938080283,0.7230376445439706,1.1900517343373815,1.0254950809633632,1.1431892642359083,0.7574215415593053,0.4714530478073874,False
chirp_9db,test,severe_4x,16719,local_pca_32,2.300076909521243,0.7338574414055249,1.2676784970190087,1.0254950809633632,1.1474143814985067,0.7307054865018812,0.46096103930329585,False
chirp_9db,test,severe_4x,16719,local_dictionary_8,1.603269213781967,0.5115355222426814,0.9146523557786053,1.0254950809633632,1.0707787641496571,0.8594791800865433,0.5521403656879097,False
chirp_9db,test,severe_4x,16719,local_dictionary_24,2.2583738857684965,0.7205517670676895,1.203431963615818,1.0254950809633632,1.1422252137856264,0.6932197210003488,0.45754815606478527,False
chirp_9db,test,severe_4x,16822,zero_fill,2.3596784042739767,1.0,1.3058590044490728,0.5166275696616633,0.7734517946200143,,0.10260564615269864,False
chirp_9db,test,severe_4x,16822,linear,2.373160110459678,1.0057133659236286,1.3224489570843778,0.5166275696616633,0.7760255148791316,0.015545366706943725,0.09822804977653612,False
chirp_9db,test,severe_4x,16822,pchip,2.372558337369531,1.0054583425742363,1.3285764215839473,0.5166275696616633,0.7759105034667104,0.013492297798051035,0.09809794772712807,False
chirp_9db,test,severe_4x,16822,autoregression,2.511632185503397,1.064395970634894,1.4059091201660194,0.5166275696616633,0.8028020039708701,-0.20167229027808803,-0.009335608631588069,False
chirp_9db,test,severe_4x,16822,pca_r32_l01,2.390105257360677,1.0128944914830722,1.2756461029135489,0.21662140926746315,0.6332690811159224,0.4706886985603358,0.6372643255544086,False
chirp_9db,test,severe_4x,16822,pca_r64_l01,2.290694082730662,0.9707653714936889,1.2644858009944757,0.19926846296813888,0.604302189805654,0.4019943480862231,0.638157578776138,False
chirp_9db,test,severe_4x,16822,pca_r96_l01,1.861480258416347,0.7888703202286946,1.0128586557979664,0.16733149317614157,0.4927668174198971,0.6237582578676373,0.7754728174858794,False
chirp_9db,test,severe_4x,16822,pca_r64_l001,6.976779879471424,2.956665563762716,3.8256127024772217,0.2799456748500931,1.7651310362053578,0.01404431952745947,0.16521893931606724,False
chirp_9db,test,severe_4x,16822,pca_r64_l1,2.1007627913246454,0.8902750423615483,1.161568406426921,0.24924371386660688,0.5779836037328612,0.45617765560025375,0.6688992129372486,False
chirp_9db,test,severe_4x,16822,template_1,2.9565459678866652,1.2529444531642997,1.3967652067721825,0.20607761391960427,0.7655955118651452,0.4444721153115898,0.5814390931847488,False
chirp_9db,test,severe_4x,16822,dictionary_8,1.7893115263046533,0.7582861813134179,0.9776002414977254,0.18642570274672804,0.4823739393507295,0.65382807847622,0.783978877918233,False
chirp_9db,test,severe_4x,16822,dictionary_24,2.3600830121365166,1.000171467375303,1.2033310323144277,0.16812939570715674,0.6120663888464315,0.33450438325038145,0.6229191423044054,False
chirp_9db,test,severe_4x,16822,dictionary_48,2.695169271386386,1.1421765213873003,1.3986904362768167,0.16531730048761592,0.6925444276828524,0.12169919630113107,0.509842453242871,False
chirp_9db,test,severe_4x,16822,local_pca_8,1.8946849810367918,0.8029420354930724,0.9476239573390675,0.5166275696616633,0.6889027445594252,0.6462374133872278,0.5013861253934487,True
chirp_9db,test,severe_4x,16822,local_pca_16,1.9009786871985994,0.8056092235939628,1.0005543633530196,0.5166275696616633,0.6899855367687546,0.6007273843628825,0.4487635399785374,False
chirp_9db,test,severe_4x,16822,local_pca_32,1.9001645332458243,0.8052641960888162,1.0600838724343835,0.5166275696616633,0.6898453603626991,0.6023941292556289,0.4491930184518326,False
chirp_9db,test,severe_4x,16822,local_dictionary_8,3.7342155910292276,1.5825103896639539,1.7442343619088092,0.5166275696616633,1.0591248382008467,0.22815018461842732,0.1908416964385566,False
chirp_9db,test,severe_4x,16822,local_dictionary_24,2.7896624278205007,1.1822214513501983,1.3445013099418586,0.5166275696616633,0.8582604917510156,0.39265934468211805,0.3160802175635755,False
chirp_9db,test,severe_4x,16925,zero_fill,4.960693850866168,1.0,2.6395351475545477,0.41077975924394367,1.302391637553032,,0.07849520633684257,False
chirp_9db,test,severe_4x,16925,linear,4.959085635113592,0.9996758083040551,2.657897862648175,0.41077975924394367,1.3020087964242424,0.025882965320651586,0.08296936802123311,False
chirp_9db,test,severe_4x,16925,pchip,4.959221217786304,0.9997031396969586,2.6592482573687986,0.41077975924394367,1.3020410718850606,0.02639265252656325,0.08310333233960868,False
chirp_9db,test,severe_4x,16925,autoregression,5.0509425582492415,1.018192758935792,2.6782295084777488,0.41077975924394367,1.3238938988312345,0.03865420953363791,0.0701526757422632,False
chirp_9db,test,severe_4x,16925,pca_r32_l01,3.452495742070571,0.6959703311398151,1.765034383234204,0.14683753004007746,0.8747551711921844,0.819150452096582,0.80098130174881,False
chirp_9db,test,severe_4x,16925,pca_r64_l01,3.7871585884392296,0.7634332418594968,1.9334473670731083,0.13473180125714565,0.9557346666321326,0.7914508994897781,0.7515868931591871,False
chirp_9db,test,severe_4x,16925,pca_r96_l01,3.7836250830908824,0.7627209412308801,1.9215001461470056,0.13634408863112807,0.9550740948666063,0.7872914530361772,0.7508688552539435,False
chirp_9db,test,severe_4x,16925,pca_r64_l001,2.909350617484541,0.5864805821420628,1.5464870014474608,0.18059773267297546,0.7480622522205693,0.9206638222126395,0.8823992183012282,False
chirp_9db,test,severe_4x,16925,pca_r64_l1,4.386998999258828,0.8843518933329922,2.264520965858094,0.15319017656956355,1.1067341785761828,0.6116742388012187,0.5829460728423429,False
chirp_9db,test,severe_4x,16925,template_1,7.531668663674197,1.5182691958220969,3.6922547634078704,0.1487748386896719,1.888419348105363,-0.4467180964844078,-0.2831166390151411,False
chirp_9db,test,severe_4x,16925,dictionary_8,4.660570737149375,0.9394997710523117,2.2665672448197514,0.14529557678933547,1.1736050673430154,0.3445076603064225,0.4386163082014907,False
chirp_9db,test,severe_4x,16925,dictionary_24,3.4118221300779386,0.6877711531184721,1.6407431429562704,0.13778891151520722,0.8633263074200909,0.8616112170374611,0.8264392753894685,False
chirp_9db,test,severe_4x,16925,dictionary_48,3.0902293442225908,0.6229429666745142,1.4944247444290077,0.14150838192367943,0.7846132300461105,0.904740412249391,0.8740872859684921,False
chirp_9db,test,severe_4x,16925,local_pca_8,3.7983372140495533,0.765686681790762,1.8913944942279977,0.41077975924394367,1.0295164444625633,0.7397991206185309,0.690423767042866,True
chirp_9db,test,severe_4x,16925,local_pca_16,3.910706590525718,0.7883386292510037,1.993277703411934,0.41077975924394367,1.0554834850747596,0.7448627158674321,0.6870891631860635,False
chirp_9db,test,severe_4x,16925,local_pca_32,3.9349766807510003,0.7932311081974811,2.0207544178014256,0.41077975924394367,1.0611061927630596,0.7401595769175345,0.6818016845888536,False
chirp_9db,test,severe_4x,16925,local_dictionary_8,4.561652216510496,0.919559310380342,2.2411898622123463,0.41077975924394367,1.2077813104889583,0.4042885070827509,0.39185731014378566,False
chirp_9db,test,severe_4x,16925,local_dictionary_24,3.4987311984815217,0.7052906919201679,1.6679031949167977,0.41077975924394367,0.9608661508729907,0.7726326005662126,0.7286507603185515,False
chirp_9db,test,severe_4x,17028,zero_fill,3.7083905432887954,1.0,1.9809417947154948,0.40755065533467066,1.0075844713816045,,0.08552746535440776,False
chirp_9db,test,severe_4x,17028,linear,3.7065452955786506,0.9995024127883498,1.9869885663425042,0.40755065533467066,1.0071600257075592,0.029762070252844035,0.09022310700231512,False
chirp_9db,test,severe_4x,17028,pchip,3.705493438755318,0.9992187703803957,1.9936898683367852,0.40755065533467066,1.0069180910895417,0.04802174227734951,0.0908824180482874,False
chirp_9db,test,severe_4x,17028,autoregression,3.721327481238287,1.0034885586613589,2.0202782937001746,0.40755065533467066,1.0105611458669599,-0.00328901916843405,0.07518531489694649,False
chirp_9db,test,severe_4x,17028,pca_r32_l01,2.4774584320408133,0.6680683717426572,1.3203069936531455,0.13814655767516223,0.6336435982401986,0.7619553632609728,0.7888344865920527,False
chirp_9db,test,severe_4x,17028,pca_r64_l01,2.5655447027078004,0.691821606370655,1.3837708939159612,0.12311939517460152,0.6523704566623961,0.8442990056390179,0.8161366408843754,False
chirp_9db,test,severe_4x,17028,pca_r96_l01,2.5615829443106723,0.6907532835090573,1.3762089396963773,0.1155841151229977,0.6501010736615705,0.8371727894970481,0.8153882559392284,False
chirp_9db,test,severe_4x,17028,pca_r64_l001,2.529749886996129,0.6821692207079716,1.3816794083220918,0.17903978959193434,0.6557659254935116,0.7326035144042383,0.7602975845997427,False
chirp_9db,test,severe_4x,17028,pca_r64_l1,2.9830075915508316,0.8043941318287755,1.5858151777614475,0.1581225813651857,0.7613054393734545,0.6783779470409849,0.6935769368399691,False
chirp_9db,test,severe_4x,17028,template_1,1.4711194687495832,0.396700253540426,0.6998458087303498,0.15165369382057634,0.39600940125168055,0.970261833492852,0.9549835108514035,False
chirp_9db,test,severe_4x,17028,dictionary_8,2.1056636454259388,0.5678106501583637,1.0245226256405666,0.11034635961103693,0.5371489652472801,0.9053406010254852,0.8945114542526242,False
chirp_9db,test,severe_4x,17028,dictionary_24,2.337689451140225,0.6303784414968978,1.140160676084445,0.10994170482161882,0.5940380694270857,0.9013828577806466,0.8713356027845248,False
chirp_9db,test,severe_4x,17028,dictionary_48,1.9676817755411802,0.5306026300552845,0.9575969640170586,0.10426618261926304,0.5021729733348108,0.9571582463727205,0.9296528015295878,False
chirp_9db,test,severe_4x,17028,local_pca_8,2.382242389383278,0.6423925316319516,1.2588031147239689,0.40755065533467066,0.7144290487747166,0.8082588790524228,0.7363406153418386,True
chirp_9db,test,severe_4x,17028,local_pca_16,2.58760882808466,0.6977713910870436,1.383814753283025,0.40755065533467066,0.7577591346008911,0.8345593986295586,0.7433106626122602,False
chirp_9db,test,severe_4x,17028,local_pca_32,2.5998567364247487,0.7010741468774913,1.4092860745592328,0.40755065533467066,0.7603748294381256,0.8216133803264823,0.7334998756019461,False
chirp_9db,test,severe_4x,17028,local_dictionary_8,2.795596628450211,0.7538571236811885,1.290686299201099,0.40755065533467066,0.8026060505845155,0.6718359184802078,0.6152763555954305,False
chirp_9db,test,severe_4x,17028,local_dictionary_24,2.40000823206622,0.6471832467617521,1.1403818167628357,0.40755065533467066,0.7181357185423508,0.8715647445712746,0.7817331463503939,False
chirp_9db,test,severe_4x,17131,zero_fill,2.3902895414919376,1.0,1.26560951284804,0.8023076598029297,0.9800812404732879,,0.16790850486686265,False
chirp_9db,test,severe_4x,17131,linear,2.3891491625362633,0.9995229117912793,1.2612657615740932,0.8023076598029297,0.9799074393636795,0.04405257853203986,0.17070928896994758,False
chirp_9db,test,severe_4x,17131,pchip,2.3969928729423002,1.002804401447608,1.2646084356512923,0.8023076598029297,0.9811039237643541,0.027898891045781533,0.1664013927377713,False
chirp_9db,test,severe_4x,17131,autoregression,2.413766603638678,1.0098218486669555,1.2917105907133337,0.8023076598029297,0.9836708332668442,-0.023242571656851157,0.15367932868106174,False
chirp_9db,test,severe_4x,17131,pca_r32_l01,3.180438350445652,1.330566149095281,1.9745394736874637,0.7128909887054501,1.0529242472647002,-0.20823674236783923,0.28665553578984054,False
chirp_9db,test,severe_4x,17131,pca_r64_l01,1.8968344912790422,0.7935584615808102,1.1702660874906767,0.5841611375897391,0.7380991044296615,0.6162018813708763,0.6700506541991752,False
chirp_9db,test,severe_4x,17131,pca_r96_l01,1.9256803076210938,0.8056263788106396,1.134285302199952,0.6045741739201045,0.7579121660739835,0.5966820218667439,0.6468583820855103,False
chirp_9db,test,severe_4x,17131,pca_r64_l001,2.191181059413372,0.9167011030997153,1.406052759329088,0.6360100719010933,0.8242006206215213,0.7848678941690548,0.6938333537866322,False
chirp_9db,test,severe_4x,17131,pca_r64_l1,2.0532076179629093,0.8589786225987363,1.1840030953758793,0.6506173846088312,0.8126040794795713,0.5249185857533193,0.5770639995765562,False
chirp_9db,test,severe_4x,17131,template_1,1.275892422969502,0.5337815360113792,0.5950519588971307,0.7159734920813331,0.7631010784718361,0.9102504750546093,0.6642137538968993,False
chirp_9db,test,severe_4x,17131,dictionary_8,1.9575762924540212,0.8189703625746396,1.0311323419397995,0.7174898911534957,0.8497786880781761,0.6309723811362501,0.532216000267622,False
chirp_9db,test,severe_4x,17131,dictionary_24,1.4377363704419448,0.6014904661066954,0.7667464389652884,0.7090914172994068,0.7749695736852673,0.8183337438803727,0.6307451574458806,False
chirp_9db,test,severe_4x,17131,dictionary_48,1.7042012664405624,0.7129685491477563,0.883066581439816,0.7076617964739141,0.8068488175212848,0.728982031361305,0.5897139638461805,False
chirp_9db,test,severe_4x,17131,local_pca_8,2.325870619526367,0.9730497411098731,1.3650530627735615,0.8023076598029297,0.9703458743359493,0.3121276190417824,0.2493430133626434,True
chirp_9db,test,severe_4x,17131,local_pca_16,1.9791164058280248,0.8279818705949438,1.2103781894053147,0.8023076598029297,0.9210172861602016,0.5673883871584564,0.37599556206650253,False
chirp_9db,test,severe_4x,17131,local_pca_32,2.013025656090198,0.8421681227930804,1.2132232707012403,0.8023076598029297,0.9255989954738153,0.5434240668375092,0.3639400978214273,False
chirp_9db,test,severe_4x,17131,local_dictionary_8,1.6949757237742515,0.7091089570330067,1.0245035343483075,0.8023076598029297,0.8848872251189996,0.7434436294139042,0.4775661143731498,False
chirp_9db,test,severe_4x,17131,local_dictionary_24,1.4708314293321478,0.6153360937244886,0.8734216994114881,0.8023076598029297,0.859462361311857,0.849789171548493,0.5376519605826258,False
chirp_9db,test,severe_4x,17233,zero_fill,2.936810196864019,1.0,1.495778761225203,0.5194133833403489,0.8899335675452306,,0.1676482380452783,False
chirp_9db,test,severe_4x,17233,linear,2.9596492054573336,1.0077768078501304,1.49396814285514,0.5194133833403489,0.8946499790861036,0.039193989426370354,0.16007378946124326,False
chirp_9db,test,severe_4x,17233,pchip,2.9330239725034777,0.9987107698125728,1.5004141265799982,0.5194133833403489,0.8891528118515437,0.06690084940773049,0.17646766650420595,False
chirp_9db,test,severe_4x,17233,autoregression,2.883274934688946,0.9817709492318438,1.5014741514645427,0.5194133833403489,0.8789243529345104,0.39076831835540304,0.3553947721942378,False
chirp_9db,test,severe_4x,17233,pca_r32_l01,4.269632757277892,1.453833401231406,2.117533687104557,0.15455729074732194,1.077847485264836,0.5074122578220608,0.5980161672228803,False
chirp_9db,test,severe_4x,17233,pca_r64_l01,3.1294579487841134,1.065597617485055,1.6528515551745266,0.1327109254936848,0.7928465291037151,0.4938673199551392,0.6436793609042776,False
chirp_9db,test,severe_4x,17233,pca_r96_l01,3.2659691605580656,1.112080434767466,1.6653306229974376,0.11412892928290432,0.8239362742805602,0.46299754272334426,0.621798758640611,False
chirp_9db,test,severe_4x,17233,pca_r64_l001,3.043107329001636,1.0361947572407382,1.7680023220816201,0.20258144004625908,0.7856562071602834,0.48722729842599055,0.6421313533302001,False
chirp_9db,test,severe_4x,17233,pca_r64_l1,2.928964662709545,0.997328552535383,1.4929565641714275,0.18676993338997513,0.754241304046601,0.4348314187193794,0.599882039419381,False
chirp_9db,test,severe_4x,17233,template_1,2.907644482304393,0.9900689140242126,1.4068482457311604,0.20506451329846642,0.753540321361863,0.7217800736645192,0.760089527694821,False
chirp_9db,test,severe_4x,17233,dictionary_8,4.206297935504269,1.4322675466040784,2.0867920773197053,0.1747504762081787,1.065100002824038,0.34557752635100264,0.48344332883663016,False
chirp_9db,test,severe_4x,17233,dictionary_24,3.8396283825140114,1.3074145501857897,1.854976478377123,0.1371439981581011,0.9690482850221204,0.39489906160748733,0.5393509412317942,False
chirp_9db,test,severe_4x,17233,dictionary_48,3.3688632577439717,1.14711643991883,1.5767645245280393,0.10729100642655877,0.8485984787532649,0.5004372543870983,0.629355840466938,False
chirp_9db,test,severe_4x,17233,local_pca_8,3.8312477068252377,1.3045608840899272,1.9923704643038715,0.5194133833403489,1.0818188657577357,0.4960104755624469,0.42717075455666187,True
chirp_9db,test,severe_4x,17233,local_pca_16,3.2720143327993583,1.1141388491136666,1.6450423523679032,0.5194133833403489,0.9602386336199342,0.45219317713687707,0.3968706584009214,False
chirp_9db,test,severe_4x,17233,local_pca_32,3.28545953137462,1.118717013065024,1.6808263275386723,0.5194133833403489,0.9631036507755916,0.45095615746442724,0.39579810239586066,False
chirp_9db,test,severe_4x,17233,local_dictionary_8,4.303990823580884,1.4655325114904485,2.1322684881998972,0.5194133833403489,1.187728687226287,0.49379697243337933,0.42328303510352167,False
chirp_9db,test,severe_4x,17233,local_dictionary_24,4.085403645928865,1.3911023770931252,2.0331547122958407,0.5194133833403489,1.1384577531705142,0.5284393326590204,0.45151252119347995,False
chirp_9db,test,severe_4x,17336,zero_fill,2.582037438720841,1.0,1.478224841235531,0.3611327836397741,0.7341308911838909,,0.10856670446944776,False
chirp_9db,test,severe_4x,17336,linear,2.581983871731354,0.999979253984205,1.4824557052611262,0.3611327836397741,0.7341191160658129,0.003708985412243897,0.10923250824580252,False
chirp_9db,test,severe_4x,17336,pchip,2.582191640688682,1.0000597210425877,1.4840123731092336,0.3611327836397741,0.734164788234464,0.009316777462558327,0.10882698395789109,False
chirp_9db,test,severe_4x,17336,autoregression,2.589549529634177,1.0029093656043413,1.4874313712213714,0.3611327836397741,0.735782749768901,-0.1293750980319381,0.09748358444629086,False
chirp_9db,test,severe_4x,17336,pca_r32_l01,3.107638904425909,1.2035607454109785,1.6317013521143398,0.11510658012891375,0.7848631422155742,-0.290917133363829,0.1831372965034681,False
chirp_9db,test,severe_4x,17336,pca_r64_l01,2.995617583367233,1.1601758899558337,1.6235218332286334,0.12324587738018286,0.7583521568237241,-0.3332682502723405,0.21626974691652806,False
chirp_9db,test,severe_4x,17336,pca_r96_l01,3.0631995669002485,1.1863497875607019,1.646554833347809,0.12000497621479742,0.774564777044284,-0.36160132894959357,0.18386808510733976,False
chirp_9db,test,severe_4x,17336,pca_r64_l001,2.8384940539901025,1.09932335272269,1.6054533684972692,0.20496543366897144,0.7368518732386028,-0.031226520461711108,0.3109170118041747,False
chirp_9db,test,severe_4x,17336,pca_r64_l1,3.030081108509432,1.1735233049179004,1.6155233860463278,0.11757280639116155,0.7660263538297064,-0.3891426947973209,0.19103399193840304,False
chirp_9db,test,severe_4x,17336,template_1,5.451432315196166,2.1112909648191787,2.6802638056333365,0.1440854206796728,1.3699800047343664,-0.5766486399961004,-0.3196088011712673,False
chirp_9db,test,severe_4x,17336,dictionary_8,3.36506708254405,1.3032603757330208,1.7495250262983768,0.11312618813030224,0.8483675311530269,-0.5186540651827803,0.032302445310770304,False
chirp_9db,test,severe_4x,17336,dictionary_24,2.784768714755081,1.07851600948694,1.4720772654752294,0.10426707961607588,0.7034740201783237,-0.019666073262549974,0.3592428993244577,False
chirp_9db,test,severe_4x,17336,dictionary_48,3.105619990903648,1.2027788382658746,1.6104964535646644,0.10218692611770092,0.7826840057592345,-0.24956280709300752,0.1992452573323525,False
chirp_9db,test,severe_4x,17336,local_pca_8,3.041971754901371,1.1781284458866654,1.6027687929151457,0.3611327836397741,0.8370276828198733,-0.2572728681196439,-0.14676072701808188,True
chirp_9db,test,severe_4x,17336,local_pca_16,3.040952630390578,1.1777337480811612,1.6005816108140323,0.3611327836397741,0.8367962047136442,-0.326572064612144,-0.1900414642865094,False
chirp_9db,test,severe_4x,17336,local_pca_32,3.0266683204161815,1.1722015626216533,1.6288102354186624,0.3611327836397741,0.8335531789087487,-0.33335613246192913,-0.19142742935922388,False
chirp_9db,test,severe_4x,17336,local_dictionary_8,3.3597285398052725,1.30119280589119,1.7579247381286989,0.3611327836397741,0.9098086739966694,-0.4235315399943668,-0.2962426541653866,False
chirp_9db,test,severe_4x,17336,local_dictionary_24,1.8373023099342165,0.7115707473414593,0.9933809172462968,0.3611327836397741,0.577274473787209,0.8312597633619281,0.6864642951035426,False
chirp_9db,test,severe_4x,17439,zero_fill,3.8757433185103047,1.0,1.933140502295107,0.38057217748509503,1.0366386184778145,,0.07954743680504742,False
chirp_9db,test,severe_4x,17439,linear,3.881426936439816,1.001466458808654,1.949646376897444,0.38057217748509503,1.037966846684444,-0.013118949359473848,0.07284904697112639,False
chirp_9db,test,severe_4x,17439,pchip,3.8810760592470968,1.0013759272218372,1.951899746694891,0.38057217748509503,1.03788484163096,-0.011920474921953552,0.07328538858208723,False
chirp_9db,test,severe_4x,17439,autoregression,3.878594521678015,1.0007356532498148,1.9352034026766718,0.38057217748509503,1.0373048972495655,-0.027517123181839177,0.07576558116218572,False
chirp_9db,test,severe_4x,17439,pca_r32_l01,4.276548039340946,1.1034136391118634,2.2333920404918377,0.17208179653290015,1.0820422041000972,-0.3615969920800681,0.08984459145031307,False
chirp_9db,test,severe_4x,17439,pca_r64_l01,3.9044178038019877,1.0073984479711893,2.0835984961508234,0.165428011207966,0.9891592007239431,0.06582890240628787,0.3117924715250297,False
chirp_9db,test,severe_4x,17439,pca_r96_l01,3.860012339256727,0.9959411710320321,2.0555680795293028,0.155179515157006,0.9766302232702906,0.11881924249936383,0.34064494886367397,False
chirp_9db,test,severe_4x,17439,pca_r64_l001,3.1597344493554105,0.8152589554279095,1.8759149364820458,0.29918084938635114,0.8413738578968782,0.5882134695706721,0.5858922147012984,False
chirp_9db,test,severe_4x,17439,pca_r64_l1,3.922762628828535,1.0121316884153988,2.012275146883459,0.1470437904257392,0.9909715809079519,0.0012865497720286592,0.30166171350903487,False
chirp_9db,test,severe_4x,17439,template_1,4.88417384834747,1.2601902259680007,2.612983012316093,0.1610904426512648,1.2309652244678015,0.014745076089347213,0.1454630984592241,False
chirp_9db,test,severe_4x,17439,dictionary_8,4.378929250783555,1.1298295296982301,2.2382522030452336,0.13782219354251818,1.1028357124607484,-0.05953042998827256,0.1574516478503469,False
chirp_9db,test,severe_4x,17439,dictionary_24,4.201536497717551,1.0840595345030406,2.110925266418212,0.13434510947639458,1.0584079455795872,-0.09773735653249395,0.18364427770106265,False
chirp_9db,test,severe_4x,17439,dictionary_48,3.956724154148954,1.0208942721392023,1.993702339119689,0.1349566402028245,0.9977745691364945,0.06991242707338,0.3023646855211541,False
chirp_9db,test,severe_4x,17439,local_pca_8,3.9352030571637804,1.0153415058137363,2.039612032669482,0.38057217748509503,1.0505460138437346,0.05704355472053697,0.08839465729426586,True
chirp_9db,test,severe_4x,17439,local_pca_16,3.7951404676226637,0.9792032536048796,1.9747138447533656,0.38057217748509503,1.0178291514027344,0.20259873828110841,0.19993546349453736,False
chirp_9db,test,severe_4x,17439,local_pca_32,3.803644971685494,0.9813975434130342,2.030999740003633,0.38057217748509503,1.019811342993293,0.1917195797258162,0.19078470802803021,False
chirp_9db,test,severe_4x,17439,local_dictionary_8,4.588628693870699,1.1839351362500448,2.395597380730519,0.38057217748509503,1.2048869507227045,-0.22164404930601678,-0.16908511450536298,False
chirp_9db,test,severe_4x,17439,local_dictionary_24,4.097892341821643,1.0573177852749867,2.0620126730733928,0.38057217748509503,1.088727737410066,0.08718071990728761,0.1036024770898923,False
chirp_9db,test,severe_4x,17542,zero_fill,2.6163318736836385,1.0,1.3528368292269248,0.415718329874862,0.7680136074706826,,0.09852849172165583,False
chirp_9db,test,severe_4x,17542,linear,2.6166584512812783,1.0001248226958226,1.3491418449626749,0.415718329874862,0.7680831415596762,0.03355535777699716,0.10608842613984895,False
chirp_9db,test,severe_4x,17542,pchip,2.6214671695134486,1.0019627845692909,1.3516461775462405,0.415718329874862,0.7691072774549246,0.023268554297011128,0.10301785704961307,False
chirp_9db,test,severe_4x,17542,autoregression,2.5731431240842775,0.9834926333185118,1.3299845886140145,0.415718329874862,0.7588392239109087,0.3057789260314886,0.15953019556590808,False
chirp_9db,test,severe_4x,17542,pca_r32_l01,2.520795453201649,0.9634845940444552,1.3168661213709045,0.18867515079758715,0.6561432963161272,0.33793523761460753,0.5345911164383339,False
chirp_9db,test,severe_4x,17542,pca_r64_l01,2.097786114882664,0.801804287897585,1.0945389657039606,0.15070464243245216,0.5443680351193312,0.6418723869560783,0.7147486172952743,False
chirp_9db,test,severe_4x,17542,pca_r96_l01,2.1191131437806487,0.8099557877560328,1.0860805580696455,0.13503830861510746,0.5456745073787314,0.6285692465533005,0.7134081534806843,False
chirp_9db,test,severe_4x,17542,pca_r64_l001,3.082166480757329,1.1780487451761321,1.9331678029063628,0.17772832576879896,0.7895236135564884,0.5331002921362068,0.6152802237877435,False
chirp_9db,test,severe_4x,17542,pca_r64_l1,2.2630699660559324,0.8649781737626677,1.1583721743265176,0.1830003740118296,0.5928650101726067,0.5501939073314116,0.6474431593401372,False
chirp_9db,test,severe_4x,17542,template_1,2.432515976530547,0.9297428972975474,1.291590137069354,0.14226463923365998,0.6235344011019266,0.6222551448345284,0.6944751291977347,False
chirp_9db,test,severe_4x,17542,dictionary_8,1.5013476571573243,0.5738368561949737,0.758828355852335,0.11980848463743238,0.392854607529821,0.8797807045315773,0.8843418354029361,False
chirp_9db,test,severe_4x,17542,dictionary_24,2.0729763118178055,0.7923216212242903,1.006057910357984,0.1110551396399996,0.529281910349098,0.6501307254394487,0.7359511561885181,False
chirp_9db,test,severe_4x,17542,dictionary_48,2.2105987195650996,0.8449229020983141,1.0497110377584418,0.09646103870106508,0.5604862664883158,0.5625373681401141,0.6921214143752478,False
chirp_9db,test,severe_4x,17542,local_pca_8,2.5150222554711807,0.9612779941140189,1.2942197438995835,0.415718329874862,0.746561404558615,0.3194457243070967,0.28884530592686425,True
chirp_9db,test,severe_4x,17542,local_pca_16,2.1514043077785256,0.8222979391178984,1.053385897967839,0.415718329874862,0.671791747978734,0.5979705079048656,0.49226070506096,False
chirp_9db,test,severe_4x,17542,local_pca_32,2.1927213037139914,0.838089894393547,1.1046510878835483,0.415718329874862,0.6800897304156983,0.5697527900932456,0.4698866102904924,False
chirp_9db,test,severe_4x,17542,local_dictionary_8,1.5839530972941995,0.6054098538592845,0.8552561206308329,0.415718329874862,0.5646477531023798,0.7958523608859155,0.677903150718104,False
chirp_9db,test,severe_4x,17542,local_dictionary_24,3.537261098133903,1.3519925104737005,1.725600055895402,0.415718329874862,0.9716140573576731,0.251847368805005,0.23005928059310976,False
chirp_9db,test,severe_4x,17645,zero_fill,2.8742532462896,1.0,1.5128104822220472,0.38277617652899343,0.8085131316024895,,0.0820016064853964,False
chirp_9db,test,severe_4x,17645,linear,2.876395461807616,1.000745312028709,1.5237749119201722,0.38277617652899343,0.808989140551334,0.00850539023718236,0.08171883743325467,False
chirp_9db,test,severe_4x,17645,pchip,2.876998248880913,1.000955031570324,1.5262479596640073,0.38277617652899343,0.8091230956966687,0.00925430350589102,0.08159152058866972,False
chirp_9db,test,severe_4x,17645,autoregression,2.8776393756722642,1.001178090130727,1.513308308219794,0.38277617652899343,0.809265577398413,-0.0358586407296801,0.07758879377463658,False
chirp_9db,test,severe_4x,17645,pca_r32_l01,3.6497439663194178,1.2698059821384582,1.8269195550735469,0.16687960528002455,0.9266324466705114,-0.6452449935978198,-0.03398065234263773,False
chirp_9db,test,severe_4x,17645,pca_r64_l01,3.891275655468163,1.3538388311786536,1.9432333874016536,0.16698546301089076,0.9861632851515262,-0.6749984438020477,-0.12636991636944983,False
chirp_9db,test,severe_4x,17645,pca_r96_l01,3.7656887115610473,1.3101450668698764,1.8782250466487276,0.14421491979230117,0.9517214869231309,-0.6738227078732617,-0.07159047108577973,False
chirp_9db,test,severe_4x,17645,pca_r64_l001,6.40605785679081,2.2287729395662854,3.3679241001010833,0.2490874525606738,1.6195725834672159,-0.6916163607007884,-0.443125545702378,False
chirp_9db,test,severe_4x,17645,pca_r64_l1,3.3236439794777706,1.1563504307660757,1.6711697955817044,0.16191758410532942,0.8455718798155344,-0.5344582288594101,0.13075820644187316,False
chirp_9db,test,severe_4x,17645,template_1,5.748106333640639,1.9998607781206899,2.7876180522896523,0.13073272287962442,1.4425908137642591,-0.7835580123966962,-0.476131608817016,False
chirp_9db,test,severe_4x,17645,dictionary_8,3.7498568390489604,1.3046368979106782,1.8658935226806332,0.12799353562406768,0.9456202161407581,-0.4705806187839082,-0.005444605434139825,False
chirp_9db,test,severe_4x,17645,dictionary_24,3.886945681866199,1.352332362113148,1.914333173495641,0.11892999582244343,0.9785356372014891,-0.5929600132282796,-0.08053960495573823,False
chirp_9db,test,severe_4x,17645,dictionary_48,3.7786497273755733,1.3146544175442672,1.8799603086306347,0.11856721255128384,0.9516126615047419,-0.4999046600434385,-0.017793886411784823,False
chirp_9db,test,severe_4x,17645,local_pca_8,3.7681470171060165,1.3110003518201996,1.8502574792359332,0.38277617652899343,1.0123208471841232,-0.6495712200877752,-0.48368247407975323,True
chirp_9db,test,severe_4x,17645,local_pca_16,3.8103818367467355,1.3256945405439107,1.893393948021901,0.38277617652899343,1.0221537849555025,-0.6817459218791155,-0.5111499004202509,False
chirp_9db,test,severe_4x,17645,local_pca_32,3.688477651837136,1.2832820686898851,1.8765544772164513,0.38277617652899343,0.993813092584388,-0.6657937320089424,-0.48262227794241425,False
chirp_9db,test,severe_4x,17645,local_dictionary_8,3.2260489027504047,1.1223954976531525,1.6598490084243103,0.38277617652899343,0.8875935000997578,-0.07933010841084738,-0.02914639284966339,False
chirp_9db,test,severe_4x,17645,local_dictionary_24,3.404220081300536,1.1843841824637669,1.7558904957524941,0.38277617652899343,0.9282536823823457,0.3330945892053603,0.30671996766706133,False
chirp_9db,test,severe_4x,17748,zero_fill,2.6814517444656576,1.0,1.5232745466552498,0.3829988626176158,0.7660982879742703,,0.14801096362233543,False
chirp_9db,test,severe_4x,17748,linear,2.680191748879943,0.9995301069324425,1.5249904393695801,0.3829988626176158,0.7658226680447936,0.03398976481810839,0.1499090127281614,False
chirp_9db,test,severe_4x,17748,pchip,2.6803764453113823,0.9995989861997351,1.5245327932358035,0.3829988626176158,0.7658630678879504,0.02206040934895238,0.14972002272353918,False
chirp_9db,test,severe_4x,17748,autoregression,2.642193578954629,0.9853593615503039,1.5054244844354019,0.3829988626176158,0.7575251167521146,0.19396275953442813,0.20315949970183986,False
chirp_9db,test,severe_4x,17748,pca_r32_l01,2.4950878593846855,0.9304988853647599,1.3560061636755347,0.1427566535738118,0.6389031302818308,0.4120550651144552,0.5775208902717829,False
chirp_9db,test,severe_4x,17748,pca_r64_l01,2.5267956306173858,0.9423237378157291,1.3927792146411357,0.1385297138958918,0.6457821509315408,0.39587695466271405,0.5686344471562472,False
chirp_9db,test,severe_4x,17748,pca_r96_l01,2.5348677039563694,0.9453340747929445,1.359183957509984,0.11730604860658746,0.643815040993743,0.3692988254815115,0.5646951023511562,False
chirp_9db,test,severe_4x,17748,pca_r64_l001,2.628863369506046,0.9803880957141405,1.4774949362904646,0.18805325108784945,0.6819724606885407,0.7028525146934681,0.7357623528393237,False
chirp_9db,test,severe_4x,17748,pca_r64_l1,2.7410726694052654,1.0222345694128792,1.4164614082117635,0.1447215770429606,0.6994481933052444,0.08627545203809629,0.43632243726271536,False
chirp_9db,test,severe_4x,17748,template_1,2.761851650608904,1.0299837229251605,1.373570635940304,0.12631766113578502,0.7012117553159919,0.2982409173268119,0.49998996119414557,False
chirp_9db,test,severe_4x,17748,dictionary_8,2.642873941679974,0.9856130907948256,1.3707735568163204,0.11706025855329956,0.6703697316406597,0.34257308994076546,0.5362223514674973,False
chirp_9db,test,severe_4x,17748,dictionary_24,2.7268188390299066,1.0169188554885926,1.3960975519982914,0.11130902869208904,0.6901714677760362,0.20828095565002036,0.479607048252645,False
chirp_9db,test,severe_4x,17748,dictionary_48,1.9856739277157982,0.7405219697927067,1.064165287243756,0.10744586504008154,0.5072025086148688,0.6899893125775756,0.7604876407584931,False
chirp_9db,test,severe_4x,17748,local_pca_8,2.6201768190866828,0.9771486003783427,1.421546246306518,0.3829988626176158,0.7527303839512781,0.3428488696855309,0.3306701780600174,True
chirp_9db,test,severe_4x,17748,local_pca_16,2.613014721411952,0.9744776227299429,1.4178536740458336,0.3829988626176158,0.7511727441895185,0.32411576952803867,0.31665609006353684,False
chirp_9db,test,severe_4x,17748,local_pca_32,2.600337182059788,0.9697497586621557,1.3984129316527498,0.3829988626176158,0.7484181398079905,0.32066032510143894,0.3144751508223064,False
chirp_9db,test,severe_4x,17748,local_dictionary_8,2.4448408506610786,0.9117601522037723,1.2598435144950282,0.3829988626176158,0.7149112146167608,0.5119983978404212,0.46757359244500457,False
chirp_9db,test,severe_4x,17748,local_dictionary_24,4.234208674630284,1.5790732327625943,2.0786272087814908,0.3829988626176158,1.121629535313748,-0.14646932203865717,-0.0926805500062588,False
chirp_9db,test,severe_4x,17850,zero_fill,3.485897582693534,1.0,1.7966256348239396,0.3610782755226059,0.9389869798366585,,0.08892478763093171,False
chirp_9db,test,severe_4x,17850,linear,3.5022489974074755,1.0046907329679224,1.8142137300791243,0.3610782755226059,0.9427821479422404,-0.0017564620683143267,0.07573761580169888,False
chirp_9db,test,severe_4x,17850,pchip,3.505284458817009,1.005561516270508,1.8115516655515487,0.3610782755226059,0.9434869485398213,-0.0037022445165486822,0.07353273092991693,False
chirp_9db,test,severe_4x,17850,autoregression,3.331488540209949,0.955704653157287,1.7143021567974412,0.3610782755226059,0.903274553685295,0.6657487308292204,0.3122085008756294,False
chirp_9db,test,severe_4x,17850,pca_r32_l01,3.4839186730347396,0.9994323098680182,1.7772539646781877,0.14510580136685594,0.8822387971864144,0.2674535329964729,0.40544839576852043,False
chirp_9db,test,severe_4x,17850,pca_r64_l01,2.7789040076905325,0.7971846394704714,1.4804611320939642,0.13419502309549558,0.7067722426333903,0.6105630856161729,0.6618494176047404,False
chirp_9db,test,severe_4x,17850,pca_r96_l01,2.8564086537509814,0.819418409746809,1.4934361491405967,0.12178908935553123,0.723773062305886,0.5814078153248248,0.6414002343124415,False
chirp_9db,test,severe_4x,17850,pca_r64_l001,2.013639669889728,0.5776531358485294,1.127083742050324,0.2329162161044111,0.5516166114261088,0.8853376170226264,0.8776153043414963,False
chirp_9db,test,severe_4x,17850,pca_r64_l1,3.681075468647679,1.0559907115238114,1.836684139054423,0.1332777013792343,0.9292725915720894,-0.042515030521763905,0.25200514263343143,False
chirp_9db,test,severe_4x,17850,template_1,3.479770956852804,0.9982424538600483,1.8207375332827505,0.1473446297394774,0.881563331206706,0.4120646652861462,0.4937033706080463,False
chirp_9db,test,severe_4x,17850,dictionary_8,2.9453282137566212,0.8449267782218611,1.5408147291955407,0.11673560267020353,0.7449566388686828,0.5483978595706792,0.6151280699037189,False
chirp_9db,test,severe_4x,17850,dictionary_24,3.3841823560508475,0.9708209365795275,1.721468100859255,0.10952170946377178,0.8526655004918351,0.26018098162194625,0.4275758298831367,False
chirp_9db,test,severe_4x,17850,dictionary_48,3.1269150799018592,0.8970186317079658,1.5732087700631363,0.10746890658775196,0.7886238569957303,0.44622002096236063,0.5471799935438166,False
chirp_9db,test,severe_4x,17850,local_pca_8,3.031630831342263,0.8696844240041437,1.605884936736919,0.3610782755226059,0.8346574264840884,0.49879344884989874,0.468343665352012,True
chirp_9db,test,severe_4x,17850,local_pca_16,2.846487172721641,0.8165722328887747,1.4937302757405881,0.3610782755226059,0.792864744151096,0.5889845967698958,0.5434715645473287,False
chirp_9db,test,severe_4x,17850,local_pca_32,2.9068271288079877,0.8338819657925516,1.544223733878231,0.3610782755226059,0.806431443637251,0.5579279026630277,0.516695214010326,False
chirp_9db,test,severe_4x,17850,local_dictionary_8,3.0630463704897033,0.878696604770271,1.6910108809507554,0.3610782755226059,0.8417955468664077,0.4938524894498605,0.4648786569371738,False
chirp_9db,test,severe_4x,17850,local_dictionary_24,3.5605219321852988,1.0214074991365933,1.726536014395521,0.3610782755226059,0.9563269330290576,0.40788379064386565,0.3880958161360787,False
chirp_9db,test,severe_4x,17953,zero_fill,2.282130623318092,1.0,1.214735280200627,0.37038447384706724,0.6738828746011225,,0.11153739098822106,False
chirp_9db,test,severe_4x,17953,linear,2.2834822366841414,1.0005922594229442,1.2173127590821458,0.37038447384706724,0.6741689792930506,-0.0035588881822447163,0.11002695631103578,False
chirp_9db,test,severe_4x,17953,pchip,2.283485667834068,1.00059376290828,1.2172501227887542,0.37038447384706724,0.674169705647627,-0.003303857738751052,0.11004370616229715,False
chirp_9db,test,severe_4x,17953,autoregression,2.273282073443876,0.9961226803655303,1.2074188862246218,0.37038447384706724,0.6720110333192929,0.09167980020040147,0.1275833054461773,False
chirp_9db,test,severe_4x,17953,pca_r32_l01,2.2466790784978996,0.98446559348621,1.1711198018837672,0.1376850592725147,0.5772740096221264,0.4268865176391983,0.5853104931233913,False
chirp_9db,test,severe_4x,17953,pca_r64_l01,1.9724868467896008,0.8643181186192199,0.9955757344526652,0.11934808397050108,0.5064807398836497,0.5568058066961309,0.6812447503528684,False
chirp_9db,test,severe_4x,17953,pca_r96_l01,1.970509113836089,0.8634515017247688,0.9842562755459461,0.1100939033380119,0.5040285322401205,0.5385620917892764,0.6762156134569013,False
chirp_9db,test,severe_4x,17953,pca_r64_l001,3.868111426634047,1.6949561901106374,1.949996758838039,0.20740838045480703,0.9876600994617333,0.6367134429957788,0.6518328830194421,False
chirp_9db,test,severe_4x,17953,pca_r64_l1,2.246375646598047,0.984332633568512,1.1278690696555336,0.11859603041283669,0.5732134649322422,0.2520787869801839,0.5331600456949261,False
chirp_9db,test,severe_4x,17953,template_1,3.3862783667155822,1.4838232010541625,1.6243607890794869,0.11914551628453027,0.8543936441874496,-0.00027830552772215223,0.24113928674742854,False
chirp_9db,test,severe_4x,17953,dictionary_8,2.066305136022507,0.9054280744974245,1.0190580419796464,0.09024797339159056,0.5239147930289051,0.5421559153671139,0.6687538986841586,False
chirp_9db,test,severe_4x,17953,dictionary_24,2.2243899020535545,0.97469876584865,1.0578374285528345,0.07920872057617932,0.5613611113616813,0.3687610533725282,0.5804010564029711,False
chirp_9db,test,severe_4x,17953,dictionary_48,2.289414363286312,1.0031916402566081,1.118917439538562,0.07853080416457082,0.5773822626119698,0.42019576530098907,0.5908231734760951,False
chirp_9db,test,severe_4x,17953,local_pca_8,1.9314128139224371,0.846320010865228,0.9525262635424019,0.37038447384706724,0.6014630773574302,0.5827509974995315,0.5039629024379885,True
chirp_9db,test,severe_4x,17953,local_pca_16,2.039010718736967,0.8934680153287449,0.9983396229732586,0.37038447384706724,0.6232643193365465,0.5010325180562488,0.43699418149221725,False
chirp_9db,test,severe_4x,17953,local_pca_32,2.039896310670066,0.8938560702122166,1.0163710456310102,0.37038447384706724,0.6234454083603611,0.48562903037699645,0.4238597650326363,False
chirp_9db,test,severe_4x,17953,local_dictionary_8,2.0708985490647405,0.9074408484356467,1.0766918270213364,0.37038447384706724,0.6298010934772869,0.5572385357832789,0.48430465939840056,False
chirp_9db,test,severe_4x,17953,local_dictionary_24,2.860097417886722,1.2532575430447088,1.3335158748752427,0.37038447384706724,0.7999190239020613,0.20113772089086793,0.19313251547099808,False
chirp_9db,test,severe_4x,18056,zero_fill,3.05409371707702,1.0,1.7293423030557462,0.3881122098599162,0.8509904062445615,,0.06956310681256363,False
chirp_9db,test,severe_4x,18056,linear,3.0588248949983012,1.0015491266344667,1.7317322525003467,0.3881122098599162,0.852051790162157,0.04623419731295087,0.08458283547078073,False
chirp_9db,test,severe_4x,18056,pchip,3.0626914182844023,1.0028151399412888,1.7342019307089303,0.3881122098599162,0.8529194362331407,0.04362611575889917,0.08377974921723498,False
chirp_9db,test,severe_4x,18056,autoregression,3.068616252291651,1.0047551046431313,1.7461418119472567,0.3881122098599162,0.8542493786749157,-0.05367333044867468,0.05307634366966735,False
chirp_9db,test,severe_4x,18056,pca_r32_l01,2.9795231179744546,0.9755833952685857,1.5251176172632652,0.12875528408656822,0.7552411393988435,0.36096474950953683,0.5050568026936788,False
chirp_9db,test,severe_4x,18056,pca_r64_l01,2.879122625577455,0.9427093246938655,1.3971759429586852,0.1235362890468542,0.7296516854715696,0.3756995543852023,0.5259128941851307,False
chirp_9db,test,severe_4x,18056,pca_r96_l01,2.9313768304314616,0.9598188863821091,1.4314896242568502,0.1057584908125944,0.7399638081383932,0.34610748086334603,0.5091434825567145,False
chirp_9db,test,severe_4x,18056,pca_r64_l001,2.6887956440687586,0.8803906799042575,1.3348518480869975,0.20959472887159264,0.7021650122622742,0.5732606506519767,0.6360416508581938,False
chirp_9db,test,severe_4x,18056,pca_r64_l1,3.0596197351341874,1.0018093806441724,1.5458087813724877,0.1136252142528891,0.7727763770705605,0.1757372480359012,0.4227094207096731,False
chirp_9db,test,severe_4x,18056,template_1,2.458032556427161,0.8048320661160553,1.2600982573962272,0.11199619529964404,0.6240027676661271,0.632676451017673,0.6997748510471646,False
chirp_9db,test,severe_4x,18056,dictionary_8,2.488758329027161,0.814892586665309,1.162823576372871,0.08019367144626853,0.6270159185779569,0.5843570973848127,0.6757860092928135,False
chirp_9db,test,severe_4x,18056,dictionary_24,2.640830478307993,0.8646854756099139,1.162456604007219,0.07395989847975834,0.6640800315995178,0.5195522520853478,0.6298412786866043,False
chirp_9db,test,severe_4x,18056,dictionary_48,2.609018709634327,0.8542693680439314,1.181275522845381,0.07160958497377087,0.6559295702056979,0.5340366414557495,0.640590178107278,False
chirp_9db,test,severe_4x,18056,local_pca_8,3.003076384090297,0.9832954264954417,1.4808595014497703,0.3881122098599162,0.8395658878371334,0.3254478979965933,0.3007219550183551,True
chirp_9db,test,severe_4x,18056,local_pca_16,2.9715088314321476,0.9729592824270266,1.4387410705115633,0.3881122098599162,0.832516180282494,0.3198648994289659,0.29514383396027577,False
chirp_9db,test,severe_4x,18056,local_pca_32,2.978097209085872,0.9751165108109774,1.496548238250428,0.3881122098599162,0.8339862595690755,0.31360476709165624,0.2897423069308243,False
chirp_9db,test,severe_4x,18056,local_dictionary_8,2.2501685942086738,0.7367712986758774,0.9720884469716728,0.3881122098599162,0.6765133504779421,0.7298520517284921,0.6584235618522506,False
chirp_9db,test,severe_4x,18056,local_dictionary_24,2.509003660291452,0.8215215028479032,1.103491742787949,0.3881122098599162,0.73120472847004,0.6679454890004628,0.6038668212742485,False
chirp_9db,test,severe_4x,18159,zero_fill,4.005499597353019,1.0,2.0185602067757413,0.3520456351393023,1.0578004585785756,,0.0751346233523565,False
chirp_9db,test,severe_4x,18159,linear,4.007241000899029,1.0004347531446915,2.019912107830746,0.3520456351393023,1.0582125961260034,-0.014157695476907027,0.07271272680622134,False
chirp_9db,test,severe_4x,18159,pchip,4.007520886808782,1.0005046285504808,2.0221917784242387,0.3520456351393023,1.058278838389196,-0.010157285957337637,0.07244460534168012,False
chirp_9db,test,severe_4x,18159,autoregression,4.006995381611994,1.0003734326324645,2.021310944458869,0.3520456351393023,1.0581544643437395,-0.02982395384771235,0.07284403983813478,False
chirp_9db,test,severe_4x,18159,pca_r32_l01,4.206009525241693,1.050058656358667,2.1190928615767746,0.13442793756482307,1.0595275828875583,-0.2018727910868573,0.17722874599885013,False
chirp_9db,test,severe_4x,18159,pca_r64_l01,3.8306617829957337,0.9563505599968541,1.9562214100820738,0.1294637287694108,0.9658345663112822,0.3385751460883721,0.41442395441615526,False
chirp_9db,test,severe_4x,18159,pca_r96_l01,3.912622729353451,0.9768126632540558,1.985148296144504,0.1265231757827166,0.9857972133128283,0.2223789312171584,0.3652322367239749,False
chirp_9db,test,severe_4x,18159,pca_r64_l001,2.3927493949921734,0.5973660305878922,1.3171522337295836,0.18691143802312082,0.6249643965955918,0.8462432383588457,0.8286062449565241,False
chirp_9db,test,severe_4x,18159,pca_r64_l1,4.317822673721056,1.0779735632914387,2.145473516020859,0.12326251812626217,1.0860334182048124,-0.40113650190630423,0.10057363235806695,False
chirp_9db,test,severe_4x,18159,template_1,5.2410571344395285,1.3084652755683739,2.797771009219305,0.14319869654365347,1.3175798810422392,-0.21960392657059033,-0.049467205395973296,False
chirp_9db,test,severe_4x,18159,dictionary_8,3.390400928477871,0.8464364671808661,1.6873942012932375,0.10778336298496909,0.8540007778051514,0.7612296571412792,0.6567431259471512,False
chirp_9db,test,severe_4x,18159,dictionary_24,3.4000581994055152,0.84884747002656,1.672215238010668,0.10737656784039956,0.8563491427698472,0.8558625285965358,0.6635545061222113,False
chirp_9db,test,severe_4x,18159,dictionary_48,4.010192467787487,1.001171606767248,1.9465198871136575,0.10940544982634944,1.0081290503785676,0.07675143847632364,0.30871443852412705,False
chirp_9db,test,severe_4x,18159,local_pca_8,3.9321261095481077,0.981681813710979,2.0220968300695605,0.3520456351393023,1.0404523559400576,0.190347987917569,0.1878033637147999,True
chirp_9db,test,severe_4x,18159,local_pca_16,3.895837926623391,0.9726222240036932,1.9691886315876916,0.3520456351393023,1.0318852615730456,0.2511258591216092,0.22536762544406183,False
chirp_9db,test,severe_4x,18159,local_pca_32,3.9503177761417234,0.9862234860171346,2.019040213337095,0.3520456351393023,1.0447503431086664,0.16497389630495685,0.16641463881102794,False
chirp_9db,test,severe_4x,18159,local_dictionary_8,4.078884597446857,1.0183210604096262,2.1267151480602413,0.3520456351393023,1.075184330056907,0.11198713607193544,0.12743768715541978,False
chirp_9db,test,severe_4x,18159,local_dictionary_24,4.016218863053496,1.0026761370061203,2.077580901839598,0.3520456351393023,1.0603376789452568,0.21358276844194732,0.21569211961527227,False
chirp_9db,test,severe_4x,18262,zero_fill,1.590807791720209,1.0,0.9064571132424182,0.40860762200155193,0.5609741672731116,,0.2130764526437725,False
chirp_9db,test,severe_4x,18262,linear,1.590087009743087,0.9995469081928857,0.9031188292196618,0.40860762200155193,0.5608464322967651,-0.016150253595130427,0.21381497577580882,False
chirp_9db,test,severe_4x,18262,pchip,1.5901003427852425,0.9995552894959098,0.9031792663535505,0.40860762200155193,0.560848794879923,-0.016467237388375123,0.21380570400484566,False
chirp_9db,test,severe_4x,18262,autoregression,1.7780789027174695,1.1177207654953438,0.9894070243465994,0.40860762200155193,0.5950823165566785,-0.5694152054400892,0.02086773769955119,False
chirp_9db,test,severe_4x,18262,pca_r32_l01,1.0396593111919485,0.653541751934544,0.5899538987127468,0.17676671994162713,0.3112061799004743,0.7754411084288025,0.8430640291651577,False
chirp_9db,test,severe_4x,18262,pca_r64_l01,0.9192480942946194,0.5778498817261869,0.5353510494326335,0.16888275877471737,0.2820502894027367,0.8198683375393794,0.871615982517617,False
chirp_9db,test,severe_4x,18262,pca_r96_l01,0.8119904271607873,0.5104264835682927,0.4946680196116901,0.1399462183862558,0.24406743617414964,0.8647442818655902,0.9069247402633618,False
chirp_9db,test,severe_4x,18262,pca_r64_l001,2.0592586667159,1.2944735859566887,1.2811875673495505,0.2772821913454027,0.5806153772617126,0.6743959405763629,0.7122636046491148,False
chirp_9db,test,severe_4x,18262,pca_r64_l1,1.262838266488896,0.7938345996679678,0.7253777651649562,0.18262870726068692,0.36185797956901583,0.6199922438642146,0.7809393542308208,False
chirp_9db,test,severe_4x,18262,template_1,2.0225157779488607,1.2713765852013004,0.9621152864237141,0.17708111968021742,0.5339086951588771,0.8562977118141305,0.8181374786095713,False
chirp_9db,test,severe_4x,18262,dictionary_8,1.1292133657354304,0.7098364564297006,0.6615826456432867,0.1299347289946797,0.30906798729601465,0.7147599505122013,0.8433499351012995,False
chirp_9db,test,severe_4x,18262,dictionary_24,1.4131923165029856,0.8883488777577836,0.7752997461562771,0.11568579071494207,0.37062957889441267,0.5427018804907827,0.7708368652121282,False
chirp_9db,test,severe_4x,18262,dictionary_48,1.3367731795746305,0.8403109329311997,0.7269102758226553,0.11056913186616628,0.35092249210604115,0.5593274931294998,0.7916523869990072,False
chirp_9db,test,severe_4x,18262,local_pca_8,0.8824035789324771,0.5546889973290212,0.5182433928755432,0.40860762200155193,0.4529789528415815,0.8393325106872019,0.6196864138844086,True
chirp_9db,test,severe_4x,18262,local_pca_16,0.8287886419281352,0.5209860337884882,0.4787236229509697,0.40860762200155193,0.4466047920390248,0.8546936348124977,0.62675690553177,False
chirp_9db,test,severe_4x,18262,local_pca_32,0.8025682482195681,0.5045035939582094,0.4679099908386297,0.40860762200155193,0.443601638890167,0.8683917213236991,0.6340440001335107,False
chirp_9db,test,severe_4x,18262,local_dictionary_8,1.0969673695702515,0.689566253874111,0.587232605424272,0.40860762200155193,0.48138733373373077,0.7244858978460961,0.5448201611111302,False
chirp_9db,test,severe_4x,18262,local_dictionary_24,3.211640183401171,2.018873807456202,1.56670167431492,0.40860762200155193,0.8950920168830253,0.531698341886388,0.3987552695343908,False
chirp_9db,test,severe_4x,18365,zero_fill,1.4911093565594604,1.0,0.8425279057743109,0.35290316801340743,0.5056874530730208,,0.16480802238556258,False
chirp_9db,test,severe_4x,18365,linear,1.4945484557214663,1.002306403046079,0.8288182254386345,0.35290316801340743,0.5063215860749908,0.06750446131821766,0.17518492230715124,False
chirp_9db,test,severe_4x,18365,pchip,1.51172401133283,1.013825045549265,0.8343412054048509,0.35290316801340743,0.509498477447965,0.036642144435345796,0.1647934094979104,False
chirp_9db,test,severe_4x,18365,autoregression,1.4611004299152672,0.9798747647097897,0.8235718476129702,0.35290316801340743,0.500182726374014,0.3605240042678055,0.20371842069771373,False
chirp_9db,test,severe_4x,18365,pca_r32_l01,1.333879228395412,0.8945549315532186,0.7454159013405907,0.1104539897578379,0.3501995015118265,0.500541259079409,0.7356430499340579,False
chirp_9db,test,severe_4x,18365,pca_r64_l01,1.3576353966647048,0.9104868068142706,0.7946486659451946,0.10937045549151782,0.3555455595185079,0.47223503102153863,0.7254774892496342,False
chirp_9db,test,severe_4x,18365,pca_r96_l01,1.2954569429295657,0.868787347642069,0.7408356830872458,0.1042386649689418,0.33922652646333035,0.5245342176040979,0.751051133770525,False
chirp_9db,test,severe_4x,18365,pca_r64_l001,1.7549713085170782,1.1769568078939863,1.0751218594672318,0.2101200635726468,0.48361793484466786,0.29649503789754245,0.5708369630539333,False
chirp_9db,test,severe_4x,18365,pca_r64_l1,1.3404550545039402,0.8989649542518228,0.7454700338537052,0.10585608923839593,0.35043744338129285,0.4365474419789952,0.7255493659488153,False
chirp_9db,test,severe_4x,18365,template_1,1.7853170541403178,1.1973079280111978,0.9564127175776176,0.09346253795853933,0.4554109184179872,0.4852327069839898,0.6626715263789958,False
chirp_9db,test,severe_4x,18365,dictionary_8,1.573959783582147,1.055562944902883,0.8312415257361543,0.10260095356941545,0.40583661548046795,0.346195010122888,0.6512787077754394,False
chirp_9db,test,severe_4x,18365,dictionary_24,1.3443886868037522,0.9016030118044146,0.7049482328666132,0.08893727320368701,0.3469535739547446,0.5184968097460939,0.7446492542575259,False
chirp_9db,test,severe_4x,18365,dictionary_48,1.4144012414187193,0.9485563451109078,0.752568193332711,0.0961067030900483,0.3656397088844251,0.4612989919349531,0.7153076333747589,False
chirp_9db,test,severe_4x,18365,local_pca_8,1.3139104324017725,0.881163025784674,0.7322697489359663,0.35290316801340743,0.4739772089907582,0.5070660292644252,0.40561660331926,True
chirp_9db,test,severe_4x,18365,local_pca_16,1.2994006983535091,0.8714321941830652,0.7253531737828889,0.35290316801340743,0.47147056276015764,0.5179299602940516,0.4124618697922062,False
chirp_9db,test,severe_4x,18365,local_pca_32,1.3170057767110839,0.8832388925181868,0.7556219606689978,0.35290316801340743,0.47451382394238883,0.5062153723787477,0.4052031250562459,False
chirp_9db,test,severe_4x,18365,local_dictionary_8,2.2555955161108714,1.5126962393391203,1.1406105559285005,0.35290316801340743,0.6593472540232478,0.31878315291477405,0.2676271552990972,False
chirp_9db,test,severe_4x,18365,local_dictionary_24,2.292372032390936,1.537360101931279,1.1898966098569448,0.35290316801340743,0.6672274361488667,0.3106879919000869,0.26173081244506113,False
chirp_9db,test,severe_4x,18467,zero_fill,1.9497731298960252,1.0,1.136084078050106,0.36208516604063007,0.60042694549715,,0.11246235229518611,False
chirp_9db,test,severe_4x,18467,linear,1.9466567090319318,0.9984016494963905,1.1408896322249675,0.36208516604063007,0.5997946187456112,0.0523670277188552,0.1183169979692907,False
chirp_9db,test,severe_4x,18467,pchip,1.9464930217906873,0.9983176975541186,1.1419969688103397,0.36208516604063007,0.5997614158917642,0.05332378858445551,0.11897942502755304,False
chirp_9db,test,severe_4x,18467,autoregression,1.9500010427275187,1.000116891974763,1.1356393042937598,0.36208516604063007,0.6004732029115907,-0.0007538067351092153,0.11243696784785125,False
chirp_9db,test,severe_4x,18467,pca_r32_l01,2.270451608387151,1.164469636787038,1.202031326760968,0.11412030810851163,0.5782680053870742,-0.168520224404908,0.38932374169456035,False
chirp_9db,test,severe_4x,18467,pca_r64_l01,2.2748053301018634,1.1667025743775488,1.2269117962037244,0.11686439311943167,0.5798490420762246,-0.1413983885585098,0.39054846872691207,False
chirp_9db,test,severe_4x,18467,pca_r96_l01,2.281041331705177,1.1699008960221016,1.2250134518855544,0.10872812970935185,0.5798963619582561,-0.13054632933267826,0.3921540206412563,False
chirp_9db,test,severe_4x,18467,pca_r64_l001,3.5822698719888737,1.8372752281081564,1.9409978319757353,0.19000890028298323,0.9142691127534747,-0.322012629300685,0.04191527351330422,False
chirp_9db,test,severe_4x,18467,pca_r64_l1,2.1708042151251368,1.1133624634784551,1.177225887660433,0.10162717068143423,0.5515496446216197,-0.19202847071435472,0.4336537399226113,False
chirp_9db,test,severe_4x,18467,template_1,2.6552579109339485,1.3618291637220092,1.2740117981506194,0.13801239441726068,0.6771311675355586,-0.1800036932600029,0.25674531850621696,False
chirp_9db,test,severe_4x,18467,dictionary_8,2.3604856301653996,1.210646302368151,1.1527128043459713,0.08907117305874687,0.5963900526432062,-0.058420664514603725,0.379674299205489,False
chirp_9db,test,severe_4x,18467,dictionary_24,2.4350535807599085,1.2488907265276354,1.2234922940266069,0.081287120296856,0.6138301821383493,-0.21231821244397875,0.3235562976298338,False
chirp_9db,test,severe_4x,18467,dictionary_48,2.4985792640576894,1.2814717906133675,1.2770763757817398,0.08028015631258192,0.6294626622784435,-0.3175456975167576,0.280007298054574,False
chirp_9db,test,severe_4x,18467,local_pca_8,2.192534902910092,1.1245077026100017,1.1455905551716885,0.36208516604063007,0.6506628501228107,-0.12170193541783875,-0.013651207560420106,True
chirp_9db,test,severe_4x,18467,local_pca_16,2.2370980075590037,1.1473632358849362,1.1735431071136346,0.36208516604063007,0.6600753985068923,-0.14573445128532622,-0.03459742757205634,False
chirp_9db,test,severe_4x,18467,local_pca_32,2.1851677314702926,1.1207292263725166,1.175134158232312,0.36208516604063007,0.6491120389934182,-0.09449999326398069,0.002237606036607013,False
chirp_9db,test,severe_4x,18467,local_dictionary_8,2.711784098553293,1.3908203251820908,1.3927785887918132,0.36208516604063007,0.7632315347081183,-0.3083652047968024,-0.18775686293421712,False
chirp_9db,test,severe_4x,18467,local_dictionary_24,3.5558881080664366,1.8237445441952829,1.7517121303412886,0.36208516604063007,0.9556060004353376,-0.42468418924871937,-0.3064585364033691,False
chirp_9db,test,severe_4x,18570,zero_fill,2.7889177539082786,1.0,1.4647681748818921,0.40532959111049655,0.8000954396004827,,0.0690375912249755,False
chirp_9db,test,severe_4x,18570,linear,2.8151351340242097,1.0094005569290063,1.503705500836494,0.40532959111049655,0.8058135246547639,-0.0022600086292691867,0.0545075181182769,False
chirp_9db,test,severe_4x,18570,pchip,2.817924404991148,1.010400683577786,1.5016891469134832,0.40532959111049655,0.8064226215860605,-0.0040223434234599904,0.05305871411388158,False
chirp_9db,test,severe_4x,18570,autoregression,2.777750354589423,0.9959957946758358,1.457618080003623,0.40532959111049655,0.797663705528084,0.09849290514448603,0.08891646680378515,False
chirp_9db,test,severe_4x,18570,pca_r32_l01,2.7009775076711544,0.9684679671482287,1.3888609128207996,0.1467550437256397,0.6900332935730891,0.3175618436661251,0.5140596359826141,False
chirp_9db,test,severe_4x,18570,pca_r64_l01,2.5504655483995644,0.9145000941047627,1.3079543158066007,0.13870648710677594,0.6516069970204252,0.40518672428208374,0.5752447727940532,False
chirp_9db,test,severe_4x,18570,pca_r96_l01,2.532184397196145,0.9079451674928893,1.2819101533530262,0.1402326773799423,0.6474438140912696,0.42261828959036046,0.5831903422038811,False
chirp_9db,test,severe_4x,18570,pca_r64_l001,2.018000860946777,0.7235784770342657,1.2023751448331281,0.221841790130785,0.5483232493536776,0.6919230558517937,0.7260137045161756,False
chirp_9db,test,severe_4x,18570,pca_r64_l1,2.6563958878780496,0.952482691235868,1.3273189706877746,0.15759816534441337,0.6814046539563645,0.30514531758331026,0.5182558767559797,False
chirp_9db,test,severe_4x,18570,template_1,5.272427372604768,1.8904922403022455,2.5170859074678136,0.16804612757016785,1.3281115096788267,-0.7619487563660003,-0.4079444910351482,False
chirp_9db,test,severe_4x,18570,dictionary_8,2.4093509137132085,0.8639017448029221,1.2036549231066842,0.128123958337724,0.614980083819416,0.5035519258823692,0.635801123376907,False
chirp_9db,test,severe_4x,18570,dictionary_24,2.4162484432417553,0.866374936964606,1.18190070364798,0.12574968817581045,0.616210764502136,0.5100121590963416,0.6379401549042111,False
chirp_9db,test,severe_4x,18570,dictionary_48,2.9588298629545675,1.0609240300500726,1.4098895313137387,0.12118889295754841,0.7489565814583266,0.06613921502614624,0.3889075165161833,False
chirp_9db,test,severe_4x,18570,local_pca_8,2.7218247961943933,0.975943013156317,1.3772737825601338,0.40532959111049655,0.785521776537166,0.26739664937936836,0.24020328874956987,True
chirp_9db,test,severe_4x,18570,local_pca_16,2.579902123291431,0.9250549320344993,1.285336250379164,0.40532959111049655,0.7549948727976017,0.3797095701789589,0.3229680221896166,False
chirp_9db,test,severe_4x,18570,local_pca_32,2.587346360465196,0.9277241527970452,1.30182452300728,0.40532959111049655,0.7565853533499843,0.373245338179206,0.31668151169048664,False
chirp_9db,test,severe_4x,18570,local_dictionary_8,3.1082797491486467,1.114511084019178,1.560858542114011,0.40532959111049655,0.870552416587257,0.07587489849793817,0.0865517894380403,False
chirp_9db,test,severe_4x,18570,local_dictionary_24,4.319241931264361,1.5487161373660254,2.143681016990167,0.40532959111049655,1.1489188402102026,-0.3013619190306092,-0.24107644913839713,False
chirp_9db,test,severe_4x,18673,zero_fill,4.249814323855635,1.0,2.0567008178288155,0.5569298044043607,1.1914666354108685,,0.004745139057138715,False
chirp_9db,test,severe_4x,18673,linear,4.30488639742703,1.0129587011042473,2.0734389096163897,0.5569298044043607,1.2037599688128355,0.053125077603419155,0.048233417935437575,False
chirp_9db,test,severe_4x,18673,pchip,4.317518715957632,1.015931141208205,2.065361555258262,0.5569298044043607,1.2065842792816173,0.050013405606812514,0.047058451357516726,False
chirp_9db,test,severe_4x,18673,autoregression,4.745322006810573,1.116595136915391,2.458646513047975,0.5569298044043607,1.3031366739004422,-0.09883632837521382,-0.08061802372269898,False
chirp_9db,test,severe_4x,18673,pca_r32_l01,1.7242473899956219,0.4057229936651213,0.9301471890907766,0.18587676967743305,0.46712429184402277,0.9147032270677308,0.9186311739853996,False
chirp_9db,test,severe_4x,18673,pca_r64_l01,1.8313145892048928,0.43091637649322906,0.9190913431907113,0.13155026383332008,0.4752167402455646,0.9354536422127282,0.93465804975346,False
chirp_9db,test,severe_4x,18673,pca_r96_l01,1.6494947549324264,0.38813336989177577,0.8266677141286473,0.12619738010750872,0.43009589248645835,0.9465649897267231,0.9475199990004831,False
chirp_9db,test,severe_4x,18673,pca_r64_l001,2.0659904579452375,0.4861366404522991,1.2249124173512151,0.2000590947097251,0.5516266396396373,0.8737626515341201,0.8842053288317189,False
chirp_9db,test,severe_4x,18673,pca_r64_l1,2.560236946698821,0.6024350128257018,1.2433774022726383,0.21693481202842954,0.6736432621058072,0.9367726940737,0.908559302427904,False
chirp_9db,test,severe_4x,18673,template_1,4.335312162001188,1.0201180173132798,1.9625597793459244,0.15897669792003385,1.0947041666364359,0.33815435323745047,0.48064219866262714,False
chirp_9db,test,severe_4x,18673,dictionary_8,2.097287505954815,0.49350097348536753,0.9401985814736901,0.10926827915058883,0.5348894882977074,0.8698097899833692,0.8915346723613928,False
chirp_9db,test,severe_4x,18673,dictionary_24,2.3125056087133493,0.5441427395386379,1.0821993123541749,0.10242787224692855,0.5865712992428007,0.8421626575053617,0.8700517483785565,False
chirp_9db,test,severe_4x,18673,dictionary_48,2.0964415971393513,0.4933019274209982,0.9505810594802402,0.09884463528797025,0.5327769994973491,0.8699193284445872,0.8921250887352973,False
chirp_9db,test,severe_4x,18673,local_pca_8,2.1179429271986763,0.4983612849413094,1.0363502278821528,0.5569298044043607,0.7557382296626876,0.8733109090524623,0.7702031046794726,True
chirp_9db,test,severe_4x,18673,local_pca_16,1.705060377152068,0.4012082051634565,0.8142700430722908,0.5569298044043607,0.6873769433161357,0.9446011955140967,0.8300874671970564,False
chirp_9db,test,severe_4x,18673,local_pca_32,1.7432876237133461,0.4102032443929814,0.8512286865022914,0.5569298044043607,0.6933439732782495,0.9400598131754475,0.8260036519561301,False
chirp_9db,test,severe_4x,18673,local_dictionary_8,2.3189460873327263,0.5456582124813555,1.1222716024748802,0.5569298044043607,0.7917572647860561,0.8427953894266532,0.7486532189636649,False
chirp_9db,test,severe_4x,18673,local_dictionary_24,3.1202343078015806,0.7342048546183906,1.5293306200899708,0.5569298044043607,0.9483019113489847,0.7417462206710683,0.660976141115022,False
chirp_9db,test,severe_4x,18776,zero_fill,2.6568836735361834,1.0,1.3601476151265135,0.4100388426239922,0.7738301106189859,,0.08128994231525345,False
chirp_9db,test,severe_4x,18776,linear,2.658328680419574,1.000543872845388,1.3664138864440554,0.4100388426239922,0.7741402150146808,-0.0015931172698087945,0.08003906732593635,False
chirp_9db,test,severe_4x,18776,pchip,2.658450683264762,1.0005897923737448,1.3662170880981392,0.4100388426239922,0.7741663993555111,-0.0005550461365522672,0.08001046405325234,False
chirp_9db,test,severe_4x,18776,autoregression,2.6570878730486154,1.0000768567756526,1.359156886596637,0.4100388426239922,0.7738739299785997,0.00886189748771107,0.08161737849027212,False
chirp_9db,test,severe_4x,18776,pca_r32_l01,3.42110764935442,1.287639230663453,1.5873105270005068,0.20161762861897603,0.8772728541843615,-0.1778580844152036,0.15859490650172817,False
chirp_9db,test,severe_4x,18776,pca_r64_l01,3.516142151730883,1.3234083926042077,1.5973556149691177,0.18162966539171704,0.8964546719380633,-0.1496486293215526,0.15965016448352012,False
chirp_9db,test,severe_4x,18776,pca_r96_l01,3.27452050291557,1.2324666433579088,1.4863287573663007,0.16420724766972833,0.833926886289479,-0.12827749567585534,0.2218229251359467,False
chirp_9db,test,severe_4x,18776,pca_r64_l001,6.987883758585712,2.630105272650186,3.7254654079860448,0.25552612465463254,1.7644036426867646,-0.0989535822829001,0.013444108227268204,False
chirp_9db,test,severe_4x,18776,pca_r64_l1,2.862588074403013,1.0774231867641564,1.3490014858686386,0.18832847048593998,0.7385130616502305,-0.08766449829384919,0.33799642532431434,False
chirp_9db,test,severe_4x,18776,template_1,4.156668322221091,1.5644901444588906,1.9196243540218854,0.17049732951693433,1.052198045508259,-0.029442484895639696,0.16810759238672152,False
chirp_9db,test,severe_4x,18776,dictionary_8,3.474476839066932,1.307726368931528,1.5465095796144652,0.1276394976154936,0.8773670456786308,-0.012259776381908526,0.25516396983495854,False
chirp_9db,test,severe_4x,18776,dictionary_24,3.4079392037746463,1.2826828805940322,1.4600646702434417,0.1392332779647121,0.862584713304154,-0.05941221624830066,0.23859087598695586,False
chirp_9db,test,severe_4x,18776,dictionary_48,3.455893080814622,1.3007317991513705,1.5038682384198514,0.1387542271386578,0.8743564783333182,-0.030269477691688067,0.24535980896600845,False
chirp_9db,test,severe_4x,18776,local_pca_8,3.5181527792348835,1.3241651541907338,1.5713579054755114,0.4100388426239922,0.9649927708584298,-0.21168433012624346,-0.14661785759739285,True
chirp_9db,test,severe_4x,18776,local_pca_16,3.3383335578378084,1.2564846519586792,1.491434642430447,0.4100388426239922,0.9242040065068287,-0.15142362553861766,-0.09407884950524752,False
chirp_9db,test,severe_4x,18776,local_pca_32,3.2641309277691666,1.2285562067626268,1.4848921144461444,0.4100388426239922,0.9074872072282048,-0.1768580500785871,-0.10966266018716847,False
chirp_9db,test,severe_4x,18776,local_dictionary_8,3.821173209995808,1.4382162260457612,1.6558475895289164,0.4100388426239922,1.0345090166262452,-0.11579888562721728,-0.07703071501192815,False
chirp_9db,test,severe_4x,18776,local_dictionary_24,4.95282146998195,1.8641469023707709,2.380224163702705,0.4100388426239922,1.3002984825709374,-0.23934279665605326,-0.18945667301018676,False
chirp_9db,test,severe_4x,18879,zero_fill,3.316570533771632,1.0,1.9178561394665707,0.3799490483124268,0.9070921705918668,,0.13122595601900613,False
chirp_9db,test,severe_4x,18879,linear,3.3170034663688934,1.0001305362249509,1.9083220542198585,0.3799490483124268,0.9071911039579132,0.03618220318435689,0.13595086222238273,False
chirp_9db,test,severe_4x,18879,pchip,3.325030401220895,1.0025507877378512,1.910933816162538,0.3799490483124268,0.9090257957954896,0.021979015175397788,0.12925963062445744,False
chirp_9db,test,severe_4x,18879,autoregression,3.82568932312033,1.1535076019534323,2.2637459563307343,0.3799490483124268,1.0247352702875163,-0.46548591689832497,-0.2705773932158786,False
chirp_9db,test,severe_4x,18879,pca_r32_l01,2.112842474446487,0.6370563969413745,1.1247494359598924,0.15529072685748677,0.5491943798387809,0.7858592444647166,0.8056470036369722,False
chirp_9db,test,severe_4x,18879,pca_r64_l01,2.13058159229196,0.6424050297127392,1.0975788085635252,0.13972372450690806,0.5495577033661125,0.7800108872555802,0.80505073308976,False
chirp_9db,test,severe_4x,18879,pca_r96_l01,2.3904612049782608,0.7207629630176471,1.2489311884008114,0.10578180504562396,0.6063286869907472,0.7082045136309739,0.7550183623648723,False
chirp_9db,test,severe_4x,18879,pca_r64_l001,1.9554314224353226,0.5895944025684838,1.148526188779833,0.2042711364275675,0.527352615992645,0.8715147574415227,0.8725686148332298,False
chirp_9db,test,severe_4x,18879,pca_r64_l1,2.921864310449818,0.8809896490056098,1.6032746052895681,0.1364486620113838,0.7423175116295774,0.5252978054576674,0.5988400207776475,False
chirp_9db,test,severe_4x,18879,template_1,5.3903744023639675,1.6252856218420262,2.7838397396690584,0.12071265772340344,1.3526527035717728,-0.40684126927131437,-0.15624118891603142,False
chirp_9db,test,severe_4x,18879,dictionary_8,2.9240891827213624,0.8816604842098936,1.481204847230495,0.12016548187626926,0.7402235175111984,0.47204497321457844,0.5868227803277148,False
chirp_9db,test,severe_4x,18879,dictionary_24,2.5065823340851154,0.75577537355571,1.2370844955828968,0.10389877403288299,0.6346691720017714,0.6663238057483291,0.7239552475811695,False
chirp_9db,test,severe_4x,18879,dictionary_48,2.424027044808253,0.7308836100800874,1.2087326304477264,0.09492845513352524,0.6129375114903842,0.7122949119199639,0.7529381096187643,False
chirp_9db,test,severe_4x,18879,local_pca_8,2.2660573452167165,0.6832531743685659,1.1765373262824597,0.3799490483124268,0.6754829328669885,0.7486452400222278,0.6861948176833712,True
chirp_9db,test,severe_4x,18879,local_pca_16,2.452642515601304,0.7395116403003612,1.2709835814654347,0.3799490483124268,0.7150557014595907,0.691973195639419,0.6350909310837235,False
chirp_9db,test,severe_4x,18879,local_pca_32,2.430190621748546,0.732742028852591,1.2612404265224906,0.3799490483124268,0.7102484445485154,0.7001571995018443,0.6422753907882729,False
chirp_9db,test,severe_4x,18879,local_dictionary_8,4.048849848001183,1.2207941326056457,2.0084947001535145,0.3799490483124268,1.0769924640335808,-0.12515807755150538,-0.06614291265723392,False
chirp_9db,test,severe_4x,18879,local_dictionary_24,5.19915200948658,1.5676289578482328,2.488550644023486,0.3799490483124268,1.3508469752217294,-0.44160011642327857,-0.3604929773141415,False
chirp_9db,test,severe_4x,18982,zero_fill,2.137820181149183,1.0,1.2347997722712019,0.3718781984029314,0.644431728523272,,0.11659275412286815,False
chirp_9db,test,severe_4x,18982,linear,2.141609079246095,1.0017723184252454,1.2516537359364956,0.3718781984029314,0.6452175197666121,-0.014053522720456612,0.11214765184028189,False
chirp_9db,test,severe_4x,18982,pchip,2.142243856592415,1.0020692458057225,1.2569789693388866,0.3718781984029314,0.6453492105935308,-0.003525269405746658,0.1116564086928517,False
chirp_9db,test,severe_4x,18982,autoregression,2.1369542231151937,0.9995949341101628,1.228400856882168,0.3718781984029314,0.6442521957859851,0.02553798743235061,0.11900918491870599,False
chirp_9db,test,severe_4x,18982,pca_r32_l01,1.8609789520550677,0.8705030331665691,1.0003851451162296,0.1289227621725465,0.48170003886527785,0.5287018450304286,0.668615565029895,False
chirp_9db,test,severe_4x,18982,pca_r64_l01,1.7771221128665586,0.8312776390347614,0.9925167512002067,0.12046531813994982,0.4593365730293591,0.6377939209187886,0.710969501063174,False
chirp_9db,test,severe_4x,18982,pca_r96_l01,1.7982678654459936,0.841168907143227,1.0029666716487022,0.11371321016389882,0.4628530901094844,0.6137036037190624,0.7044428263696461,False
chirp_9db,test,severe_4x,18982,pca_r64_l001,1.608255514598373,0.7522875538268411,0.9450318087486154,0.15189656077920774,0.4281190165920827,0.6627691992347013,0.7480901918130541,False
chirp_9db,test,severe_4x,18982,pca_r64_l1,1.9226181793069865,0.8993357796227208,1.0559893874202282,0.12640442401013152,0.4959921773287929,0.4750482125681446,0.6432379061325981,False
chirp_9db,test,severe_4x,18982,template_1,3.045606049037498,1.4246315363158073,1.5631471027651402,0.13742650692260083,0.7729410908183758,0.12100962930124323,0.3366889346975058,False
chirp_9db,test,severe_4x,18982,dictionary_8,1.9577828188711497,0.9157846090772451,1.001916045796468,0.1136752736351052,0.5016687517306182,0.42199949852296037,0.6312598274137146,False
chirp_9db,test,severe_4x,18982,dictionary_24,1.7021672871872866,0.7962163058411622,0.8580309049728767,0.10225542487507103,0.43690788877035097,0.6104599589245003,0.7379278350247563,False
chirp_9db,test,severe_4x,18982,dictionary_48,1.9612155526624473,0.9173903258824126,0.9897334828821929,0.10248466002089274,0.5002445044112828,0.39875036222619675,0.6313522217658061,False
chirp_9db,test,severe_4x,18982,local_pca_8,1.7929469603983657,0.8386799676643379,0.9822483176270602,0.3718781984029314,0.5749488955285988,0.5746202211286555,0.45773037676617123,True
chirp_9db,test,severe_4x,18982,local_pca_16,1.8255384956995886,0.8539251859425672,1.0013844820213684,0.3718781984029314,0.5813234747105235,0.5691636964608817,0.44090971183442407,False
chirp_9db,test,severe_4x,18982,local_pca_32,1.8289416774674165,0.855517079310324,1.0252637620853207,0.3718781984029314,0.5819916545948316,0.5658943242360824,0.43847171768098947,False
chirp_9db,test,severe_4x,18982,local_dictionary_8,1.5655002576580066,0.7322880902061996,0.8375509509900161,0.3718781984029314,0.5318124653859687,0.7174640210035825,0.5768168245099181,False
chirp_9db,test,severe_4x,18982,local_dictionary_24,1.4092560404331484,0.6592023280814968,0.7205382037649111,0.3718781984029314,0.5037610733403576,0.7540511055894471,0.6297715103036543,False
chirp_9db,test,severe_4x,19084,zero_fill,2.9370571294476036,1.0,1.463302000786645,0.3542582170857377,0.8104315149671224,,0.10997641651368023,False
chirp_9db,test,severe_4x,19084,linear,2.938279125647448,1.0004160614336004,1.470695982630862,0.3542582170857377,0.8107083124422363,-0.006897549222268236,0.10842850415600243,False
chirp_9db,test,severe_4x,19084,pchip,2.9384614712879,1.0004781459053746,1.471097733642563,0.3542582170857377,0.8107496177857153,-0.005921223756672583,0.10824078598247727,False
chirp_9db,test,severe_4x,19084,autoregression,2.9536439073084964,1.0056474141052927,1.4697360818180965,0.3542582170857377,0.8141903799470094,-0.2011137589711546,0.08498892265909759,False
chirp_9db,test,severe_4x,19084,pca_r32_l01,3.535417519699688,1.203727869047145,1.6776447103880179,0.13272104950538666,0.8931475309728604,-0.20397164435257417,0.14333558629446622,False
chirp_9db,test,severe_4x,19084,pca_r64_l01,3.3677687809231593,1.1466473522619436,1.6314707222907385,0.12261752863363473,0.8502717373244556,-0.1765551308250278,0.19742493927692967,False
chirp_9db,test,severe_4x,19084,pca_r96_l01,3.3470379367955294,1.1395889794711056,1.6001354297514272,0.12100126201621561,0.8449216876244814,-0.17354952393386539,0.205136653558384,False
chirp_9db,test,severe_4x,19084,pca_r64_l001,3.7486865060544616,1.2763410246499045,1.9566923453729865,0.17391933017836878,0.9521807050732345,-0.34367580916959656,0.03901519866102482,False
chirp_9db,test,severe_4x,19084,pca_r64_l1,3.225642643146153,1.0982566906190299,1.5433590253480027,0.11667942004078735,0.8142857977699967,-0.13800351711263897,0.25340268227099144,False
chirp_9db,test,severe_4x,19084,template_1,3.4150698245132776,1.1627522632341776,1.6361993642502224,0.1306268805165081,0.8630850419788908,-0.006016910121598574,0.24095131788749052,False
chirp_9db,test,severe_4x,19084,dictionary_8,2.786365457769187,0.9486929722382491,1.391317824006497,0.12987355141004203,0.7078506001704713,0.32584058613340494,0.4934472169967092,False
chirp_9db,test,severe_4x,19084,dictionary_24,2.8507924223615904,0.9706288630816529,1.379475222892429,0.12205477092704697,0.7224298383746804,0.260043362740623,0.46382761092878866,False
chirp_9db,test,severe_4x,19084,dictionary_48,3.0048544029206816,1.0230834030408626,1.502752411247923,0.12395857642554842,0.7607412467781642,0.09860915260812177,0.37930221335231123,False
chirp_9db,test,severe_4x,19084,local_pca_8,3.399605127778445,1.1574868917915249,1.623675480607393,0.3542582170857377,0.9165082613651452,-0.1380179462931856,-0.07070026362383793,True
chirp_9db,test,severe_4x,19084,local_pca_16,3.3430965782818216,1.1382470380855634,1.5963635453373097,0.3542582170857377,0.9034232810991447,-0.16202054816469233,-0.08271195284439661,False
chirp_9db,test,severe_4x,19084,local_pca_32,3.329016963281949,1.1334532549280254,1.606290764533353,0.3542582170857377,0.9001679429212938,-0.16757645969521576,-0.08495814807320698,False
chirp_9db,test,severe_4x,19084,local_dictionary_8,2.8100870015796784,0.9567696090774355,1.3251165415137314,0.3542582170857377,0.7817877038412727,0.2935735981071108,0.28426872805106423,False
chirp_9db,test,severe_4x,19084,local_dictionary_24,3.8347039698951018,1.3056279809634912,1.7136907195837958,0.3542582170857377,1.0181919576607577,-0.3529218413679469,-0.2628886805123224,False
chirp_9db,test,severe_4x,19187,zero_fill,2.9674433882071303,1.0,1.513794626477761,0.4453493754591529,0.8580778394011697,,0.0743153301689563,False
chirp_9db,test,severe_4x,19187,linear,3.011340229823436,1.0147928151858787,1.5021422249126763,0.4453493754591529,0.8675832443158166,0.05153871878453116,0.08902430716197676,False
chirp_9db,test,severe_4x,19187,pchip,3.022553852120644,1.0185716984972746,1.5000496382783512,0.4453493754591529,0.8700169819570049,0.04650838587911893,0.08566117474388027,False
chirp_9db,test,severe_4x,19187,autoregression,3.6281844882840812,1.2226634222249333,1.9359067015020672,0.4453493754591529,1.004327003344562,-0.18936929674040806,-0.12463471654562401,False
chirp_9db,test,severe_4x,19187,pca_r32_l01,1.4446442482649067,0.4868312750315792,0.7970541032620444,0.14121441538217733,0.38617674634816085,0.8832988559247394,0.8971341590807362,False
chirp_9db,test,severe_4x,19187,pca_r64_l01,1.522556643287636,0.5130870059184294,0.8347384908532935,0.14282139774455754,0.40498055561540164,0.8621117103708841,0.8828311532065164,False
chirp_9db,test,severe_4x,19187,pca_r96_l01,1.509938362394148,0.5088347661137429,0.8148178784026296,0.14481240453007743,0.40268422382000074,0.8616569008385355,0.8827607333288127,False
chirp_9db,test,severe_4x,19187,pca_r64_l001,2.4983525314938566,0.8419208741850037,1.462472836180741,0.23850794443908005,0.6659136564258017,0.8548369800883624,0.8499550397492419,False
chirp_9db,test,severe_4x,19187,pca_r64_l1,2.060619616608358,0.6944090744232675,1.0923856798383902,0.17157905178717714,0.5412799512229082,0.797996552854049,0.8102379367319088,False
chirp_9db,test,severe_4x,19187,template_1,2.9618762114035975,0.9981239147389779,1.5189808455183695,0.16762662766348996,0.7580481097119611,0.3683787444555427,0.5268376084017962,False
chirp_9db,test,severe_4x,19187,dictionary_8,1.9839952667608884,0.6685874024237337,0.9179261074907994,0.12618313921456267,0.5108247001088189,0.7708706274722072,0.8146043922577246,False
chirp_9db,test,severe_4x,19187,dictionary_24,2.103741595312278,0.7089407682292185,0.9407640236914503,0.1206550250981604,0.5387539574140393,0.7669855105080031,0.8088601475363817,False
chirp_9db,test,severe_4x,19187,dictionary_48,2.6203031323233232,0.8830170586359384,1.1565393693202477,0.11471665725524574,0.6644258412833163,0.7393658945828405,0.7750283204106685,False
chirp_9db,test,severe_4x,19187,local_pca_8,1.5168076724901194,0.5111496578226364,0.780376747919191,0.4453493754591529,0.5742248312210099,0.8627903386849283,0.7464242380136664,True
chirp_9db,test,severe_4x,19187,local_pca_16,1.4844706381477273,0.5002523869695842,0.7586885238580667,0.4453493754591529,0.5689186051652393,0.8661274872561848,0.7480704824241537,False
chirp_9db,test,severe_4x,19187,local_pca_32,1.4901691437631697,0.5021727287823677,0.7929263973422225,0.4453493754591529,0.5698489421741366,0.8646450300158391,0.7460569463116505,False
chirp_9db,test,severe_4x,19187,local_dictionary_8,2.823673574514867,0.9515509497961725,1.3633900672071197,0.4453493754591529,0.8272006047787558,0.5724943611821729,0.5019926282071319,False
chirp_9db,test,severe_4x,19187,local_dictionary_24,2.73022513829956,0.9200597218298097,1.3827155084456697,0.4453493754591529,0.8073556488287363,0.6026162119877128,0.5275917282596747,False
chirp_9db,test,severe_4x,19290,zero_fill,5.04946130568151,1.0,2.699768792919566,0.4650708096404031,1.3402756793676003,,0.11971043798314902,False
chirp_9db,test,severe_4x,19290,linear,5.061247325624162,1.0023341143201534,2.707241598260712,0.4650708096404031,1.3430512685865588,-0.016353386958187804,0.10654043964439695,False
chirp_9db,test,severe_4x,19290,pchip,5.057615556611374,1.0016148754166487,2.6996240408413694,0.4650708096404031,1.3421959150067073,-0.028991501120271487,0.109872089099158,False
chirp_9db,test,severe_4x,19290,autoregression,5.107749788199393,1.0115435051363395,2.840413425651073,0.4650708096404031,1.3540095727261459,0.0414886994528931,0.10145671973834493,False
chirp_9db,test,severe_4x,19290,pca_r32_l01,3.3823633545674316,0.6698463756444064,1.7388818164270154,0.14340208565515575,0.856914677596112,0.7434121860550399,0.7731751029044328,False
chirp_9db,test,severe_4x,19290,pca_r64_l01,3.569336523896079,0.7068747155028127,1.8615091563627213,0.13761289159466472,0.9022272039172775,0.7176443371674827,0.7494486765029525,False
chirp_9db,test,severe_4x,19290,pca_r96_l01,3.753373921407755,0.7433216523878626,1.914903660171475,0.11974331569214137,0.9454791351048566,0.6843640309751051,0.7220633660783478,False
chirp_9db,test,severe_4x,19290,pca_r64_l001,3.5286515949391384,0.6988174344397491,2.051493844233553,0.2198795866020562,0.9074892412423857,0.7512673574718532,0.7728377222214566,False
chirp_9db,test,severe_4x,19290,pca_r64_l1,4.215385560724283,0.8348188659216482,2.1871272540295723,0.16481695893965942,1.0658607107308435,0.6170356959499377,0.6515849345857047,False
chirp_9db,test,severe_4x,19290,template_1,4.569824060665292,0.9050121951669292,2.289297937855026,0.14752512450221172,1.151351023820123,0.4850971118276043,0.5566911558549389,False
chirp_9db,test,severe_4x,19290,dictionary_8,3.4089176497027447,0.6751052128802586,1.742922255494305,0.11399738022330778,0.8593475207578111,0.8063233941932227,0.8110487556412194,False
chirp_9db,test,severe_4x,19290,dictionary_24,4.328970431824416,0.8573133191363566,2.095825399622876,0.0963027571009146,1.0862521091748407,0.515131328525341,0.5938377402510812,False
chirp_9db,test,severe_4x,19290,dictionary_48,4.483563398518382,0.8879290536346133,2.1564816669452505,0.09204426854783787,1.1244282702534125,0.47678726509187674,0.5619507803929109,False
chirp_9db,test,severe_4x,19290,local_pca_8,3.5937829019695324,0.7117160988887884,1.824862962024923,0.4650708096404031,1.0049763186321312,0.7030922105989181,0.6680698326615004,True
chirp_9db,test,severe_4x,19290,local_pca_16,3.7173216713172494,0.7361818313439941,1.877774804872934,0.4650708096404031,1.0326798656208325,0.6955668154306812,0.6593811820926652,False
chirp_9db,test,severe_4x,19290,local_pca_32,3.7228026329384085,0.7372672860666576,1.9051777972535402,0.4650708096404031,1.03391314654287,0.6949770225911461,0.658775538730331,False
chirp_9db,test,severe_4x,19290,local_dictionary_8,2.9885237043148427,0.5918500060496039,1.494989355662891,0.4650708096404031,0.872340128653433,0.8175787298541775,0.7728895515281611,False
chirp_9db,test,severe_4x,19290,local_dictionary_24,3.849658115234344,0.7623898634301481,1.8692161888502539,0.4650708096404031,1.062550895071718,0.659299461863066,0.628092631620125,False
chirp_9db,test,severe_4x,19393,zero_fill,2.8202863302591292,1.0,1.4971645970138612,0.38287037970964216,0.7965888564502548,,0.06161100915907826,False
chirp_9db,test,severe_4x,19393,linear,2.8486281184220523,1.0100492591333161,1.5198745984029167,0.38287037970964216,0.802867052815636,-0.005969503330932383,0.04677014049061318,False
chirp_9db,test,severe_4x,19393,pchip,2.8660374734959757,1.0162221625322145,1.5456959277257853,0.38287037970964216,0.8067301560298943,0.00036762317363648586,0.043194707664964596,False
chirp_9db,test,severe_4x,19393,autoregression,2.8593330839676354,1.01384496080755,1.52754701812148,0.38287037970964216,0.8052418735990509,-0.06882944389526015,0.02594768644110348,False
chirp_9db,test,severe_4x,19393,pca_r32_l01,2.1394313764119586,0.7585865851483905,1.1656684677529763,0.16921224936249898,0.5593890861014538,0.6669925737674984,0.7101823302287432,False
chirp_9db,test,severe_4x,19393,pca_r64_l01,2.055934034658646,0.7289806047706319,1.1079197347590208,0.15241432260913976,0.5347497452613827,0.720336947537189,0.7466890432675559,False
chirp_9db,test,severe_4x,19393,pca_r96_l01,2.1226196416525718,0.7526255823314026,1.1215329208619185,0.1306082641641548,0.5455153482687778,0.7217938748181615,0.7400826253057529,False
chirp_9db,test,severe_4x,19393,pca_r64_l001,3.4743953101255762,1.2319299898199865,1.7884863822633958,0.199627507910329,0.8898451375007593,0.5202771330547676,0.5750833794871405,False
chirp_9db,test,severe_4x,19393,pca_r64_l1,2.4760056616667234,0.8779270512718568,1.3015391683913669,0.13952102801825375,0.6335710198694541,0.5427381235087069,0.610020303370092,False
chirp_9db,test,severe_4x,19393,template_1,3.647136705564065,1.2931795847937768,1.8961256137990659,0.17190087814612134,0.9268513509351102,-0.07316853153631689,0.1816729842532211,False
chirp_9db,test,severe_4x,19393,dictionary_8,1.6810046823682716,0.5960404318996292,0.9048544948708901,0.10820214008590574,0.43311317003552924,0.8359193888984945,0.852822435987185,False
chirp_9db,test,severe_4x,19393,dictionary_24,1.623874519914691,0.575783565835845,0.8367702191711281,0.10052888067209685,0.41747449728740454,0.8608557078021022,0.8698692517168646,False
chirp_9db,test,severe_4x,19393,dictionary_48,1.7910492939974632,0.6350593820142016,0.9076759527233548,0.09204120883732275,0.4565448592000808,0.8269164894977092,0.8406178208875282,False
chirp_9db,test,severe_4x,19393,local_pca_8,2.303081626812379,0.8166126971231218,1.2345842351348626,0.38287037970964216,0.6847915236883155,0.5885786209180924,0.5036038880073861,True
chirp_9db,test,severe_4x,19393,local_pca_16,2.2148086620289362,0.7853134053326559,1.173398130134737,0.38287037970964216,0.6663437234398761,0.661783208138025,0.5555219498746463,False
chirp_9db,test,severe_4x,19393,local_pca_32,2.2111224349626157,0.7840063653251323,1.186852017328047,0.38287037970964216,0.6655781479886532,0.6657741124955353,0.5581506452627774,False
chirp_9db,test,severe_4x,19393,local_dictionary_8,2.243882183978077,0.7956221181882295,1.1122743983869432,0.38287037970964216,0.6723955853169372,0.6315148257364722,0.5597646890237675,False
chirp_9db,test,severe_4x,19393,local_dictionary_24,4.076993109349613,1.4455954580239436,2.0794005328385685,0.38287037970964216,1.0845713072618055,0.13477970666898717,0.12904156755711393,False
chirp_9db,test,severe_4x,19496,zero_fill,4.196504621868398,1.0,2.0812040013384268,0.37868384837281815,1.1113525795353925,,0.04963707484942585,False
chirp_9db,test,severe_4x,19496,linear,4.226913422054519,1.0072462210639916,2.093443661590517,0.37868384837281815,1.1185319321777696,0.030130368372187185,0.05874007814508704,False
chirp_9db,test,severe_4x,19496,pchip,4.235187868208555,1.009217968243994,2.0982469828033583,0.37868384837281815,1.1204864494466686,0.027302250388179246,0.056526649310669475,False
chirp_9db,test,severe_4x,19496,autoregression,4.26930136419551,1.0173469944362175,2.0867141465783248,0.37868384837281815,1.128548736032209,-0.11923059336786919,-0.023554005103184318,False
chirp_9db,test,severe_4x,19496,pca_r32_l01,2.03041187557315,0.4838340615645874,1.062933633551319,0.13375485887413316,0.5238635210240274,0.8824534380988119,0.8845500569028184,False
chirp_9db,test,severe_4x,19496,pca_r64_l01,2.050938295752083,0.48872537517638903,1.052761557355551,0.1410514050914884,0.5306116974867725,0.9010099246721686,0.8930774866656886,False
chirp_9db,test,severe_4x,19496,pca_r96_l01,2.1695478440075595,0.5169892659481018,1.1046591202865386,0.13106227135533213,0.5570344262268564,0.8982378289664893,0.8872788351807237,False
chirp_9db,test,severe_4x,19496,pca_r64_l001,2.103301421889469,0.5012031705932024,1.0983918303218707,0.2463886790207619,0.5774127417068207,0.8716330192030264,0.8648240570106663,False
chirp_9db,test,severe_4x,19496,pca_r64_l1,3.060580445224997,0.7293165910686746,1.5413061102966452,0.09883046061500253,0.7711057223588996,0.8179890212886068,0.7821907696055397,False
chirp_9db,test,severe_4x,19496,template_1,3.184325818103796,0.7588043157417155,1.546587139078309,0.14705016178859237,0.8087137614397778,0.6512859398380926,0.6837109313048729,False
chirp_9db,test,severe_4x,19496,dictionary_8,2.4831413862374463,0.5917165855835241,1.2392363095370804,0.11556876658538481,0.6307898442229113,0.8957350493738068,0.8694893858074585,False
chirp_9db,test,severe_4x,19496,dictionary_24,2.3598996616985937,0.5623488770632885,1.169969888753736,0.1107165286855098,0.5996352359532666,0.9154973887246569,0.8895242285004412,False
chirp_9db,test,severe_4x,19496,dictionary_48,2.2402152532577646,0.53382885403814,1.0870503651665766,0.10368350153856529,0.5689803603980004,0.8983304159082096,0.8886338816119222,False
chirp_9db,test,severe_4x,19496,local_pca_8,2.160650928057411,0.5148691882282332,1.1006446905176146,0.37868384837281815,0.6528511645176134,0.8688096504541608,0.8159140566651109,True
chirp_9db,test,severe_4x,19496,local_pca_16,2.1562293354991287,0.5138155512239414,1.092588719454104,0.37868384837281815,0.6519368643963792,0.8972738640107598,0.838477055729767,False
chirp_9db,test,severe_4x,19496,local_pca_32,2.190900535160401,0.5220774746067008,1.147034755947221,0.37868384837281815,0.6591219068883827,0.8958079084564348,0.8364655762392609,False
chirp_9db,test,severe_4x,19496,local_dictionary_8,2.635347466543739,0.6279863133739171,1.3165900318697739,0.37868384837281815,0.7539926278110756,0.8106303664034202,0.7560609768299843,False
chirp_9db,test,severe_4x,19496,local_dictionary_24,2.3779072195305493,0.5666399620148257,1.1632097078338943,0.37868384837281815,0.6984565394484211,0.8545957992855074,0.7988461929922674,False
chirp_9db,test,severe_4x,19599,zero_fill,3.8990108755877286,1.0,1.900764164739785,0.3492018447774076,1.0317283658348062,,0.0743691190436433,False
chirp_9db,test,severe_4x,19599,linear,3.8985687946458127,0.9998866171559859,1.9021243865701465,0.3492018447774076,1.0316239495488797,0.028665776680742265,0.07513624474603646,False
chirp_9db,test,severe_4x,19599,pchip,3.8984472673528994,0.9998554484065797,1.9020665200110556,0.3492018447774076,1.031595245913776,0.02867952092429999,0.07534721006691843,False
chirp_9db,test,severe_4x,19599,autoregression,3.904463116990075,1.0013983652716856,1.8999501514349317,0.3492018447774076,1.0330162498079054,-0.04926463038709625,0.06640700188872585,False
chirp_9db,test,severe_4x,19599,pca_r32_l01,3.6230907711776643,0.9292333073145191,1.6504275888606232,0.1441342011791819,0.916460813245586,0.431221033417206,0.4657936550508049,False
chirp_9db,test,severe_4x,19599,pca_r64_l01,3.7119541017471014,0.9520245570455275,1.7214036366546916,0.1086344799518416,0.9339307056399191,0.31527322809860114,0.4271998363246652,False
chirp_9db,test,severe_4x,19599,pca_r96_l01,3.645160763395823,0.9348937152801245,1.697169734995497,0.09756174564729005,0.9161731347092172,0.4006568113444652,0.46825908529659216,False
chirp_9db,test,severe_4x,19599,pca_r64_l001,4.310579327044638,1.105557143744789,2.275136844715335,0.1875003834623691,1.0928300428738518,0.11626710140968503,0.24653506640942488,False
chirp_9db,test,severe_4x,19599,pca_r64_l1,3.6999424176064464,0.9489438567028169,1.7078955199845525,0.08770098150054714,0.9288751875906763,0.3944751993352658,0.44593409404590617,False
chirp_9db,test,severe_4x,19599,template_1,3.7214379881255786,0.9544569396884837,1.807723771181874,0.13938903235500796,0.9400977420784877,0.4879624833267109,0.5399922073632408,False
chirp_9db,test,severe_4x,19599,dictionary_8,3.1345207814848717,0.8039271706346243,1.418543361732972,0.06973270316426762,0.7865335449743811,0.670865679262906,0.6823413922504222,False
chirp_9db,test,severe_4x,19599,dictionary_24,3.5105161870137254,0.9003607066073027,1.5918830799411663,0.06622773662219181,0.8799685930388673,0.5008026817169997,0.540960794189946,False
chirp_9db,test,severe_4x,19599,dictionary_48,4.011493368656119,1.0288489816154809,1.8653600371621422,0.06504421562327602,1.0048488784564422,-0.02454564585147136,0.26131494938687266,False
chirp_9db,test,severe_4x,19599,local_pca_8,3.777549779811617,0.9688482285246761,1.7107724882254791,0.3492018447774076,1.003089330047864,0.2502089105249329,0.2367263859341471,True
chirp_9db,test,severe_4x,19599,local_pca_16,3.72800045901531,0.9561400514055656,1.729743834674331,0.3492018447774076,0.9914357123749101,0.31827054801624827,0.28428423220399196,False
chirp_9db,test,severe_4x,19599,local_pca_32,3.7070351434682083,0.9507629657251001,1.7521978050006353,0.3492018447774076,0.9865102153819648,0.3459243637221624,0.3045230735103864,False
chirp_9db,test,severe_4x,19599,local_dictionary_8,3.6801468774487702,0.9438667895210815,1.7338378828880838,0.3492018447774076,0.9801980018577594,0.33015144976386407,0.3144276002532222,False
chirp_9db,test,severe_4x,19599,local_dictionary_24,3.508925495699666,0.8999527335688023,1.5317752604654422,0.3492018447774076,0.9401358631971204,0.44458018588973525,0.4246188600632325,False
chirp_9db,validation,raster_image,12000,zero_fill,2.6346341763827072,1.0,1.775476575614415,0.19447806235958645,0.5035427756865939,,0.9341955771581913,
chirp_9db,validation,raster_image,12000,linear,2.829211493488786,1.0738536373855248,1.809314043005523,0.19447806235958645,0.5355170076023019,0.09349627395201783,0.9199477394174529,
chirp_9db,validation,raster_image,12000,pchip,3.012336318210245,1.143360374359872,1.8803374556775077,0.19447806235958645,0.5658688925261799,0.06711942182797727,0.9072957957545704,
chirp_9db,validation,raster_image,12000,autoregression,2.4806018141106585,0.9415355787711174,1.605406628597472,0.19447806235958645,0.4784695189835243,0.33890482738300515,0.9410943411874827,
chirp_9db,validation,raster_image,12000,pca_r32_l01,10.870269154091721,4.125912148082871,6.2508097552630115,0.19447806235958645,1.9311203411273925,-0.11502364829494068,0.43630863613000215,
chirp_9db,validation,raster_image,12000,pca_r64_l01,3.5017303923672642,1.329114464451023,2.718491213487393,0.19447806235958645,0.6479435970761148,0.37484599494075377,0.8732846602723673,
chirp_9db,validation,raster_image,12000,pca_r96_l01,2.1548150620591304,0.8178801753105785,1.662950029940799,0.19447806235958645,0.4263105224844257,0.6412192036053703,0.950451375192436,
chirp_9db,validation,raster_image,12000,pca_r64_l001,4.898976517184741,1.8594522765627082,3.641953908541314,0.19447806235958645,0.8869266481585591,0.21066496794212847,0.7794625580825154,
chirp_9db,validation,raster_image,12000,pca_r64_l1,1.6379111954925563,0.6216844866642438,1.3399893978472237,0.19447806235958645,0.3470962719131921,0.7845527474396098,0.9740080897205803,
chirp_9db,validation,raster_image,12000,template_1,2.789303301240049,1.0587061104132867,1.6060677367614127,0.19447806235958645,0.5289342505578419,0.543712126744482,0.9165516667205927,
chirp_9db,validation,raster_image,12000,dictionary_8,1.8697109322832552,0.7096662409694866,1.1531039168895572,0.19447806235958645,0.38194781176608544,0.7189741162066834,0.9633281595426735,
chirp_9db,validation,raster_image,12000,dictionary_24,2.4442536704076674,0.9277393014629348,1.4898544715667796,0.19447806235958645,0.47258759850075244,0.4923011992215634,0.9380402999058202,
chirp_9db,validation,raster_image,12000,dictionary_48,2.8272694462571075,1.0731165152267492,1.7028313244792626,0.19447806235958645,0.5351963932944467,0.21594321858138407,0.9182729342921214,
chirp_9db,validation,raster_image,12000,local_pca_8,4.099431469464829,1.5559774887203714,2.2666991457602648,0.19447806235958645,0.7495375989516778,0.14794719392461658,0.8298818173444928,
chirp_9db,validation,raster_image,12000,local_pca_16,1.2207722403465169,0.46335550160615063,0.853602682400583,0.19447806235958645,0.2884634986502825,0.8945686880161301,0.9814382879935568,
chirp_9db,validation,raster_image,12000,local_pca_32,0.8439219568392622,0.3203184580251471,0.6999211402571119,0.19447806235958645,0.2426853343419162,0.9506973821341026,0.9922352317875359,
chirp_9db,validation,raster_image,12000,local_dictionary_8,1.572971085677463,0.5970358616683233,0.9847500383251534,0.19447806235958645,0.3375792154855403,0.8028781185564328,0.9756651989915611,
chirp_9db,validation,raster_image,12000,local_dictionary_24,0.9264596256266274,0.351646400829217,0.6190339541977641,0.19447806235958645,0.25191768601256104,0.9361863125690588,0.9891579985168208,
chirp_9db,validation,raster_image,12113,zero_fill,2.7498330587075768,1.0,2.068550718050677,0.1790092693007502,0.517051609009086,,0.9305519580821461,
chirp_9db,validation,raster_image,12113,linear,4.157554660759246,1.5119298415567448,3.1855409998570945,0.1790092693007502,0.7557825958601656,-0.08058574897549574,0.8309696350808882,
chirp_9db,validation,raster_image,12113,pchip,4.65429917264246,1.6925751757563,3.7176558098404895,0.1790092693007502,0.8414250312309383,-0.04951041907796928,0.794519040930652,
chirp_9db,validation,raster_image,12113,autoregression,5.131825280263441,1.8662315750452874,3.756157970976437,0.1790092693007502,0.9241381894181565,0.09625959352483947,0.7656407525924596,
chirp_9db,validation,raster_image,12113,pca_r32_l01,4.933699486920424,1.7941814581425046,3.6153466400318335,0.1790092693007502,0.8897816533531221,0.10666138998306418,0.7792769760944895,
chirp_9db,validation,raster_image,12113,pca_r64_l01,4.077243155726568,1.4827238849339002,3.2648993900558714,0.1790092693007502,0.7419839457554486,0.3992311630042817,0.8454005904310885,
chirp_9db,validation,raster_image,12113,pca_r96_l01,3.429964018788053,1.247335363842101,2.528621758930343,0.1790092693007502,0.6314177263197066,0.5504270374958424,0.8863526707870715,
chirp_9db,validation,raster_image,12113,pca_r64_l001,4.818740738765818,1.7523757391405532,3.779932995483076,0.1790092693007502,0.8698713299391717,0.3649957083528351,0.8013688041794618,
chirp_9db,validation,raster_image,12113,pca_r64_l1,2.7633969550235173,1.004932625372653,2.238712735539942,0.1790092693007502,0.51930652690621,0.49111418096164616,0.9226909684849004,
chirp_9db,validation,raster_image,12113,template_1,3.188102102191039,1.1593802365913257,2.589932980879806,0.1790092693007502,0.5904809715223198,0.161512095213065,0.898949749309617,
chirp_9db,validation,raster_image,12113,dictionary_8,2.537294343015571,0.9227085022419874,1.9920818112608742,0.1790092693007502,0.4818984740216963,0.4074603276750327,0.9393519539990816,
chirp_9db,validation,raster_image,12113,dictionary_24,3.009825483648565,1.0945484396289806,2.325196662945901,0.1790092693007502,0.5604803552362351,0.06395116308151441,0.912098555709509,
chirp_9db,validation,raster_image,12113,dictionary_48,3.0800489802513216,1.120085806844924,2.504994696413083,0.1790092693007502,0.5722782210742879,0.20507672165565682,0.9058454528935089,
chirp_9db,validation,raster_image,12113,local_pca_8,3.7203981071883137,1.352954171311368,2.8989124004462967,0.1790092693007502,0.6808711320188836,0.24496500078908684,0.8633215790397605,
chirp_9db,validation,raster_image,12113,local_pca_16,3.1196113503189355,1.1344729966208038,2.422024398281419,0.1790092693007502,0.5789362240999105,0.4672229304633256,0.9021607529828569,
chirp_9db,validation,raster_image,12113,local_pca_32,2.9918743205648983,1.0880203476683348,2.427671606434926,0.1790092693007502,0.5574687722032877,0.3725510259201042,0.9100271883284063,
chirp_9db,validation,raster_image,12113,local_dictionary_8,2.0320848265180578,0.7389847976710044,1.5129596761574737,0.1790092693007502,0.4001071190759486,0.6735596404956923,0.960771731646648,
chirp_9db,validation,raster_image,12113,local_dictionary_24,2.3907315656965595,0.8694097113008762,1.826372829252541,0.1790092693007502,0.4578813742588373,0.6065260153770147,0.9418255416129789,
chirp_9db,validation,raster_image,12226,zero_fill,4.3655905819156535,1.0,3.570274513963457,0.20098595542137365,0.7966852639116373,,0.8548085502819726,
chirp_9db,validation,raster_image,12226,linear,6.244875237583696,1.430476614882974,4.5224132216283675,0.20098595542137365,1.1215324716036137,-0.008817377826053331,0.6927140619437658,
chirp_9db,validation,raster_image,12226,pchip,6.386939169547366,1.4630183590749661,4.618912171901487,0.20098595542137365,1.1462608769668545,-0.008395042310240873,0.6821079568423596,
chirp_9db,validation,raster_image,12226,autoregression,2.700012037521857,0.6184757793611217,2.3569398262587304,0.20098595542137365,0.5166696534458346,0.7962897094021094,0.9485451495333274,
chirp_9db,validation,raster_image,12226,pca_r32_l01,4.798318332629244,1.0991223850688505,3.6553752157200927,0.20098595542137365,0.8709928746088749,-0.06179469044587937,0.814303012876286,
chirp_9db,validation,raster_image,12226,pca_r64_l01,4.461033727468621,1.0218625965403945,3.662647363860583,0.20098595542137365,0.8130397803188293,0.3239914344346301,0.8392547938873522,
chirp_9db,validation,raster_image,12226,pca_r96_l01,5.091584491370572,1.166299128567468,4.186101882736031,0.20098595542137365,0.9215558958790365,0.35659243903624005,0.7958604305534706,
chirp_9db,validation,raster_image,12226,pca_r64_l001,5.261158687604652,1.2051424861962243,4.367393823800338,0.20098595542137365,0.9508556462262985,0.2968700473460483,0.7814155602686886,
chirp_9db,validation,raster_image,12226,pca_r64_l1,4.283810739456141,0.9812671754428178,3.50979527449291,0.20098595542137365,0.7826894825307417,0.2700587273558968,0.8561829399184788,
chirp_9db,validation,raster_image,12226,template_1,4.691168109895813,1.0745781176386204,4.026799908658595,0.20098595542137365,0.8525570768627342,-0.30282358336668824,0.8258119844879328,
chirp_9db,validation,raster_image,12226,dictionary_8,4.38344450990967,1.0040896936299926,3.6939389294726874,0.20098595542137365,0.7997429617155349,0.04477170974255202,0.8527052229904893,
chirp_9db,validation,raster_image,12226,dictionary_24,4.337689881377903,0.9936089516379918,3.5916969636030887,0.20098595542137365,0.7919084836958782,0.1162135470668327,0.856432922216971,
chirp_9db,validation,raster_image,12226,dictionary_48,4.247974367293058,0.9730583497431442,3.6344131657024787,0.20098595542137365,0.7765617773186732,0.2356238333344749,0.8620682446091921,
chirp_9db,validation,raster_image,12226,local_pca_8,4.327808785500529,0.9913455474795014,3.2482285487302196,0.20098595542137365,0.7902172341046375,0.24889122097974314,0.8527275661208942,
chirp_9db,validation,raster_image,12226,local_pca_16,4.094772587244311,0.9379653246016245,2.8494558095217384,0.20098595542137365,0.7504044435299411,0.34643530341504347,0.8725734607080646,
chirp_9db,validation,raster_image,12226,local_pca_32,2.953896490040539,0.6766315884675441,2.126192674612094,0.20098595542137365,0.5583950342401462,0.7579403115894429,0.9393452896072575,
chirp_9db,validation,raster_image,12226,local_dictionary_8,4.239237973754705,0.971057155775358,3.2240805571838833,0.20098595542137365,0.7750684361053989,0.25308095625315036,0.8618540026801921,
chirp_9db,validation,raster_image,12226,local_dictionary_24,3.6106582555470035,0.8270721195212538,2.717010967572204,0.20098595542137365,0.6682324871659012,0.5806713553447981,0.9051949649474644,
chirp_9db,validation,raster_image,12339,zero_fill,4.717050890970224,1.0,2.533548836587158,0.1651688158361224,0.8495637111458464,,0.8025143476819077,
chirp_9db,validation,raster_image,12339,linear,6.037323652316172,1.2798936860896128,2.976732204981831,0.1651688158361224,1.0795684865995392,-0.15005496696157777,0.6544102468034725,
chirp_9db,validation,raster_image,12339,pchip,5.581491582772694,1.1832587164699144,2.7714715572659285,0.1651688158361224,0.9999804866538075,-0.2421285524049738,0.7018473876120228,
chirp_9db,validation,raster_image,12339,autoregression,12.569305991963953,2.6646534630408962,6.935249464002145,0.1651688158361224,2.2278994871086453,0.3799688378780863,0.5113849548424769,
chirp_9db,validation,raster_image,12339,pca_r32_l01,7.104707264016902,1.5061756653118437,3.9910308555577645,0.1651688158361224,1.2664242004661248,0.5198279798740785,0.7013650110806575,
chirp_9db,validation,raster_image,12339,pca_r64_l01,1.9487310425633182,0.41312487136692616,1.2267035792646086,0.1651688158361224,0.38092221752428634,0.9630773545669978,0.9644910854149616,
chirp_9db,validation,raster_image,12339,pca_r96_l01,1.6403457606840128,0.34774815845724727,1.0935457961909427,0.1651688158361224,0.33243594702870616,0.9453729701955724,0.9719284668777124,
chirp_9db,validation,raster_image,12339,pca_r64_l001,2.8352848047813324,0.6010714894360951,1.7555745581270101,0.1651688158361224,0.5269174150688202,0.9409706066833228,0.9405099743693419,
chirp_9db,validation,raster_image,12339,pca_r64_l1,1.0663140829444187,0.22605524247907666,0.7569899145512509,0.1651688158361224,0.2489181964616784,0.9742649633805497,0.986908155423418,
chirp_9db,validation,raster_image,12339,template_1,1.6338773687479577,0.34637687964648917,0.9714390044326892,0.1651688158361224,0.3314390086036128,0.9379466126493261,0.975436198148853,
chirp_9db,validation,raster_image,12339,dictionary_8,1.6001979772981116,0.33923695425066225,0.9073609181030236,0.1651688158361224,0.3262637179115463,0.9409114853218755,0.9771390582329315,
chirp_9db,validation,raster_image,12339,dictionary_24,1.6224920215805343,0.3439632217423062,0.8642702842454362,0.1651688158361224,0.3296865570867276,0.9393521119828773,0.9744956812211409,
chirp_9db,validation,raster_image,12339,dictionary_48,2.769598733928808,0.5871462483541585,1.5207605890031712,0.1651688158361224,0.5158845563824689,0.8388282925510895,0.9297705941833047,
chirp_9db,validation,raster_image,12339,local_pca_8,5.386366974855673,1.1418929113456695,3.090396645555927,0.1651688158361224,0.9659621508061562,0.8037445138520689,0.8401656622529462,
chirp_9db,validation,raster_image,12339,local_pca_16,1.3919009369403184,0.2950786347471494,0.7980493496281895,0.1651688158361224,0.29490947168798953,0.9578746418534082,0.9790842691139363,
chirp_9db,validation,raster_image,12339,local_pca_32,1.2377750855404113,0.2624044374653376,0.741056551764701,0.1651688158361224,0.27259115630432273,0.9719825023298578,0.9813984243044988,
chirp_9db,validation,raster_image,12339,local_dictionary_8,1.1329914143352369,0.24019062768733412,0.6326976112094942,0.1651688158361224,0.2579590819310833,0.9715745989421658,0.9850892339619026,
chirp_9db,validation,raster_image,12339,local_dictionary_24,1.6004122406975463,0.33928237741958434,0.9019124763751198,0.1651688158361224,0.3262965584422616,0.9405556141160683,0.9757226537975044,
chirp_9db,validation,raster_image,12452,zero_fill,5.700400426611128,1.0,3.5952597273126012,0.06762875741162265,1.0098939940875071,,0.35711609396810357,
chirp_9db,validation,raster_image,12452,linear,6.099367380410959,1.069989285653923,3.7015486199617538,0.06762875741162265,1.0802786902421506,0.0328544796604712,0.24688907003314964,
chirp_9db,validation,raster_image,12452,pchip,6.243881817320903,1.0953409146790192,3.776535577759364,0.06762875741162265,1.1057780527524899,0.02728903361958208,0.2253495335234704,
chirp_9db,validation,raster_image,12452,autoregression,7.292059918890022,1.2792188922112497,4.009994579702349,0.06762875741162265,1.2907836884813255,0.06130769955933902,0.18319296186110462,
chirp_9db,validation,raster_image,12452,pca_r32_l01,1.164941156312761,0.2043612850203429,0.7549813163712037,0.06762875741162265,0.2164248578730297,0.9910462474232822,0.9911392631097219,
chirp_9db,validation,raster_image,12452,pca_r64_l01,2.3552366914769434,0.4131703942203802,1.3961408271995506,0.06762875741162265,0.4216382849441087,0.9106700639161398,0.9208654953060832,
chirp_9db,validation,raster_image,12452,pca_r96_l01,1.9077090511695816,0.3346622883304549,1.166727880526089,0.06762875741162265,0.343744860762246,0.9610899209552916,0.9647233980757688,
chirp_9db,validation,raster_image,12452,pca_r64_l001,2.5388409864013326,0.44537941133912,1.5169043275265661,0.06762875741162265,0.453717170573101,0.8968926406618213,0.9080467634944055,
chirp_9db,validation,raster_image,12452,pca_r64_l1,2.520809079492183,0.4422161411195453,1.4818817877292394,0.06762875741162265,0.4505642826275759,0.9394257027058868,0.9430822193438114,
chirp_9db,validation,raster_image,12452,template_1,3.234391495823538,0.567397244713627,1.9875165120679057,0.06762875741162265,0.5756266004851763,0.8638696264560691,0.8777823961129919,
chirp_9db,validation,raster_image,12452,dictionary_8,3.403366712612977,0.5970399371814428,2.098867900365132,0.06762875741162265,0.6053069493607744,0.976768362343584,0.934350376376838,
chirp_9db,validation,raster_image,12452,dictionary_24,2.785038726549715,0.48856896325183474,1.7253682338995269,0.06762875741162265,0.4968093139626706,0.9756276074881514,0.961297039756412,
chirp_9db,validation,raster_image,12452,dictionary_48,2.6125839452693604,0.45831586375459843,1.5843944278085993,0.06762875741162265,0.4666160756171588,0.9605023058081099,0.9559897226710523,
chirp_9db,validation,raster_image,12452,local_pca_8,4.381591805020059,0.7686463190490116,2.4612568745752883,0.06762875741162265,0.7774182002693109,0.6804541948074325,0.7192316520761937,
chirp_9db,validation,raster_image,12452,local_pca_16,2.3295696499089145,0.4086677207856847,1.3317743283393415,0.06762875741162265,0.41715846312720994,0.9448603217430026,0.9492772533621651,
chirp_9db,validation,raster_image,12452,local_pca_32,2.3313707910559414,0.40898368826379705,1.3205043719431573,0.06762875741162265,0.4174727865041418,0.9650902520358943,0.9638915194112458,
chirp_9db,validation,raster_image,12452,local_dictionary_8,2.9933154626809433,0.5251061747710346,1.8232171121902119,0.06762875741162265,0.5333186363711506,0.9873396667345211,0.9608384260116898,
chirp_9db,validation,raster_image,12452,local_dictionary_24,3.1079977042149696,0.5452244529535034,1.8481922292709054,0.06762875741162265,0.5534390448342573,0.905255811277994,0.9082665987254748,
chirp_9db,validation,raster_image,12565,zero_fill,4.789484504024087,1.0,2.856227645001425,0.09266549852632236,0.8515675903043814,,0.5524391084526671,
chirp_9db,validation,raster_image,12565,linear,5.237903681502886,1.0936257706026695,3.037057601855988,0.09266549852632236,0.9304204142119131,-0.05352011698302456,0.43236802946510505,
chirp_9db,validation,raster_image,12565,pchip,5.215760175848726,1.089002411734809,3.039163218070016,0.09266549852632236,0.9265248908067145,-0.05256271914735623,0.4371575983523083,
chirp_9db,validation,raster_image,12565,autoregression,5.160698729073499,1.0775060916759456,3.032850106582403,0.09266549852632236,0.9168390859597433,0.056122796523595295,0.46001780335621917,
chirp_9db,validation,raster_image,12565,pca_r32_l01,1.6512340766062377,0.34476238000538134,0.9263832074009657,0.09266549852632236,0.305816923832541,0.94762903683805,0.9556662329893293,
chirp_9db,validation,raster_image,12565,pca_r64_l01,2.0550488823544586,0.42907517095583514,1.4741934073001755,0.09266549852632236,0.37455889231523876,0.9697047483268817,0.9601332986364413,
chirp_9db,validation,raster_image,12565,pca_r96_l01,3.7693590175350313,0.7870072477253127,2.344151852008826,0.09266549852632236,0.6725478871473518,0.6266177285243263,0.7594590765710422,
chirp_9db,validation,raster_image,12565,pca_r64_l001,2.865984426440647,0.5983910009590112,2.026014745909606,0.09266549852632236,0.5147833423432684,0.9723156286294053,0.9519003911912759,
chirp_9db,validation,raster_image,12565,pca_r64_l1,1.7856284120402448,0.3728226723648388,1.1346041004598102,0.09266549852632236,0.328569939235567,0.9462693585452046,0.9612686931177595,
chirp_9db,validation,raster_image,12565,template_1,2.5147481815101362,0.5250561264781762,1.4414895497599984,0.09266549852632236,0.4538086101795704,0.8786392270916341,0.9141747334287028,
chirp_9db,validation,raster_image,12565,dictionary_8,2.281301052996513,0.4763145284382446,1.4110300727830996,0.09266549852632236,0.4134658475744281,0.9215970065631426,0.9401123419551464,
chirp_9db,validation,raster_image,12565,dictionary_24,1.8093108289182032,0.37776734164147197,1.0780043458760638,0.09266549852632236,0.33259394390775904,0.9546042874704872,0.9655551565916296,
chirp_9db,validation,raster_image,12565,dictionary_48,1.6843931817720383,0.35168569401504995,0.9623323694452273,0.09266549852632236,0.31141682898143214,0.9704662341140821,0.9755043996238485,
chirp_9db,validation,raster_image,12565,local_pca_8,2.1630017087428977,0.4516147211512138,1.2429010037825103,0.09266549852632236,0.3930954927382382,0.9714816293853747,0.9597766600311344,
chirp_9db,validation,raster_image,12565,local_pca_16,1.8803019795095324,0.39258963630213595,1.0351319359956586,0.09266549852632236,0.34467961878018666,0.9233352252764708,0.9460059894717003,
chirp_9db,validation,raster_image,12565,local_pca_32,2.3490142009063937,0.4904524065027813,1.3202707036305337,0.09266549852632236,0.4251492917637503,0.9430456403463744,0.9466688834357819,
chirp_9db,validation,raster_image,12565,local_dictionary_8,1.8226932246675418,0.38056146191435203,1.087890657743199,0.09266549852632236,0.3348695792945017,0.9583536894663756,0.9672696373529419,
chirp_9db,validation,raster_image,12565,local_dictionary_24,1.6594171475977169,0.34647092942956337,0.8706746658265005,0.09266549852632236,0.30719797173771096,0.9386708228508048,0.9534343332634401,
chirp_9db,validation,raster_image,12678,zero_fill,2.876295223547594,1.0,2.42039233175671,0.1879642538191147,0.5410730540766242,,0.9180028186770102,
chirp_9db,validation,raster_image,12678,linear,3.688798430119629,1.2824825490513807,2.888092808095253,0.1879642538191147,0.6778292843744865,0.010726104567720005,0.8519612462154562,
chirp_9db,validation,raster_image,12678,pchip,3.921055032339703,1.3632310759475907,3.1049457954509063,0.1879642538191147,0.7174154991348193,0.0017716300621177464,0.8330553344863723,
chirp_9db,validation,raster_image,12678,autoregression,2.322816339419244,0.8075722966136644,1.6675533523854735,0.1879642538191147,0.4503721769547968,0.6158452288827505,0.9425319403770889,
chirp_9db,validation,raster_image,12678,pca_r32_l01,5.908871302258942,2.0543340801334704,4.464284472016102,0.1879642538191147,1.0608075851795997,0.31094361973170265,0.7171985473055279,
chirp_9db,validation,raster_image,12678,pca_r64_l01,2.0161901706870395,0.7009677428731709,1.603613521535042,0.1879642538191147,0.4015699731406605,0.7762969307638252,0.9524937599787625,
chirp_9db,validation,raster_image,12678,pca_r96_l01,3.1385372910334794,1.091173557338262,2.2499738841648944,0.1879642538191147,0.5848521102951703,0.4456295571810401,0.8921134855230863,
chirp_9db,validation,raster_image,12678,pca_r64_l001,3.2684944232560125,1.1363556829972008,2.2985919814135003,0.1879642538191147,0.6066893556678823,0.7168223960443921,0.8912674393664809,
chirp_9db,validation,raster_image,12678,pca_r64_l1,2.0342351312589115,0.7072414245259241,1.6272264576204742,0.1879642538191147,0.40440388039739406,0.7798488463431129,0.9628689020714276,
chirp_9db,validation,raster_image,12678,template_1,2.7733167408735593,0.9641975267938518,2.3322882166925067,0.1879642538191147,0.5240030154772672,0.2924365693024023,0.9221544423575274,
chirp_9db,validation,raster_image,12678,dictionary_8,3.0730981092567857,1.0684223525102743,2.5358286962053773,0.1879642538191147,0.5738896717587771,-0.030490504488040648,0.9024948257375011,
chirp_9db,validation,raster_image,12678,dictionary_24,3.1872079984759893,1.1080948757912683,2.553007705123813,0.1879642538191147,0.5930203993033354,-0.06871481679733817,0.8935613237152618,
chirp_9db,validation,raster_image,12678,dictionary_48,2.8819569858895666,1.0019684218419656,2.33057622357709,0.1879642538191147,0.5420137063143776,0.17732374528784683,0.9156296218944763,
chirp_9db,validation,raster_image,12678,local_pca_8,2.151304428298956,0.7479428435185309,1.5924498851728341,0.1879642538191147,0.4229124512438187,0.6648541365886199,0.9533033133270675,
chirp_9db,validation,raster_image,12678,local_pca_16,2.609589082935332,0.9072744207796204,2.176346267323289,0.1879642538191147,0.49702875180611855,0.48158158398570483,0.9280954692319742,
chirp_9db,validation,raster_image,12678,local_pca_32,1.3697380306825406,0.47621607805374,1.1020288235328524,0.1879642538191147,0.3047247556620338,0.8798308873029901,0.9787493567109316,
chirp_9db,validation,raster_image,12678,local_dictionary_8,2.6563045281064133,0.9235159542594357,2.1978200560747725,0.1879642538191147,0.5047029178191645,0.38992332294873155,0.9291483843542216,
chirp_9db,validation,raster_image,12678,local_dictionary_24,3.014930417267773,1.0481992225920354,2.3862803847495737,0.1879642538191147,0.5641656672438263,0.2061848535227687,0.9040928056738216,
chirp_9db,validation,raster_image,12791,zero_fill,4.604458005226821,1.0,3.6010842545402957,0.23383622765438478,0.8458740735211784,,0.8936806454877776,
chirp_9db,validation,raster_image,12791,linear,5.305235403593582,1.1521954153064842,3.8182245569490316,0.23383622765438478,0.9656698373055518,0.00692451968194669,0.8487463283626816,
chirp_9db,validation,raster_image,12791,pchip,5.625813386094573,1.2218188068407498,4.006375720469786,0.23383622765438478,1.0207968253623232,-0.0036891303006599744,0.8285738908910569,
chirp_9db,validation,raster_image,12791,autoregression,4.34934360042018,0.9445940424438569,3.326361580133039,0.23383622765438478,0.8025710750610466,0.6430275238968488,0.8987504513952443,
chirp_9db,validation,raster_image,12791,pca_r32_l01,6.613693773458071,1.436367486889974,5.091573771930598,0.23383622765438478,1.1915851594534523,-0.055936095162223656,0.766382460420814,
chirp_9db,validation,raster_image,12791,pca_r64_l01,6.79602937711709,1.475967284184691,4.814340388297344,0.23383622765438478,1.223226728228857,0.17392868338787246,0.7662865220806364,
chirp_9db,validation,raster_image,12791,pca_r96_l01,4.297048653940176,0.9332365826905828,2.860485983815018,0.23383622765438478,0.7937192505185972,0.473353315393921,0.9016246484804504,
chirp_9db,validation,raster_image,12791,pca_r64_l001,9.529732836550457,2.069675263784062,6.3875058172232,0.23383622765438478,1.7002836965332857,0.04704051787188656,0.6247875286870049,
chirp_9db,validation,raster_image,12791,pca_r64_l1,3.6734895984406197,0.7978115109901321,2.8969582110774175,0.23383622765438478,0.688966314763557,0.6154798477924646,0.9348011540197723,
chirp_9db,validation,raster_image,12791,template_1,4.934019911505112,1.071574527534877,3.958722097779823,0.23383622765438478,0.9020742297166006,0.05092937160032179,0.8718914235731916,
chirp_9db,validation,raster_image,12791,dictionary_8,4.714886338763404,1.0239829168625771,3.7571670321043595,0.23383622765438478,0.8646750475202087,-0.048892365120316,0.886862280691742,
chirp_9db,validation,raster_image,12791,dictionary_24,4.686301802659957,1.017774903656463,3.779137153523007,0.23383622765438478,0.8598053087742923,-0.02099093498864479,0.8885354398010207,
chirp_9db,validation,raster_image,12791,dictionary_48,4.9079876352281735,1.0659208162300093,3.8350332185862293,0.23383622765438478,0.8976253994885838,-0.06122457734482753,0.8746303171720949,
chirp_9db,validation,raster_image,12791,local_pca_8,4.621199330454078,1.0036358948671598,3.6704654885919767,0.23383622765438478,0.8487222763156584,0.20425381973662976,0.8896520479529916,
chirp_9db,validation,raster_image,12791,local_pca_16,3.567278304481454,0.7747444542727947,2.517603191798663,0.23383622765438478,0.6712985393040657,0.7062109840437315,0.9412359546375721,
chirp_9db,validation,raster_image,12791,local_pca_32,2.437770262412849,0.529436962970577,1.848017396612621,0.23383622765438478,0.488549660813036,0.8888859116054848,0.9753332828932069,
chirp_9db,validation,raster_image,12791,local_dictionary_8,3.248521275129506,0.7055165388503701,2.3983937432168085,0.23383622765438478,0.6186666938172783,0.7584277776258991,0.9520730426668842,
chirp_9db,validation,raster_image,12791,local_dictionary_24,3.3439024811620284,0.7262315081093467,2.463216268190952,0.23383622765438478,0.634348697134367,0.7309776655751582,0.9485216139151978,
chirp_9db,validation,raster_image,12904,zero_fill,1.4730012015996248,1.0,0.9894064147954447,0.21483803412757352,0.335435786890341,,0.9794223218103737,
chirp_9db,validation,raster_image,12904,linear,1.796927611813856,1.2199091282902275,1.1070022110727262,0.21483803412757352,0.38159884246421255,-0.15934993399701086,0.9673859501018354,
chirp_9db,validation,raster_image,12904,pchip,1.7491577826662248,1.1874788566137653,1.0795985183748198,0.21483803412757352,0.3745985249572049,-0.18342073412892423,0.9693640633404842,
chirp_9db,validation,raster_image,12904,autoregression,1.4290605690250038,0.9701693165444107,0.9140823387224557,0.21483803412757352,0.32944228051378177,0.610909440867993,0.9759858658683315,
chirp_9db,validation,raster_image,12904,pca_r32_l01,5.650567178705724,3.836091357270732,3.1607209991538747,0.21483803412757352,1.0210247035639028,-0.2720735502447711,0.729923527054823,
chirp_9db,validation,raster_image,12904,pca_r64_l01,2.292917587762241,1.5566298148787778,1.5072731888803341,0.21483803412757352,0.4571750168292783,0.7728807845617528,0.9399709397676274,
chirp_9db,validation,raster_image,12904,pca_r96_l01,1.6915918193467507,1.1483981258873004,1.2040946232471577,0.21483803412757352,0.36624358746189434,0.3850574606996883,0.9683131181040247,
chirp_9db,validation,raster_image,12904,pca_r64_l001,2.725342693552179,1.8501971964398658,1.8111866634782223,0.21483803412757352,0.5261389314335158,0.7595432689097662,0.920553814829259,
chirp_9db,validation,raster_image,12904,pca_r64_l1,0.9094423797311433,0.6174077650062488,0.6682629365529622,0.21483803412757352,0.2656302793706448,0.8207841682125244,0.9891134978948006,
chirp_9db,validation,raster_image,12904,template_1,2.0447582213836166,1.3881578773751746,1.2947190682367924,0.21483803412757352,0.4187724990992165,0.1496265618634521,0.9546679918906998,
chirp_9db,validation,raster_image,12904,dictionary_8,1.4086353090360222,0.9563028920182118,0.9480419558897185,0.21483803412757352,0.3266817182865468,0.44009268230765297,0.9792001210874562,
chirp_9db,validation,raster_image,12904,dictionary_24,1.1117772227669453,0.7547700718503124,0.7345401511156496,0.21483803412757352,0.28868589121684207,0.6629806965730923,0.9871662081694201,
chirp_9db,validation,raster_image,12904,dictionary_48,0.9016874098639452,0.6121430239736031,0.6270469388242578,0.21483803412757352,0.2648028153910568,0.8051380413748737,0.990013686520862,
chirp_9db,validation,raster_image,12904,local_pca_8,6.027997435136526,4.092323501562894,3.3697164860758466,0.21483803412757352,1.0863869287423902,0.4327374093798822,0.7410789867582224,
chirp_9db,validation,raster_image,12904,local_pca_16,2.114313787026111,1.4353781821291418,1.4301329061316386,0.21483803412757352,0.42943056766164583,0.016955695700720957,0.9520741953291258,
chirp_9db,validation,raster_image,12904,local_pca_32,1.0535658212540955,0.7152511621239426,0.7792498228488836,0.21483803412757352,0.2817810402076756,0.6965418449439178,0.9886873500086254,
chirp_9db,validation,raster_image,12904,local_dictionary_8,1.8479534222222462,1.2545498402957427,1.1056355907711684,0.21483803412757352,0.38913962222947396,0.8023416231773588,0.9580794241009397,
chirp_9db,validation,raster_image,12904,local_dictionary_24,3.550423540765114,2.4103330919957737,1.955523456658912,0.21483803412757352,0.6622953487436918,0.7329618331115805,0.8804021444028525,
chirp_9db,validation,raster_image,13017,zero_fill,3.9253955479724065,1.0,2.565764497529302,0.0767517897366078,0.6980183146348701,,0.5343814140349862,
chirp_9db,validation,raster_image,13017,linear,4.46784603590615,1.1381900196564743,2.797792666883616,0.0767517897366078,0.7934155625093173,0.016704103656918524,0.38387827658383505,
chirp_9db,validation,raster_image,13017,pchip,4.468419811830541,1.138336189874833,2.7989070857379206,0.0767517897366078,0.7935165319800496,0.016645460794782834,0.3837646112646444,
chirp_9db,validation,raster_image,13017,autoregression,4.853838822909627,1.2365222214145506,2.856806317324512,0.0767517897366078,0.8613646018245857,0.189747910298031,0.4074181964521218,
chirp_9db,validation,raster_image,13017,pca_r32_l01,2.7639273380308937,0.7041143508349245,1.470934630001166,0.0767517897366078,0.49440337415336677,0.8610748978229417,0.8740395127447743,
chirp_9db,validation,raster_image,13017,pca_r64_l01,1.3008941804690526,0.3314046099484182,0.7678161017710647,0.0767517897366078,0.24205769087910595,0.9480184952865284,0.9614271253760855,
chirp_9db,validation,raster_image,13017,pca_r96_l01,1.1091874536238076,0.28256705345190974,0.8130866579085128,0.0767517897366078,0.21012739895547686,0.9819617505248855,0.9845274537286657,
chirp_9db,validation,raster_image,13017,pca_r64_l001,1.4866806218592086,0.3787339654540361,0.8611005075770513,0.0767517897366078,0.27345219106092317,0.9255588864314592,0.9441803683534827,
chirp_9db,validation,raster_image,13017,pca_r64_l1,1.3686405265275627,0.348663086254966,0.8725897012153929,0.0767517897366078,0.25346306713914146,0.9805615049730374,0.9799269582835137,
chirp_9db,validation,raster_image,13017,template_1,2.077093799136141,0.5291425472291644,1.2344662250297507,0.0767517897366078,0.37487225342736563,0.8505979145952467,0.8902298019184499,
chirp_9db,validation,raster_image,13017,dictionary_8,1.5287352363290085,0.38944743724454717,0.8970179080966117,0.0767517897366078,0.2806046694670533,0.9313100972280853,0.9498640682864478,
chirp_9db,validation,raster_image,13017,dictionary_24,1.3355557634160322,0.34023469662971667,0.8099450071760792,0.0767517897366078,0.2478863872355846,0.9719145839431469,0.9759991964178816,
chirp_9db,validation,raster_image,13017,dictionary_48,1.238677075551758,0.3155547155474751,0.7379866125546508,0.0767517897366078,0.23163392802264537,0.9608910210231311,0.9705284386568608,
chirp_9db,validation,raster_image,13017,local_pca_8,1.6970827316120103,0.4323341968654874,0.9607966456907475,0.0767517897366078,0.30936960863972185,0.9018666648862479,0.9279476664144722,
chirp_9db,validation,raster_image,13017,local_pca_16,1.2404238771047276,0.3159997156835434,0.7793749019035217,0.0767517897366078,0.23192586025444573,0.9842864841621144,0.9841807052808635,
chirp_9db,validation,raster_image,13017,local_pca_32,1.6202431881328678,0.4127592158119647,0.9104762219450206,0.0767517897366078,0.2962159232907594,0.913361082030675,0.9370037155955527,
chirp_9db,validation,raster_image,13017,local_dictionary_8,1.1297399498864564,0.2878028305886278,0.6766569848160383,0.0767517897366078,0.21352168423476334,0.9630878910893503,0.9720686638835211,
chirp_9db,validation,raster_image,13017,local_dictionary_24,0.8159641568351422,0.20786800893393126,0.5095366640631831,0.0767517897366078,0.16282788644192586,0.9905472734160602,0.9914976488526254,
chirp_9db,validation,raster_image,13130,zero_fill,2.761553900834232,1.0,1.7813011028421095,0.08558932601335113,0.49539351346186056,,0.7271333933360999,
chirp_9db,validation,raster_image,13130,linear,3.261871554060189,1.181172510547347,2.057357872262653,0.08558932601335113,0.5827439818902316,0.01559631844857404,0.6005007896220026,
chirp_9db,validation,raster_image,13130,pchip,3.0379175076700045,1.1000753984024307,1.9543948501373396,0.08558932601335113,0.5436001028432442,0.008364768208813027,0.6514218330432019,
chirp_9db,validation,raster_image,13130,autoregression,3.906658822008869,1.4146596308798156,2.380394251035142,0.08558932601335113,0.6957252211301198,-0.3844237254102059,0.42723501258996077,
chirp_9db,validation,raster_image,13130,pca_r32_l01,1.3537955645723139,0.49022963635196426,0.8347138028814562,0.08558932601335113,0.25371329446380525,0.8779249816551594,0.934925302665105,
chirp_9db,validation,raster_image,13130,pca_r64_l01,2.6511223462991436,0.9600110812605438,1.612324105654995,0.08558932601335113,0.47616768348964683,0.39882691769435646,0.7468578163914591,
chirp_9db,validation,raster_image,13130,pca_r96_l01,3.138206440540642,1.1363915220313563,1.7604839105586807,0.08558932601335113,0.5611213989080475,0.23785953266199894,0.6506788448566703,
chirp_9db,validation,raster_image,13130,pca_r64_l001,3.026718165163262,1.096019948858839,1.8355064235069487,0.08558932601335113,0.5416443241959868,0.22413842896518163,0.6668939685572394,
chirp_9db,validation,raster_image,13130,pca_r64_l1,2.509397530023112,0.9086904040746964,1.50061503398868,0.08558932601335113,0.4515309886318749,0.4361816821190211,0.775710245284621,
chirp_9db,validation,raster_image,13130,template_1,5.057218556506829,1.8312945313068503,3.0765968023587678,0.08558932601335113,0.8979586405221258,-0.45672199155333737,0.21586417786472406,
chirp_9db,validation,raster_image,13130,dictionary_8,4.464451372842532,1.616644662084588,2.783314237132811,0.08558932601335113,0.7936942416444442,-0.4995055144497592,0.29880192126007965,
chirp_9db,validation,raster_image,13130,dictionary_24,3.7468679873964508,1.3567969780581026,2.2365419696642546,0.08558932601335113,0.6676945229090158,-0.2929658640156154,0.4722107448549556,
chirp_9db,validation,raster_image,13130,dictionary_48,3.371170756644505,1.2207513876973812,1.9878064966637479,0.08558932601335113,0.6018690624059432,-0.13007730118155042,0.5684756550084874,
chirp_9db,validation,raster_image,13130,local_pca_8,3.5705555598087058,1.2929516091393634,2.0212633943837695,0.08558932601335113,0.636787801200066,-0.06957317776316982,0.5345528696115104,
chirp_9db,validation,raster_image,13130,local_pca_16,3.4713284887970524,1.2570200015825896,1.9063952641574478,0.08558932601335113,0.6194052841154378,0.16931015208616987,0.5909059796473272,
chirp_9db,validation,raster_image,13130,local_pca_32,2.2951855249087374,0.8311210308860493,1.292370093610225,0.08558932601335113,0.4143884088441591,0.5566715697798167,0.8165545088384122,
chirp_9db,validation,raster_image,13130,local_dictionary_8,3.878998410955782,1.4046433820408082,2.35489093449306,0.08558932601335113,0.6908717361680525,-0.34992832495986637,0.4377930957328652,
chirp_9db,validation,raster_image,13130,local_dictionary_24,3.9115518276271466,1.4164314614483948,2.2711360524438042,0.08558932601335113,0.6965838341228947,-0.1523182790548678,0.46177050396548347,
chirp_9db,validation,raster_image,13243,zero_fill,3.9969099017975678,1.0,2.515593225064541,0.24799278528071075,0.7475334823432925,,0.9067841751874676,
chirp_9db,validation,raster_image,13243,linear,4.037186561811111,1.01007694969442,2.549468859642483,0.24799278528071075,0.7542667880746431,0.00934205418638256,0.9041409465765479,
chirp_9db,validation,raster_image,13243,pchip,4.039446038538371,1.010642255588917,2.558018507379681,0.24799278528071075,0.7546447294578665,0.009881695910692637,0.9040016138882749,
chirp_9db,validation,raster_image,13243,autoregression,4.2697666276981465,1.068266919346334,2.5709691483903425,0.24799278528071075,0.793280769240442,-0.04499101665109296,0.8888752029026901,
chirp_9db,validation,raster_image,13243,pca_r32_l01,2.9148799039789375,0.7292833652987777,1.7144786817968243,0.24799278528071075,0.5701709700473098,0.7711888317674331,0.9419396395643067,
chirp_9db,validation,raster_image,13243,pca_r64_l01,3.0882462153429575,0.772658451458726,2.145779774364853,0.24799278528071075,0.598011751417508,0.6994509116731815,0.9370898605706403,
chirp_9db,validation,raster_image,13243,pca_r96_l01,3.4958159498890464,0.8746296603575778,2.5014349833359484,0.24799278528071075,0.6644368438663979,0.4848234056165623,0.9284872062833153,
chirp_9db,validation,raster_image,13243,pca_r64_l001,4.507840269774713,1.1278313448465174,2.847365882777507,0.24799278528071075,0.833425479682579,0.6422399785072528,0.8763430198790549,
chirp_9db,validation,raster_image,13243,pca_r64_l1,2.4274136620157103,0.6073225871126109,1.5356127640783948,0.24799278528071075,0.4936740496848081,0.9039153354845278,0.9724779672911931,
chirp_9db,validation,raster_image,13243,template_1,3.3992918426485383,0.8504799773244183,2.143122640379149,0.24799278528071075,0.6485969978438731,0.563248080180119,0.9351871694501577,
chirp_9db,validation,raster_image,13243,dictionary_8,4.072349260865036,1.018874420720252,2.5909712051543483,0.24799278528071075,0.7601509219095457,0.10527686606038256,0.9004995103414934,
chirp_9db,validation,raster_image,13243,dictionary_24,4.592350932428081,1.1489753447688975,3.269184565280029,0.24799278528071075,0.8477212129192093,-0.147505959161328,0.8679131831252003,
chirp_9db,validation,raster_image,13243,dictionary_48,3.1789792582281278,0.7953592491035176,2.27908598362435,0.24799278528071075,0.6126893123847131,0.6468219440981646,0.9443383763327017,
chirp_9db,validation,raster_image,13243,local_pca_8,2.3025377917837266,0.5760794834900294,1.4769777008996825,0.24799278528071075,0.47461146447258923,0.8247187392438947,0.9703201541125697,
chirp_9db,validation,raster_image,13243,local_pca_16,1.6903195421788064,0.42290659126907093,1.0132952863299134,0.24799278528071075,0.3858308090488545,0.9431430971152741,0.9875390907463909,
chirp_9db,validation,raster_image,13243,local_pca_32,2.560292435166994,0.6405679632697073,2.0108044676721093,0.24799278528071075,0.5142230310643173,0.7721222388890665,0.9587005772597224,
chirp_9db,validation,raster_image,13243,local_dictionary_8,2.2987812328788233,0.575139617694402,1.4703999642227386,0.24799278528071075,0.4740420677774056,0.8675466268345797,0.9740299596082834,
chirp_9db,validation,raster_image,13243,local_dictionary_24,1.798829856340508,0.4500551427320149,1.1428898508897192,0.24799278528071075,0.4008702221476983,0.93022951337775,0.9853561883127974,
chirp_9db,validation,raster_image,13356,zero_fill,3.2165353523320483,1.0,2.6931007134726888,0.17322875919751196,0.5936211430230631,,0.9061912047312832,
chirp_9db,validation,raster_image,13356,linear,3.861174404212309,1.2004141043912,2.9912869051140563,0.17322875919751196,0.7035384245270181,0.013569066354803865,0.8554239760406885,
chirp_9db,validation,raster_image,13356,pchip,3.9597314464270266,1.231054850230745,3.116287639348596,0.17322875919751196,0.7204540109635179,-0.009427962059806026,0.847165741682402,
chirp_9db,validation,raster_image,13356,autoregression,3.2338673163721254,1.0053883953202973,2.4136405920027157,0.17322875919751196,0.5965565803348584,0.32017312619973815,0.899875912928052,
chirp_9db,validation,raster_image,13356,pca_r32_l01,6.5165735133155245,2.0259604821662807,4.893108895717317,0.17322875919751196,1.1645275953129535,-0.1473716401746062,0.647228683184067,
chirp_9db,validation,raster_image,13356,pca_r64_l01,4.766920597446539,1.4820047272262786,3.629907327835708,0.17322875919751196,0.8597562568063707,0.22480827983411986,0.7933346654563155,
chirp_9db,validation,raster_image,13356,pca_r96_l01,3.13315177302036,0.9740765854629163,2.479784648083888,0.17322875919751196,0.5795174265657113,0.43743133852535926,0.9048714898729269,
chirp_9db,validation,raster_image,13356,pca_r64_l001,6.788751735876706,2.1105789280241343,4.760298672828675,0.17322875919751196,1.2121443347531806,0.170801987801445,0.6685546725931736,
chirp_9db,validation,raster_image,13356,pca_r64_l1,3.390817233349193,1.054183107575916,2.6038365638676098,0.17322875919751196,0.6231947880524664,0.24603259546219244,0.8893221628092053,
chirp_9db,validation,raster_image,13356,template_1,2.9129810294190857,0.905626927839335,2.4453772484390877,0.17322875919751196,0.5424398806308479,0.6198374982964296,0.9256614462922412,
chirp_9db,validation,raster_image,13356,dictionary_8,3.3418571308331564,1.038961728933042,2.8500071896367913,0.17322875919751196,0.614874564858222,0.05663670546995207,0.8958370813973979,
chirp_9db,validation,raster_image,13356,dictionary_24,3.3620658045209963,1.0452444746436367,2.8623814076931273,0.17322875919751196,0.6183076895682635,0.10045168579088734,0.8936687080153564,
chirp_9db,validation,raster_image,13356,dictionary_48,3.0879010383473213,0.9600084252481588,2.499507217872732,0.17322875919751196,0.5718770386857887,0.29877579659643344,0.9123654357879714,
chirp_9db,validation,raster_image,13356,local_pca_8,3.1047662729255396,0.9652517174028652,2.5715166137994783,0.17322875919751196,0.5747235178463627,0.3814375374266688,0.9081787371809708,
chirp_9db,validation,raster_image,13356,local_pca_16,3.296491390802079,1.0248578142976297,2.678340917948722,0.17322875919751196,0.6071735178019189,0.32882316182991567,0.8951721730609368,
chirp_9db,validation,raster_image,13356,local_pca_32,4.150785520870416,1.2904523240700647,3.097042333647363,0.17322875919751196,0.7533109155105274,0.0366754161406898,0.8320627931759006,
chirp_9db,validation,raster_image,13356,local_dictionary_8,2.9136912668501878,0.9058477360547917,2.2506452368092984,0.17322875919751196,0.5425590720121362,0.429149863944713,0.9219435945230342,
chirp_9db,validation,raster_image,13356,local_dictionary_24,3.234249877771306,1.0055073311805556,2.6708404049606567,0.17322875919751196,0.5966213876192261,0.24127096927739766,0.9014546142647869,
chirp_9db,validation,raster_image,13469,zero_fill,2.728280564571614,1.0,1.636089613682695,0.22029149192981573,0.5287926526217469,,0.948712957960164,
chirp_9db,validation,raster_image,13469,linear,2.889327361926038,1.0590286788850511,1.6669347413555484,0.22029149192981573,0.5548814960278419,0.0854947536335727,0.9397276033942293,
chirp_9db,validation,raster_image,13469,pchip,2.951703029196112,1.0818913082201935,1.6920844831862802,0.22029149192981573,0.5650478231000146,0.06935770583797893,0.9365102626131696,
chirp_9db,validation,raster_image,13469,autoregression,1.9184805399580538,0.7031830101605725,1.2205806669245787,0.22029149192981573,0.40252896503366425,0.7578794614807369,0.9698934609986353,
chirp_9db,validation,raster_image,13469,pca_r32_l01,6.3159478312837045,2.314992055179418,3.8843478885748337,0.22029149192981573,1.137370536470716,-0.0765338448216047,0.7367896737698866,
chirp_9db,validation,raster_image,13469,pca_r64_l01,7.295393585255948,2.673989500930029,4.250226973828913,0.22029149192981573,1.3077550677079957,-0.29748743752032536,0.6655643450151291,
chirp_9db,validation,raster_image,13469,pca_r96_l01,2.32865891568412,0.8535261900565415,1.596206443374045,0.22029149192981573,0.46526306166215425,0.6112845521834533,0.9577619180587132,
chirp_9db,validation,raster_image,13469,pca_r64_l001,9.218414725806443,3.3788367829588997,5.360543232003902,0.22029149192981573,1.6439619506021275,-0.34815135196765185,0.5542147617513439,
chirp_9db,validation,raster_image,13469,pca_r64_l1,2.866342156279738,1.0506038834498685,1.681321461727943,0.22029149192981573,0.5511435821539317,0.35331533020968403,0.9374660135483273,
chirp_9db,validation,raster_image,13469,template_1,3.1333497562595114,1.1484705044444357,2.0025671664413602,0.22029149192981573,0.5948282125687667,0.34436260296256244,0.9239751491648264,
chirp_9db,validation,raster_image,13469,dictionary_8,2.14142807753144,0.7849002427899786,1.325113654329155,0.22029149192981573,0.43625153277512185,0.6237704731201198,0.9669953232901878,
chirp_9db,validation,raster_image,13469,dictionary_24,1.5593759664945692,0.5715599732461597,0.9323297783934976,0.22029149192981573,0.3507149834978833,0.8861592170726323,0.9767907275794213,
chirp_9db,validation,raster_image,13469,dictionary_48,1.380117651468679,0.5058562045965316,0.9124623109304126,0.22029149192981573,0.326396198842948,0.876762351207518,0.9830304931857395,
chirp_9db,validation,raster_image,13469,local_pca_8,6.18585903890932,2.267310451584954,3.479323660986487,0.22029149192981573,1.1148042237481195,0.1390742035441494,0.7562949039632976,
chirp_9db,validation,raster_image,13469,local_pca_16,2.501589118584738,0.9169105080574913,1.4126084058621575,0.22029149192981573,0.4925167098097457,0.5509479095819898,0.9514351630827401,
chirp_9db,validation,raster_image,13469,local_pca_32,1.4513420225583364,0.5319621601256473,0.8958106477666422,0.22029149192981573,0.3359116443705988,0.8464460438070055,0.9839139233613435,
chirp_9db,validation,raster_image,13469,local_dictionary_8,0.714227081189074,0.26178652242139167,0.4599214560257442,0.22029149192981573,0.25090454530934486,0.9702699412656546,0.9959653373591386,
chirp_9db,validation,raster_image,13469,local_dictionary_24,0.7850461687469653,0.28774392888373296,0.46676611843276195,0.22029149192981573,0.2574317913897822,0.9647600533440351,0.995497152401982,
chirp_9db,validation,raster_image,13582,zero_fill,3.129431766610674,1.0,1.933903716207701,0.08826282683771786,0.5599900475263749,,0.6949106251518951,
chirp_9db,validation,raster_image,13582,linear,3.128116459188489,0.9995796976830686,1.9460428289273157,0.08826282683771786,0.5597603479081713,0.06315695841866434,0.6943172660264876,
chirp_9db,validation,raster_image,13582,pchip,3.1398055289058733,1.0033149028542119,1.9530151407126985,0.08826282683771786,0.5618017578512132,0.040641818906040336,0.690839478489678,
chirp_9db,validation,raster_image,13582,autoregression,3.9887391982156646,1.2745889655666345,2.3717362135695903,0.08826282683771786,0.7104474935741442,0.32074245890640324,0.5908027240939718,
chirp_9db,validation,raster_image,13582,pca_r32_l01,4.0576285957991685,1.296602354169165,2.2078279182613585,0.08826282683771786,0.7225356813440529,0.41062812830357737,0.6189685782704499,
chirp_9db,validation,raster_image,13582,pca_r64_l01,2.30468261664569,0.7364540237737067,1.26479973755204,0.08826282683771786,0.41657315114334054,0.7588784443151706,0.8533369852183585,
chirp_9db,validation,raster_image,13582,pca_r96_l01,2.053351941893769,0.6561421034329336,1.2540160096575896,0.08826282683771786,0.3732356126631778,0.7585406442179803,0.875801611922542,
chirp_9db,validation,raster_image,13582,pca_r64_l001,2.945333828301542,0.9411720874462398,1.5875533584062085,0.08826282683771786,0.5278639587046894,0.7447243264855707,0.813846545147982,
chirp_9db,validation,raster_image,13582,pca_r64_l1,2.0375089932200057,0.6510795394100337,1.2239816431136115,0.08826282683771786,0.37051244168108477,0.7776915119479475,0.8897677413651452,
chirp_9db,validation,raster_image,13582,template_1,2.0452549805016824,0.6535547450893274,1.2251172620894073,0.08826282683771786,0.37184371968904284,0.7677278651038064,0.8763794148961408,
chirp_9db,validation,raster_image,13582,dictionary_8,2.422306922693068,0.7740404978749684,1.504288731564722,0.08826282683771786,0.43693073508458175,0.6678487825553936,0.8391111977031711,
chirp_9db,validation,raster_image,13582,dictionary_24,2.573730629156016,0.8224274632271311,1.567424369038766,0.08826282683771786,0.4631950681171876,0.5760500369462528,0.8082235816403657,
chirp_9db,validation,raster_image,13582,dictionary_48,2.6255235573315567,0.8389777292300978,1.5328949777846108,0.08826282683771786,0.47219150229097606,0.5792700458189901,0.791630746168497,
chirp_9db,validation,raster_image,13582,local_pca_8,2.570661104004249,0.8214466061959866,1.3984518730927822,0.08826282683771786,0.46266208768803657,0.8302571814806218,0.8642265764186446,
chirp_9db,validation,raster_image,13582,local_pca_16,2.037777711586512,0.6511654075121517,1.151193627371721,0.08826282683771786,0.3705586208045266,0.7722698917173301,0.8773586780008048,
chirp_9db,validation,raster_image,13582,local_pca_32,1.6613564970780366,0.5308812017580323,0.9310111949242206,0.08826282683771786,0.3062681390049789,0.8498852205112193,0.9184168951448405,
chirp_9db,validation,raster_image,13582,local_dictionary_8,2.567664729727259,0.8204891242949719,1.4903114296398252,0.08826282683771786,0.4621418305336675,0.5750029602144627,0.8024405970390105,
chirp_9db,validation,raster_image,13582,local_dictionary_24,2.970493171948039,0.9492116759475562,1.7158503263825173,0.08826282683771786,0.5322514035101521,0.45654846996440723,0.7303733009256893,
chirp_9db,validation,raster_image,13695,zero_fill,4.681556830296821,1.0,3.006500447475939,0.07296305831246681,0.830700122628617,,0.4361855355915209,
chirp_9db,validation,raster_image,13695,linear,4.694879648010246,1.0028458092460195,2.9935251699662335,0.07296305831246681,0.8330464939292174,0.032422506765314246,0.42825238144580446,
chirp_9db,validation,raster_image,13695,pchip,4.699205830559126,1.003769899822232,2.9946304146624128,0.07296305831246681,0.8338084177845587,0.029957387073592218,0.42622840614368285,
chirp_9db,validation,raster_image,13695,autoregression,4.364784197200804,0.9323360487592474,2.7428196842479946,0.07296305831246681,0.7749268701860162,0.43022270457939743,0.5583564456894645,
chirp_9db,validation,raster_image,13695,pca_r32_l01,3.6212289078659805,0.7735095480270794,2.2261380010578744,0.07296305831246681,0.644164445410482,0.6340226206141103,0.7148780082257448,
chirp_9db,validation,raster_image,13695,pca_r64_l01,2.319605391985904,0.4954773542370596,1.323386552818004,0.07296305831246681,0.416293204167659,0.8907466386023216,0.9036530668435218,
chirp_9db,validation,raster_image,13695,pca_r96_l01,1.9135634761805447,0.4087451131206754,1.2262339424125068,0.07296305831246681,0.3458123145941908,0.9305527325840465,0.9426467119058994,
chirp_9db,validation,raster_image,13695,pca_r64_l001,2.7983046246951044,0.5977295002777283,1.5717852279715552,0.07296305831246681,0.4998606248501167,0.8794420627260342,0.8882067841528622,
chirp_9db,validation,raster_image,13695,pca_r64_l1,2.7556455802013566,0.5886173510418846,1.7223451316038692,0.07296305831246681,0.4923989238891709,0.8341408570997619,0.8656325342215111,
chirp_9db,validation,raster_image,13695,template_1,3.5564613703611445,0.7596749327799267,2.1270136819064507,0.07296305831246681,0.6327877142824695,0.651263310397309,0.7267088202787652,
chirp_9db,validation,raster_image,13695,dictionary_8,4.1398338633680725,0.8842857223428382,2.4900866918685907,0.07296305831246681,0.7353412528487324,0.5528030214245659,0.6315224085023099,
chirp_9db,validation,raster_image,13695,dictionary_24,3.9186393246255875,0.837037649370399,2.401577884886226,0.07296305831246681,0.6964365997869449,0.653132175114097,0.6950141769905835,
chirp_9db,validation,raster_image,13695,dictionary_48,3.296424248789707,0.7041299226481261,2.0387879560266478,0.07296305831246681,0.5871393752827225,0.836438162995051,0.8326110983273345,
chirp_9db,validation,raster_image,13695,local_pca_8,4.496875164156028,0.9605512283978652,2.677013904610101,0.07296305831246681,0.7981799234475361,0.5772023781989283,0.6414287193373932,
chirp_9db,validation,raster_image,13695,local_pca_16,2.04366069128648,0.43653441907633694,1.2711222855296516,0.07296305831246681,0.3683400630419995,0.9306831333539679,0.9412384244144688,
chirp_9db,validation,raster_image,13695,local_pca_32,2.0367813270798982,0.43506495828456315,1.244322563216791,0.07296305831246681,0.36714736561805605,0.9629982467394737,0.9611847275279586,
chirp_9db,validation,raster_image,13695,local_dictionary_8,4.309959722442185,0.9206253130476094,2.5448653127287364,0.07296305831246681,0.7652774140242683,0.39098553131508423,0.5605737460244634,
chirp_9db,validation,raster_image,13695,local_dictionary_24,4.938823654717538,1.0549532631443899,2.7670538197703944,0.07296305831246681,0.8760174608816499,0.16062920570149597,0.38358378980170493,
chirp_9db,validation,raster_image,13808,zero_fill,7.193911183233597,1.0,4.139431246992431,0.13067649960847125,1.2782033886267503,,0.5704038327752761,
chirp_9db,validation,raster_image,13808,linear,9.839398782463729,1.367739819390015,5.13143678856531,0.13067649960847125,1.7441252748010636,-0.01066752287227102,0.30061331991639706,
chirp_9db,validation,raster_image,13808,pchip,10.095048362511776,1.4032767579949665,5.083401978928061,0.13067649960847125,1.7891982161667703,-0.013439651900928542,0.2874112377253501,
chirp_9db,validation,raster_image,13808,autoregression,12.967934146792063,1.8026263900804924,7.266995463168869,0.13067649960847125,2.2960338276688073,-0.0335386349302312,0.19166464457808458,
chirp_9db,validation,raster_image,13808,pca_r32_l01,0.7384713388047311,0.10265227356793624,0.5016856887988224,0.13067649960847125,0.1832609727516045,0.9954527723464862,0.9951726911463709,
chirp_9db,validation,raster_image,13808,pca_r64_l01,2.5244784677303533,0.3509187705311123,1.5211920262172904,0.13067649960847125,0.4644337381452344,0.9600819958820935,0.9711606841625977,
chirp_9db,validation,raster_image,13808,pca_r96_l01,4.067847536002863,0.5654570139096995,2.3127817690628234,0.13067649960847125,0.7305124560499501,0.8318721674976631,0.8895726637146738,
chirp_9db,validation,raster_image,13808,pca_r64_l001,2.8875518171428034,0.4013883051367998,1.7412114014618558,0.13067649960847125,0.5264065168293273,0.9333798035500507,0.9542754963452877,
chirp_9db,validation,raster_image,13808,pca_r64_l1,2.7525631712818033,0.38262401372108007,1.6772070723196435,0.13067649960847125,0.5033006924898543,0.956260576542462,0.967088885953112,
chirp_9db,validation,raster_image,13808,template_1,4.6393022751214374,0.6448929041456575,2.9210233213897556,0.13067649960847125,0.8301447986269201,0.8016403931412576,0.865381532347004,
chirp_9db,validation,raster_image,13808,dictionary_8,3.992140349170252,0.5549332272094888,2.4451924310452156,0.13067649960847125,0.7173421285708268,0.8944560768166349,0.917836503060909,
chirp_9db,validation,raster_image,13808,dictionary_24,3.4530515788190876,0.47999641514436553,2.113290241307391,0.13067649960847125,0.6238221897111539,0.9242949347433371,0.9423250250111274,
chirp_9db,validation,raster_image,13808,dictionary_48,2.9847173695654092,0.4148949428958346,1.8269814491816863,0.13067649960847125,0.5430787394059753,0.9605520729228403,0.965699570779512,
chirp_9db,validation,raster_image,13808,local_pca_8,2.0341187035221338,0.2827556042480658,1.2196757687973327,0.13067649960847125,0.38189517843849224,0.9706301953204444,0.9794883892445646,
chirp_9db,validation,raster_image,13808,local_pca_16,3.8997524398013157,0.5420907126140544,2.281088127712072,0.13067649960847125,0.7012808786825344,0.8480905298131778,0.8998075759331337,
chirp_9db,validation,raster_image,13808,local_pca_32,2.2661865968385975,0.3150145364763827,1.5449269563306705,0.13067649960847125,0.42074964593488184,0.9661310709945281,0.9760556266695682,
chirp_9db,validation,raster_image,13808,local_dictionary_8,2.642296011563945,0.36729616814316257,1.743798586601832,0.13067649960847125,0.48448087509900534,0.9678796827184001,0.9737488657579882,
chirp_9db,validation,raster_image,13808,local_dictionary_24,2.2027946716000826,0.30620265047669754,1.4439334050274009,0.13067649960847125,0.4100941637019677,0.9671890925280109,0.9769299489582945,
chirp_9db,validation,raster_image,13921,zero_fill,2.037341059611109,1.0,1.6787894236346887,0.17145305652381884,0.3977294644883265,,0.9542288946457875,
chirp_9db,validation,raster_image,13921,linear,2.332825048544421,1.1450341304119767,1.8575658123905892,0.17145305652381884,0.4455808489856399,0.08017072105511824,0.9364254840718377,
chirp_9db,validation,raster_image,13921,pchip,2.311551858182344,1.1345924862593093,1.8183406710123677,0.17145305652381884,0.44210266982760926,0.06644523719881373,0.9376342090074931,
chirp_9db,validation,raster_image,13921,autoregression,1.848522473317677,0.9073210715492702,1.4282006907625564,0.17145305652381884,0.3677769365854057,0.43522786659122226,0.9625649983379536,
chirp_9db,validation,raster_image,13921,pca_r32_l01,6.711993343614448,3.294486856754187,4.645602737758943,0.17145305652381884,1.19846432092617,0.03467056477119336,0.6406337727703687,
chirp_9db,validation,raster_image,13921,pca_r64_l01,3.669921760964247,1.8013291116141192,2.768398957398812,0.17145305652381884,0.6703452095732811,0.3813375387573729,0.8506273762081819,
chirp_9db,validation,raster_image,13921,pca_r96_l01,2.4599061764892807,1.2074101019486798,1.9688058042705874,0.17145305652381884,0.4664499928134803,0.4833168758070716,0.9246788929734508,
chirp_9db,validation,raster_image,13921,pca_r64_l001,4.15856524271184,2.0411728429532725,3.046540630713414,0.17145305652381884,0.7542576140281736,0.3752150622811868,0.8203846738743831,
chirp_9db,validation,raster_image,13921,pca_r64_l1,2.609743948590475,1.280955849919712,1.9702673380491103,0.17145305652381884,0.4912370909734155,0.39588339159113073,0.916026018315802,
chirp_9db,validation,raster_image,13921,template_1,2.1637623183817514,1.0620520840996421,1.7794290588529345,0.17145305652381884,0.41807400805587513,-0.31624448807464245,0.9473441151631816,
chirp_9db,validation,raster_image,13921,dictionary_8,2.162426370922741,1.0613963532131967,1.759401051180459,0.17145305652381884,0.4178579482758708,-0.3695070895450876,0.9474520981223582,
chirp_9db,validation,raster_image,13921,dictionary_24,2.121986165796419,1.041546851365901,1.761141313654183,0.17145305652381884,0.4113281064188426,0.06896359394386253,0.9487943870042828,
chirp_9db,validation,raster_image,13921,dictionary_48,1.7575890486250965,0.8626876881186442,1.4384544863442041,0.17145305652381884,0.35357106482374173,0.5188249314614657,0.9661556985371276,
chirp_9db,validation,raster_image,13921,local_pca_8,2.136013202433769,1.0484318236051722,1.684661555850866,0.17145305652381884,0.41359071969246963,0.38314126337620374,0.9444192575903263,
chirp_9db,validation,raster_image,13921,local_pca_16,1.343986657824937,0.6596768133075762,1.0151817892862958,0.17145305652381884,0.29141791322469773,0.7522344381800116,0.9792250400699601,
chirp_9db,validation,raster_image,13921,local_pca_32,1.4447803992420152,0.7091499935301934,1.103558898787206,0.17145305652381884,0.3061183936795365,0.711136173097395,0.9749798669781791,
chirp_9db,validation,raster_image,13921,local_dictionary_8,1.4410958517656658,0.707341485593357,1.0998312576838043,0.17145305652381884,0.30557517090257247,0.7188812458805048,0.9746239554999749,
chirp_9db,validation,raster_image,13921,local_dictionary_24,1.3916787312219627,0.6830857919722133,1.0964615669447895,0.17145305652381884,0.2983313153645062,0.7553386861290634,0.9752280709478958,
chirp_9db,validation,raster_image,14034,zero_fill,2.6704203489836824,1.0,1.7451488648771099,0.12661424099533014,0.48824017485549764,,0.8520543371953344,
chirp_9db,validation,raster_image,14034,linear,2.718155513868256,1.017875524691362,1.7611625360799685,0.12661424099533014,0.49640380312679705,-0.09325031290137695,0.8449950474265738,
chirp_9db,validation,raster_image,14034,pchip,2.741751118333303,1.026711438660497,1.773802984564079,0.12661424099533014,0.500442471143957,-0.12298146755825651,0.8414733840174098,
chirp_9db,validation,raster_image,14034,autoregression,2.1359249368726028,0.7998459634587117,1.4267903038247438,0.12661424099533014,0.39761560750702435,0.7597899620776777,0.9147372480119166,
chirp_9db,validation,raster_image,14034,pca_r32_l01,2.5036748932980437,0.9375583489134588,1.8026919625182574,0.12661424099533014,0.4598013877629156,0.4317901721217911,0.8640032501186223,
chirp_9db,validation,raster_image,14034,pca_r64_l01,3.5904365996146645,1.3445211354014452,2.4079639054465316,0.12661424099533014,0.6468239985343782,0.5610139601928509,0.7786484465760463,
chirp_9db,validation,raster_image,14034,pca_r96_l01,3.2161989648873357,1.204379290365791,2.1717575844280805,0.12661424099533014,0.5820465490526159,-0.018806406526793887,0.7687981756198178,
chirp_9db,validation,raster_image,14034,pca_r64_l001,3.8278170763613546,1.43341368628282,2.5322663123954143,0.12661424099533014,0.6880486382878194,0.6140449282693125,0.7746650155892031,
chirp_9db,validation,raster_image,14034,pca_r64_l1,2.6080565378186575,0.9766464439994402,1.7379098805029782,0.12661424099533014,0.4775891621979532,0.4714204398284808,0.8508542297394358,
chirp_9db,validation,raster_image,14034,template_1,2.332757790809683,0.8735545292326325,1.498862811085632,0.12661424099533014,0.43079595870938436,0.49634482621105414,0.8900752507140506,
chirp_9db,validation,raster_image,14034,dictionary_8,1.6649073763136577,0.6234626608306418,1.080189400912957,0.12661424099533014,0.31961318018872226,0.9551475934495016,0.9563206930532975,
chirp_9db,validation,raster_image,14034,dictionary_24,1.6092910453278295,0.6026358531683219,1.0552401776969167,0.12661424099533014,0.3105833128606491,0.8884597887277124,0.9572334718243528,
chirp_9db,validation,raster_image,14034,dictionary_48,1.6998827930954497,0.6365600058965986,1.0880105884776818,0.12661424099533014,0.32531559950346284,0.7864963093528068,0.9446680055970135,
chirp_9db,validation,raster_image,14034,local_pca_8,2.9172855629674608,1.0924443277545166,1.5857056228277182,0.12661424099533014,0.530551635169881,0.8237719853405785,0.8665379832887622,
chirp_9db,validation,raster_image,14034,local_pca_16,1.4955246095082118,0.5600334082525186,0.9858913718503505,0.12661424099533014,0.29227341674535995,0.8300104758815282,0.9542817824865277,
chirp_9db,validation,raster_image,14034,local_pca_32,1.094060102566067,0.4096958379539192,0.8314084606441717,0.12661424099533014,0.230077001698236,0.9433660255070716,0.9812658989805894,
chirp_9db,validation,raster_image,14034,local_dictionary_8,1.2347948556469592,0.4623971863144698,0.8663672681121326,0.12661424099533014,0.2513516263523899,0.9264517083643157,0.9757176808372553,
chirp_9db,validation,raster_image,14034,local_dictionary_24,0.6940031745316073,0.2598853677832905,0.5216154447018772,0.12661424099533014,0.17487554082899556,0.9681104296223492,0.9887938246530948,
chirp_9db,validation,raster_image,14147,zero_fill,3.2526710508031753,1.0,2.0252885399525606,0.07774119387642378,0.5800652833603709,,0.6308058934565326,
chirp_9db,validation,raster_image,14147,linear,4.418331343802073,1.3583701747863695,2.469486077575003,0.07774119387642378,0.7847970747590011,-0.10424128090834915,0.35212536452955157,
chirp_9db,validation,raster_image,14147,pchip,4.524039293209822,1.390868988148282,2.5322151872632883,0.07774119387642378,0.8033968123009737,-0.10212815790409824,0.3373233721883418,
chirp_9db,validation,raster_image,14147,autoregression,2.4597204661198537,0.7562155618264811,1.4107612835977514,0.07774119387642378,0.441502380423727,0.6535666893343852,0.8067312439209212,
chirp_9db,validation,raster_image,14147,pca_r32_l01,4.515490991924798,1.3882409015230106,2.6052823520097976,0.07774119387642378,0.801892554136371,-0.39618330096345383,0.26279740000927354,
chirp_9db,validation,raster_image,14147,pca_r64_l01,3.822730223045187,1.175258783731373,2.0881850789391594,0.07774119387642378,0.680087789557541,0.5235544954779308,0.6546643506803175,
chirp_9db,validation,raster_image,14147,pca_r96_l01,2.7578273193433667,0.8478654239144109,1.5992965178034486,0.07774119387642378,0.493487778891924,0.5381329615128476,0.7480953607269271,
chirp_9db,validation,raster_image,14147,pca_r64_l001,3.877249675433973,1.1920202242635547,1.9589563268215429,0.07774119387642378,0.6896652162380611,0.6843030781245234,0.7378189901977988,
chirp_9db,validation,raster_image,14147,pca_r64_l1,4.330780899207288,1.331453698073126,2.5522948872579896,0.07774119387642378,0.7693954137609439,-0.011851445719032969,0.3939803480279802,
chirp_9db,validation,raster_image,14147,template_1,4.548937706619812,1.3985237472742755,2.6458840757672153,0.07774119387642378,0.8077783720777932,-0.3143729978689263,0.27515924097398714,
chirp_9db,validation,raster_image,14147,dictionary_8,4.510262366748817,1.3866334149083743,2.665403909136635,0.07774119387642378,0.8009724774238486,-0.396705367327261,0.26386182855758966,
chirp_9db,validation,raster_image,14147,dictionary_24,4.084045304031857,1.2555973967989762,2.3937431766352413,0.07774119387642378,0.7260075011529226,-0.2511269496609237,0.3819686776401356,
chirp_9db,validation,raster_image,14147,dictionary_48,4.181949072709857,1.285696895687382,2.4230503220101456,0.07774119387642378,0.7432204530101608,-0.20053895943653977,0.3696381331745,
chirp_9db,validation,raster_image,14147,local_pca_8,5.668700519926908,1.7427832176657236,3.2613292098255,0.07774119387642378,1.0050111951273988,0.655604225835399,0.6750246581813644,
chirp_9db,validation,raster_image,14147,local_pca_16,3.3919232775886066,1.0428116537487078,1.807597722720622,0.07774119387642378,0.604475444368729,0.2525388422871565,0.5997602350386835,
chirp_9db,validation,raster_image,14147,local_pca_32,2.9098046548928034,0.8945892804543796,1.6298731064034047,0.07774119387642378,0.5200455995517698,0.4463333039781323,0.7165883130154406,
chirp_9db,validation,raster_image,14147,local_dictionary_8,4.485211469934418,1.3789317763402156,2.5845298849184255,0.07774119387642378,0.7965644281070534,-0.3675803807061291,0.27502946987638344,
chirp_9db,validation,raster_image,14147,local_dictionary_24,3.403516258595196,1.046375795595676,1.939647247252722,0.07774119387642378,0.6065083834052483,0.1476471427266503,0.5848514557134528,
chirp_9db,validation,raster_image,14260,zero_fill,4.3243094966231,1.0,2.847952799422769,0.08343298680252804,0.7688352713779796,,0.4969092899344469,
chirp_9db,validation,raster_image,14260,linear,4.304439789420008,0.9954051144538547,2.8219546926688883,0.08343298680252804,0.7653429554502159,0.10302967718127504,0.5046059626853433,
chirp_9db,validation,raster_image,14260,pchip,4.3095939685971745,0.9965970224755148,2.8254703417239937,0.08343298680252804,0.7662488404571092,0.062413216388917135,0.5020534210145198,
chirp_9db,validation,raster_image,14260,autoregression,4.481068993840075,1.0362507580318636,2.837936805863854,0.08343298680252804,0.7963936740363832,0.1572271407620987,0.45213342629890796,
chirp_9db,validation,raster_image,14260,pca_r32_l01,3.961028210472487,0.9159909145184212,2.346633501930222,0.08343298680252804,0.7050163439162551,0.5755133778414049,0.6674877065868206,
chirp_9db,validation,raster_image,14260,pca_r64_l01,3.046799451992217,0.7045747891938575,1.7911845720881767,0.08343298680252804,0.54482737697798,0.7892055797659182,0.8243569025848838,
chirp_9db,validation,raster_image,14260,pca_r96_l01,2.430093114102929,0.5619609595475566,1.4560501632715201,0.08343298680252804,0.4373623178034498,0.8290381822370719,0.8686950196832436,
chirp_9db,validation,raster_image,14260,pca_r64_l001,3.1251925819332476,0.7227032626535506,1.8542091554617035,0.08343298680252804,0.5585310431183838,0.7948378313247709,0.8256971607583833,
chirp_9db,validation,raster_image,14260,pca_r64_l1,2.8939363216163816,0.6692250690835815,1.7933490009898372,0.08343298680252804,0.5181294600369277,0.7466209806192662,0.8098924559280166,
chirp_9db,validation,raster_image,14260,template_1,4.02325822554788,0.9303816548491003,2.4119890401218855,0.08343298680252804,0.7159434272196632,0.3699121939362126,0.585071498608194,
chirp_9db,validation,raster_image,14260,dictionary_8,3.4022160630338374,0.7867651623202883,2.0587914978919226,0.08343298680252804,0.6070128474097557,0.6795848011491692,0.7570461734246946,
chirp_9db,validation,raster_image,14260,dictionary_24,2.7080469701450123,0.6262380091572435,1.6999130559781341,0.08343298680252804,0.4857118279649627,0.9311626293379496,0.9035651800705379,
chirp_9db,validation,raster_image,14260,dictionary_48,2.9707729362553903,0.686993597145463,1.8969611840977583,0.08343298680252804,0.5315450592576204,0.8000732429926288,0.8381525303128267,
chirp_9db,validation,raster_image,14260,local_pca_8,5.048526244357253,1.1674756971719304,2.9719629633150193,0.08343298680252804,0.8962318722339392,0.4581195815649855,0.5541255342357658,
chirp_9db,validation,raster_image,14260,local_pca_16,2.2137208122999597,0.5119246931859706,1.2869395479893915,0.08343298680252804,0.3998575057403461,0.8590663302868694,0.8935671041551828,
chirp_9db,validation,raster_image,14260,local_pca_32,2.086543119767839,0.482514750943993,1.2515041494880013,0.08343298680252804,0.3778828833341184,0.8793586841690213,0.9092695436368745,
chirp_9db,validation,raster_image,14260,local_dictionary_8,2.4492696218219585,0.5663955421633488,1.5445117735005,0.08343298680252804,0.4406924466915105,0.9532996892061935,0.9319114753161175,
chirp_9db,validation,raster_image,14260,local_dictionary_24,2.7796699683028834,0.6428008842737916,1.734189683154635,0.08343298680252804,0.49819543399702426,0.80713461587941,0.8533081204908155,
chirp_9db,validation,raster_image,14373,zero_fill,2.785930665004614,1.0,1.7312503378372324,0.06989088938447607,0.4972686804937735,,0.6103234441147026,
chirp_9db,validation,raster_image,14373,linear,2.8768790355655054,1.032645597287591,1.8024500830531258,0.06989088938447607,0.513196472314206,-0.08108686791534794,0.5704835586215083,
chirp_9db,validation,raster_image,14373,pchip,2.874946181839307,1.031951806250191,1.8031892460804584,0.06989088938447607,0.5128578743625017,-0.07984315822200569,0.5713106339930499,
chirp_9db,validation,raster_image,14373,autoregression,3.364333963591804,1.2076158268591484,1.9772656181640325,0.06989088938447607,0.5987009334687917,-0.07145317202765736,0.4129485008081124,
chirp_9db,validation,raster_image,14373,pca_r32_l01,0.9114301281167664,0.3271546343796955,0.5715230962489992,0.06989088938447607,0.17519022763007597,0.9761298518941807,0.9801191360217966,
chirp_9db,validation,raster_image,14373,pca_r64_l01,1.8184162779823663,0.6527141184180744,1.089240564512765,0.06989088938447607,0.328731681477215,0.8457121503894693,0.8829008914157837,
chirp_9db,validation,raster_image,14373,pca_r96_l01,0.896056643507134,0.32163637622533936,0.5441782340196477,0.06989088938447607,0.1726941242269855,0.97042348058136,0.9778263060029843,
chirp_9db,validation,raster_image,14373,pca_r64_l001,1.5599333311120687,0.5599325750303571,0.9305902072701688,0.06989088938447607,0.28421046484636275,0.8913923976943918,0.919717952805584,
chirp_9db,validation,raster_image,14373,pca_r64_l1,2.2990882288558048,0.8252496222306369,1.3453184117538413,0.06989088938447607,0.41220570991052463,0.6544054755682963,0.7743221201596462,
chirp_9db,validation,raster_image,14373,template_1,2.010078366006029,0.7215105498695891,1.1808982100151457,0.06989088938447607,0.3619323946917182,0.6981336162156755,0.8223915158021416,
chirp_9db,validation,raster_image,14373,dictionary_8,1.8239383887910579,0.6546962606436715,1.0549808810345593,0.06989088938447607,0.3296863127984911,0.8107753784075485,0.8742254975926675,
chirp_9db,validation,raster_image,14373,dictionary_24,2.3775853799993496,0.8534258981622617,1.3690295743286678,0.06989088938447607,0.42589387866045175,0.5717732941966784,0.7481293471457331,
chirp_9db,validation,raster_image,14373,dictionary_48,2.2743282301366263,0.8163621078964862,1.2929233009923067,0.06989088938447607,0.40789075311993556,0.6013126459800325,0.7704496414797751,
chirp_9db,validation,raster_image,14373,local_pca_8,2.6183704303559283,0.9398548439293595,1.4834624638054703,0.06989088938447607,0.4679506697942982,0.39958496166358193,0.6639464840818157,
chirp_9db,validation,raster_image,14373,local_pca_16,1.4161909004061892,0.5083367357973512,0.7630390712677984,0.06989088938447607,0.2596285504921429,0.9402601102699023,0.9445223661464731,
chirp_9db,validation,raster_image,14373,local_pca_32,1.7066783374992438,0.6126061782289248,0.9698063469569607,0.06989088938447607,0.30944394568507516,0.8751278352895898,0.9020539902470561,
chirp_9db,validation,raster_image,14373,local_dictionary_8,1.9321675728106418,0.69354474505827,1.1230887905021212,0.06989088938447607,0.3484204696918165,0.7909552940185531,0.8573141986086864,
chirp_9db,validation,raster_image,14373,local_dictionary_24,1.694350011654226,0.608180969087908,0.9542787189946973,0.06989088938447607,0.30731949941084424,0.8996454137156873,0.9088140929323465,
chirp_9db,validation,raster_image,14486,zero_fill,3.322696932155594,1.0,2.191749511204736,0.26876997881376563,0.6441969625484872,,0.9501566556659136,
chirp_9db,validation,raster_image,14486,linear,3.9293141211013594,1.1825677157236918,2.5272134377918762,0.26876997881376563,0.7432795951294309,-0.09320709027362047,0.9253082497128516,
chirp_9db,validation,raster_image,14486,pchip,4.170548975477574,1.255169839631428,2.6530694771726675,0.26876997881376563,0.7832790671217371,-0.07148535879855737,0.9145882165812701,
chirp_9db,validation,raster_image,14486,autoregression,2.977717160656377,0.8961747705122741,1.9391718026064204,0.26876997881376563,0.5891242397545908,0.4662195278633526,0.9602774309844216,
chirp_9db,validation,raster_image,14486,pca_r32_l01,8.436706521559106,2.539114067224243,5.4373835434873365,0.26876997881376563,1.5146923499280316,0.6512389070774685,0.7734651983249936,
chirp_9db,validation,raster_image,14486,pca_r64_l01,3.0970941541718315,0.9321025111256828,1.9437408290606328,0.26876997881376563,0.6080539795801295,0.76905078333983,0.9478694739389183,
chirp_9db,validation,raster_image,14486,pca_r96_l01,1.7406252611150548,0.5238591712262566,1.4432846137004536,0.26876997881376563,0.40578368030615947,0.8644827075202554,0.9827888488276837,
chirp_9db,validation,raster_image,14486,pca_r64_l001,4.47019320461674,1.34535086885481,2.75759200844745,0.26876997881376563,0.8333288597820302,0.6667174988152763,0.9033000219328308,
chirp_9db,validation,raster_image,14486,pca_r64_l1,1.5663049774879936,0.471395679313989,1.1378963070913044,0.26876997881376563,0.382943681783047,0.8821146582842011,0.9872710680648102,
chirp_9db,validation,raster_image,14486,template_1,3.3474371210068083,1.0074458156601012,2.155917135548915,0.26876997881376563,0.6481871745962076,0.1060918127257358,0.9486408163728773,
chirp_9db,validation,raster_image,14486,dictionary_8,3.5453563948056437,1.0670116676893548,2.248193456301242,0.26876997881376563,0.6802781672100986,-0.17573921092217987,0.9416605643703657,
chirp_9db,validation,raster_image,14486,dictionary_24,3.785511163025404,1.1392887284997009,2.3019030205150965,0.26876997881376563,0.7195799797505152,-0.4965021479769501,0.9324458384991177,
chirp_9db,validation,raster_image,14486,dictionary_48,3.968533344016282,1.1943711464053697,2.6867643646168444,0.26876997881376563,0.7497627385010535,-0.24485143125678469,0.9240386550255301,
chirp_9db,validation,raster_image,14486,local_pca_8,0.994745107591598,0.2993788262675702,0.7959194571451045,0.26876997881376563,0.3176512521586928,0.9618301322651939,0.995302561809353,
chirp_9db,validation,raster_image,14486,local_pca_16,1.511315343526547,0.45484598035430324,1.2890724071193636,0.26876997881376563,0.37597499976880433,0.8913077274335907,0.9876193149714131,
chirp_9db,validation,raster_image,14486,local_pca_32,1.168134112495944,0.3515620402183713,0.9735582708817743,0.26876997881376563,0.33559153239256123,0.9385749759227924,0.9929756011158902,
chirp_9db,validation,raster_image,14486,local_dictionary_8,1.6610260817141687,0.49990297509215825,1.1971562701530218,0.26876997881376563,0.39522003329604405,0.9031314804199219,0.989006195012876,
chirp_9db,validation,raster_image,14486,local_dictionary_24,1.5740737269768506,0.4737337648052279,1.0972989526914858,0.26876997881376563,0.38393783858917624,0.9596047719387177,0.9912911346109013,
chirp_9db,validation,raster_image,14599,zero_fill,2.177315072302995,1.0,1.4206222754112985,0.16687513549264976,0.41847817895225253,,0.9420861578539301,
chirp_9db,validation,raster_image,14599,linear,2.2027780182454255,1.0116946537808595,1.4457816574673215,0.16687513549264976,0.42262193631992323,-0.0201440954036358,0.9403047585698167,
chirp_9db,validation,raster_image,14599,pchip,2.2130185491775025,1.0163979376842063,1.456329928723369,0.16687513549264976,0.42429050098444104,-0.037571716692087455,0.9396304022479055,
chirp_9db,validation,raster_image,14599,autoregression,2.034536327929985,0.9344243990273813,1.308428404977934,0.16687513549264976,0.39538765415583066,0.3938483196471903,0.9500707560997067,
chirp_9db,validation,raster_image,14599,pca_r32_l01,4.70321211977988,2.160097167198309,2.6816222282858853,0.16687513549264976,0.8474865574129471,0.6874498441255023,0.7994708645874669,
chirp_9db,validation,raster_image,14599,pca_r64_l01,1.773614713396399,0.8145879923204716,1.2924121428374826,0.16687513549264976,0.3539498458376813,0.8893316269346367,0.9525712887051421,
chirp_9db,validation,raster_image,14599,pca_r96_l01,1.0940750937908434,0.5024881826742768,0.78401584627345,0.16687513549264976,0.2537387280174875,0.9205007118515107,0.9783739850935431,
chirp_9db,validation,raster_image,14599,pca_r64_l001,3.6291315129494754,1.6667920775980585,2.3300488474529173,0.16687513549264976,0.6622372633377743,0.8963194121644118,0.8710763228364878,
chirp_9db,validation,raster_image,14599,pca_r64_l1,1.6481518744460846,0.7569652621302977,1.1580200989577176,0.16687513549264976,0.3344618456124956,0.6932558243597595,0.9683027862537109,
chirp_9db,validation,raster_image,14599,template_1,2.0691131434293806,0.9503048822607163,1.3265224559706659,0.16687513549264976,0.40095572684714087,0.32474149222674975,0.9479863214232966,
chirp_9db,validation,raster_image,14599,dictionary_8,3.270898191318817,1.5022622278819366,2.1601545757819327,0.16687513549264976,0.6010938366373503,-0.473748822812897,0.8559806077657739,
chirp_9db,validation,raster_image,14599,dictionary_24,2.914406505888257,1.3385322790263994,1.956231405058638,0.16687513549264976,0.540746934739931,-0.4975716033317589,0.8870999116678163,
chirp_9db,validation,raster_image,14599,dictionary_48,2.2847525440871572,1.0493440169274737,1.472472392726035,0.16687513549264976,0.4360103505053354,0.07727617760626732,0.9336833390353863,
chirp_9db,validation,raster_image,14599,local_pca_8,3.9571805438518237,1.8174588483724707,2.2874232966785972,0.16687513549264976,0.7185607249229143,-0.39215264407989275,0.793275836931266,
chirp_9db,validation,raster_image,14599,local_pca_16,1.2079207913967789,0.5547753776026242,0.7681017201110858,0.16687513549264976,0.26939395377083314,0.8971343816612409,0.9846339186013061,
chirp_9db,validation,raster_image,14599,local_pca_32,1.65010464958672,0.7578621351485743,1.0354105765577015,0.16687513549264976,0.33476260202213204,0.7164471473111714,0.9686322130871454,
chirp_9db,validation,raster_image,14599,local_dictionary_8,2.407977134224218,1.1059387613926022,1.5336660426012654,0.16687513549264976,0.456262688699006,0.1268902373614732,0.9238970578209168,
chirp_9db,validation,raster_image,14599,local_dictionary_24,2.027973385584456,0.9314101626272322,1.3653215568748633,0.16687513549264976,0.394332612177496,0.37717064958749935,0.9485956740347907,
chirp_9db,test,raster_image,16000,zero_fill,3.112314391910873,1.0,1.9860834463371835,0.1768890649875651,0.5770745958813778,,0.9028848647954255,False
chirp_9db,test,raster_image,16000,linear,4.496402874399587,1.4447135823058423,2.614455144878222,0.1768890649875651,0.8137033548379727,-0.147977028164611,0.7814764465588016,False
chirp_9db,test,raster_image,16000,pchip,4.110486432761154,1.320716969803758,2.353495156664196,0.1768890649875651,0.7472048057299733,-0.18010654378078644,0.8157939214175187,False
chirp_9db,test,raster_image,16000,autoregression,3.6080875753634185,1.1592940561342695,2.1317683458863588,0.1768890649875651,0.6611608619544042,0.6928526039125964,0.8735789516917825,False
chirp_9db,test,raster_image,16000,pca_r32_l01,4.388549279056695,1.4100597582502743,2.5781854577856773,0.1768890649875651,0.7950893573088669,0.8041340003870392,0.8528396759497012,False
chirp_9db,test,raster_image,16000,pca_r64_l01,3.8324460093118144,1.2313813859141656,2.3687461699310965,0.1768890649875651,0.699500366220586,0.7756919273011766,0.8713883183732092,False
chirp_9db,test,raster_image,16000,pca_r96_l01,2.019258729323372,0.6487965144432611,1.2567149684582617,0.1768890649875651,0.39715345729902,0.7781843261202287,0.9545304434308255,False
chirp_9db,test,raster_image,16000,pca_r64_l001,5.252265461654874,1.6875754825109848,3.2112472415661393,0.1768890649875651,0.9446605617292202,0.7434914715357467,0.8102009211202538,False
chirp_9db,test,raster_image,16000,pca_r64_l1,1.9830807976972313,0.6371723894126505,1.266689681191934,0.1768890649875651,0.3914153576634144,0.8129542642686393,0.9541468025584959,False
chirp_9db,test,raster_image,16000,template_1,3.1004025481968482,0.9961726733825527,1.869310548028626,0.1768890649875651,0.5750673314258224,0.26478025346147743,0.8996846129140627,False
chirp_9db,test,raster_image,16000,dictionary_8,2.2733826851599446,0.730447634425567,1.8712175269541698,0.1768890649875651,0.4379729876752699,0.7046270683114199,0.943906746438431,False
chirp_9db,test,raster_image,16000,dictionary_24,2.145138641948076,0.6892422717715935,1.7819914859148887,0.1768890649875651,0.41726796597990623,0.7343723408982028,0.9505280388547052,False
chirp_9db,test,raster_image,16000,dictionary_48,3.3822261028670693,1.0867237936044365,2.491169842104199,0.1768890649875651,0.6227317688919319,0.4480641260034678,0.8759241972470496,False
chirp_9db,test,raster_image,16000,local_pca_8,4.576870606617317,1.4705682107543279,2.582879256089429,0.1768890649875651,0.8276043463363659,0.6730769160807735,0.8271009960396686,False
chirp_9db,test,raster_image,16000,local_pca_16,1.7453856003354908,0.5607999001874208,1.0811349848698775,0.1768890649875651,0.35427535523833315,0.8321658271814896,0.9660495641281153,False
chirp_9db,test,raster_image,16000,local_pca_32,1.617793428753102,0.5198039866916602,0.9710265769481842,0.1768890649875651,0.33481513363693255,0.8545033837682597,0.9713067802560611,True
chirp_9db,test,raster_image,16000,local_dictionary_8,2.8397359415686614,0.9124193715613491,1.9327466584197477,0.1768890649875651,0.531333293426613,0.5306928985933627,0.912427350744837,False
chirp_9db,test,raster_image,16000,local_dictionary_24,2.3316326056367545,0.7491635844042086,1.515806986306274,0.1768890649875651,0.4474403796996963,0.6719358795357024,0.9424441197567127,False
chirp_9db,test,raster_image,16102,zero_fill,3.469202269253723,1.0,2.0540094845580876,0.09200846831565343,0.6199243071358277,,0.67496576966969,False
chirp_9db,test,raster_image,16102,linear,3.7277863966688525,1.0745370570366757,2.168177738973326,0.09200846831565343,0.665179104750295,-0.07668214372989392,0.6035166136464106,False
chirp_9db,test,raster_image,16102,pchip,3.6678078508081726,1.0572481989057307,2.1618736287274487,0.09200846831565343,0.6546766075691884,-0.11166748638898427,0.6192998233698442,False
chirp_9db,test,raster_image,16102,autoregression,4.431296019449151,1.2773242017976625,2.649044399128976,0.09200846831565343,0.7885670690697753,0.21735934534917284,0.5355694635581542,False
chirp_9db,test,raster_image,16102,pca_r32_l01,4.061601999249909,1.1707596398302886,2.2807779012604428,0.09200846831565343,0.7236850814107273,0.5535358636878096,0.6892617966205664,False
chirp_9db,test,raster_image,16102,pca_r64_l01,4.507583954181225,1.2993142527693762,2.5103415120244423,0.09200846831565343,0.8019652698505642,0.7345959593052267,0.7627504310854624,False
chirp_9db,test,raster_image,16102,pca_r96_l01,3.0825250175420758,0.8885400095755076,1.852556852349009,0.09200846831565343,0.5523923195199548,0.6127360617951422,0.7699276956019752,False
chirp_9db,test,raster_image,16102,pca_r64_l001,6.056204940032852,1.7457053437635481,3.3967924165518903,0.09200846831565343,1.0744191829363825,0.6763018882578063,0.6925468252471464,False
chirp_9db,test,raster_image,16102,pca_r64_l1,1.8198459403908571,0.5245718753615174,1.055701346806638,0.09200846831565343,0.3342094941917351,0.8559403300321492,0.9161176132163261,False
chirp_9db,test,raster_image,16102,template_1,4.4731983062438605,1.2894025655085577,2.6351848293061706,0.09200846831565343,0.795925864019353,0.23653067216566803,0.5382103678568617,False
chirp_9db,test,raster_image,16102,dictionary_8,2.600355625232038,0.7495543422988171,1.5878154522161334,0.09200846831565343,0.4685176651942897,0.662022349755659,0.8291005531319862,False
chirp_9db,test,raster_image,16102,dictionary_24,2.2067891842556944,0.6361085382116989,1.3657369688257248,0.09200846831565343,0.4004821628847643,0.7728560444070588,0.8819133066591064,False
chirp_9db,test,raster_image,16102,dictionary_48,2.541711935141719,0.7326502572847905,1.5040077351925367,0.09200846831565343,0.45835070724887594,0.7110412955447297,0.8369330176505981,False
chirp_9db,test,raster_image,16102,local_pca_8,5.066094793789775,1.460305396052784,2.6708761577846554,0.09200846831565343,0.9001345171202091,0.7419852427528442,0.752878757785059,False
chirp_9db,test,raster_image,16102,local_pca_16,3.6188313414285447,1.043130685547202,2.029202048165404,0.09200846831565343,0.6461030438134726,0.541120371343601,0.7093173405984279,False
chirp_9db,test,raster_image,16102,local_pca_32,1.8848481903181487,0.5433088197315193,1.0457504221462797,0.09200846831565343,0.3452845296835446,0.8560672951643009,0.9110466843836027,True
chirp_9db,test,raster_image,16102,local_dictionary_8,2.682563424878254,0.7732507985057075,1.5808461050552127,0.09200846831565343,0.4827842049634507,0.6439190797704792,0.8151714711490327,False
chirp_9db,test,raster_image,16102,local_dictionary_24,1.9049697474024323,0.5491088727473419,1.152840336452642,0.09200846831565343,0.3487182800993364,0.8359556005183021,0.9116920272234075,False
chirp_9db,test,raster_image,16205,zero_fill,5.500792319542194,1.0,3.5019066150563143,0.08636976444163898,0.9761206374796103,,0.4613318101224953,False
chirp_9db,test,raster_image,16205,linear,6.589438770079881,1.197907208143479,3.9188125928994584,0.08636976444163898,1.1679570187823247,0.0021928030429556617,0.25195328167858794,False
chirp_9db,test,raster_image,16205,pchip,6.654379352516777,1.2097128860648552,3.925247800427554,0.08636976444163898,1.1794068476052701,0.0013203964376004398,0.24595602545168954,False
chirp_9db,test,raster_image,16205,autoregression,7.943988786335888,1.444153555500352,4.46426787323003,0.08636976444163898,1.4068827427589154,-0.11900170927708975,0.10637513965710663,False
chirp_9db,test,raster_image,16205,pca_r32_l01,2.8188543343810264,0.5124451480138096,1.6628036774818122,0.08636976444163898,0.5055069108380075,0.9222920895246421,0.9295787431855037,False
chirp_9db,test,raster_image,16205,pca_r64_l01,2.995003159946828,0.5444675941148944,1.6796714795538552,0.08636976444163898,0.5362280225855506,0.9099924009891872,0.9176585730797099,False
chirp_9db,test,raster_image,16205,pca_r96_l01,2.2543190640043482,0.4098171559750805,1.339314805767592,0.08636976444163898,0.4074772334450981,0.9776336789067216,0.9731014263817008,False
chirp_9db,test,raster_image,16205,pca_r64_l001,2.98855909173362,0.5432961141100386,1.6752775295657003,0.08636976444163898,0.5351032980674302,0.8912313962563795,0.9083210635715095,False
chirp_9db,test,raster_image,16205,pca_r64_l1,3.4384195368258776,0.6250771410893843,2.044898600643277,0.08636976444163898,0.6137482365994706,0.8821357530222445,0.8845448110809576,False
chirp_9db,test,raster_image,16205,template_1,3.6093440382414217,0.6561498468900223,2.222729800391547,0.08636976444163898,0.6436860698568859,0.7717759849270123,0.8245363061130342,False
chirp_9db,test,raster_image,16205,dictionary_8,3.3145215463385025,0.6025534784440572,2.0374973499735494,0.08636976444163898,0.5920648429343225,0.8700870867737046,0.8859861025175381,False
chirp_9db,test,raster_image,16205,dictionary_24,3.494183448699915,0.6352145737781135,2.1245593004508874,0.08636976444163898,0.6235124747065326,0.8460682710556405,0.8665768471943204,False
chirp_9db,test,raster_image,16205,dictionary_48,2.9150909296372767,0.5299401904851202,1.7677491167468133,0.08636976444163898,0.522284852551578,0.9012580140840463,0.915800467600888,False
chirp_9db,test,raster_image,16205,local_pca_8,3.3341610128463794,0.6061237762060915,1.9233238031447542,0.08636976444163898,0.5955008785175516,0.856974510695364,0.8789143830301747,False
chirp_9db,test,raster_image,16205,local_pca_16,2.8298302550526384,0.5144404825100091,1.6139358393638292,0.08636976444163898,0.5074196702099787,0.9470230683903927,0.9414076721061707,False
chirp_9db,test,raster_image,16205,local_pca_32,2.622007455058149,0.47665996146467254,1.5097087838311356,0.08636976444163898,0.47124087911867535,0.9636838488935238,0.9564646164978704,True
chirp_9db,test,raster_image,16205,local_dictionary_8,3.3508459999364058,0.6091569732658588,2.0258077434653465,0.08636976444163898,0.5984203355969427,0.8491727004986146,0.8745413919490067,False
chirp_9db,test,raster_image,16205,local_dictionary_24,3.1283139934866724,0.5687024362604963,1.8707825647681253,0.08636976444163898,0.5595087204510691,0.8618793183627915,0.8884894813149339,False
chirp_9db,test,raster_image,16308,zero_fill,3.016989523028634,1.0,1.9403709498881065,0.13475960004523205,0.5495791124237546,,0.8640146983071959,False
chirp_9db,test,raster_image,16308,linear,4.565033420296475,1.513108807787248,2.657496310301248,0.13475960004523205,0.817819027435903,-0.06266616371375731,0.6849103688823827,False
chirp_9db,test,raster_image,16308,pchip,4.9216035320947995,1.6312961959358083,2.8931057043474877,0.13475960004523205,0.8800771622964176,-0.05732721153234354,0.6496365185961842,False
chirp_9db,test,raster_image,16308,autoregression,3.725235288605134,1.2347524776504761,2.235840160226741,0.13475960004523205,0.6717594109734306,0.25004406843126137,0.7858622210836751,False
chirp_9db,test,raster_image,16308,pca_r32_l01,1.8737498094920984,0.6210660644293907,1.446571366934811,0.13475960004523205,0.35680452423677284,0.8066654888308253,0.9430933493127868,False
chirp_9db,test,raster_image,16308,pca_r64_l01,4.0637714603965716,1.3469624038724257,2.583607977432675,0.13475960004523205,0.7305221404556419,0.3977870656133307,0.7705395140168356,False
chirp_9db,test,raster_image,16308,pca_r96_l01,1.6857039828062594,0.5587371019817295,1.1246253853111807,0.13475960004523205,0.3261787547488227,0.8577382443282399,0.9523675393291906,False
chirp_9db,test,raster_image,16308,pca_r64_l001,6.146443036331134,2.0372768912239936,3.730055715376313,0.13475960004523205,1.0946136110918088,0.22303434619560952,0.6066726335315485,False
chirp_9db,test,raster_image,16308,pca_r64_l1,1.3876399501772798,0.4599419187854137,0.9993018387144399,0.13475960004523205,0.2788654063378336,0.9098833677526224,0.9758406194036181,False
chirp_9db,test,raster_image,16308,template_1,2.7047263319283785,0.8964984171417384,1.6899005281428914,0.13475960004523205,0.4961888871236947,0.45273729301773386,0.8892471578760671,False
chirp_9db,test,raster_image,16308,dictionary_8,2.3389900188345623,0.7752728343870895,1.4016208237700334,0.13475960004523205,0.43423204309960334,0.6321234153193287,0.917801253379014,False
chirp_9db,test,raster_image,16308,dictionary_24,2.4682677749854505,0.8181227532098475,1.3657519342919442,0.13475960004523205,0.4560465454920181,0.6249132697316677,0.9044458442151007,False
chirp_9db,test,raster_image,16308,dictionary_48,2.7270781944855362,0.9039070814365747,1.5373287827503566,0.13475960004523205,0.49999750383043695,0.5433242337110316,0.8831437810999326,False
chirp_9db,test,raster_image,16308,local_pca_8,1.741215951775145,0.5771368904281805,1.071208073644355,0.13475960004523205,0.335167758119493,0.8602246765498237,0.9616336814136021,False
chirp_9db,test,raster_image,16308,local_pca_16,0.888089453825967,0.29436279014136246,0.6024243891279566,0.13475960004523205,0.20552277260772883,0.9565674067255213,0.9870712120192263,False
chirp_9db,test,raster_image,16308,local_pca_32,0.9700569868922811,0.3215314403606149,0.6688680576258,0.13475960004523205,0.2167930466015782,0.9663541833159285,0.9896000743233333,True
chirp_9db,test,raster_image,16308,local_dictionary_8,0.9985756193973817,0.33098411902834585,0.6517544356672011,0.13475960004523205,0.22080236578709805,0.950729649122577,0.9864355178835338,False
chirp_9db,test,raster_image,16308,local_dictionary_24,0.9739087534408088,0.3228081324137782,0.613233204383191,0.13475960004523205,0.21733204031817221,0.9478096990939956,0.9851532076057149,False
chirp_9db,test,raster_image,16411,zero_fill,4.559281444897343,1.0,2.578899810656585,0.110460639934313,0.8132745430511312,,0.6524975936873181,False
chirp_9db,test,raster_image,16411,linear,5.842684695503099,1.281492438252987,3.1061378586212394,0.110460639934313,1.0385568802622491,0.017710630212953257,0.4491194190974099,False
chirp_9db,test,raster_image,16411,pchip,5.9994750409019515,1.3158817049156823,3.119920222882235,0.110460639934313,1.066125416353259,0.01074910950010733,0.43213829016766653,False
chirp_9db,test,raster_image,16411,autoregression,5.216684546908295,1.144190068096521,2.980195202631249,0.110460639934313,0.9285749465607139,0.34552513476659913,0.5986434737746203,False
chirp_9db,test,raster_image,16411,pca_r32_l01,2.0338765443948295,0.4460958528171371,1.1499773902563812,0.110460639934313,0.3756204009724731,0.9382089041789983,0.9589760827399157,False
chirp_9db,test,raster_image,16411,pca_r64_l01,2.9605952089434915,0.6493556593785037,1.7109011244944519,0.110460639934313,0.5345375376620778,0.7753784750289348,0.8656576269341201,False
chirp_9db,test,raster_image,16411,pca_r96_l01,1.9600195997681664,0.4298966017905697,1.1246165475685723,0.110460639934313,0.3631427480039272,0.9375619021345835,0.9470004933442494,False
chirp_9db,test,raster_image,16411,pca_r64_l001,3.6460456406628667,0.7996974270459764,2.162651050991552,0.110460639934313,0.6536411705786175,0.7223401053198716,0.8154570592634118,False
chirp_9db,test,raster_image,16411,pca_r64_l1,2.245780712738844,0.4925733890045934,1.2490305924362328,0.110460639934313,0.41161948265074816,0.9131183653760588,0.9449912806885526,False
chirp_9db,test,raster_image,16411,template_1,4.157986219772454,0.9119827915922999,2.5278351606477005,0.110460639934313,0.7430321650598576,0.45442184063088426,0.7173093097717389,False
chirp_9db,test,raster_image,16411,dictionary_8,2.6192457091958476,0.5744865152220983,1.6179279744619144,0.110460639934313,0.4756146098522316,0.860099678462082,0.9161193950984304,False
chirp_9db,test,raster_image,16411,dictionary_24,2.2444034387440106,0.49227130763245647,1.3307124119190492,0.110460639934313,0.4113846640486545,0.9067852517087354,0.9429426953579669,False
chirp_9db,test,raster_image,16411,dictionary_48,1.903346701585951,0.4174663759167881,1.103859973696832,0.110460639934313,0.3535965572095264,0.938205153326538,0.9618508068181274,False
chirp_9db,test,raster_image,16411,local_pca_8,3.394711841541493,0.74457167923704,1.8932902184215592,0.110460639934313,0.6098749008330947,0.7415480745807284,0.8332703366853207,False
chirp_9db,test,raster_image,16411,local_pca_16,1.9894183388320954,0.43634470976969686,1.1070324343734588,0.110460639934313,0.36810466705718914,0.9273330949381059,0.9430466154868153,False
chirp_9db,test,raster_image,16411,local_pca_32,1.294576604383674,0.28394312130753374,0.7755810049618138,0.110460639934313,0.253363420235711,0.9594515583889536,0.9719114370319577,True
chirp_9db,test,raster_image,16411,local_dictionary_8,2.6220502715162715,0.575101647749958,1.6207140346018365,0.110460639934313,0.47609727763130877,0.8481345547581937,0.9122933547424509,False
chirp_9db,test,raster_image,16411,local_dictionary_24,2.0137272804421675,0.44167645818309614,1.1084322121432892,0.110460639934313,0.37221237646556726,0.9185194559147207,0.9521675040514321,False
chirp_9db,test,raster_image,16514,zero_fill,5.801391780157099,1.0,3.556657170996641,0.0999700229140107,1.0302602941247208,,0.49385059123638975,False
chirp_9db,test,raster_image,16514,linear,7.272068452076026,1.2535041120562112,4.141954426542908,0.0999700229140107,1.2892923657670183,-0.06488840171191723,0.2416585990010025,False
chirp_9db,test,raster_image,16514,pchip,7.874724146948652,1.357385338787688,4.404664781658423,0.0999700229140107,1.3955408288596893,-0.05337294347488074,0.2055804763972647,False
chirp_9db,test,raster_image,16514,autoregression,6.962904109583885,1.2002127029930278,4.0565895000343914,0.0999700229140107,1.234805751540303,0.1272032262873219,0.35010031822538495,False
chirp_9db,test,raster_image,16514,pca_r32_l01,3.299349705464897,0.5687169269880877,1.8963883834506887,0.0999700229140107,0.5914897148534043,0.8641165962298701,0.8845738803073165,False
chirp_9db,test,raster_image,16514,pca_r64_l01,1.4646775987942509,0.2524700372424405,0.9019211331868604,0.0999700229140107,0.27698683623583287,0.967716354540674,0.9731035017375175,False
chirp_9db,test,raster_image,16514,pca_r96_l01,2.358928915894434,0.4066143100286455,1.4294649279852705,0.0999700229140107,0.428455066203241,0.9488965864274548,0.9583488976906809,False
chirp_9db,test,raster_image,16514,pca_r64_l001,1.6481902473670376,0.28410255845924015,1.0777064534639123,0.0999700229140107,0.30752770512589994,0.962614001542016,0.9662034581382599,False
chirp_9db,test,raster_image,16514,pca_r64_l1,2.6011367771797214,0.4483642677049616,1.6070064732658567,0.0999700229140107,0.47023021966376916,0.920483842816592,0.9384294346645518,False
chirp_9db,test,raster_image,16514,template_1,1.7885926140465405,0.3083040556171689,1.078032597355564,0.0999700229140107,0.3311380805714825,0.9865098223664288,0.986748505871376,False
chirp_9db,test,raster_image,16514,dictionary_8,4.140098483349383,0.7136388370649346,2.5031085627227023,0.0999700229140107,0.7384576329620264,0.7437153353825253,0.8068816779372451,False
chirp_9db,test,raster_image,16514,dictionary_24,4.1464946373014815,0.7147413576659353,2.4832572089977756,0.0999700229140107,0.7395782570808137,0.7385996233180356,0.8043958812590362,False
chirp_9db,test,raster_image,16514,dictionary_48,4.3026414737017395,0.7416567673326876,2.5761251961618816,0.0999700229140107,0.7669447873939196,0.688908667608101,0.7748852680796506,False
chirp_9db,test,raster_image,16514,local_pca_8,1.9280471458948423,0.33234217218176426,1.1251719370601025,0.0999700229140107,0.35475255314080856,0.9819520094476396,0.9735946326107282,False
chirp_9db,test,raster_image,16514,local_pca_16,2.62437604932673,0.4523700775222706,1.5386660736136832,0.0999700229140107,0.47424821488211866,0.9170603853205374,0.9360676179358131,False
chirp_9db,test,raster_image,16514,local_pca_32,2.186031336735401,0.37681153412400714,1.2948256875740056,0.0999700229140107,0.3987694813075527,0.9487080261364047,0.9599564181933271,True
chirp_9db,test,raster_image,16514,local_dictionary_8,2.778820674001767,0.47899207281714007,1.7280376374198203,0.0999700229140107,0.5009883515419762,0.9280487343107903,0.9396878494156613,False
chirp_9db,test,raster_image,16514,local_dictionary_24,2.7837803298455217,0.47984698074815046,1.7132933592192567,0.0999700229140107,0.501848056398769,0.9310835647575637,0.9411457273200853,False
chirp_9db,test,raster_image,16616,zero_fill,3.66012907186175,1.0,2.3149884735120896,0.07351482344090163,0.6510588042258431,,0.5440634593019764,False
chirp_9db,test,raster_image,16616,linear,4.0617022034606665,1.109715565684861,2.509043227339123,0.07351482344090163,0.7216509305238317,-0.02748460426413909,0.40924067895995814,False
chirp_9db,test,raster_image,16616,pchip,4.082851854901244,1.1154939551966327,2.5211832465878388,0.07351482344090163,0.7253709520028029,-0.02766427371851944,0.40413917650574205,False
chirp_9db,test,raster_image,16616,autoregression,4.192157877135614,1.1453579354247319,2.4654312815021617,0.07351482344090163,0.7445998290621894,0.3189391424135606,0.4709304024467809,False
chirp_9db,test,raster_image,16616,pca_r32_l01,3.7244859728736177,1.017583232653359,2.1063152050069727,0.07351482344090163,0.6623663324910426,0.22171077029148784,0.527453700033585,False
chirp_9db,test,raster_image,16616,pca_r64_l01,2.8765835809402724,0.7859240820371065,1.6015092571899212,0.07351482344090163,0.5136350359620364,0.6407854540604708,0.7616077728105578,False
chirp_9db,test,raster_image,16616,pca_r96_l01,3.026264973591803,0.8268191952182912,1.7217006768189338,0.07351482344090163,0.5398442193592909,0.5728600162706112,0.7249484771220877,False
chirp_9db,test,raster_image,16616,pca_r64_l001,2.7360039379805228,0.747515698015763,1.5474423941202757,0.07351482344090163,0.48904418434958674,0.7001035624102411,0.7941098207546944,False
chirp_9db,test,raster_image,16616,pca_r64_l1,3.038858881725936,0.830260032381918,1.6636726741095162,0.07351482344090163,0.5420505226186416,0.572022982076557,0.7237723033491694,False
chirp_9db,test,raster_image,16616,template_1,3.600561542849328,0.9837252927853382,2.056007084814392,0.07351482344090163,0.6405949561510547,0.45189303193296076,0.6137718736071193,False
chirp_9db,test,raster_image,16616,dictionary_8,3.0655515866719663,0.8375528639793712,1.7570386428268265,0.07351482344090163,0.546727303992212,0.5762004815191638,0.7115785647810032,False
chirp_9db,test,raster_image,16616,dictionary_24,2.990234907846739,0.8169752621116543,1.6570907361986364,0.07351482344090163,0.5335330973606849,0.5780891468007143,0.7239775742348709,False
chirp_9db,test,raster_image,16616,dictionary_48,2.8966938966098486,0.7914185100408018,1.5902995095053134,0.07351482344090163,0.5171548618973063,0.6126572043854028,0.7473990746948223,False
chirp_9db,test,raster_image,16616,local_pca_8,2.907056203366793,0.7942496415537879,1.6019365149773477,0.07351482344090163,0.5189687212625784,0.6094934309957356,0.7457398653472208,False
chirp_9db,test,raster_image,16616,local_pca_16,3.018375177378854,0.8246635892114965,1.6810296360429862,0.07351482344090163,0.538462104593048,0.5677902629729074,0.7224368678391652,False
chirp_9db,test,raster_image,16616,local_pca_32,3.0158830316669722,0.8239826990945219,1.639577883064892,0.07351482344090163,0.5380255502741228,0.5672155367349302,0.7216842734038555,True
chirp_9db,test,raster_image,16616,local_dictionary_8,3.842769849322592,1.0499000920117663,2.2297051886717254,0.07351482344090163,0.6831548466054093,0.3556423689324765,0.5513368173517372,False
chirp_9db,test,raster_image,16616,local_dictionary_24,2.479502769938443,0.6774358830677047,1.385143181780209,0.07351482344090163,0.4442504675491478,0.7357173999231222,0.8205481492370048,False
chirp_9db,test,raster_image,16719,zero_fill,3.968348536147322,1.0,2.4059716057240044,0.1613577363253373,0.7192642941657412,,0.8361847810752587,False
chirp_9db,test,raster_image,16719,linear,4.7026657039399025,1.1850435164914959,2.567224258340297,0.1613577363253373,0.8463559869789893,0.009972083509710974,0.7547039982419755,False
chirp_9db,test,raster_image,16719,pchip,4.819365893436107,1.214451263425313,2.6020927687570565,0.1613577363253373,0.8666280471251845,0.0014479853431039532,0.7425767057084737,False
chirp_9db,test,raster_image,16719,autoregression,5.259475579998128,1.325356261449832,3.2175247228151234,0.1613577363253373,0.9432193751294982,0.15443704990299478,0.709992872775825,False
chirp_9db,test,raster_image,16719,pca_r32_l01,8.327532920583538,2.098488286683694,5.304423490412038,0.1613577363253373,1.4806557925738066,-0.020916964109808162,0.4817167135266489,False
chirp_9db,test,raster_image,16719,pca_r64_l01,2.9392735241359698,0.7406792768735905,1.9641161649375758,0.1613577363253373,0.543324682536828,0.8094863617821179,0.9103615744747683,False
chirp_9db,test,raster_image,16719,pca_r96_l01,2.7648635420910375,0.6967290087819026,1.8429519184512488,0.1613577363253373,0.513918655334229,0.7195660262437437,0.9236928773623903,False
chirp_9db,test,raster_image,16719,pca_r64_l001,4.418811748300873,1.1135140242975945,2.7235621463467057,0.1613577363253373,0.7971241896294095,0.749380670678641,0.8430717144805502,False
chirp_9db,test,raster_image,16719,pca_r64_l1,1.7566655190288252,0.44266916149817,1.1271267996342718,0.1613577363253373,0.3487925438646321,0.9551996862134285,0.9790102943015943,False
chirp_9db,test,raster_image,16719,template_1,3.227441424684347,0.8132958572781297,1.8501579224080402,0.1613577363253373,0.5922284198527645,0.6638813506935463,0.9005588914495054,False
chirp_9db,test,raster_image,16719,dictionary_8,2.603661649957433,0.6561071000293746,1.5739533253690667,0.1613577363253373,0.4868964173303513,0.7574136221751809,0.9326570953484907,False
chirp_9db,test,raster_image,16719,dictionary_24,2.8123054441691355,0.7086840832029001,1.7016281450756994,0.1613577363253373,0.5219012060048012,0.705693706167147,0.9192131682109902,False
chirp_9db,test,raster_image,16719,dictionary_48,2.0438585788745787,0.5150400878998552,1.2058402390473124,0.1613577363253373,0.39467089856899923,0.8825795227325345,0.9638339182920113,False
chirp_9db,test,raster_image,16719,local_pca_8,1.2478608692572075,0.3144534452784471,0.7145094576707823,0.1613577363253373,0.2718158062144579,0.9534771346319929,0.984905757754746,False
chirp_9db,test,raster_image,16719,local_pca_16,1.1373792287727609,0.28661273535136295,0.8084117572111005,0.1613577363253373,0.25621996173191147,0.9817560245809874,0.9923903672213419,False
chirp_9db,test,raster_image,16719,local_pca_32,1.365187887749786,0.3440191493550567,0.9672376340915918,0.1613577363253373,0.28890222503101454,0.9595296997885101,0.9861928247040578,True
chirp_9db,test,raster_image,16719,local_dictionary_8,1.8662128196569199,0.4702744233924412,1.127197491460055,0.1613577363253373,0.3661401789054373,0.9701643026580375,0.9773559066757824,False
chirp_9db,test,raster_image,16719,local_dictionary_24,0.9022225313150161,0.22735465977767677,0.5074979715400296,0.1613577363253373,0.2250785548456933,0.9939661612948203,0.9963914423065859,False
chirp_9db,test,raster_image,16822,zero_fill,2.3968291042260716,1.0,1.567480699855785,0.10291241748965606,0.43564283287551325,,0.8334321107630308,False
chirp_9db,test,raster_image,16822,linear,2.8255511855107933,1.1788705254491454,1.7550483222787543,0.10291241748965606,0.5096585694677729,-0.029331981816484446,0.752906606719364,False
chirp_9db,test,raster_image,16822,pchip,2.652150874792722,1.1065248123516478,1.6750841770689031,0.10291241748965606,0.4796556120848688,-0.07607326293358482,0.7845378984683656,False
chirp_9db,test,raster_image,16822,autoregression,4.312454012383742,1.799232996954207,2.338050438797203,0.10291241748965606,0.7690411957594737,-0.3708598060821312,0.4863215714474761,False
chirp_9db,test,raster_image,16822,pca_r32_l01,8.62219255983929,3.597333053339807,4.816173520888357,0.10291241748965606,1.5275646925215287,-0.3352719202545333,0.15178078765157488,False
chirp_9db,test,raster_image,16822,pca_r64_l01,3.8719835667192606,1.6154608436171805,2.3651003471001903,0.10291241748965606,0.6919306476452438,-0.13855400342986213,0.5797048277418066,False
chirp_9db,test,raster_image,16822,pca_r96_l01,3.44833960288158,1.4387089996535392,2.04770728336545,0.10291241748965606,0.617944322751907,0.10189266298765373,0.6653906993711426,False
chirp_9db,test,raster_image,16822,pca_r64_l001,4.022603967921058,1.67830237075661,2.458056805334017,0.10291241748965606,0.7182805557939818,-0.18245636647628183,0.5531871198436302,False
chirp_9db,test,raster_image,16822,pca_r64_l1,3.0362930763539824,1.2667958141030633,1.8375337893831971,0.10291241748965606,0.5462198384520779,0.10945879700148764,0.7222896026818094,False
chirp_9db,test,raster_image,16822,template_1,2.136870651051645,0.8915406806784557,1.3240583523806662,0.10291241748965606,0.3910936634620921,0.6081246051805601,0.8634488133786071,False
chirp_9db,test,raster_image,16822,dictionary_8,2.762379540500083,1.1525141845238258,1.6222306210326056,0.10291241748965606,0.49871900472779923,0.23206884359876298,0.7685805218977161,False
chirp_9db,test,raster_image,16822,dictionary_24,3.22153671824884,1.344082776935848,1.829114455714925,0.10291241748965606,0.5784304939582745,0.0299906051004801,0.689677336454327,False
chirp_9db,test,raster_image,16822,dictionary_48,4.099805715596878,1.7105123216203149,2.2619340449002063,0.10291241748965606,0.7317941744763634,-0.02551207487126274,0.5678642484633781,False
chirp_9db,test,raster_image,16822,local_pca_8,3.1880869857734755,1.330126949874008,1.969778249486137,0.10291241748965606,0.5726096664815267,0.2059567790900089,0.7097923324050821,False
chirp_9db,test,raster_image,16822,local_pca_16,3.548394870822192,1.4804538481970568,2.0575937115333924,0.10291241748965606,0.6353991387102127,-0.07478083239102946,0.6327969117270268,False
chirp_9db,test,raster_image,16822,local_pca_32,3.1319384892271076,1.306700792186183,1.762147077017299,0.10291241748965606,0.5628431907562793,0.20396166442598337,0.7166143835427145,True
chirp_9db,test,raster_image,16822,local_dictionary_8,2.5074066471245815,1.046134929980423,1.5226271946145453,0.10291241748965606,0.4546773591626903,0.23822971821723396,0.8082754173390483,False
chirp_9db,test,raster_image,16822,local_dictionary_24,3.427695723211191,1.4300960035771857,2.005118111298268,0.10291241748965606,0.6143446179364846,-0.10207316467699028,0.6486493873135193,False
chirp_9db,test,raster_image,16925,zero_fill,6.233787398581854,1.0,3.814824319220031,0.11657003185203935,1.107945044226352,,0.5344180645906549,False
chirp_9db,test,raster_image,16925,linear,6.616919712593472,1.0614606000356666,4.03721893779781,0.11657003185203935,1.175330701135504,-0.14752010796888865,0.4396555875468733,False
chirp_9db,test,raster_image,16925,pchip,6.546840057563947,1.0502186935430795,3.9992798331174493,0.11657003185203935,1.1630020485986559,-0.18301169057157182,0.45534508389814693,False
chirp_9db,test,raster_image,16925,autoregression,8.01334415273114,1.2854695934215086,4.855331661412665,0.11657003185203935,1.421211303917101,-0.01591172671776071,0.2922598987439416,False
chirp_9db,test,raster_image,16925,pca_r32_l01,2.60285828779801,0.41754043270550795,1.5205058593683782,0.11657003185203935,0.4742137245109114,0.9445226989378415,0.9464112329908961,False
chirp_9db,test,raster_image,16925,pca_r64_l01,1.1517273180573664,0.18475562999138803,0.7710491315544243,0.11657003185203935,0.23370130223115224,0.9877660880387447,0.9902240863375124,False
chirp_9db,test,raster_image,16925,pca_r96_l01,1.9047098626232029,0.3055461697420916,1.0567440196468114,0.11657003185203935,0.3557195789382264,0.9607911802632026,0.9713896486362089,False
chirp_9db,test,raster_image,16925,pca_r64_l001,1.2165831533903897,0.1951595515861119,0.8304801614963637,0.11657003185203935,0.2437545070877443,0.984475272183099,0.9877078792569669,False
chirp_9db,test,raster_image,16925,pca_r64_l1,1.8490862010078628,0.2966232376530066,1.158687605883359,0.11657003185203935,0.3464266481190156,0.9889197302937034,0.9891514177598169,False
chirp_9db,test,raster_image,16925,template_1,1.9595594999165433,0.3143449358510895,1.0605322278285394,0.11657003185203935,0.3649109127504069,0.9631748512398526,0.9643434207932732,False
chirp_9db,test,raster_image,16925,dictionary_8,1.3877852128049133,0.22262312203984136,0.8384009075480485,0.11657003185203935,0.27083167852616086,0.9866104305930273,0.9896766551923757,False
chirp_9db,test,raster_image,16925,dictionary_24,1.4025896095041395,0.22499798594723,0.8773875463222329,0.11657003185203935,0.27320455676530886,0.9911162429421809,0.9926890596291433,False
chirp_9db,test,raster_image,16925,dictionary_48,1.2882755902804939,0.2066601742904431,0.7351923486205787,0.11657003185203935,0.25500611136170004,0.9847009728152677,0.9881745933369445,False
chirp_9db,test,raster_image,16925,local_pca_8,1.7443249849387463,0.2798178496327239,1.0908467948451914,0.11657003185203935,0.32900965958402667,0.9719215055333148,0.9792599046190648,False
chirp_9db,test,raster_image,16925,local_pca_16,1.8286712452873344,0.29334834962503614,0.9899123470806372,0.11657003185203935,0.3430235171168243,0.9774159660691812,0.982572526356274,False
chirp_9db,test,raster_image,16925,local_pca_32,1.1237645689264364,0.18026995421468583,0.6118231934105155,0.11657003185203935,0.22940769851946782,0.9889903364046246,0.9911366867865178,True
chirp_9db,test,raster_image,16925,local_dictionary_8,0.9644204931029075,0.15470859550364308,0.5948990650304115,0.11657003185203935,0.20549883132441446,0.9937399119220433,0.9945526141008196,False
chirp_9db,test,raster_image,16925,local_dictionary_24,1.1680049007678555,0.18736681668572286,0.7548746268876835,0.11657003185203935,0.23621237731669018,0.9959572107177731,0.9962834682865241,False
chirp_9db,test,raster_image,17028,zero_fill,4.672067803521289,1.0,2.8532551276576354,0.09639360707200441,0.8313441885118031,,0.5727559112172146,False
chirp_9db,test,raster_image,17028,linear,4.88815191230162,1.0462502082305978,2.952488269597442,0.09639360707200441,0.8693041878018176,-0.0635733763273504,0.5091752360853495,False
chirp_9db,test,raster_image,17028,pchip,4.888250911718201,1.0462713978666955,2.952778659199293,0.09639360707200441,0.8693215840514789,-0.0637213198998266,0.5091532627801792,False
chirp_9db,test,raster_image,17028,autoregression,5.844523805871156,1.2509501256523288,3.4751019745203218,0.09639360707200441,1.0375226212806394,0.023330667420474557,0.3597513346257754,False
chirp_9db,test,raster_image,17028,pca_r32_l01,4.5647223016267295,0.9770239845805204,2.57213206443528,0.09639360707200441,0.8124948700411772,0.24414750907672658,0.5932737634259796,False
chirp_9db,test,raster_image,17028,pca_r64_l01,2.9542417532621705,0.6323199656981838,1.7778549118036846,0.09639360707200441,0.5307891497787885,0.7739600853771934,0.8516958012711495,False
chirp_9db,test,raster_image,17028,pca_r96_l01,3.274264477563701,0.7008169862380683,1.8058314167952223,0.09639360707200441,0.5865378137066912,0.7173844490481192,0.8207404558005487,False
chirp_9db,test,raster_image,17028,pca_r64_l001,3.241441450472049,0.6937916115063674,1.9726071259146365,0.09639360707200441,0.5808126373036869,0.7382065647489255,0.8206038075347372,False
chirp_9db,test,raster_image,17028,pca_r64_l1,2.7594913792580593,0.5906359871700191,1.646707240388241,0.09639360707200441,0.4969543560596907,0.871247000024784,0.9031002291460228,False
chirp_9db,test,raster_image,17028,template_1,1.6765122874311378,0.3588373195627786,1.0598965189866152,0.09639360707200441,0.3111840794611415,0.960692991923274,0.9712329945325904,False
chirp_9db,test,raster_image,17028,dictionary_8,1.6976511996416934,0.36336184983492564,1.0267728217957595,0.09639360707200441,0.314745092677183,0.9886738927880667,0.983694128097388,False
chirp_9db,test,raster_image,17028,dictionary_24,1.6443725493435386,0.3519581946358296,1.009575139058423,0.09639360707200441,0.30577793377350865,0.9957276981605254,0.9877989536908723,False
chirp_9db,test,raster_image,17028,dictionary_48,1.8228752590363866,0.39016455575890924,1.1108593245518605,0.09639360707200441,0.33591841280761003,0.9930181810554157,0.9823452592661023,False
chirp_9db,test,raster_image,17028,local_pca_8,3.955569293897187,0.8466420994395492,2.335361261632187,0.09639360707200441,0.7056595317245157,0.6968081230176765,0.7711801872100559,False
chirp_9db,test,raster_image,17028,local_pca_16,3.4386053471003515,0.7359921755648988,1.8750964938327297,0.09639360707200441,0.6152248137145183,0.6923592181799813,0.8054924404043226,False
chirp_9db,test,raster_image,17028,local_pca_32,2.5655059886960063,0.5491157441598795,1.431191740093746,0.09639360707200441,0.4633392564461401,0.8816885715982345,0.9153802029316697,True
chirp_9db,test,raster_image,17028,local_dictionary_8,1.9045343071938494,0.40764269426022065,1.166883597660181,0.09639360707200441,0.3497898690327017,0.9762861987202422,0.9735979569784238,False
chirp_9db,test,raster_image,17028,local_dictionary_24,1.8502325071299714,0.3960200461421965,1.1276008044969386,0.09639360707200441,0.34056037838646225,0.962208650519435,0.9690543864860484,False
chirp_9db,test,raster_image,17131,zero_fill,3.2721169088623547,1.0,2.0787135138341712,0.11629036461233301,0.5896496836367834,,0.8110703467611545,False
chirp_9db,test,raster_image,17131,linear,3.300101866592361,1.008552554358376,2.084969896596653,0.11629036461233301,0.5945034494705996,0.017004726393163663,0.8062896634672883,False
chirp_9db,test,raster_image,17131,pchip,3.312740429918773,1.0124150579541922,2.0909068203788967,0.11629036461233301,0.5966960090775433,0.010442062598721066,0.8042572753584151,False
chirp_9db,test,raster_image,17131,autoregression,3.3620374101111072,1.0274808338923367,2.072930033669857,0.11629036461233301,0.6052510445813567,-0.037923426814135776,0.7966962279280231,False
chirp_9db,test,raster_image,17131,pca_r32_l01,5.087316931854057,1.5547479119940153,3.108267612761729,0.11629036461233301,0.9065735712195525,-0.6115384767034555,0.5149241682261293,False
chirp_9db,test,raster_image,17131,pca_r64_l01,2.0404028871399524,0.6235727340956644,1.1791063823432022,0.11629036461233301,0.3784206843002575,0.9177426354535908,0.9359263990094071,False
chirp_9db,test,raster_image,17131,pca_r96_l01,3.4100429190060577,1.0421519199910425,1.9502930887347034,0.11629036461233301,0.613586272087489,0.10298160793680382,0.7873904350301764,False
chirp_9db,test,raster_image,17131,pca_r64_l001,3.2046166237110034,0.9793710655727091,1.8431262548166574,0.11629036461233301,0.5779488142592262,0.8972550929076403,0.8904141490369202,False
chirp_9db,test,raster_image,17131,pca_r64_l1,1.6967193271452496,0.5185387241359792,1.1325800854212678,0.11629036461233301,0.3210375460450449,0.9352392847625567,0.9637909103127487,False
chirp_9db,test,raster_image,17131,template_1,3.436092040853806,1.050112858604573,2.1476036926715776,0.11629036461233301,0.6181109181705029,-0.31793710583526097,0.7861467229423774,False
chirp_9db,test,raster_image,17131,dictionary_8,2.4521549871618453,0.7494093443056127,1.6877863989298367,0.11629036461233301,0.4483403770091446,0.8179153398024579,0.9086277357064322,False
chirp_9db,test,raster_image,17131,dictionary_24,2.438365247259993,0.7451950266984075,1.6103501697036386,0.11629036461233301,0.4459838840627063,0.7810049448708671,0.9087207083323943,False
chirp_9db,test,raster_image,17131,dictionary_48,2.5847979720961343,0.7899467054784461,1.7344821065340112,0.11629036461233301,0.47104960833839066,0.7282537149443391,0.8943795695012625,False
chirp_9db,test,raster_image,17131,local_pca_8,3.533012796755191,1.0797330581881759,1.9608093981733568,0.11629036461233301,0.6349558630819273,0.9251494098961838,0.8882636434431032,False
chirp_9db,test,raster_image,17131,local_pca_16,2.4644402803680068,0.7531638841183215,1.4640300973881168,0.11629036461233301,0.45044050701272176,0.6932698604804132,0.9021791685095153,False
chirp_9db,test,raster_image,17131,local_pca_32,1.8460170131247733,0.5641659710033387,1.281850801589104,0.11629036461233301,0.3458235518610728,0.898310545956889,0.953727982719829,True
chirp_9db,test,raster_image,17131,local_dictionary_8,2.379931424036292,0.7273369168413188,1.5918992687377682,0.11629036461233301,0.43600818867981006,0.7754857662779877,0.9130893341258545,False
chirp_9db,test,raster_image,17131,local_dictionary_24,2.0297845576739824,0.6203276393262168,1.4354104025201744,0.11629036461233301,0.3766319600470197,0.8930802584035901,0.9431115974960494,False
chirp_9db,test,raster_image,17233,zero_fill,2.6848013941558007,1.0,1.6150811465097008,0.11794343589015592,0.4886009620020259,,0.8485403785303007,False
chirp_9db,test,raster_image,17233,linear,3.476683013450117,1.2949497944310002,2.1439721487927565,0.11794343589015592,0.6254637042869029,-0.18868580505724836,0.7262635543365957,False
chirp_9db,test,raster_image,17233,pchip,3.1905507562471453,1.1883749625548636,1.9273168447650322,0.11794343589015592,0.5758375531656603,-0.23940841841757404,0.7700731188184723,False
chirp_9db,test,raster_image,17233,autoregression,4.544472053828531,1.6926660064021153,2.4762632146808663,0.11794343589015592,0.81170069384028,-0.24107235012686587,0.5748263919575235,False
chirp_9db,test,raster_image,17233,pca_r32_l01,4.073939836538844,1.5174082691579647,2.389927568602052,0.11794343589015592,0.7294736130400592,0.6557887016150479,0.7711899972416784,False
chirp_9db,test,raster_image,17233,pca_r64_l01,3.627000137497653,1.3509379671035644,2.0768904070600245,0.11794343589015592,0.6515932462425473,0.1665236185087704,0.7223287703060961,False
chirp_9db,test,raster_image,17233,pca_r96_l01,2.897015302945533,1.0790426842192773,1.6837703874762848,0.11794343589015592,0.5251168900128759,0.36107299955648736,0.8151633747638747,False
chirp_9db,test,raster_image,17233,pca_r64_l001,4.004433334866639,1.4915193889512184,2.3123838915673973,0.11794343589015592,0.7173457283962696,0.18311810838029052,0.6852712269048266,False
chirp_9db,test,raster_image,17233,pca_r64_l1,3.2991677344919594,1.228831205791793,1.9073565835359445,0.11794343589015592,0.5946568867966437,0.07911960386883793,0.7569996243189685,False
chirp_9db,test,raster_image,17233,template_1,5.679200655841991,2.115314998049507,3.3852253355767816,0.11794343589015592,1.010639499980596,-0.22255634971756175,0.45764028767827075,False
chirp_9db,test,raster_image,17233,dictionary_8,4.852434359837186,1.8073718117101054,2.8969381759035158,0.11794343589015592,0.8656166424268987,-0.19160560012039166,0.5456256793921124,False
chirp_9db,test,raster_image,17233,dictionary_24,3.996193817499462,1.4884504403931937,2.3990536338057566,0.11794343589015592,0.7159084111981816,-0.1079624289450351,0.6564518362134577,False
chirp_9db,test,raster_image,17233,dictionary_48,3.771336706477071,1.4046985801953207,2.225776283060185,0.11794343589015592,0.6767156629121033,-0.011847187610409047,0.6917373144018909,False
chirp_9db,test,raster_image,17233,local_pca_8,7.268562855825658,2.707300015430437,3.753039982199742,0.11794343589015592,1.2901457798593594,-0.355295447646515,0.2989376646247296,False
chirp_9db,test,raster_image,17233,local_pca_16,2.6733181929999237,0.995722886176656,1.575732084498032,0.11794343589015592,0.48662936477560914,0.4158158729760547,0.8419665693987055,False
chirp_9db,test,raster_image,17233,local_pca_32,2.5951442520058667,0.966605670592582,1.4411650081948022,0.11794343589015592,0.4732204812794694,0.39047654772846807,0.8519059102848271,True
chirp_9db,test,raster_image,17233,local_dictionary_8,4.903126578547987,1.8262529918305963,2.9098824820635656,0.11794343589015592,0.8744977222922833,-0.23282450442821034,0.5340459222279137,False
chirp_9db,test,raster_image,17233,local_dictionary_24,4.532614250255728,1.6882493655293065,2.68575581630268,0.11794343589015592,0.8096261138979933,-0.16688861861764606,0.5849141333992833,False
chirp_9db,test,raster_image,17336,zero_fill,3.3975768292907818,1.0,2.2216755304090965,0.07073328050582019,0.6046338617563879,,0.5740213493836428,False
chirp_9db,test,raster_image,17336,linear,3.775939911994246,1.1113626274589483,2.3804477481455493,0.07073328050582019,0.6711189659138238,0.0028510248226146584,0.4481515533253503,False
chirp_9db,test,raster_image,17336,pchip,3.7896761253140285,1.115405571595299,2.3903561392969057,0.07073328050582019,0.6735341546851882,0.0024690575871474003,0.4446968637343859,False
chirp_9db,test,raster_image,17336,autoregression,3.1357704989512207,0.9229432199788662,2.002394509966137,0.07073328050582019,0.558685838827303,0.39072243207048263,0.653588905658896,False
chirp_9db,test,raster_image,17336,pca_r32_l01,2.851358735583657,0.8392330413257664,1.6237301873269843,0.07073328050582019,0.5088389278879725,0.8023193398609698,0.8314797126916668,False
chirp_9db,test,raster_image,17336,pca_r64_l01,2.813803893845869,0.8281796218963587,1.6647049938663536,0.07073328050582019,0.5022633602978727,0.817011693821778,0.8410820243523518,False
chirp_9db,test,raster_image,17336,pca_r96_l01,1.0557730875501705,0.31074296199817064,0.6991673995920054,0.07073328050582019,0.19919807341718526,0.9504350142527357,0.9631094066218422,False
chirp_9db,test,raster_image,17336,pca_r64_l001,3.8372755532608456,1.1294153881023046,2.2220335450216675,0.07073328050582019,0.6819041074850144,0.7800909072540818,0.7931735916702413,False
chirp_9db,test,raster_image,17336,pca_r64_l1,1.7864183671593354,0.5257918972599765,1.106304969254071,0.07073328050582019,0.3233800825184658,0.8859291435227274,0.9191641358213333,False
chirp_9db,test,raster_image,17336,template_1,1.2802286638542308,0.3768063911954182,0.832854312999725,0.07073328050582019,0.23678078851139897,0.9777969590126109,0.975719321587789,False
chirp_9db,test,raster_image,17336,dictionary_8,3.2398572598150577,0.9535788070733203,2.021672368690938,0.07073328050582019,0.5769470884015518,0.3058409817550074,0.6211415770463107,False
chirp_9db,test,raster_image,17336,dictionary_24,2.561590024412678,0.7539461660819574,1.6195729471126579,0.07073328050582019,0.45814989902579606,0.6963085501922889,0.8009779230700433,False
chirp_9db,test,raster_image,17336,dictionary_48,1.9498742446185517,0.5739014428779152,1.250473261461977,0.07073328050582019,0.35165273512778794,0.8410327439090646,0.893452203937164,False
chirp_9db,test,raster_image,17336,local_pca_8,3.1274105281840825,0.9204826514068574,1.7987934670464851,0.07073328050582019,0.5572195403827945,0.7243271362400417,0.7778353880127334,False
chirp_9db,test,raster_image,17336,local_pca_16,1.084771728994907,0.3192780571267743,0.6982176032834357,0.07073328050582019,0.2040089466582261,0.9500179113379738,0.9608431500943216,False
chirp_9db,test,raster_image,17336,local_pca_32,0.8081854723539235,0.23787113962706946,0.5095140036673783,0.07073328050582019,0.15892833131522097,0.9733311494445226,0.9799247201139211,True
chirp_9db,test,raster_image,17336,local_dictionary_8,2.3536360581982216,0.6927396130993527,1.490663638468773,0.07073328050582019,0.42185238089568383,0.8312039932835827,0.8560273197054652,False
chirp_9db,test,raster_image,17336,local_dictionary_24,2.562924116321069,0.7543388259025948,1.612512272201255,0.07073328050582019,0.458382998025556,0.6936916994751765,0.8001413429114059,False
chirp_9db,test,raster_image,17439,zero_fill,5.297557879030242,1.0,3.2282743428145633,0.07834740754290657,0.9396543128659889,,0.42815001682406395,False
chirp_9db,test,raster_image,17439,linear,5.550263083868595,1.047702207433855,3.3642829534944063,0.07834740754290657,0.9841828479836083,-0.05758824486277645,0.33349440151276877,False
chirp_9db,test,raster_image,17439,pchip,5.550487286959442,1.04774452940484,3.3646385579270524,0.07834740754290657,0.9842223600231923,-0.05837853476085916,0.3334062716986289,False
chirp_9db,test,raster_image,17439,autoregression,4.984226103545488,0.9408535437196373,3.082365360064636,0.07834740754290657,0.8844630725684963,0.33842748760750957,0.5232125940770007,False
chirp_9db,test,raster_image,17439,pca_r32_l01,1.863409932328352,0.3517488576584393,1.073661061097697,0.07834740754290657,0.3383131121936765,0.9374172625769641,0.945602686643932,False
chirp_9db,test,raster_image,17439,pca_r64_l01,2.81656180931643,0.5316717388715011,1.5271443138096679,0.07834740754290657,0.5038386469777976,0.8603614074377741,0.886753903536224,False
chirp_9db,test,raster_image,17439,pca_r96_l01,1.56740265082072,0.2958726806978549,0.9255390132384728,0.07834740754290657,0.28761078703091436,0.9841538945509464,0.9846258745782477,False
chirp_9db,test,raster_image,17439,pca_r64_l001,2.7815335122510625,0.5250595794831114,1.5002619328267113,0.07834740754290657,0.4977203181790846,0.854772737487832,0.8824264710253874,False
chirp_9db,test,raster_image,17439,pca_r64_l1,2.9958161594176524,0.5655089057688709,1.7655633168382074,0.07834740754290657,0.5351752710957602,0.8829618891642197,0.8967284108388579,False
chirp_9db,test,raster_image,17439,template_1,3.4981572782086254,0.6603339421841277,2.104980063638763,0.07834740754290657,0.6231821600516754,0.7533502779154609,0.8037465898854773,False
chirp_9db,test,raster_image,17439,dictionary_8,3.2050119609671017,0.6049980074127672,1.963166119607374,0.07834740754290657,0.5717951303316521,0.9079416696721341,0.8992266481286182,False
chirp_9db,test,raster_image,17439,dictionary_24,2.5435828334481787,0.48014252822355213,1.5520543628889272,0.07834740754290657,0.45621066388449416,0.9618407476732288,0.9542735532823863,False
chirp_9db,test,raster_image,17439,dictionary_48,2.2980270248093695,0.43378988531788176,1.4065404023422212,0.07834740754290657,0.4134918383068358,0.9615507629888249,0.9604893024955545,False
chirp_9db,test,raster_image,17439,local_pca_8,2.6884747835463028,0.5074932346068955,1.6090162839745537,0.07834740754290657,0.4814750923624535,0.8637528930317379,0.8863415543584006,False
chirp_9db,test,raster_image,17439,local_pca_16,1.8792328677845545,0.3547356934453281,1.0569117355861395,0.07834740754290657,0.3410372036015318,0.9837434072411311,0.981184688262708,False
chirp_9db,test,raster_image,17439,local_pca_32,1.5896415490990454,0.3000706335633357,0.91990289709414,0.07834740754290657,0.291400071795179,0.9930942700244391,0.9905166312869206,True
chirp_9db,test,raster_image,17439,local_dictionary_8,2.500510848434714,0.47201199222998413,1.5483559218615404,0.07834740754290657,0.4487079474540349,0.9679792590522673,0.9588611004013744,False
chirp_9db,test,raster_image,17439,local_dictionary_24,1.4466245593652454,0.27307385636909004,0.8715219451607382,0.07834740754290657,0.267103117967119,0.9921801060960923,0.9910354727234054,False
chirp_9db,test,raster_image,17542,zero_fill,3.5870916102031574,1.0,2.2345698286166127,0.07585958921259131,0.6384948417844325,,0.5609368630199288,False
chirp_9db,test,raster_image,17542,linear,3.5862266432353596,0.9997588667751508,2.2347222815676284,0.07585958921259131,0.6383429851036136,0.04397482073560741,0.5612017637026973,False
chirp_9db,test,raster_image,17542,pchip,3.586730128207889,0.9998992269965339,2.236093960327743,0.07585958921259131,0.6384313786572615,0.04074833944970372,0.5609806161991205,False
chirp_9db,test,raster_image,17542,autoregression,3.2829666375472275,0.9152168370077659,1.95794735398254,0.07585958921259131,0.5851352658464095,0.46448608715755757,0.6630896146322642,False
chirp_9db,test,raster_image,17542,pca_r32_l01,2.45116510948697,0.683329386546709,1.4899848032885297,0.07585958921259131,0.43969468773467074,0.7419997408408383,0.8304988726909249,False
chirp_9db,test,raster_image,17542,pca_r64_l01,2.4435995306105913,0.6812202742912932,1.3058627568479846,0.07585958921259131,0.43837675226128614,0.9517137999328356,0.9328304251577683,False
chirp_9db,test,raster_image,17542,pca_r96_l01,1.6722699230078073,0.4661910273635574,1.0550238596741515,0.07585958921259131,0.30490171013260225,0.9699013535102197,0.9610750772117943,False
chirp_9db,test,raster_image,17542,pca_r64_l001,3.602997675755658,1.0044342512767885,1.950056200375204,0.07585958921259131,0.6412874561926498,0.9585091044737372,0.9205405089268536,False
chirp_9db,test,raster_image,17542,pca_r64_l1,1.8627387504342119,0.5192894279967147,1.0644743845289253,0.07585958921259131,0.3376476828695577,0.8828061353729967,0.9177181915515602,False
chirp_9db,test,raster_image,17542,template_1,5.121393593143051,1.4277286865425212,2.987556084613933,0.07585958921259131,0.908416674278441,-0.32029655372491905,0.1379049117942679,False
chirp_9db,test,raster_image,17542,dictionary_8,3.2672837968447435,0.9108448157697591,1.9869689192607018,0.07585958921259131,0.5823856756014651,0.47421438874913635,0.6592961447358651,False
chirp_9db,test,raster_image,17542,dictionary_24,2.503328075505522,0.6978712415331217,1.4903774615575895,0.07585958921259131,0.4487846939636943,0.7906640377327225,0.8436994769113318,False
chirp_9db,test,raster_image,17542,dictionary_48,2.045192020903156,0.5701532726640693,1.211289302660654,0.07585958921259131,0.3691715978844785,0.872973062399216,0.9056634725841306,False
chirp_9db,test,raster_image,17542,local_pca_8,6.361751195281599,1.7735123288142889,3.4915594267668713,0.07585958921259131,1.1270851962336221,0.8066650564110053,0.7771789514284452,False
chirp_9db,test,raster_image,17542,local_pca_16,1.3776261540473362,0.3840510094943779,0.796596628973886,0.07585958921259131,0.2547209757666128,0.9727857247767246,0.9737859908168631,False
chirp_9db,test,raster_image,17542,local_pca_32,1.3102301948891797,0.365262540594823,0.74907871075124,0.07585958921259131,0.24335533171295617,0.9703304562402385,0.9743659487643402,True
chirp_9db,test,raster_image,17542,local_dictionary_8,3.0239110513112086,0.8429979994684182,1.857145859681477,0.07585958921259131,0.5397462668288758,0.5380178104036533,0.7141655407975366,False
chirp_9db,test,raster_image,17542,local_dictionary_24,2.2432477003814184,0.6253667160327613,1.2917550798520852,0.07585958921259131,0.4035218101605195,0.900885187051698,0.898381628928572,False
chirp_9db,test,raster_image,17645,zero_fill,3.6145322210563418,1.0,2.1869292128094022,0.08145822477170095,0.6439754918406774,,0.6085420121796338,False
chirp_9db,test,raster_image,17645,linear,3.6141310522762518,0.9998890122550982,2.1765902194843108,0.08145822477170095,0.6439051263797309,0.05812281869101126,0.607422958309862,False
chirp_9db,test,raster_image,17645,pchip,3.6192445642150295,1.0013037214418055,2.1796885734352065,0.08145822477170095,0.6448020512498318,0.05042419937576904,0.6055628771601816,False
chirp_9db,test,raster_image,17645,autoregression,2.3887149411701154,0.6608641990392928,1.4899458447771228,0.08145822477170095,0.4298131056067063,0.7595654847391269,0.8468575324710143,False
chirp_9db,test,raster_image,17645,pca_r32_l01,2.861585999384412,0.7916891659491467,1.5641154005912727,0.08145822477170095,0.5121759080672549,0.7193823040298133,0.8023770499633894,False
chirp_9db,test,raster_image,17645,pca_r64_l01,3.9931429267084853,1.1047468060864305,2.35438531338012,0.08145822477170095,0.710433167752993,0.369141933552883,0.5860318884948593,False
chirp_9db,test,raster_image,17645,pca_r96_l01,2.595889827357969,0.7181814045634165,1.5969837944334762,0.08145822477170095,0.46584408301129343,0.6990037911657448,0.8223633595491443,False
chirp_9db,test,raster_image,17645,pca_r64_l001,4.816006404352822,1.3324010161805533,2.8100166791089807,0.08145822477170095,0.8551245596519671,0.262473221906413,0.4800078460625679,False
chirp_9db,test,raster_image,17645,pca_r64_l1,2.56469337898169,0.7095505648119972,1.58050066777226,0.08145822477170095,0.46041254741210713,0.7202440854725085,0.8330946855465557,False
chirp_9db,test,raster_image,17645,template_1,4.313977959960895,1.1935093384504791,2.5914336178974997,0.08145822477170095,0.7668137109351437,0.26238189764471886,0.5167780821807275,False
chirp_9db,test,raster_image,17645,dictionary_8,3.1655232723507307,0.8757767475166154,1.9117937969545813,0.08145822477170095,0.5653051250670336,0.4829961131662114,0.7160789847551079,False
chirp_9db,test,raster_image,17645,dictionary_24,3.606788265697796,0.9978575497782441,2.154598391818713,0.08145822477170095,0.6426172146836079,0.31183797506616323,0.6142301237899029,False
chirp_9db,test,raster_image,17645,dictionary_48,3.340213596690847,0.9241067425634054,1.9791948388737781,0.08145822477170095,0.5958902369928875,0.42119526669025875,0.675498930736279,False
chirp_9db,test,raster_image,17645,local_pca_8,5.936075909157719,1.6422805348302882,3.2886542473085063,0.08145822477170095,1.0524182853248378,0.09922080559862795,0.33175004871117736,False
chirp_9db,test,raster_image,17645,local_pca_16,3.0026040353323045,0.8307033529375477,1.8066227581770762,0.08145822477170095,0.5368114690834641,0.5667012296506824,0.746890200961941,False
chirp_9db,test,raster_image,17645,local_pca_32,2.5852356842031727,0.7152338189553173,1.5281525485940333,0.08145822477170095,0.4639888959052897,0.7068077425248014,0.8184491605282814,True
chirp_9db,test,raster_image,17645,local_dictionary_8,2.5645525151228994,0.7095115932798111,1.5693814030454392,0.08145822477170095,0.46038802644803245,0.7222361800501296,0.8338604294109879,False
chirp_9db,test,raster_image,17645,local_dictionary_24,3.984532370954829,1.102364601356453,2.360663794108594,0.08145822477170095,0.708920767105239,0.23382858968800566,0.541817511592507,False
chirp_9db,test,raster_image,17748,zero_fill,3.5233321907111077,1.0,2.281929260350762,0.08007748100519284,0.6278100383970999,,0.5900146432852356,False
chirp_9db,test,raster_image,17748,linear,3.9685133241907713,1.1263523021341377,2.497149641031392,0.08007748100519284,0.7059541968182127,0.011197569195661925,0.45502570737078485,False
chirp_9db,test,raster_image,17748,pchip,3.980651127590327,1.129797280564374,2.4943153317064497,0.08007748100519284,0.7080865036198436,0.011937612693847728,0.4524412727667587,False
chirp_9db,test,raster_image,17748,autoregression,4.116157292249606,1.1682569424198543,2.5359149303273343,0.08007748100519284,0.7318968367030088,-0.07781228605668795,0.4104706965621279,False
chirp_9db,test,raster_image,17748,pca_r32_l01,1.5291683589893883,0.4340119739549052,0.9213046740713826,0.08007748100519284,0.28157705217791557,0.9041793856103543,0.9314437206326248,False
chirp_9db,test,raster_image,17748,pca_r64_l01,2.348319915009032,0.6665053954322357,1.3985337064275882,0.08007748100519284,0.4225440404234611,0.8886905110171229,0.8965301856903889,False
chirp_9db,test,raster_image,17748,pca_r96_l01,1.992894818988107,0.5656278520209259,1.2920718817206907,0.08007748100519284,0.36100615695225197,0.8730359751688251,0.9108199209650756,False
chirp_9db,test,raster_image,17748,pca_r64_l001,3.0883599627547507,0.8765452121990894,1.8044507892701895,0.08007748100519284,0.5516099094761955,0.8498391414910329,0.8561348921058869,False
chirp_9db,test,raster_image,17748,pca_r64_l1,1.2135194932611226,0.3444238089330431,0.6998928997182527,0.08007748100519284,0.22854253244835107,0.9429574697315047,0.9613062934079203,False
chirp_9db,test,raster_image,17748,template_1,4.120268751284139,1.1694238658922913,2.3369360011508302,0.08007748100519284,0.7326194244519287,0.4560923952181607,0.5978913541429172,False
chirp_9db,test,raster_image,17748,dictionary_8,1.8900677791551352,0.5364432522536758,1.140420318694323,0.08007748100519284,0.3432901788979274,0.9146106114073487,0.9304960521691217,False
chirp_9db,test,raster_image,17748,dictionary_24,1.8494108932512892,0.5249039242246488,1.0972887174352755,0.08007748100519284,0.33629902727914535,0.8928391861867742,0.9250216639578135,False
chirp_9db,test,raster_image,17748,dictionary_48,0.9145645433449845,0.25957374832726166,0.5427659677130259,0.08007748100519284,0.17986216908997876,0.9769901995119752,0.983288983527596,False
chirp_9db,test,raster_image,17748,local_pca_8,4.7745255224702845,1.3551164817946533,2.642874611519475,0.08007748100519284,0.8476968513383851,0.7094726629238084,0.7300330491829953,False
chirp_9db,test,raster_image,17748,local_pca_16,0.9548429907073334,0.2710056670854584,0.602132896859827,0.08007748100519284,0.18628855547167714,0.9731883835217577,0.9808967388048594,False
chirp_9db,test,raster_image,17748,local_pca_32,1.0178416972956308,0.28888610048722135,0.6196169379739561,0.08007748100519284,0.19643591612803218,0.9715441929680719,0.9796989672636269,True
chirp_9db,test,raster_image,17748,local_dictionary_8,1.6923048786085073,0.4803137447754969,1.0598982931992413,0.08007748100519284,0.3093683228597832,0.9266558057565867,0.9445533569063137,False
chirp_9db,test,raster_image,17748,local_dictionary_24,1.8224398680730705,0.5172489477085754,1.0445041103685127,0.08007748100519284,0.33166585051027064,0.857263084644189,0.9073262148575812,False
chirp_9db,test,raster_image,17850,zero_fill,4.2703450520259265,1.0,2.48140927561097,0.09023336513994078,0.760103831909684,,0.5941212907231614,False
chirp_9db,test,raster_image,17850,linear,5.89230009176464,1.3798182629221565,3.171011152054871,0.09023336513994078,1.0454007042327178,-0.02334190999757979,0.3197400626111586,False
chirp_9db,test,raster_image,17850,pchip,6.335002699486175,1.4834873112843046,3.484003320513673,0.09023336513994078,1.1233969560586088,-0.02578196886805488,0.2844998020691656,False
chirp_9db,test,raster_image,17850,autoregression,2.318680462754356,0.5429726250468526,1.445200559547525,0.09023336513994078,0.41939997891621794,0.843390766090301,0.895098254326001,False
chirp_9db,test,raster_image,17850,pca_r32_l01,4.075928867151392,0.9544729565161718,2.389361514070277,0.09023336513994078,0.7259820933526194,0.7254709483423485,0.7780110633730254,False
chirp_9db,test,raster_image,17850,pca_r64_l01,3.4804929303677627,0.8150378688290203,1.9404628571806957,0.09023336513994078,0.6216468778589959,0.6815041448805964,0.7775778921580656,False
chirp_9db,test,raster_image,17850,pca_r96_l01,2.5404270326954874,0.5948997099169455,1.5058430183623606,0.09023336513994078,0.4577858865701032,0.8047808107084942,0.8737725956263024,False
chirp_9db,test,raster_image,17850,pca_r64_l001,4.88155954724229,1.143130001854626,2.766373583418348,0.09023336513994078,0.8675040972344014,0.5508145200234422,0.6562879766205714,False
chirp_9db,test,raster_image,17850,pca_r64_l1,1.6461914841514653,0.3854937865900282,1.0011989549225209,0.09023336513994078,0.3042588468419827,0.9484934084812288,0.9640733222472748,False
chirp_9db,test,raster_image,17850,template_1,3.4558907340459095,0.8092766958975305,1.9746159477613532,0.09023336513994078,0.6173427084940136,0.609096320552193,0.7560029422009901,False
chirp_9db,test,raster_image,17850,dictionary_8,2.1563269510939107,0.5049537976025875,1.2795250776260552,0.09023336513994078,0.39139772713206866,0.9220067298733804,0.9392300977862981,False
chirp_9db,test,raster_image,17850,dictionary_24,2.25798865621891,0.5287602356975066,1.3808852584494062,0.09023336513994078,0.40892070737079084,0.8950201993840249,0.9257303030523237,False
chirp_9db,test,raster_image,17850,dictionary_48,1.7468305186226112,0.4090607427130237,0.9943732264979448,0.09023336513994078,0.3213166626607502,0.9663457585791196,0.9692706132625669,False
chirp_9db,test,raster_image,17850,local_pca_8,6.804897168843354,1.5935239625694864,3.7604469835513745,0.09023336513994078,1.2062212346861776,0.5446048901648233,0.6043454806158766,False
chirp_9db,test,raster_image,17850,local_pca_16,2.378604500368937,0.5570052235569314,1.3869442871251172,0.09023336513994078,0.42975877081270014,0.8304857136583406,0.8903834703893364,False
chirp_9db,test,raster_image,17850,local_pca_32,1.6317615159766021,0.3821146760031642,1.0055669440894466,0.09023336513994078,0.30181997483708484,0.926352479840404,0.9512873590715886,True
chirp_9db,test,raster_image,17850,local_dictionary_8,1.441241144907536,0.33749992737092427,0.8957357168975018,0.09023336513994078,0.2698135874713549,0.9569441706935997,0.9707528025475841,False
chirp_9db,test,raster_image,17850,local_dictionary_24,2.1322738604580658,0.49932121045967415,1.2349243553227853,0.09023336513994078,0.3872578147093822,0.9248286879357903,0.9411651129735366,False
chirp_9db,test,raster_image,17953,zero_fill,3.096097050691785,1.0,1.9517789894237287,0.07427254054277134,0.5521782339613432,,0.5801952620494757,False
chirp_9db,test,raster_image,17953,linear,3.096465985231557,1.0001191611676674,1.9284377954274476,0.07427254054277134,0.5522428789812234,0.05076832422868577,0.5787225863483116,False
chirp_9db,test,raster_image,17953,pchip,3.1011704945768965,1.0016386578980068,1.9244291207255868,0.07427254054277134,0.5530672188767304,0.04299758838751107,0.5765251500799362,False
chirp_9db,test,raster_image,17953,autoregression,3.176719781483619,1.0260401174355371,1.9741979044488303,0.07427254054277134,0.5663081451578598,0.04128422485035087,0.5429011123500505,False
chirp_9db,test,raster_image,17953,pca_r32_l01,3.4970386664273585,1.1294990464352492,1.898725460301868,0.07427254054277134,0.6225022126749592,0.616113710156372,0.6882059809868558,False
chirp_9db,test,raster_image,17953,pca_r64_l01,1.9789782364887454,0.6391848201420453,1.2387819338304331,0.07427254054277134,0.35739349720996905,0.8496922382445286,0.8770529895380914,False
chirp_9db,test,raster_image,17953,pca_r96_l01,2.409299243262368,0.7781730365086713,1.3636176208104072,0.07427254054277134,0.4321361027725968,0.6696888854223474,0.7754208525810834,False
chirp_9db,test,raster_image,17953,pca_r64_l001,2.80866412234816,0.9071628170443166,1.6517322347916683,0.07427254054277134,0.5018591333358883,0.8579326434082324,0.8571032593454913,False
chirp_9db,test,raster_image,17953,pca_r64_l1,2.25029507876258,0.7268167121117147,1.273490609937543,0.07427254054277134,0.40446093214232737,0.7257484510830783,0.8213304909661907,False
chirp_9db,test,raster_image,17953,template_1,3.310167017470488,1.0691418787181983,1.9386414516421486,0.07427254054277134,0.5897089960890793,0.36247300833341023,0.5716760921228428,False
chirp_9db,test,raster_image,17953,dictionary_8,2.6490144847573753,0.8555980130420929,1.5998661673992873,0.07427254054277134,0.47395564333244133,0.5333402206434814,0.7227377605020804,False
chirp_9db,test,raster_image,17953,dictionary_24,1.8996051062766117,0.6135483078129506,1.1114253576387756,0.07427254054277134,0.3436708217189444,0.8247784856827356,0.8821871421289635,False
chirp_9db,test,raster_image,17953,dictionary_48,1.7539815340304912,0.5665137446639747,0.9922218047202701,0.07427254054277134,0.3185641585869595,0.8626995167276558,0.9051642018088235,False
chirp_9db,test,raster_image,17953,local_pca_8,2.9273910497796267,0.9455101057395915,1.6641109997031627,0.07427254054277134,0.5226323718975675,0.8588848698660599,0.8549187281487022,False
chirp_9db,test,raster_image,17953,local_pca_16,2.4849785516685117,0.8026164913381103,1.3748887770224778,0.07427254054277134,0.4453273768003272,0.6733719051363798,0.7702141507353971,False
chirp_9db,test,raster_image,17953,local_pca_32,2.035120834988751,0.6573181659580175,1.1476918979645498,0.07427254054277134,0.3671139780284659,0.786481319769436,0.8463881226880227,True
chirp_9db,test,raster_image,17953,local_dictionary_8,1.8578094911939524,0.6000488553092507,1.0739862633654367,0.07427254054277134,0.3364550872799248,0.9081240315751758,0.9111856682439515,False
chirp_9db,test,raster_image,17953,local_dictionary_24,1.0093412498584746,0.3260043962875614,0.6279680732039639,0.07427254054277134,0.19282265794189565,0.9758074396599439,0.9799177759345986,False
chirp_9db,test,raster_image,18056,zero_fill,3.9461222331097767,1.0,2.5415023289394583,0.08354540062093967,0.7024122616819217,,0.5661154335493656,False
chirp_9db,test,raster_image,18056,linear,4.659506477392639,1.1807810813099606,2.8166825566406395,0.08354540062093967,0.8277864962087195,0.008724257220756294,0.3920236150824034,False
chirp_9db,test,raster_image,18056,pchip,4.708593560451301,1.1932204027903748,2.840280355508697,0.08354540062093967,0.8364214728987521,0.007904837016135233,0.3845125473929113,False
chirp_9db,test,raster_image,18056,autoregression,5.667376942965491,1.4361888984111029,2.9686156920917353,0.08354540062093967,1.0052290825131789,0.15035850391173444,0.3623244378558562,False
chirp_9db,test,raster_image,18056,pca_r32_l01,1.1367332461153512,0.28806336422567896,0.64756182575654,0.08354540062093967,0.2171216051646128,0.9636224914576079,0.9738099567072768,False
chirp_9db,test,raster_image,18056,pca_r64_l01,2.9307961785061303,0.7427028372095028,1.6413927991010722,0.08354540062093967,0.5245814132733131,0.7244293744034495,0.8110428811156339,False
chirp_9db,test,raster_image,18056,pca_r96_l01,2.9875303925362715,0.7570800436614762,1.749672032696537,0.08354540062093967,0.5344890287473237,0.671660309421954,0.7897458488502556,False
chirp_9db,test,raster_image,18056,pca_r64_l001,2.8656535823974347,0.7261948346032685,1.6040768042191629,0.08354540062093967,0.5132112536281832,0.7586883328099143,0.8262918941084204,False
chirp_9db,test,raster_image,18056,pca_r64_l1,3.1752114739855637,0.8046409326462526,1.784231843641232,0.08354540062093967,0.5672946422892243,0.604244086794332,0.7530252095480269,False
chirp_9db,test,raster_image,18056,template_1,4.19070891193136,1.0619815262612466,2.2711472136073434,0.08354540062093967,0.7453693723050429,0.3057980064404435,0.5430567334667533,False
chirp_9db,test,raster_image,18056,dictionary_8,3.778699310530918,0.9575727986391036,2.0516617904821963,0.08354540062093967,0.6730282157049386,0.44140955278718086,0.6318504540274562,False
chirp_9db,test,raster_image,18056,dictionary_24,3.0173356285578645,0.7646330879568387,1.6407833734151258,0.08354540062093967,0.5396957808651612,0.6449675927857598,0.7745016580978881,False
chirp_9db,test,raster_image,18056,dictionary_48,3.2023568145491814,0.8115199239597644,1.7256893124775625,0.08354540062093967,0.5720430496420782,0.5889811186632439,0.7383452682727153,False
chirp_9db,test,raster_image,18056,local_pca_8,2.562589883580397,0.6493944516160933,1.3591764103721564,0.08354540062093967,0.46040884563141626,0.8021605072452815,0.8635454580330197,False
chirp_9db,test,raster_image,18056,local_pca_16,2.84587222590278,0.721181975060125,1.5743400407302937,0.08354540062093967,0.5097598570367827,0.7944148175533009,0.8364331563234079,False
chirp_9db,test,raster_image,18056,local_pca_32,3.2723851233265906,0.8292660313129121,1.868174489268147,0.08354540062093967,0.5842965655459536,0.5736177619549806,0.7359933414534058,True
chirp_9db,test,raster_image,18056,local_dictionary_8,3.5280873852530434,0.8940643945721628,1.9265039733000673,0.08354540062093967,0.629081062217292,0.5225416466524014,0.6830491837265616,False
chirp_9db,test,raster_image,18056,local_dictionary_24,2.992504939722634,0.7583406602598735,1.6598518435120553,0.08354540062093967,0.5353579604799682,0.658503612290401,0.7756810442914193,False
chirp_9db,test,raster_image,18159,zero_fill,5.3468893464914435,1.0,3.2250206413977134,0.08577907946319822,0.9489686053866564,,0.4481104551089347,False
chirp_9db,test,raster_image,18159,linear,6.4722797583984875,1.2104757250391782,3.615390851587615,0.08577907946319822,1.147259027471223,0.0019312082250412504,0.23508535587366786,False
chirp_9db,test,raster_image,18159,pchip,6.7884273131538055,1.2696031043934506,3.7664403945129346,0.08577907946319822,1.203002038530234,-0.002083249218686146,0.2095223580797967,False
chirp_9db,test,raster_image,18159,autoregression,6.189075846403118,1.1575096182725955,3.648918825472451,0.08577907946319822,1.097337109170574,0.23861293427822344,0.3805705162831934,False
chirp_9db,test,raster_image,18159,pca_r32_l01,4.216028502821811,0.7885011694862009,2.4806650609789274,0.08577907946319822,0.7500624120132874,0.7607911617581691,0.7901452521670049,False
chirp_9db,test,raster_image,18159,pca_r64_l01,1.3434316940637139,0.25125481509080705,0.8404484708654312,0.08577907946319822,0.25204837589334067,0.968372821026131,0.9725863396128779,False
chirp_9db,test,raster_image,18159,pca_r96_l01,1.977560905118552,0.36985259596146325,1.1614990946525747,0.08577907946319822,0.3596372607457005,0.9444425746026193,0.9546446284058243,False
chirp_9db,test,raster_image,18159,pca_r64_l001,1.8058247015986526,0.337733696094461,1.06790246073462,0.08577907946319822,0.3302036501153505,0.9435357607941761,0.9505708664980093,False
chirp_9db,test,raster_image,18159,pca_r64_l1,1.8075973853863805,0.33806523162341134,1.116527166169146,0.08577907946319822,0.3305066126577426,0.9686998437363347,0.9728138573461744,False
chirp_9db,test,raster_image,18159,template_1,2.7105171913731985,0.5069334739743218,1.4970308099137963,0.08577907946319822,0.4865376080469595,0.8818113177297133,0.9052484082352343,False
chirp_9db,test,raster_image,18159,dictionary_8,2.930933455880697,0.5481567442206254,1.7046728526526507,0.08577907946319822,0.5249544768203992,0.9160972378188583,0.9192092512342113,False
chirp_9db,test,raster_image,18159,dictionary_24,2.7576513853253424,0.5157487291437732,1.5553379290497653,0.08577907946319822,0.4947455383725981,0.9740811752407559,0.9537244778929383,False
chirp_9db,test,raster_image,18159,dictionary_48,2.0497584958922936,0.3833553236401493,1.0973968584271567,0.08577907946319822,0.37205550057093306,0.9700587110287793,0.971028263246701,False
chirp_9db,test,raster_image,18159,local_pca_8,1.9821839498926415,0.3707172191983595,1.1768999857378337,0.08577907946319822,0.3604317192571013,0.9323411535447993,0.9412295406295748,False
chirp_9db,test,raster_image,18159,local_pca_16,1.5097363065527925,0.28235787365666376,0.9096410853054508,0.08577907946319822,0.2799220471847827,0.9678426623613934,0.9732888664123468,False
chirp_9db,test,raster_image,18159,local_pca_32,1.3050674549093324,0.24407975746977073,0.7859198459378394,0.08577907946319822,0.2456687700532776,0.970463715765043,0.9743765572566184,True
chirp_9db,test,raster_image,18159,local_dictionary_8,2.432398504918985,0.4549184296314439,1.4335833115118974,0.08577907946319822,0.43820165347318546,0.9448076084204269,0.9491859018403377,False
chirp_9db,test,raster_image,18159,local_dictionary_24,1.9642700418506134,0.3673668771805687,1.2211906662623209,0.08577907946319822,0.3573538320939754,0.9353786259997601,0.94753522990877,False
chirp_9db,test,raster_image,18262,zero_fill,1.5195252465617815,1.0,0.9933831609715946,0.08352539470646715,0.2809152570908645,,0.8796240892385668,False
chirp_9db,test,raster_image,18262,linear,1.7373943119337778,1.143379694325558,1.0914297015026877,0.08352539470646715,0.31794310780030144,-0.10303045585743453,0.8333028612460928,False
chirp_9db,test,raster_image,18262,pchip,1.6988670354337683,1.118024882625532,1.0549797253118696,0.08352539470646715,0.311368975376809,-0.20113976362599315,0.8419908265008952,False
chirp_9db,test,raster_image,18262,autoregression,2.2531186307164774,1.4827780162353947,1.3164090564784687,0.08352539470646715,0.4066945568570433,0.203619253635677,0.7433550786677555,False
chirp_9db,test,raster_image,18262,pca_r32_l01,1.8910042282145167,1.2444704242284081,1.1295996163396973,0.08352539470646715,0.3442459254257859,0.6449088566434283,0.8353742304275047,False
chirp_9db,test,raster_image,18262,pca_r64_l01,1.800297427105527,1.1847762524374286,1.032904981541584,0.08352539470646715,0.32869733724724753,0.5277232063260023,0.8340854699311105,False
chirp_9db,test,raster_image,18262,pca_r96_l01,0.876423483670384,0.5767745456375015,0.5616767477626777,0.08352539470646715,0.1753914693902558,0.8301153724937737,0.9543174087385781,False
chirp_9db,test,raster_image,18262,pca_r64_l001,2.195133717572909,1.4446181282869908,1.3078182535593394,0.08352539470646715,0.39666119344837536,0.5411127907336875,0.7889113634820131,False
chirp_9db,test,raster_image,18262,pca_r64_l1,1.3672934375514159,0.8998162028865138,0.8068181993503034,0.08352539470646715,0.2553038987387245,0.5212983261933208,0.8965071257297483,False
chirp_9db,test,raster_image,18262,template_1,2.0369786924953672,1.3405362609831089,1.1090869335724702,0.08352539470646715,0.3693555803722182,0.8594726821467337,0.8569646912901276,False
chirp_9db,test,raster_image,18262,dictionary_8,0.9481089158814959,0.6239507491084962,0.5970133174262895,0.08352539470646715,0.186680019917186,0.8202620634856944,0.9460930461549877,False
chirp_9db,test,raster_image,18262,dictionary_24,0.9726224773466812,0.6400831309301552,0.6094371440645823,0.08352539470646715,0.19058017684715736,0.7809943228895366,0.9525936521447529,False
chirp_9db,test,raster_image,18262,dictionary_48,0.9246235798035678,0.6084950427087057,0.5766029704957178,0.08352539470646715,0.1829617448672476,0.8177233334560037,0.9584814935419153,False
chirp_9db,test,raster_image,18262,local_pca_8,4.472057701068295,2.943062454004754,2.480788058871176,0.08352539470646715,0.7948185980160672,0.17617502066280538,0.496656933372362,False
chirp_9db,test,raster_image,18262,local_pca_16,0.7767643457839075,0.5111888384490396,0.4642623092812651,0.08352539470646715,0.16004238572055948,0.8606383114333378,0.9648134900262275,False
chirp_9db,test,raster_image,18262,local_pca_32,0.5578539098902651,0.3671238178849065,0.35425370625444264,0.08352539470646715,0.12838811071888395,0.9325081003590356,0.9783185934204766,True
chirp_9db,test,raster_image,18262,local_dictionary_8,1.5144380694995287,0.9966521273182111,0.9506519879146327,0.08352539470646715,0.2800554579418414,0.7355207258485964,0.8839331482013784,False
chirp_9db,test,raster_image,18262,local_dictionary_24,1.0644421691598696,0.7005096964123334,0.6379536452375472,0.08352539470646715,0.20534333823750936,0.7844184389060535,0.9336858959218852,False
chirp_9db,test,raster_image,18365,zero_fill,1.9353810670465064,1.0,1.2583388961017459,0.06773171712616341,0.34856469204675133,,0.7352950102623061,False
chirp_9db,test,raster_image,18365,linear,1.9535665415419639,1.0093963275786353,1.2598681337121955,0.06773171712616341,0.3517206536657877,-0.10187980893756118,0.7284188368881778,False
chirp_9db,test,raster_image,18365,pchip,1.953146229534734,1.0091791548396916,1.260992543761194,0.06773171712616341,0.3516476994360071,-0.12096361090325784,0.7285734871334789,False
chirp_9db,test,raster_image,18365,autoregression,2.3656577306039566,1.2223214181866908,1.522461010558108,0.06773171712616341,0.4234734218717598,-0.52186842898673,0.5671201240154062,False
chirp_9db,test,raster_image,18365,pca_r32_l01,2.580680217010871,1.333422270658628,1.5658254064877442,0.06773171712616341,0.4610492629969808,0.06172961467319668,0.5509200957259472,False
chirp_9db,test,raster_image,18365,pca_r64_l01,1.7342277438763856,0.8960652624978442,1.050285289100245,0.06773171712616341,0.313735608150059,0.6772740933219773,0.8147868385040922,False
chirp_9db,test,raster_image,18365,pca_r96_l01,1.8089748265632692,0.9346866399410739,1.0736427573223832,0.06773171712616341,0.32665946879884655,0.7889844191057355,0.8421445874123887,False
chirp_9db,test,raster_image,18365,pca_r64_l001,2.265685557117127,1.1706663848761747,1.3742417964903269,0.06773171712616341,0.40603056359634754,0.7425005565801281,0.7941678919330271,False
chirp_9db,test,raster_image,18365,pca_r64_l1,2.204786396045973,1.1392001469822133,1.3594531751131205,0.06773171712616341,0.39541505894281537,0.07493040387412862,0.6420540944889157,False
chirp_9db,test,raster_image,18365,template_1,4.001433037419139,2.0675168862355036,2.4071988175460906,0.06773171712616341,0.7104945791401222,-0.6040251294403612,0.1062241796949527,False
chirp_9db,test,raster_image,18365,dictionary_8,2.3590810041626034,1.2189232623643909,1.4383020159979676,0.06773171712616341,0.4223253461066574,0.0714930483659809,0.6013705493547801,False
chirp_9db,test,raster_image,18365,dictionary_24,2.4544149939782898,1.2681817734860126,1.479511084764136,0.06773171712616341,0.43897494637066364,-0.03230112529125801,0.5647049085427358,False
chirp_9db,test,raster_image,18365,dictionary_48,2.0663077459659878,1.067649043978343,1.2397627820130592,0.06773171712616341,0.3713086170765524,0.2662579636172353,0.6932574659408205,False
chirp_9db,test,raster_image,18365,local_pca_8,2.1491018295492292,1.1104282593964154,1.1876223453902401,0.06773171712616341,0.3857158047231173,0.687756851632734,0.7809315826812838,False
chirp_9db,test,raster_image,18365,local_pca_16,1.3252672655935087,0.6847577917127899,0.7456323166416826,0.06773171712616341,0.2435767638179179,0.8057233892567058,0.8858887947748821,False
chirp_9db,test,raster_image,18365,local_pca_32,1.3659382260232593,0.7057722374579974,0.815555480174255,0.06773171712616341,0.25049964994749657,0.7420976349233449,0.8714672207038142,True
chirp_9db,test,raster_image,18365,local_dictionary_8,2.430573350348015,1.2558629366242577,1.4968907638228575,0.06773171712616341,0.43480965526856513,0.000749549406469438,0.574788641247737,False
chirp_9db,test,raster_image,18365,local_dictionary_24,1.8185572662773195,0.9396378301109114,1.0660660626620735,0.06773171712616341,0.32831795190507856,0.3992881093246713,0.764345338165967,False
chirp_9db,test,raster_image,18467,zero_fill,2.5111052495531174,1.0,1.6631234538498556,0.06983468630244764,0.4491948686286186,,0.6682319066753758,False
chirp_9db,test,raster_image,18467,linear,2.7044483656750247,1.0769952259692481,1.743356838503705,0.06983468630244764,0.4829992348707096,-0.041160282069126426,0.5955688950397056,False
chirp_9db,test,raster_image,18467,pchip,2.8395209616673016,1.1307853233840477,1.7807997581395325,0.06983468630244764,0.5066452986769873,-0.03428472566195347,0.5552025060180188,False
chirp_9db,test,raster_image,18467,autoregression,2.5840856008709268,1.0290630396040934,1.644639417391462,0.06983468630244764,0.46194837977203473,0.09208629065065327,0.6376779035899454,False
chirp_9db,test,raster_image,18467,pca_r32_l01,2.3479291424426427,0.935018212741376,1.4435484628901352,0.06983468630244764,0.4207119948548251,0.4807743612360865,0.7214299666589438,False
chirp_9db,test,raster_image,18467,pca_r64_l01,1.470525234029063,0.5856087610388937,0.8691386296688826,0.06983468630244764,0.268888211533624,0.8172706588749157,0.9015914056238934,False
chirp_9db,test,raster_image,18467,pca_r96_l01,1.2018023442293564,0.4785949710563634,0.6994871591323728,0.06983468630244764,0.22329298720619953,0.88596942938457,0.9363946530920547,False
chirp_9db,test,raster_image,18467,pca_r64_l001,1.5070954686647269,0.6001721628087605,0.9271352425600132,0.06983468630244764,0.27514315236627007,0.8073876619452472,0.8885626383276322,False
chirp_9db,test,raster_image,18467,pca_r64_l1,2.108385798030831,0.8396246228253652,1.2814898600189726,0.06983468630244764,0.3789984358096805,0.5418825500370652,0.7784795582357046,False
chirp_9db,test,raster_image,18467,template_1,2.5104195938641984,0.9997269506369592,1.5592349512715047,0.06983468630244764,0.4490750884803776,0.5339186711749906,0.7142655324448631,False
chirp_9db,test,raster_image,18467,dictionary_8,2.409045522732454,0.9593566510846863,1.4734477229203233,0.06983468630244764,0.43137439207205364,0.3472491100024937,0.6948285750856993,False
chirp_9db,test,raster_image,18467,dictionary_24,2.0936938290988847,0.8337738250802047,1.2587497687090576,0.06983468630244764,0.3764446023216161,0.5516599871943608,0.7805691691536434,False
chirp_9db,test,raster_image,18467,dictionary_48,1.8082188624107627,0.7200888384636837,1.058858548388329,0.06983468630244764,0.3269575106243677,0.6966973109363016,0.8443338182719985,False
chirp_9db,test,raster_image,18467,local_pca_8,1.7557388951398263,0.6991896876693169,1.0578872773894141,0.06983468630244764,0.31789357759548525,0.8210228765861576,0.8723251174434017,False
chirp_9db,test,raster_image,18467,local_pca_16,1.4545565204247934,0.5792495239630636,0.8339990066559184,0.06983468630244764,0.2661600820494408,0.8291762241209466,0.907030983082864,False
chirp_9db,test,raster_image,18467,local_pca_32,1.4698078345929908,0.5853230703311068,0.8823684387891724,0.06983468630244764,0.26876560747533434,0.8367389808089694,0.9089216252840798,True
chirp_9db,test,raster_image,18467,local_dictionary_8,2.3183346683415613,0.9232327751909793,1.3874787942354498,0.06983468630244764,0.4155515544194764,0.4368121789045882,0.7216537166260443,False
chirp_9db,test,raster_image,18467,local_dictionary_24,1.7953096498473375,0.7149479896021226,1.088838618547511,0.06983468630244764,0.3247268142500116,0.7193379753836576,0.8530300644796177,False
chirp_9db,test,raster_image,18570,zero_fill,3.776268471091981,1.0,2.337242184437211,0.07989630629801521,0.6721720756790402,,0.5422690229897194,False
chirp_9db,test,raster_image,18570,linear,4.324290054628499,1.145122516508485,2.50284360075646,0.07989630629801521,0.7684678443403024,-0.05893751338389199,0.36660981334836445,False
chirp_9db,test,raster_image,18570,pchip,4.472234477946297,1.1842999278737891,2.559993238549632,0.07989630629801521,0.7944881850579506,-0.05367669753937004,0.3376177380357094,False
chirp_9db,test,raster_image,18570,autoregression,4.1149405160409165,1.0896843133748386,2.4353589200489165,0.07989630629801521,0.7316638030696958,-0.10976273540506608,0.4151454573011319,False
chirp_9db,test,raster_image,18570,pca_r32_l01,2.95629523665512,0.7828615097909736,1.6124603339247747,0.07989630629801521,0.5284874507388931,0.7756906078204443,0.8147647210251485,False
chirp_9db,test,raster_image,18570,pca_r64_l01,1.002536591716671,0.26548339965531326,0.6519976318621344,0.07989630629801521,0.19388830791632117,0.9656410093471655,0.9699217859711067,False
chirp_9db,test,raster_image,18570,pca_r96_l01,1.0758652317407804,0.2849016800518087,0.6510658228214028,0.07989630629801521,0.20580421593035772,0.9723828287247017,0.9700947548925508,False
chirp_9db,test,raster_image,18570,pca_r64_l001,1.3765522562383652,0.3645271163255796,0.8542206191420625,0.07989630629801521,0.25573314501625694,0.9553804494065776,0.9556836894977259,False
chirp_9db,test,raster_image,18570,pca_r64_l1,1.5887124371573862,0.4207096103784113,0.918368804212526,0.07989630629801521,0.29164904104401623,0.9698674794749053,0.9683767746917467,False
chirp_9db,test,raster_image,18570,template_1,1.566418331521593,0.4148058707988611,0.958212602160878,0.07989630629801521,0.28785588852588984,0.983793206903821,0.9751638948983768,False
chirp_9db,test,raster_image,18570,dictionary_8,1.4939037212705966,0.39560315499459325,0.8599679858598284,0.07989630629801521,0.2755468619960695,0.9886872851958717,0.9797280128987973,False
chirp_9db,test,raster_image,18570,dictionary_24,1.684419853893697,0.44605405224449374,0.9648610935554403,0.07989630629801521,0.3079750525992993,0.9827636831379919,0.969904042183463,False
chirp_9db,test,raster_image,18570,dictionary_48,1.3287583350888665,0.35187072774638567,0.7490981279780482,0.07989630629801521,0.24770728224245542,0.9919996387251901,0.9859042554321629,False
chirp_9db,test,raster_image,18570,local_pca_8,2.420383069371393,0.6409457081507481,1.4534478031623168,0.07989630629801521,0.43503377078185473,0.7680740305139334,0.837831454355222,False
chirp_9db,test,raster_image,18570,local_pca_16,0.8356105659860539,0.22127943825572893,0.4796951967282659,0.07989630629801521,0.16734424012996268,0.9820540547704072,0.9790164050256472,False
chirp_9db,test,raster_image,18570,local_pca_32,0.9014968632252843,0.23872689935220603,0.5558948651756462,0.07989630629801521,0.17770961276115957,0.9763093422768998,0.9814433589406367,True
chirp_9db,test,raster_image,18570,local_dictionary_8,0.9760794071736482,0.258477228154119,0.5698847386457201,0.07989630629801521,0.1896227357866234,0.9956047365314048,0.9936392843980627,False
chirp_9db,test,raster_image,18570,local_dictionary_24,0.8713838310739969,0.23075261670206923,0.5466614768625305,0.07989630629801521,0.1729519255475393,0.9896313200445159,0.9907917163460257,False
chirp_9db,test,raster_image,18673,zero_fill,4.904595712795662,1.0,2.652610206951889,0.12908762642954383,0.8762781946281959,,0.6763833600696325,False
chirp_9db,test,raster_image,18673,linear,6.745606023083204,1.3753643354302387,3.4689943272745243,0.12908762642954383,1.1992155338604433,0.0022362061732082235,0.43482877585370683,False
chirp_9db,test,raster_image,18673,pchip,6.968821368111297,1.4208758022460954,3.4699701343257567,0.12908762642954383,1.2384597709309415,-0.005418102276424982,0.4155043030144042,False
chirp_9db,test,raster_image,18673,autoregression,8.218944671920042,1.6757639473682882,4.8653012555372195,0.12908762642954383,1.4584626280168322,0.007867441195627474,0.3447443143104438,False
chirp_9db,test,raster_image,18673,pca_r32_l01,4.396815744429816,0.896468537245365,2.339102234510661,0.12908762642954383,0.7875706469239667,0.5121273174135859,0.7467895734649285,False
chirp_9db,test,raster_image,18673,pca_r64_l01,3.582762116186139,0.7304908143272697,1.973871809517795,0.12908762642954383,0.6459672121950203,0.8687515117389066,0.8875897893751455,False
chirp_9db,test,raster_image,18673,pca_r96_l01,1.9822997567413667,0.4041718977100844,1.1990841402983765,0.12908762642954383,0.37274674712658873,0.9184444596695234,0.9488122648481889,False
chirp_9db,test,raster_image,18673,pca_r64_l001,4.500881854268108,0.9176866183946009,2.4919988769250954,0.12908762642954383,0.8057316073818708,0.8437116740600609,0.8559751111884737,False
chirp_9db,test,raster_image,18673,pca_r64_l1,1.9861126269706677,0.4049493053604955,1.2018208649062108,0.12908762642954383,0.37338047958926657,0.914353592854846,0.950529388994156,False
chirp_9db,test,raster_image,18673,template_1,2.0844566999586904,0.4250007181061886,1.1434642254136576,0.12908762642954383,0.38977284282869057,0.9186866068263516,0.9556151491863714,False
chirp_9db,test,raster_image,18673,dictionary_8,2.22108087926042,0.4528570771828989,1.3724875069185132,0.12908762642954383,0.41268073110569764,0.9115464655859283,0.9514314985309286,False
chirp_9db,test,raster_image,18673,dictionary_24,1.7783650027144147,0.3625915583775469,1.0622358471028244,0.12908762642954383,0.3390775241875493,0.9498729678403833,0.9718237126846491,False
chirp_9db,test,raster_image,18673,dictionary_48,2.059782489915572,0.4199698834588505,1.212211515860766,0.12908762642954383,0.38565188236836456,0.9268441916331821,0.9595814347159716,False
chirp_9db,test,raster_image,18673,local_pca_8,7.720517757019142,1.574139482460702,4.143082353567372,0.12908762642954383,1.3707088324871084,0.6172242687027972,0.6712592228816525,False
chirp_9db,test,raster_image,18673,local_pca_16,2.4094869995397166,0.4912712771112969,1.4297827691272322,0.12908762642954383,0.4444870525098469,0.8903417313905717,0.9276560662205989,False
chirp_9db,test,raster_image,18673,local_pca_32,2.366309375801126,0.48246777397525986,1.4177068232834713,0.12908762642954383,0.4371781722099245,0.8893511834617787,0.929254478268066,True
chirp_9db,test,raster_image,18673,local_dictionary_8,1.8385933685224232,0.37487154419796387,1.15862622270637,0.12908762642954383,0.3489715984587897,0.9430838900278532,0.9683808729693854,False
chirp_9db,test,raster_image,18673,local_dictionary_24,1.4600152902350818,0.2976831069737368,0.8831100317424307,0.12908762642954383,0.28767476872404496,0.9547657775246498,0.972377594740396,False
chirp_9db,test,raster_image,18776,zero_fill,3.605339427002475,1.0,2.2252907542055964,0.07540815754624978,0.6416470622755418,,0.5597617824810984,False
chirp_9db,test,raster_image,18776,linear,3.879382835256744,1.0760104322499566,2.3914983933873515,0.07540815754624978,0.6897891271850037,-0.11169009958723769,0.4567130084315755,False
chirp_9db,test,raster_image,18776,pchip,3.8151066486638983,1.05818237808356,2.368643688944899,0.07540815754624978,0.6784936633279912,-0.13624596924090862,0.47818775936945873,False
chirp_9db,test,raster_image,18776,autoregression,3.0652927345522043,0.8502091957263307,1.8486491398760867,0.07540815754624978,0.5469317155007404,0.7263981539550501,0.7377060551883402,False
chirp_9db,test,raster_image,18776,pca_r32_l01,8.039157385671276,2.2297921037507233,4.521103386962254,0.07540815754624978,1.4230724855105892,-0.6412507140767468,-0.28101564298468223,False
chirp_9db,test,raster_image,18776,pca_r64_l01,4.947214317984941,1.3721910011946137,2.9801912218652253,0.07540815754624978,0.8776959824776196,-0.12953420073356647,0.23951822056277897,False
chirp_9db,test,raster_image,18776,pca_r96_l01,4.152323293105185,1.1517149431218685,2.3945607171647065,0.07540815754624978,0.7377767876241434,0.006737682335271391,0.4029680135850461,False
chirp_9db,test,raster_image,18776,pca_r64_l001,4.558298478401153,1.2643188167697654,2.7771905051724666,0.07540815754624978,0.8092118680225685,0.06482080009590313,0.3646513734513371,False
chirp_9db,test,raster_image,18776,pca_r64_l1,5.016379312039361,1.391375046262993,2.9802822593926814,0.07540815754624978,0.8898795476639068,-0.3630427583873667,0.1434040723208407,False
chirp_9db,test,raster_image,18776,template_1,4.210886533461119,1.1679584179851004,2.493655886406283,0.07540815754624978,0.7480776090805252,-0.03939483925125969,0.38106765478107735,False
chirp_9db,test,raster_image,18776,dictionary_8,4.67327791785348,1.2962102494019274,2.6672258596966096,0.07540815754624978,0.8294539731514845,-0.15568440911754322,0.2675435565783559,False
chirp_9db,test,raster_image,18776,dictionary_24,4.9786609094597445,1.3809132289103405,2.864207161987033,0.07540815754624978,0.883235220445668,-0.22088292318405217,0.19942976396588352,False
chirp_9db,test,raster_image,18776,dictionary_48,4.5757566566473304,1.2691611287350197,2.627803795008644,0.07540815754624978,0.812285107694115,-0.10521124667035457,0.2992239225301082,False
chirp_9db,test,raster_image,18776,local_pca_8,4.58852673111834,1.2727031182562745,2.785816329629178,0.07540815754624978,0.8145331419582416,0.14587566107652727,0.3976946395804049,False
chirp_9db,test,raster_image,18776,local_pca_16,4.204698829934234,1.1662421569638657,2.3505179698849696,0.07540815754624978,0.7469891721816162,-0.0072996989802131115,0.38981630960521235,False
chirp_9db,test,raster_image,18776,local_pca_32,4.654377563013696,1.2909679261137987,2.596891250890142,0.07540815754624978,0.8261262879405423,-0.18933321517373916,0.25985113426299244,True
chirp_9db,test,raster_image,18776,local_dictionary_8,4.15962992613858,1.1537415575867012,2.416811917457242,0.07540815754624978,0.739061888887438,0.07594532235836304,0.42036469125006104,False
chirp_9db,test,raster_image,18776,local_dictionary_24,5.829595799092131,1.6169339717173126,3.340218666854969,0.07540815754624978,1.0332059523298216,-0.3758969564811438,0.030800898617398372,False
chirp_9db,test,raster_image,18879,zero_fill,3.980141994678423,1.0,2.6136461282562786,0.09567835945162168,0.7098704789495647,,0.6362566123941074,False
chirp_9db,test,raster_image,18879,linear,4.293321284139505,1.0786854564183421,2.79288091872632,0.09567835945162168,0.7647792257273757,-0.15395046006008428,0.549738400309776,False
chirp_9db,test,raster_image,18879,pchip,4.227025300346743,1.062028768319927,2.7616845525738416,0.09567835945162168,0.7531502110356921,-0.1820972234254323,0.5670965757220469,False
chirp_9db,test,raster_image,18879,autoregression,3.4436680759713814,0.8652123669395905,2.1336207955334423,0.09567835945162168,0.6160010810652141,0.5663020344666009,0.7463135256884115,False
chirp_9db,test,raster_image,18879,pca_r32_l01,0.7772677878937653,0.19528644679837984,0.5103525878409879,0.09567835945162168,0.16657674813217035,0.981507743283684,0.9836113511166835,False
chirp_9db,test,raster_image,18879,pca_r64_l01,2.163658946453876,0.5436135065901562,1.150656831466374,0.09567835945162168,0.3939069067946869,0.892052751348909,0.9155227461244689,False
chirp_9db,test,raster_image,18879,pca_r96_l01,0.7663191737119566,0.19253563685329564,0.4649063660461724,0.09567835945162168,0.1649838892216583,0.9899334776150296,0.9926447902497462,False
chirp_9db,test,raster_image,18879,pca_r64_l001,2.94851740978528,0.7408070902313391,1.611201228375748,0.09567835945162168,0.5296679301191591,0.876004475545937,0.8864778878229956,False
chirp_9db,test,raster_image,18879,pca_r64_l1,1.3398473677298348,0.3366330571927468,0.8271685846744021,0.09567835945162168,0.2548881967709404,0.9755012529666742,0.9813053180520696,False
chirp_9db,test,raster_image,18879,template_1,3.567572123769964,0.8963429265940567,1.9918891092118263,0.09567835945162168,0.6376557569720832,0.6544313587751523,0.7645968486077064,False
chirp_9db,test,raster_image,18879,dictionary_8,1.9213166460885567,0.4827256536720093,1.1792076165591228,0.09567835945162168,0.3524575531635399,0.8865015540369756,0.9327829036816534,False
chirp_9db,test,raster_image,18879,dictionary_24,2.152377625761677,0.5407791050267742,1.297829771436703,0.09567835945162168,0.39197075171367374,0.8792133522582738,0.9244326204370766,False
chirp_9db,test,raster_image,18879,dictionary_48,1.6539338813537134,0.4155464512484921,1.0065038397711923,0.09567835945162168,0.30716862665204575,0.931653358206458,0.9575570068355118,False
chirp_9db,test,raster_image,18879,local_pca_8,4.156764517948646,1.044375935206928,2.288558523998227,0.09567835945162168,0.7408288445249348,0.9212870237452091,0.8877718682554705,False
chirp_9db,test,raster_image,18879,local_pca_16,0.7752426815683509,0.19477764426617822,0.4449415823774159,0.09567835945162168,0.16628157762261023,0.987777675083579,0.9913119341593905,False
chirp_9db,test,raster_image,18879,local_pca_32,0.7709161178570483,0.1936906067391032,0.48624461476975966,0.09567835945162168,0.165651786820629,0.9947243622182993,0.9953722663754547,True
chirp_9db,test,raster_image,18879,local_dictionary_8,2.342302631055736,0.5884972531601812,1.412664823729681,0.09567835945162168,0.42463831734851826,0.8152053426067553,0.8935053108717915,False
chirp_9db,test,raster_image,18879,local_dictionary_24,2.1094006977927946,0.5299812671540691,1.2166229059002873,0.09567835945162168,0.38460028383117667,0.8580305604876521,0.9169860812346846,False
chirp_9db,test,raster_image,18982,zero_fill,2.783174638086015,1.0,1.8452102257335694,0.07569592540192946,0.4976095084527032,,0.6426923421462459,False
chirp_9db,test,raster_image,18982,linear,2.920713414984887,1.0494179470510903,1.8723701863544895,0.07569592540192946,0.5216617953493902,-0.024589660711673518,0.5888461801802635,False
chirp_9db,test,raster_image,18982,pchip,2.9350279848182406,1.0545611995216566,1.878462401418226,0.07569592540192946,0.524166461467106,-0.027520005753965952,0.5838084361379657,False
chirp_9db,test,raster_image,18982,autoregression,2.583885738132269,0.9283951149789161,1.6583965778050485,0.07569592540192946,0.46280704586656,0.3785538534429893,0.7040961738441678,False
chirp_9db,test,raster_image,18982,pca_r32_l01,3.4694587268908204,1.2465831929529085,1.9158019901872583,0.07569592540192946,0.6178280991807854,0.12538739213624459,0.4820830097060823,False
chirp_9db,test,raster_image,18982,pca_r64_l01,2.3138238608637947,0.8313613630997327,1.2661018525293448,0.07569592540192946,0.41576010683365855,0.6651217336104264,0.7845535826893578,False
chirp_9db,test,raster_image,18982,pca_r96_l01,2.208828925323373,0.7936364808362804,1.2909668693252225,0.07569592540192946,0.39751380825628624,0.6169232684896288,0.7964586442767534,False
chirp_9db,test,raster_image,18982,pca_r64_l001,2.380771535545776,0.8554157913651544,1.2421936991108475,0.07569592540192946,0.42740858566705087,0.753772520184093,0.8148528627114737,False
chirp_9db,test,raster_image,18982,pca_r64_l1,2.6531273795738457,0.9532737699127631,1.5117745249137307,0.07569592540192946,0.47489179553874655,0.3644886995662389,0.6771767766972933,False
chirp_9db,test,raster_image,18982,template_1,2.073384387164841,0.7449709977921847,1.2505862068968585,0.07569592540192946,0.37402159378399413,0.7232408628141191,0.8234434549813713,False
chirp_9db,test,raster_image,18982,dictionary_8,1.367697283702569,0.491416264357429,0.8176888804909733,0.07569592540192946,0.2529959193497171,0.9353141248270546,0.9494451582075317,False
chirp_9db,test,raster_image,18982,dictionary_24,1.8399297277862057,0.6610902897029568,1.1113682941504972,0.07569592540192946,0.3336805859457659,0.7937442943581747,0.8766887392923698,False
chirp_9db,test,raster_image,18982,dictionary_48,1.8219787163792196,0.6546404567814658,1.0913057633645669,0.07569592540192946,0.3305881364011985,0.7944397609328082,0.8783562290230688,False
chirp_9db,test,raster_image,18982,local_pca_8,2.1046325873699656,0.7561985362216862,1.2426997789124854,0.07569592540192946,0.37943644043731506,0.867825108256678,0.880236029298849,False
chirp_9db,test,raster_image,18982,local_pca_16,2.440337578296699,0.8768179850815669,1.33397334852549,0.07569592540192946,0.43778110836221157,0.48994863304977404,0.7348586270296391,False
chirp_9db,test,raster_image,18982,local_pca_32,2.1578019640200066,0.7753023955061346,1.1959771857984438,0.07569592540192946,0.38865695762477537,0.638562016407761,0.8063893497874397,True
chirp_9db,test,raster_image,18982,local_dictionary_8,1.7414706953423797,0.6257137699918057,1.0488285595294005,0.07569592540192946,0.316738567746156,0.8662806923159865,0.9025453058775879,False
chirp_9db,test,raster_image,18982,local_dictionary_24,2.269923409706238,0.8155878465705124,1.3074674945924682,0.07569592540192946,0.40812752115333406,0.584294186351087,0.7821066643322833,False
chirp_9db,test,raster_image,19084,zero_fill,4.025040356678339,1.0,2.376889138738827,0.06965531962190065,0.7148285992763797,,0.48136818432867196,False
chirp_9db,test,raster_image,19084,linear,4.136856087692985,1.027780027305595,2.397273092951089,0.06965531962190065,0.7345063406036528,0.0028929132028290136,0.4316843168763994,False
chirp_9db,test,raster_image,19084,pchip,4.146387470470051,1.0301480489730677,2.399059384768327,0.06965531962190065,0.736183927964242,0.0021267964202797422,0.4280264809380846,False
chirp_9db,test,raster_image,19084,autoregression,4.476335066252437,1.1121217850214373,2.5880097506775295,0.06965531962190065,0.7942760736092825,-0.27647050093153996,0.2909788437521342,False
chirp_9db,test,raster_image,19084,pca_r32_l01,2.409282963103595,0.5985736165616619,1.3280555843435295,0.06965531962190065,0.4313877376561072,0.8063423507217791,0.8539093952901108,False
chirp_9db,test,raster_image,19084,pca_r64_l01,2.294479518799164,0.5700513076824604,1.2505515338336632,0.06965531962190065,0.4113637392977681,0.8910237090508756,0.9034833994664905,False
chirp_9db,test,raster_image,19084,pca_r96_l01,2.4021953369009,0.5968127332972406,1.3479287208937432,0.06965531962190065,0.43015078049479244,0.9348137301161319,0.9124061755018712,False
chirp_9db,test,raster_image,19084,pca_r64_l001,2.0122194668556617,0.4999252898215023,1.1012136800827557,0.06965531962190065,0.3622600478632971,0.8842318033620269,0.9103354843151479,False
chirp_9db,test,raster_image,19084,pca_r64_l1,3.4625528976722646,0.8602529641540622,1.998064842296075,0.06965531962190065,0.6159261405416009,0.627227444990535,0.6857146474998215,False
chirp_9db,test,raster_image,19084,template_1,5.515997107548111,1.3704203234623424,3.3169088834826903,0.06965531962190065,0.9775069031178826,-0.059070977633778755,0.18458186533773616,False
chirp_9db,test,raster_image,19084,dictionary_8,4.633500132730633,1.151168615003509,2.6706855045624676,0.06965531962190065,0.8219590023633194,-0.2436893852583691,0.2465329425115214,False
chirp_9db,test,raster_image,19084,dictionary_24,3.3010834072550606,0.8201367227977999,1.9170255534092329,0.06965531962190065,0.5875680660505211,0.7040654208343,0.7324237243565644,False
chirp_9db,test,raster_image,19084,dictionary_48,2.8161536576248705,0.6996584898713658,1.607770298035882,0.06965531962190065,0.5025288920007,0.8824695034654286,0.850707939195373,False
chirp_9db,test,raster_image,19084,local_pca_8,2.773991210046978,0.6891834526439908,1.6546538301478084,0.06965531962190065,0.4951462853136939,0.7299166743792527,0.7941561637943467,False
chirp_9db,test,raster_image,19084,local_pca_16,2.4388485352451537,0.6059190266747564,1.3393308654634173,0.06965531962190065,0.4365486065422703,0.9383844096876482,0.9102066825832227,False
chirp_9db,test,raster_image,19084,local_pca_32,2.4200148651267708,0.6012399008898102,1.3228224702591933,0.06965531962190065,0.433260881193964,0.9268516685467616,0.9081805741565631,True
chirp_9db,test,raster_image,19084,local_dictionary_8,4.208485926573893,1.0455760821357185,2.4456203372661696,0.06965531962190065,0.7471144817787093,0.11047923871444991,0.4211030076567499,False
chirp_9db,test,raster_image,19084,local_dictionary_24,3.2965090951748204,0.8190002591415658,1.8331248873384594,0.06965531962190065,0.5867649653148721,0.6747102418583026,0.7281805044749452,False
chirp_9db,test,raster_image,19187,zero_fill,2.8240599603153282,1.0,1.6466541009991338,0.10474366274354627,0.5097616765732653,,0.809920947832067,False
chirp_9db,test,raster_image,19187,linear,4.78006591811152,1.6926219645767677,2.684086445775667,0.10474366274354627,0.8512699788941129,0.023008097646446107,0.5412978781434634,False
chirp_9db,test,raster_image,19187,pchip,4.996100267944385,1.7691197560077767,2.790350763847658,0.10474366274354627,0.8891907516245267,0.013774234029320695,0.5196368013412581,False
chirp_9db,test,raster_image,19187,autoregression,3.1563237888989697,1.1176546650045425,1.8645034217486334,0.10474366274354627,0.5674088071499489,0.6387504470539186,0.8044128865862161,False
chirp_9db,test,raster_image,19187,pca_r32_l01,3.2062446269033478,1.135331640247945,1.8627861525089746,0.10474366274354627,0.5760889929347813,0.5003211137253509,0.7746009013712142,False
chirp_9db,test,raster_image,19187,pca_r64_l01,3.0911080199355196,1.0945617527151843,1.7584210035683263,0.10474366274354627,0.5560760141479827,0.6294738264732488,0.8067156440249057,False
chirp_9db,test,raster_image,19187,pca_r96_l01,3.3476040586433955,1.1853870334501004,2.021179774690216,0.10474366274354627,0.6006913000576576,0.6519148207660336,0.7958015381225018,False
chirp_9db,test,raster_image,19187,pca_r64_l001,3.099056931691935,1.097376463404092,1.766421168494052,0.10474366274354627,0.5574568970809756,0.6435414195486449,0.8090988853885605,False
chirp_9db,test,raster_image,19187,pca_r64_l1,2.6302677704241972,0.9313781603031217,1.4772659696607193,0.10474366274354627,0.47626203480742957,0.6518237228653493,0.8432662187599836,False
chirp_9db,test,raster_image,19187,template_1,2.259416447725641,0.8000596586034807,1.344212048959018,0.10474366274354627,0.41250268808541196,0.7508127246606139,0.8828739259055388,False
chirp_9db,test,raster_image,19187,dictionary_8,3.1995302452115846,1.1329540768158237,1.8631753206780983,0.10474366274354627,0.5749212465486211,0.5764566265058039,0.7887056479335104,False
chirp_9db,test,raster_image,19187,dictionary_24,3.177496858958805,1.125152051872161,1.8563878345299123,0.10474366274354627,0.5710898180815678,0.5718252852137882,0.7894068904751792,False
chirp_9db,test,raster_image,19187,dictionary_48,2.574899455297058,0.9117722327005942,1.453659970712327,0.10474366274354627,0.46671108187781823,0.6748189997446811,0.8505472294546002,False
chirp_9db,test,raster_image,19187,local_pca_8,3.7004319882956493,1.3103234493231042,2.124858179805395,0.10474366274354627,0.6622241213666508,0.47512331788811996,0.7314311484706906,False
chirp_9db,test,raster_image,19187,local_pca_16,2.597960272697605,0.9199380711475837,1.503588320642915,0.10474366274354627,0.47068785635851473,0.7484664210394253,0.8610651838015543,False
chirp_9db,test,raster_image,19187,local_pca_32,3.05198897560793,1.0807096940205023,1.6761564232161037,0.10474366274354627,0.5492820595065803,0.6270539478444803,0.8088593373965439,True
chirp_9db,test,raster_image,19187,local_dictionary_8,2.9648427227210794,1.0498511945157254,1.7598812831609139,0.10474366274354627,0.5341582353310993,0.619615210736411,0.813524273301991,False
chirp_9db,test,raster_image,19187,local_dictionary_24,3.246785534622327,1.1496871809548257,1.9104219194476566,0.10474366274354627,0.583141400875083,0.5785768515934986,0.7857859757979736,False
chirp_9db,test,raster_image,19290,zero_fill,6.305135240277293,1.0,3.87194485520473,0.13180985418095217,1.122125763974647,,0.5627458520070855,False
chirp_9db,test,raster_image,19290,linear,6.931004202930912,1.099263368477104,4.0796564665164805,0.13180985418095217,1.232089285376689,0.03995438513980734,0.44605263026297276,False
chirp_9db,test,raster_image,19290,pchip,6.964819092994716,1.1046264398110532,4.065104027936871,0.13180985418095217,1.2380338995457054,0.03850850089987943,0.441470785259971,False
chirp_9db,test,raster_image,19290,autoregression,9.881384599791346,1.5671962968643276,5.193974487028122,0.13180985418095217,1.7516095328335604,0.025976223182576738,0.2545737692831651,False
chirp_9db,test,raster_image,19290,pca_r32_l01,2.052570144697765,0.32553943198330115,1.295909766550076,0.13180985418095217,0.3853421031345039,0.9488616833346992,0.9639284580214518,False
chirp_9db,test,raster_image,19290,pca_r64_l01,1.581115386907596,0.25076629234015607,0.9640948998838688,0.13180985418095217,0.3081454016649079,0.9719127677581557,0.9738200238946297,False
chirp_9db,test,raster_image,19290,pca_r96_l01,1.5963451961403812,0.2531817534924399,1.032506943783183,0.13180985418095217,0.31058950766424565,0.9932338065926487,0.993798118289404,False
chirp_9db,test,raster_image,19290,pca_r64_l001,2.2574749659826345,0.35803751703244246,1.3063792963271892,0.13180985418095217,0.41962714809822604,0.9546146427472145,0.9565236503091274,False
chirp_9db,test,raster_image,19290,pca_r64_l1,1.6917696146220067,0.268316150273028,1.0786477786901338,0.13180985418095217,0.32599239812808584,0.9863568922934134,0.9893903585329173,False
chirp_9db,test,raster_image,19290,template_1,4.807125989060783,0.7624144139451274,2.9639302063662702,0.13180985418095217,0.859633810885101,0.6716938454755428,0.7745206745573975,False
chirp_9db,test,raster_image,19290,dictionary_8,2.7946763309854994,0.4432381264612799,1.7714775451104796,0.13180985418095217,0.510783857248038,0.9504271099170069,0.9594204196181687,False
chirp_9db,test,raster_image,19290,dictionary_24,2.993159060029707,0.474717662027194,1.88523913502923,0.13180985418095217,0.5447932556849329,0.935372403365506,0.9488476375375788,False
chirp_9db,test,raster_image,19290,dictionary_48,2.1817622164530777,0.34602940830133977,1.363743293375807,0.13180985418095217,0.40691965333226293,0.9532604776642329,0.9675314165977952,False
chirp_9db,test,raster_image,19290,local_pca_8,3.907993420632482,0.6198111970173399,2.1402613518807923,0.13180985418095217,0.7029180593946853,0.866641547745384,0.8863030412096327,False
chirp_9db,test,raster_image,19290,local_pca_16,1.4227050453526764,0.22564227270882573,0.8327835474037419,0.13180985418095217,0.2829906476760364,0.9962811786595124,0.9962496822908313,False
chirp_9db,test,raster_image,19290,local_pca_32,1.8284517036147203,0.28999404991895256,1.032270737697024,0.13180985418095217,0.3482915714548163,0.983835537688228,0.9872668043236602,True
chirp_9db,test,raster_image,19290,local_dictionary_8,2.7114167907976285,0.43003309008775253,1.6904885020109237,0.13180985418095217,0.4965622437335597,0.9399576443125067,0.955938203381084,False
chirp_9db,test,raster_image,19290,local_dictionary_24,1.648372669748773,0.2614333566104887,0.9949120810040031,0.13180985418095217,0.3189691122296375,0.9742955149602993,0.9817258856664414,False
chirp_9db,test,raster_image,19393,zero_fill,3.5125022656916713,1.0,2.136717771191348,0.08884851751771264,0.6270563171853836,,0.6174269276075524,False
chirp_9db,test,raster_image,19393,linear,4.741795614790128,1.3499765284440002,2.62897676344448,0.08884851751771264,0.8427881829725375,-0.09513159278787137,0.33184628982893244,False
chirp_9db,test,raster_image,19393,pchip,5.082144207825587,1.4468728625360265,2.841951637378248,0.08884851751771264,0.90265070729479,-0.0844659847858051,0.2940188597423964,False
chirp_9db,test,raster_image,19393,autoregression,3.2634979844981467,0.929109147166773,2.0407193077796233,0.08884851751771264,0.5835006139093123,0.3720153266325327,0.6781147299681761,False
chirp_9db,test,raster_image,19393,pca_r32_l01,1.4736853241594363,0.4195542700580273,0.8590244297675178,0.08884851751771264,0.27479903257089855,0.916453081678782,0.9384649619674102,False
chirp_9db,test,raster_image,19393,pca_r64_l01,2.515738030378773,0.7162238882950248,1.4084025071582413,0.08884851751771264,0.45324019806389715,0.7083259623719776,0.8201342981366146,False
chirp_9db,test,raster_image,19393,pca_r96_l01,1.5036160354065269,0.4280754634931002,0.9390008732671018,0.08884851751771264,0.27982008801134145,0.9042571153525865,0.9359335765871808,False
chirp_9db,test,raster_image,19393,pca_r64_l001,3.0300951075498426,0.8626599723924065,1.6923193200911055,0.08884851751771264,0.5427416567707262,0.635438279273342,0.7557072797133827,False
chirp_9db,test,raster_image,19393,pca_r64_l1,1.769558330153554,0.5037885234801686,1.0743199995267831,0.08884851751771264,0.3248101616152978,0.9130129677246684,0.9393572571962566,False
chirp_9db,test,raster_image,19393,template_1,1.6723902058264584,0.4761250183840483,0.985551124243985,0.08884851751771264,0.30830204505698516,0.8822696288643362,0.9210753768749776,False
chirp_9db,test,raster_image,19393,dictionary_8,1.242739325717276,0.35380456202284033,0.7711085261403261,0.08884851751771264,0.23645274783652492,0.9496289620135664,0.9674084832760621,False
chirp_9db,test,raster_image,19393,dictionary_24,1.391136869092725,0.3960529456964739,0.8525103709046845,0.08884851751771264,0.26100632293389125,0.9226251917108229,0.950954591109034,False
chirp_9db,test,raster_image,19393,dictionary_48,1.2896379613262539,0.367156478138898,0.7969150039269746,0.08884851751771264,0.2441747518627598,0.9683687557873325,0.9755681767848331,False
chirp_9db,test,raster_image,19393,local_pca_8,2.9863351203966975,0.850201621096645,1.740583417468752,0.08884851751771264,0.5351084376767921,0.7888863613263093,0.8266338036670503,False
chirp_9db,test,raster_image,19393,local_pca_16,1.5686992923678544,0.4466044926689751,0.9410463062781266,0.08884851751771264,0.29077124282314704,0.8993217359912062,0.9301581096001101,False
chirp_9db,test,raster_image,19393,local_pca_32,1.2678547035025551,0.3609548429011171,0.7719243856017667,0.08884851751771264,0.24058336524292273,0.9325597928340226,0.9549467183243062,True
chirp_9db,test,raster_image,19393,local_dictionary_8,1.620194159424507,0.46126494358444586,0.9881558065414915,0.08884851751771264,0.299465406247702,0.9512583056040538,0.9586581953971983,False
chirp_9db,test,raster_image,19393,local_dictionary_24,1.1129949911083488,0.31686669699248754,0.6880493396242483,0.08884851751771264,0.21531036328767267,0.9760793447273348,0.9821274340902922,False
chirp_9db,test,raster_image,19496,zero_fill,4.972700442637441,1.0,2.863016231908186,0.10769418615737121,0.8854251955611082,,0.6071356090030529,False
chirp_9db,test,raster_image,19496,linear,6.633263689739958,1.3339359099261932,3.5906008171294066,0.10769418615737121,1.1773875523181292,0.03715654863259197,0.37876592867918984,False
chirp_9db,test,raster_image,19496,pchip,6.8590937188114856,1.3793498719527797,3.650434018600876,0.10769418615737121,1.217152232327758,0.02736712682431149,0.3595276265516576,False
chirp_9db,test,raster_image,19496,autoregression,8.126968965018012,1.6343170192467087,4.831843287953234,0.10769418615737121,1.4405637321902511,0.14323482112027686,0.3557561140565304,False
chirp_9db,test,raster_image,19496,pca_r32_l01,3.7719693735859074,0.7585354109095128,2.2103458156598776,0.10769418615737121,0.6751687780882348,0.773535409869463,0.8310058022805806,False
chirp_9db,test,raster_image,19496,pca_r64_l01,3.582931227834756,0.7205202221942865,1.9886056302929882,0.10769418615737121,0.6421870675932493,0.7800647737266004,0.8399093648255114,False
chirp_9db,test,raster_image,19496,pca_r96_l01,2.1786098917550234,0.43811404223648015,1.2684520587271586,0.10769418615737121,0.3994480657008137,0.9032506302545079,0.9328540957210725,False
chirp_9db,test,raster_image,19496,pca_r64_l001,4.083320791520723,0.8211475512397837,2.279124198010638,0.10769418615737121,0.7295771004527315,0.7408859344048309,0.8063635630051584,False
chirp_9db,test,raster_image,19496,pca_r64_l1,2.4671102702129755,0.49613088475212064,1.4003199088623406,0.10769418615737121,0.44882388859264005,0.8692280322975955,0.9145878851060605,False
chirp_9db,test,raster_image,19496,template_1,4.019339414841022,0.8082810258140602,2.3111946321297707,0.10769418615737121,0.7183885722006065,0.6594420998867963,0.7753671308439926,False
chirp_9db,test,raster_image,19496,dictionary_8,2.300415841234763,0.462608972282002,1.3805718518778467,0.10769418615737121,0.4202474052678261,0.8972908152544921,0.9355132676959149,False
chirp_9db,test,raster_image,19496,dictionary_24,2.406119756461015,0.4838658158111063,1.4618521164516292,0.10769418615737121,0.4383545743789733,0.8775170965390672,0.9230997636282662,False
chirp_9db,test,raster_image,19496,dictionary_48,2.1345574160073735,0.4292551784750658,1.2630214130101147,0.10769418615737121,0.3919452501596654,0.9066704441655954,0.9408666234329109,False
chirp_9db,test,raster_image,19496,local_pca_8,4.02727321400933,0.8098764967779416,2.2193327513593384,0.10769418615737121,0.7197757617387709,0.7001372437565996,0.7902336344659013,False
chirp_9db,test,raster_image,19496,local_pca_16,2.491971259286176,0.501130379364753,1.3782497888128373,0.10769418615737121,0.4530955999704761,0.883770678769445,0.9158193983304412,False
chirp_9db,test,raster_image,19496,local_pca_32,2.3838514919422993,0.4793877128616946,1.3578848982716718,0.10769418615737121,0.43453592721612855,0.8870405445368259,0.9207969747608756,True
chirp_9db,test,raster_image,19496,local_dictionary_8,2.382485413703569,0.47911299729125384,1.5176742529986318,0.10769418615737121,0.434301735411472,0.8779190195202317,0.9221055229199274,False
chirp_9db,test,raster_image,19496,local_dictionary_24,2.6068859545511303,0.5242394921276375,1.4898551883584434,0.10769418615737121,0.4728700121905534,0.8550287589541324,0.9043879654609162,False
chirp_9db,test,raster_image,19599,zero_fill,5.377479165841612,1.0,3.1625174388715585,0.07169732389740373,0.9532286889982141,,0.38770820162561237,False
chirp_9db,test,raster_image,19599,linear,5.838644815731421,1.0857587050860538,3.43843033767381,0.07169732389740373,1.0345459296555983,-0.031527318696279796,0.24527923099791576,False
chirp_9db,test,raster_image,19599,pchip,5.995766068268355,1.1149770893310336,3.4979238556685015,0.07169732389740373,1.0622583024986452,-0.026281868031180898,0.22224634700044918,False
chirp_9db,test,raster_image,19599,autoregression,4.607851756443755,0.8568795181417677,2.807797746523147,0.07169732389740373,0.8176118712299659,0.5500896057032802,0.6315638053687532,False
chirp_9db,test,raster_image,19599,pca_r32_l01,2.136339142132973,0.39727520576988073,1.2010362512323702,0.07169732389740373,0.38419154663091615,0.9655044794527807,0.9660531030176653,False
chirp_9db,test,raster_image,19599,pca_r64_l01,2.67122619118642,0.4967431967294949,1.4903460164967122,0.07169732389740373,0.47745435182184676,0.9413691147503772,0.9400087562073173,False
chirp_9db,test,raster_image,19599,pca_r96_l01,2.432914976453041,0.4524266671096016,1.343384057063874,0.07169732389740373,0.4358336471825082,0.9492295582974793,0.9503730648655929,False
chirp_9db,test,raster_image,19599,pca_r64_l001,2.609246288658766,0.4852173682481207,1.5180397912639532,0.07169732389740373,0.46662089432814297,0.9249961748576611,0.9310398462032733,False
chirp_9db,test,raster_image,19599,pca_r64_l1,3.1791004028852416,0.5911878604903328,1.7185899939576923,0.07169732389740373,0.5664040923200456,0.9352118142990667,0.9164293842668946,False
chirp_9db,test,raster_image,19599,template_1,3.1114965475918615,0.5786161975961633,1.7914726222281592,0.07169732389740373,0.5545484215656803,0.8564416761294138,0.8750660186556104,False
chirp_9db,test,raster_image,19599,dictionary_8,3.315914259581326,0.6166298663962119,1.8709528015891943,0.07169732389740373,0.5904088379771866,0.9258932976925421,0.9037795224868671,False
chirp_9db,test,raster_image,19599,dictionary_24,3.09654422601721,0.5758356528253662,1.7066246487935917,0.07169732389740373,0.5519267908188789,0.9515649488097475,0.9289795030186578,False
chirp_9db,test,raster_image,19599,dictionary_48,3.464278715914807,0.6442198303473342,1.8951378975030744,0.07169732389740373,0.6164561702641526,0.9115639534060462,0.8870235125182088,False
chirp_9db,test,raster_image,19599,local_pca_8,2.6146109212018036,0.4862149792806495,1.4260254662885072,0.07169732389740373,0.4675583507416237,0.943511020789836,0.942782928440603,False
chirp_9db,test,raster_image,19599,local_pca_16,2.8312077543361482,0.5264934864499926,1.5552796377873395,0.07169732389740373,0.5054420417468957,0.9280359641657359,0.9273603148484866,False
chirp_9db,test,raster_image,19599,local_pca_32,2.8045332508455716,0.5215330760666264,1.5064236223192569,0.07169732389740373,0.5007732286478942,0.9445867204352549,0.9379072251802055,True
chirp_9db,test,raster_image,19599,local_dictionary_8,3.488305496519128,0.6486878682259264,1.9563538472620616,0.07169732389740373,0.6206758144082012,0.9517224226505665,0.9013006558544553,False
chirp_9db,test,raster_image,19599,local_dictionary_24,3.24049335942824,0.6026045400626078,1.7784984410225775,0.07169732389740373,0.5771739584598293,0.9017696978348055,0.8963467343769486,False
