source,split,profile,row,method,gap_rmse,gap_nrmse,gap_mae,visible_rmse,whole_rmse,gap_correlation,whole_correlation
chirp_9db,validation,short_gaps,12000,zero_fill,2.6192275290383744,1.0,1.7650940558271055,0.0,0.4630183868133798,,0.9358687787112464
chirp_9db,validation,short_gaps,12000,linear,2.8446282252880035,1.08605617257405,1.8089225053773221,0.0,0.5028639770139504,0.08987922509003336,0.9245452097524943
chirp_9db,validation,short_gaps,12000,pchip,3.0226638728991997,1.1540287506098958,1.8749120579598824,0.0,0.5343365304436543,0.06602775662290816,0.9152117429748462
chirp_9db,validation,short_gaps,12000,autoregression,2.4760839659420864,0.9453489391397616,1.5605835798108436,0.0,0.43771394077623244,0.3456207637244782,0.9429193215942594
chirp_9db,validation,short_gaps,12000,pca_r32_l01,9.514853858375622,3.632694660119472,6.063240718736363,0.0,1.682004421314097,0.1506709389336457,0.5939734582996192
chirp_9db,validation,short_gaps,12000,pca_r64_l01,2.592263622011257,0.9897053972103688,1.7668238586199685,0.0,0.4582517964368403,0.49087436851397886,0.9389255821044269
chirp_9db,validation,short_gaps,12000,pca_r96_l01,1.1503558204647508,0.4391965981233763,0.785585292894269,0.0,0.20335610035701,0.9482391846657354,0.9890038055984681
chirp_9db,validation,short_gaps,12000,pca_r64_l001,3.295216128210918,1.2580870091193361,2.1621791798197196,0.0,0.582517417433305,0.31823481965997885,0.9038010771867409
chirp_9db,validation,short_gaps,12000,pca_r64_l1,1.4868132470372357,0.5676533369298794,1.133307493018226,0.0,0.2628339323345047,0.8415820361082139,0.9799083896055766
chirp_9db,validation,short_gaps,12000,template_1,3.16879590665302,1.209820785526187,1.7674579040044844,0.0,0.5601692684476312,0.6095299841339419,0.9186199771227384
chirp_9db,validation,short_gaps,12000,dictionary_8,2.20804942234977,0.843015506621693,1.3667462213913941,0.0,0.39033167993464046,0.5941105880323602,0.9552424169831296
chirp_9db,validation,short_gaps,12000,dictionary_24,1.734629777915061,0.6622676948389874,1.0880483465639925,0.0,0.3066421197029636,0.7621944936732582,0.9724544027823577
chirp_9db,validation,short_gaps,12000,dictionary_48,2.656251965168522,1.0141356318684314,1.6766175972261825,0.0,0.4695634442776887,0.323381277886139,0.934532647067787
chirp_9db,validation,short_gaps,12236,zero_fill,1.7715684299382042,1.0,1.4630313536036614,0.0,0.3131720125363273,,0.9616873146264497
chirp_9db,validation,short_gaps,12236,linear,2.8828310782581803,1.6272761636188895,2.26837457610541,0.0,0.5096173511129215,0.04370011564099635,0.9038171936715328
chirp_9db,validation,short_gaps,12236,pchip,2.984823386207516,1.684847921065986,2.3374312512872453,0.0,0.5276472142578821,0.02871438859907281,0.8975705169325334
chirp_9db,validation,short_gaps,12236,autoregression,1.7144436860979868,0.9677547065781648,1.3760920352916834,0.0,0.3030736891005868,0.3797608040052083,0.9642738121693025
chirp_9db,validation,short_gaps,12236,pca_r32_l01,5.213181519613713,2.9426927187879266,3.7982689250667354,0.0,0.9215690010188118,0.26040590753833714,0.7735254690672191
chirp_9db,validation,short_gaps,12236,pca_r64_l01,10.995059736453763,6.20639855093675,6.453473318686603,0.0,1.9436703247994074,0.3022297198101406,0.5330498187232098
chirp_9db,validation,short_gaps,12236,pca_r96_l01,6.65682349451372,3.7575875602761353,4.2827854381902855,0.0,1.1767712585331453,0.32513627767334863,0.7042550399380452
chirp_9db,validation,short_gaps,12236,pca_r64_l001,17.43934788099726,9.844015950095464,9.905777627325415,0.0,3.082870286531103,0.23413694692408873,0.3780592894212903
chirp_9db,validation,short_gaps,12236,pca_r64_l1,2.9851360560664855,1.685024414309874,2.030613263875152,0.0,0.5277024870022694,0.5377436584045812,0.908719209124045
chirp_9db,validation,short_gaps,12236,template_1,2.113600994426763,1.1930676561562399,1.7231164892284998,0.0,0.3736353989704486,-0.07899891810184448,0.9454413046134454
chirp_9db,validation,short_gaps,12236,dictionary_8,2.0334143938823144,1.1478046004428086,1.7193431400909724,0.0,0.35946027671912945,0.09561634450985443,0.9496472751095224
chirp_9db,validation,short_gaps,12236,dictionary_24,1.8357477456744329,1.0362273986438488,1.5167347418828074,0.0,0.3245174198785773,0.23567365761411388,0.9589397115309045
chirp_9db,validation,short_gaps,12236,dictionary_48,2.037493986198201,1.1501074142923582,1.6608184171068743,0.0,0.36018145356688946,0.2454256029330661,0.9498614323542098
chirp_9db,validation,short_gaps,12472,zero_fill,3.863634487912942,1.0,2.2146339604978236,0.0,0.6830005366073638,,0.5714228430364379
chirp_9db,validation,short_gaps,12472,linear,4.436474576654139,1.1482645655362276,2.5474194159705053,0.0,0.7842653144284648,-0.052254921116652045,0.43478409295569326
chirp_9db,validation,short_gaps,12472,pchip,4.3524383420913875,1.1265140001487273,2.50973496987409,0.0,0.7694096665972886,-0.06263093902007215,0.4494164126446279
chirp_9db,validation,short_gaps,12472,autoregression,4.436030057540885,1.1481495134745885,2.581239475388519,0.0,0.7841867338086276,-0.018666294789577393,0.4404116321530876
chirp_9db,validation,short_gaps,12472,pca_r32_l01,3.3966717575472645,0.8791389993472386,2.0392955389136187,0.0,0.6004524083066248,0.5859052174537545,0.7276192007937239
chirp_9db,validation,short_gaps,12472,pca_r64_l01,4.402500932543294,1.139471382791553,2.356965424860927,0.0,0.7782595658953655,0.8774959757856919,0.8721830502453289
chirp_9db,validation,short_gaps,12472,pca_r96_l01,1.283153958587131,0.3321105975737019,0.7315967680484804,0.0,0.2268317163558307,0.9666812900318733,0.9736666227001244
chirp_9db,validation,short_gaps,12472,pca_r64_l001,6.715683500110388,1.7381777497638153,3.7496323982079107,0.0,1.187176335807666,0.8556673234361821,0.829163786298193
chirp_9db,validation,short_gaps,12472,pca_r64_l1,1.6563539017729227,0.42870357093940636,1.0236159333632895,0.0,0.2928047689971076,0.9065526903372473,0.9372468258360813
chirp_9db,validation,short_gaps,12472,template_1,3.3623556855510217,0.8702571881656691,2.0627810123147876,0.0,0.5943861265035676,0.5702262394893304,0.7235106971092766
chirp_9db,validation,short_gaps,12472,dictionary_8,2.677940189476718,0.6931142678880289,1.6122174194376744,0.0,0.4733974168977438,0.7211149672920698,0.822504986183059
chirp_9db,validation,short_gaps,12472,dictionary_24,2.3823899233954338,0.6166188677651941,1.417845777411045,0.0,0.4211510175658527,0.7949995197021618,0.8648127116000485
chirp_9db,validation,short_gaps,12472,dictionary_48,2.823746465187913,0.7308523810991356,1.6589535550077874,0.0,0.49917256847147917,0.6867418764450447,0.8014933671029997
chirp_9db,validation,short_gaps,12708,zero_fill,7.739991105729039,1.0,4.337818477831753,0.0,1.3682500492961418,,0.5611729399487316
chirp_9db,validation,short_gaps,12708,linear,8.115213958760279,1.048478460492481,4.46319993616457,0.0,1.4345807052547805,0.1019310634037837,0.51806495127942
chirp_9db,validation,short_gaps,12708,pchip,8.236762361925399,1.0641824065958754,4.478699391087645,0.0,1.4560676302848934,0.08934777621435143,0.5049712261674272
chirp_9db,validation,short_gaps,12708,autoregression,9.140006295542136,1.1808807233353051,5.361571729846103,0.0,1.6157401079163953,0.22567846770997496,0.48836029604335107
chirp_9db,validation,short_gaps,12708,pca_r32_l01,2.1428260312727803,0.27685122657139605,1.290127656473214,0.0,0.37880170440400995,0.966388030846769,0.9760339585665905
chirp_9db,validation,short_gaps,12708,pca_r64_l01,2.5206995403909254,0.3256721494841431,1.5582926056251096,0.0,0.4456009345860593,0.9459038786068721,0.9631756616288589
chirp_9db,validation,short_gaps,12708,pca_r96_l01,1.8926858052347992,0.2445333307726747,1.2412220776769596,0.0,0.3345827418842619,0.9819232051849877,0.9843068728538312
chirp_9db,validation,short_gaps,12708,pca_r64_l001,2.714846384393139,0.35075574988498964,1.7028276004489387,0.0,0.47992157207104225,0.9412584391178486,0.9591811079080157
chirp_9db,validation,short_gaps,12708,pca_r64_l1,3.2664690652854578,0.42202491200121156,1.889201004979784,0.0,0.5774356066498576,0.909874326754911,0.938332782463403
chirp_9db,validation,short_gaps,12708,template_1,6.5865201823065,0.8509725776598431,4.126641780677805,0.0,1.1643432713327453,0.525267633829792,0.7098702288423866
chirp_9db,validation,short_gaps,12708,dictionary_8,3.2181050010810237,0.41577631771424456,1.8051622606583093,0.0,0.5688859672086835,0.96841069342588,0.9576259592162097
chirp_9db,validation,short_gaps,12708,dictionary_24,1.716420412106882,0.22175999799746673,0.9344122462003733,0.0,0.30342312819194617,0.9965016729904416,0.9914514337789014
chirp_9db,validation,short_gaps,12708,dictionary_48,1.3079226108967505,0.16898244365276383,0.8126918808646844,0.0,0.23121023685807665,0.9901420846957792,0.9921344687383739
chirp_9db,validation,short_gaps,12945,zero_fill,2.2870131743488535,1.0,1.7894539511677057,0.0,0.40429063106126156,,0.950061350571555
chirp_9db,validation,short_gaps,12945,linear,2.646800679129991,1.1573176354279526,2.143561878369219,0.0,0.46789267716549404,-0.0007114541718183858,0.933180786163528
chirp_9db,validation,short_gaps,12945,pchip,2.921574539030486,1.2774629249183498,2.4195216331669114,0.0,0.5164662920726045,-0.03189578023443005,0.9196365746041187
chirp_9db,validation,short_gaps,12945,autoregression,2.2509350715198395,0.9842247944901822,1.7900738396051366,0.0,0.39791286327057623,0.3149553769139761,0.951784651926024
chirp_9db,validation,short_gaps,12945,pca_r32_l01,5.623710611571981,2.458976045546014,3.7269020169869553,0.0,0.9941409772183235,-0.5664085224596807,0.7355510252309333
chirp_9db,validation,short_gaps,12945,pca_r64_l01,4.590576004212309,2.0072363621251608,3.4108479069094217,0.0,0.8115068555326922,-0.07092991065526022,0.8222252086557664
chirp_9db,validation,short_gaps,12945,pca_r96_l01,2.624517071191543,1.1475740938566223,2.1537336655365404,0.0,0.46395345459484927,0.3051303591856724,0.9355596648391279
chirp_9db,validation,short_gaps,12945,pca_r64_l001,5.642764513329787,2.4673073931619856,4.115452452372605,0.0,0.9975092630035752,-0.1772426344100719,0.7525846720105144
chirp_9db,validation,short_gaps,12945,pca_r64_l1,2.8494274925338745,1.2459165187560184,2.191473602844404,0.0,0.5037123756175209,0.14705236477095332,0.9237781996124652
chirp_9db,validation,short_gaps,12945,template_1,2.27976961279975,0.996832741660456,1.8098205753866237,0.0,0.4030101381884332,0.2788811347501085,0.9505005786645799
chirp_9db,validation,short_gaps,12945,dictionary_8,2.011982514523904,0.8797424243508108,1.638200210283934,0.0,0.35567161991215346,0.5103557611476937,0.9615976121208951
chirp_9db,validation,short_gaps,12945,dictionary_24,1.7896237432277253,0.782515712327393,1.470085877081332,0.0,0.31636377115219433,0.6809682864874989,0.9697941575842796
chirp_9db,validation,short_gaps,12945,dictionary_48,1.930078051154905,0.8439295727731987,1.5603402960252177,0.0,0.34119281954773734,0.5698714006097341,0.9647265292524942
chirp_9db,validation,short_gaps,13181,zero_fill,4.442697178694366,1.0,2.416621420551522,0.0,0.7853653254532823,,0.8079215663670778
chirp_9db,validation,short_gaps,13181,linear,5.4602127145552375,1.229031035637658,2.730896743926349,0.0,0.9652383592957537,-0.1612601784747447,0.7097382458388484
chirp_9db,validation,short_gaps,13181,pchip,5.131661638150456,1.155077969923344,2.6127431618126264,0.0,0.9071581857727636,-0.26489984500344166,0.7392307900164421
chirp_9db,validation,short_gaps,13181,autoregression,9.041461940835092,2.0351290167141722,5.162874695039644,0.0,1.5983197625511443,0.661812322992014,0.7258463502003125
chirp_9db,validation,short_gaps,13181,pca_r32_l01,7.844851830140077,1.7657858536389255,4.3629125959499975,0.0,1.3867869816239367,0.785950601628954,0.7996061457109316
chirp_9db,validation,short_gaps,13181,pca_r64_l01,2.797533572177863,0.629692607813529,1.6674840343717383,0.0,0.49453873987099817,0.9226397898896431,0.9523219145821051
chirp_9db,validation,short_gaps,13181,pca_r96_l01,2.7335163631492936,0.6152830708917748,1.6053186736527527,0.0,0.48322198921681375,0.932334238573168,0.955740770645834
chirp_9db,validation,short_gaps,13181,pca_r64_l001,3.5699782065638885,0.803561004266567,2.1046674376320262,0.0,0.6310889496373787,0.8709691759414413,0.9234112717195541
chirp_9db,validation,short_gaps,13181,pca_r64_l1,1.5911307231492853,0.3581452120526684,1.042310228228505,0.0,0.28127483102327866,0.9691209517113265,0.9828135311898015
chirp_9db,validation,short_gaps,13181,template_1,1.2106291501834785,0.27249868750659756,0.7427183218721543,0.0,0.21401102039921122,0.9716445557112738,0.9883078402580644
chirp_9db,validation,short_gaps,13181,dictionary_8,1.4101072055975001,0.3173989018112432,0.860274658031206,0.0,0.2492740918195014,0.9600117414305283,0.9839301802525506
chirp_9db,validation,short_gaps,13181,dictionary_24,0.7338901783223508,0.1651902321503778,0.44040286966624154,0.0,0.12973468043448472,0.9868605115706897,0.9953275399888578
chirp_9db,validation,short_gaps,13181,dictionary_48,1.0208848386240161,0.22978942690936163,0.5866639834065448,0.0,0.180468648050394,0.985493800751375,0.9925125562898297
chirp_9db,validation,short_gaps,13417,zero_fill,3.349980944815944,1.0,2.15217678621471,0.0,0.5921985607312679,,0.6422583454526207
chirp_9db,validation,short_gaps,13417,linear,3.700728665728767,1.1047014077663937,2.4362109876540377,0.0,0.6542025837170639,0.04458837565652671,0.5616103889623778
chirp_9db,validation,short_gaps,13417,pchip,3.535299849988255,1.0553193908338763,2.3117002158847066,0.0,0.6249586243636199,0.034238996202630184,0.5967401052705978
chirp_9db,validation,short_gaps,13417,autoregression,4.002873241316566,1.194894331417307,2.428699111259112,0.0,0.7076147032912798,0.055948948645295385,0.5178527145083665
chirp_9db,validation,short_gaps,13417,pca_r32_l01,2.2715398323501477,0.678075448717202,1.3672386149309121,0.0,0.40155530479753565,0.7491253580580672,0.8584151020151152
chirp_9db,validation,short_gaps,13417,pca_r64_l01,2.436509752129454,0.7273204810015185,1.454892606700898,0.0,0.4307181420394727,0.68676634024617,0.830625358315757
chirp_9db,validation,short_gaps,13417,pca_r96_l01,2.6748743084513356,0.7984744846357028,1.5253583826372494,0.0,0.47285544058190404,0.6143939823812601,0.7937316964321828
chirp_9db,validation,short_gaps,13417,pca_r64_l001,2.696823254739211,0.8050264461690485,1.5220684207601862,0.0,0.476735502771918,0.6214239221014352,0.7935217811994631
chirp_9db,validation,short_gaps,13417,pca_r64_l1,2.446496486394342,0.7303016126644739,1.4573981070900026,0.0,0.4324835639196253,0.6881280056400899,0.8297251430115253
chirp_9db,validation,short_gaps,13417,template_1,1.2578004182262597,0.3754649470984875,0.6431200593992725,0.0,0.22234980127676593,0.9311816273644127,0.9592314364290229
chirp_9db,validation,short_gaps,13417,dictionary_8,2.864877258355287,0.8551921057308253,1.8112305115481235,0.0,0.5064435341625368,0.5171884508944228,0.7553717823693237
chirp_9db,validation,short_gaps,13417,dictionary_24,3.3160590553781586,0.9898740052565734,2.015443006435021,0.0,0.5862019612182382,0.26572553548942135,0.6576785626479004
chirp_9db,validation,short_gaps,13417,dictionary_48,2.569644166643519,0.767062323330529,1.5464034517614724,0.0,0.4542532038675217,0.6640293374944953,0.8117902438148049
chirp_9db,validation,short_gaps,13653,zero_fill,4.300291311870915,1.0,3.5546278755041243,0.0,0.7601912869253797,,0.8630422969826052
chirp_9db,validation,short_gaps,13653,linear,5.417223171741507,1.2597339991333405,4.199384568870834,0.0,0.9576388099848292,0.0562468571736164,0.7906158547024696
chirp_9db,validation,short_gaps,13653,pchip,5.47920638686929,1.2741477238400083,4.196793746173944,0.0,0.9685959979189792,0.049995751167718025,0.7865488928200175
chirp_9db,validation,short_gaps,13653,autoregression,4.280951117672937,0.9955025851052021,3.4020355226032404,0.0,0.7567723913086659,0.2773063532673206,0.8652695670984213
chirp_9db,validation,short_gaps,13653,pca_r32_l01,7.93891844089944,1.8461350325230588,6.041976956662117,0.0,1.403415766211732,0.14754526352413147,0.663306902759248
chirp_9db,validation,short_gaps,13653,pca_r64_l01,5.72965530160738,1.3323877119186596,4.594091347970711,0.0,1.012869529407008,0.03634398111422868,0.7690088757919056
chirp_9db,validation,short_gaps,13653,pca_r96_l01,3.538958309294127,0.8229578074222238,2.38349892516223,0.0,0.6256053547095891,0.5973225808466562,0.9103242928431805
chirp_9db,validation,short_gaps,13653,pca_r64_l001,6.82463916844989,1.5870178723963502,5.310432623101261,0.0,1.2064371587905596,-0.09607982065576248,0.6909640305483186
chirp_9db,validation,short_gaps,13653,pca_r64_l1,4.42649157558309,1.0293469103741413,3.5291114898473017,0.0,0.7825005524899821,0.27879057630203297,0.8567715050744248
chirp_9db,validation,short_gaps,13653,template_1,4.0550124287784755,0.9429622634133298,3.2691462157907116,0.0,0.7168316965462479,0.39005599211022407,0.879342379559601
chirp_9db,validation,short_gaps,13653,dictionary_8,4.1550472361931385,0.9662245961623968,3.4043181690998097,0.0,0.7345155192156475,0.2661073304810572,0.8728140577646157
chirp_9db,validation,short_gaps,13653,dictionary_24,3.9483228968820656,0.9181524251584435,3.113936561383695,0.0,0.6979714736748556,0.4150375213307253,0.8860075526991178
chirp_9db,validation,short_gaps,13653,dictionary_48,4.003987981216861,0.9310969166586199,3.1620297775656714,0.0,0.7078117633269692,0.3706455870853267,0.8825108906929705
chirp_9db,validation,short_gaps,13890,zero_fill,1.1981770590401404,1.0,0.8265592028848288,0.0,0.2118097808773594,,0.9911341756173083
chirp_9db,validation,short_gaps,13890,linear,1.6281460310061966,1.358852615915134,1.0567354062104575,0.0,0.2878182748216111,-0.08286426918300566,0.9837746952046464
chirp_9db,validation,short_gaps,13890,pchip,1.7570692195076796,1.4664520625317827,1.126741659750592,0.0,0.31060889003200864,-0.08946783845520301,0.9811697932764515
chirp_9db,validation,short_gaps,13890,autoregression,1.781181888413902,1.4865765247089664,1.2097100713813298,0.0,0.31487144795603256,-0.38121459190944257,0.9804315473602705
chirp_9db,validation,short_gaps,13890,pca_r32_l01,3.4887337014278756,2.911701300826691,2.8678166152171967,0.0,0.6167268145084238,0.5034646327144021,0.9340657999803311
chirp_9db,validation,short_gaps,13890,pca_r64_l01,4.230488078391646,3.530770386958243,2.9161140596378505,0.0,0.7478517019898949,0.12548360061790736,0.9037384063146149
chirp_9db,validation,short_gaps,13890,pca_r96_l01,3.5977948856634403,3.0027238950357082,2.071216310210814,0.0,0.6360062902427245,0.6577611863859283,0.9319490535866239
chirp_9db,validation,short_gaps,13890,pca_r64_l001,5.109378701533562,4.264293547421685,3.6309436106234987,0.0,0.9032190818761248,0.3465186052398169,0.8721547583187376
chirp_9db,validation,short_gaps,13890,pca_r64_l1,2.6035024544754988,2.1728862481820213,1.7216787770010082,0.0,0.4602385600988615,-0.11473601669342692,0.9593469144868755
chirp_9db,validation,short_gaps,13890,template_1,2.0514279819580117,1.7121242361303517,1.305034985894531,0.0,0.36264465928958617,0.231830560357484,0.9746132290838461
chirp_9db,validation,short_gaps,13890,dictionary_8,2.1655751330750057,1.8073915843538584,1.3433102028268809,0.0,0.38282321544157416,-0.37795523574927087,0.9712675650140726
chirp_9db,validation,short_gaps,13890,dictionary_24,3.958003279448927,3.3033542493458214,2.4404129251682747,0.0,0.6996827397142324,-0.36229683370232285,0.9106892299608964
chirp_9db,validation,short_gaps,13890,dictionary_48,2.7148919929008195,2.2658520895699,1.7418140111580835,0.0,0.4799296345923074,-0.2955133856354594,0.9556659226973234
chirp_9db,validation,short_gaps,14126,zero_fill,5.4899712877347655,1.0,3.581703300161382,0.0,0.9704989815191739,,0.41481736875698655
chirp_9db,validation,short_gaps,14126,linear,5.951182596762329,1.084009785271184,3.6920694787432713,0.0,1.0520303925625025,-0.014364863484748115,0.30802026045489767
chirp_9db,validation,short_gaps,14126,pchip,6.228181196328537,1.134465167466908,3.80789229999198,0.0,1.100997289595613,-0.01729012228611143,0.2715066323065171
chirp_9db,validation,short_gaps,14126,autoregression,6.6507973033644125,1.2114448245336122,4.000696654335581,0.0,1.175705968376545,-0.13188207145898176,0.16731155925958108
chirp_9db,validation,short_gaps,14126,pca_r32_l01,2.587824469116018,0.4713730424961454,1.6057970953920182,0.0,0.45746705765810347,0.9089344566055206,0.9222125715936307
chirp_9db,validation,short_gaps,14126,pca_r64_l01,1.397948423256515,0.2546367458022402,0.8884689768500649,0.0,0.24712470245843093,0.9692678908437078,0.9742683360236991
chirp_9db,validation,short_gaps,14126,pca_r96_l01,1.8928177965338149,0.34477735808247123,1.1112374620089125,0.0,0.33460607486990984,0.9410546266299061,0.9510731037074992
chirp_9db,validation,short_gaps,14126,pca_r64_l001,1.2573234285241346,0.22902185869954209,0.8402176939775676,0.0,0.2222654806135337,0.9751579461721399,0.9792066232246791
chirp_9db,validation,short_gaps,14126,pca_r64_l1,2.1717059807273853,0.3955769287134942,1.3245148249953498,0.0,0.38390700642892894,0.9367045583388,0.9439380996171123
chirp_9db,validation,short_gaps,14126,template_1,3.6745634994182566,0.6693228993068978,2.1746178746629337,0.0,0.6495771920848049,0.7485496646036384,0.7960410886531357
chirp_9db,validation,short_gaps,14126,dictionary_8,2.841843654896321,0.5176427172297478,1.7732467042035647,0.0,0.5023717298622878,0.9597381148384365,0.9312915711860886
chirp_9db,validation,short_gaps,14126,dictionary_24,2.0457107186340844,0.3726268520209641,1.290922545658649,0.0,0.36163398037304156,0.982392299435608,0.9712395967318361
chirp_9db,validation,short_gaps,14126,dictionary_48,1.8443142598430093,0.33594242359034227,1.1060882525162559,0.0,0.32603177994351007,0.971555660736516,0.9697868166103754
chirp_9db,validation,short_gaps,14362,zero_fill,2.7927381533430795,1.0,1.79732099933508,0.0,0.493691021576822,,0.9170792263053634
chirp_9db,validation,short_gaps,14362,linear,2.848536564146845,1.0199798218594076,1.863495689688055,0.0,0.5035548802415157,-0.10020574828078355,0.913601569840843
chirp_9db,validation,short_gaps,14362,pchip,2.8369662783591507,1.0158368320220523,1.8554598154612003,0.0,0.5015095233563295,-0.09995995736364784,0.9143133054005482
chirp_9db,validation,short_gaps,14362,autoregression,5.046325625100597,1.806945495072581,3.112819656896429,0.0,0.8920727673960188,0.028352471163812353,0.7682179402250329
chirp_9db,validation,short_gaps,14362,pca_r32_l01,3.1165805129133335,1.1159587264500952,2.012699394293721,0.0,0.5509388036987166,0.7600418835338673,0.920409414628676
chirp_9db,validation,short_gaps,14362,pca_r64_l01,3.052635992612529,1.0930620147679566,1.8171053746402346,0.0,0.5396349027176117,0.2456182552977343,0.9022375782385842
chirp_9db,validation,short_gaps,14362,pca_r96_l01,2.2374710676428005,0.801174669728492,1.4369767887742777,0.0,0.39553274115973214,0.6748970719768189,0.9489009759606964
chirp_9db,validation,short_gaps,14362,pca_r64_l001,3.9608000137858816,1.4182496876925466,2.27654058480832,0.0,0.7001771371679419,0.1321989894259353,0.8443596171845206
chirp_9db,validation,short_gaps,14362,pca_r64_l1,2.566312940830442,0.9189235796268287,1.5185703332429021,0.0,0.45366432077699914,0.4031026508696794,0.9304959507295572
chirp_9db,validation,short_gaps,14362,template_1,3.6299915112849264,1.299796583843567,2.3179068351643095,0.0,0.6416979033197939,0.4578665101753646,0.8777575331236009
chirp_9db,validation,short_gaps,14362,dictionary_8,2.5826136568421383,0.9247604018123184,1.83620568677815,0.0,0.4565459074845158,0.4911265336937693,0.9304594148731902
chirp_9db,validation,short_gaps,14362,dictionary_24,2.4447988521681405,0.8754128450035911,1.7008466779608948,0.0,0.432183461751295,0.5285125325419521,0.937492841631338
chirp_9db,validation,short_gaps,14362,dictionary_48,3.244586247525444,1.1617939346162742,2.171839601369993,0.0,0.5735672344424639,0.35708103423473625,0.8936407349684407
chirp_9db,validation,short_gaps,14599,zero_fill,2.1645827067331647,1.0,1.4123148501896248,0.0,0.3826477775925382,,0.9435967600109687
chirp_9db,validation,short_gaps,14599,linear,2.1911336606196663,1.0122660842683036,1.4398936884813427,0.0,0.38734136747756737,-0.017817537072353663,0.9421648334999438
chirp_9db,validation,short_gaps,14599,pchip,2.1991662197726956,1.0159769885123608,1.4452386296463047,0.0,0.38876133673941454,-0.041770479100645116,0.9417332013698992
chirp_9db,validation,short_gaps,14599,autoregression,2.0009851012828457,0.9244207186256126,1.2812074871354477,0.0,0.3537275335425877,0.4112453991503471,0.9520194358586315
chirp_9db,validation,short_gaps,14599,pca_r32_l01,7.194690436579431,3.3238233005371343,4.2032704046441935,0.0,1.2718535990608295,0.7121098750883023,0.7424803884297231
chirp_9db,validation,short_gaps,14599,pca_r64_l01,4.4713029438304455,2.065665095596478,2.9195993247528422,0.0,0.7904221580804701,0.8883883217133816,0.870978519691419
chirp_9db,validation,short_gaps,14599,pca_r96_l01,1.1280031273087827,0.5211180537477311,0.8731332586387966,0.0,0.19940466512991817,0.874030742412833,0.9852439478152677
chirp_9db,validation,short_gaps,14599,pca_r64_l001,7.8270134380440535,3.6159456571917055,4.592118142441223,0.0,1.3836335696197959,0.9119632207454145,0.7596425106804499
chirp_9db,validation,short_gaps,14599,pca_r64_l1,1.3787497693970485,0.6369586919032019,1.025187022920338,0.0,0.2437308278750104,0.7728918936212039,0.9775224145873749
chirp_9db,validation,short_gaps,14599,template_1,3.9389303758157537,1.819718120986226,2.4580808696128624,0.0,0.6963110948402489,-0.7767814553137766,0.8171758494656667
chirp_9db,validation,short_gaps,14599,dictionary_8,3.3166164757431638,1.5322197971121527,2.169153345374271,0.0,0.5863005001482549,-0.5570842333440997,0.8682396906981035
chirp_9db,validation,short_gaps,14599,dictionary_24,2.284351952992643,1.0553313328647242,1.643139477663726,0.0,0.4038201891444579,0.07016687887665354,0.9371116148607352
chirp_9db,validation,short_gaps,14599,dictionary_48,2.3857950350114288,1.1021962928883058,1.6187841742263998,0.0,0.42175296194444445,-0.1765424650977468,0.9312131741970564
chirp_9db,validation,long_gaps,12000,zero_fill,1.5988968529667953,1.0,0.8636524205674009,0.0,0.5287854306242433,,0.9154608735225179
chirp_9db,validation,long_gaps,12000,linear,1.60616940937334,1.0045484837830847,0.8948912685843362,0.0,0.5311906025801693,-0.0030904399160220026,0.9146744209323328
chirp_9db,validation,long_gaps,12000,pchip,1.6091535554090388,1.0064148618612965,0.9060812720285042,0.0,0.5321775161159641,-0.0014883830701561266,0.914350821738999
chirp_9db,validation,long_gaps,12000,autoregression,1.5979321836452525,0.9993966656950054,0.8553307620375994,0.0,0.5284663962339664,0.04877815332663339,0.9155679986691507
chirp_9db,validation,long_gaps,12000,pca_r32_l01,19.26131550800138,12.046627943673478,8.64387685209179,0.0,6.370081344765423,-0.5460568496773978,-0.03744199445373743
chirp_9db,validation,long_gaps,12000,pca_r64_l01,6.012186799202071,3.7602092893273884,3.86728933531301,0.0,1.9883438882942632,-0.5423057213082325,0.3626550280977203
chirp_9db,validation,long_gaps,12000,pca_r96_l01,3.7671476854786206,2.356091750689595,2.310315450822008,0.0,1.2458669909786249,-0.5304262326249776,0.6121048290172009
chirp_9db,validation,long_gaps,12000,pca_r64_l001,13.534737472686656,8.46504729030681,7.731527000234351,0.0,4.47619367665947,-0.6535970904618966,0.004579521304928574
chirp_9db,validation,long_gaps,12000,pca_r64_l1,2.5122644635325306,1.5712486136119148,1.6123267238083339,0.0,0.8308533747665217,-0.35577606272310774,0.797293748556594
chirp_9db,validation,long_gaps,12000,template_1,2.010264349681574,1.2572820729188852,0.8935922261447843,0.0,0.6648324423445539,0.587576045934325,0.8897027734161415
chirp_9db,validation,long_gaps,12000,dictionary_8,1.2142747142534762,0.7594453088079806,0.8249030806048782,0.0,0.40158361465358944,0.6892069661940325,0.9527747069283522
chirp_9db,validation,long_gaps,12000,dictionary_24,1.2973862959039344,0.8114258862268694,0.8653190964952563,0.0,0.42907018666813346,0.6070256092517828,0.9454281466717026
chirp_9db,validation,long_gaps,12000,dictionary_48,2.3418622812692207,1.4646737698706664,1.5454931117477506,0.0,0.7744981501250942,-0.1402155393899355,0.8246826137152719
chirp_9db,validation,long_gaps,12236,zero_fill,1.5406971514064507,1.0,1.1264312259956755,0.0,0.5095376885358871,,0.8949952817738603
chirp_9db,validation,long_gaps,12236,linear,1.7309522676412095,1.123486381513123,1.2330455217082175,0.0,0.5724586539377444,0.004291507203677647,0.8686241278001208
chirp_9db,validation,long_gaps,12236,pchip,1.7406004178494796,1.129748579245794,1.2462438863864735,0.0,0.5756494796956044,0.003922727284226382,0.8671841673571569
chirp_9db,validation,long_gaps,12236,autoregression,1.712757047535678,1.1116766497375292,1.1331276843494928,0.0,0.5664411505065796,0.15906721113117045,0.871376233237856
chirp_9db,validation,long_gaps,12236,pca_r32_l01,10.452704725654229,6.784399332543911,5.27743635765083,0.0,3.4569071540088396,0.05146651147784127,0.2766298292617178
chirp_9db,validation,long_gaps,12236,pca_r64_l01,8.537404078760469,5.5412603774641624,5.378704142195572,0.0,2.823481004308587,0.1108569455685407,0.3502219597471003
chirp_9db,validation,long_gaps,12236,pca_r96_l01,4.577338718327549,2.9709529313720413,3.0431280346924052,0.0,1.5138124894002283,0.24379749288421132,0.5825501630959794
chirp_9db,validation,long_gaps,12236,pca_r64_l001,15.746537111027918,10.220397367940501,9.871511099624632,0.0,5.207677650778667,0.1397225293247289,0.23208920928997112
chirp_9db,validation,long_gaps,12236,pca_r64_l1,2.4962945572640614,1.620237017369233,1.6819707069086434,0.0,0.8255718247105991,0.20538384413180985,0.7722132998288805
chirp_9db,validation,long_gaps,12236,template_1,1.8544610009852782,1.2036505677266964,1.3197851236029554,0.0,0.6133053280843691,-0.3450778949384412,0.8462831012677084
chirp_9db,validation,long_gaps,12236,dictionary_8,1.9183892398441458,1.2451436274110799,1.390514919616027,0.0,0.6344476058062315,-0.09157171578053896,0.8379905230521215
chirp_9db,validation,long_gaps,12236,dictionary_24,1.6916581934439725,1.0979822945085052,1.2069359510886823,0.0,0.5594633603971934,0.015000396991536675,0.8730512899835642
chirp_9db,validation,long_gaps,12236,dictionary_48,1.7662221604087989,1.14637854609939,1.2535267860639079,0.0,0.584123074566614,0.10392711286858215,0.8631685643808789
chirp_9db,validation,long_gaps,12472,zero_fill,2.313024474889725,1.0,1.0963550273456415,0.0,0.7649609421204968,,0.39396964800590506
chirp_9db,validation,long_gaps,12472,linear,2.3208311971593414,1.0033751144245842,1.148668568126298,0.0,0.7675427728304914,0.0023718467593718796,0.3871980991322247
chirp_9db,validation,long_gaps,12472,pchip,2.32330857482123,1.0044461699576246,1.1646210010695526,0.0,0.7683620884801093,0.0034460087258412903,0.38507033348582115
chirp_9db,validation,long_gaps,12472,autoregression,2.3167274844152987,1.001600938323729,1.0872333442016793,0.0,0.7661855974088934,-0.0035936835373867396,0.3905408396817171
chirp_9db,validation,long_gaps,12472,pca_r32_l01,2.5239690423717365,1.0911985885891107,1.100218255312112,0.0,0.8347243003676826,-0.1356221139635351,0.24041494533569716
chirp_9db,validation,long_gaps,12472,pca_r64_l01,2.6898189314686047,1.162901197401659,1.2085241711805714,0.0,0.8895739955574271,-0.25986347975307983,0.13190200219535195
chirp_9db,validation,long_gaps,12472,pca_r96_l01,2.518549242600124,1.08885542282046,1.1613833872177348,0.0,0.8329318700737514,-0.1229010943833442,0.24575878624751413
chirp_9db,validation,long_gaps,12472,pca_r64_l001,3.9072232287874105,1.6892269282942587,1.7321027848963606,0.0,1.2921926225232891,-0.5362900162315036,-0.28180869376317846
chirp_9db,validation,long_gaps,12472,pca_r64_l1,2.3977051456259866,1.0366103651974106,1.059701556624056,0.0,0.7929664415732837,-0.030152297330862228,0.3285264359281758
chirp_9db,validation,long_gaps,12472,template_1,2.6572905770243866,1.1488380714826094,1.2558561101790933,0.0,0.8788162535052316,0.36069954699033085,0.4574387187833399
chirp_9db,validation,long_gaps,12472,dictionary_8,2.407416188030743,1.0408087826850678,1.034784372566042,0.0,0.7961780669700571,0.17623651233573528,0.37679201092626563
chirp_9db,validation,long_gaps,12472,dictionary_24,2.6071824729046984,1.1271746154043605,1.1137346780298527,0.0,0.8622445557340285,-0.1927669174776357,0.18688375682599
chirp_9db,validation,long_gaps,12472,dictionary_48,2.5111646539684287,1.0856628112800883,1.096112955146075,0.0,0.8304896469420039,-0.058094345899720075,0.2640627844483493
chirp_9db,validation,long_gaps,12708,zero_fill,4.870960086280734,1.0,2.0899306929919255,0.0,1.6109186293025677,,0.2243897428169658
chirp_9db,validation,long_gaps,12708,linear,4.877180887881945,1.001277120216758,2.1743225915438495,0.0,1.6129759660516025,0.0013804310090822283,0.21949719340564935
chirp_9db,validation,long_gaps,12708,pchip,4.879068660634087,1.0016646768213502,2.196892936636085,0.0,1.6136002882058489,0.0015399462611983203,0.21803414771493235
chirp_9db,validation,long_gaps,12708,autoregression,4.870949705553802,0.9999978688540353,2.065189142408786,0.0,1.6109151961998314,0.015203046878441621,0.22439697785750104
chirp_9db,validation,long_gaps,12708,pca_r32_l01,7.154849264944695,1.4688786477837568,2.878255614307965,0.0,2.3662439778996185,-0.5333618892123032,-0.41809425419057755
chirp_9db,validation,long_gaps,12708,pca_r64_l01,6.476580600171717,1.3296312196056137,2.801531346811149,0.0,2.1419277017649767,-0.6573274592946553,-0.46252596523076345
chirp_9db,validation,long_gaps,12708,pca_r96_l01,5.513009448119225,1.1318116655578538,2.4868080499761285,0.0,1.8232564969091143,-0.4774606204647624,-0.17617853710653417
chirp_9db,validation,long_gaps,12708,pca_r64_l001,10.024776600597377,2.058069953977366,4.286120863323686,0.0,3.315383229270018,-0.7535251945448892,-0.6786286514569394
chirp_9db,validation,long_gaps,12708,pca_r64_l1,5.299597766787298,1.087998602516543,2.21687875890079,0.0,1.7526772174490588,-0.49753637187890487,-0.09105578931867331
chirp_9db,validation,long_gaps,12708,template_1,5.008121688338438,1.0281590486532677,1.978120052714028,0.0,1.656280565361554,-0.0040052877053775564,0.15430813733029417
chirp_9db,validation,long_gaps,12708,dictionary_8,4.728337390815196,0.9707197979578521,1.8566293732489942,0.0,1.563750606363129,0.24619717704201624,0.32603372642175454
chirp_9db,validation,long_gaps,12708,dictionary_24,4.5135821742354,0.9266309093659165,1.8097328922407563,0.0,1.4927269943851345,0.6272245964714835,0.4890247836311009
chirp_9db,validation,long_gaps,12708,dictionary_48,4.687801429268851,0.9623978325078547,1.876599949152139,0.0,1.5503445971873155,0.4193665670454108,0.36844872793537126
chirp_9db,validation,long_gaps,12945,zero_fill,1.778340980478695,1.0,1.2548483791846479,0.0,0.5881309975776746,,0.8910139989948552
chirp_9db,validation,long_gaps,12945,linear,1.9089269234329556,1.0734313297549436,1.3957688745142762,0.0,0.6313182387999047,0.003636734943906582,0.8743340513683469
chirp_9db,validation,long_gaps,12945,pchip,1.9596201253767054,1.1019372251373376,1.4378155753718505,0.0,0.6480834394879968,0.0027609126300264567,0.8676751721488867
chirp_9db,validation,long_gaps,12945,autoregression,4.138608770635335,2.3272301634309196,2.7034314706570584,0.0,1.3687161976114814,-0.19996370706056335,0.5750645940380149
chirp_9db,validation,long_gaps,12945,pca_r32_l01,15.442461823943885,8.683633787591777,7.463692038869191,0.0,5.107114202095553,-0.4603591666372834,0.004728809780811675
chirp_9db,validation,long_gaps,12945,pca_r64_l01,5.094156931232867,2.864555778195933,3.090823691164032,0.0,1.684734047447266,-0.33388401341597285,0.45139579820475345
chirp_9db,validation,long_gaps,12945,pca_r96_l01,2.881196806378337,1.6201599344591242,1.8569313812002355,0.0,0.9528662784888244,0.048521251317609565,0.7509564890985359
chirp_9db,validation,long_gaps,12945,pca_r64_l001,13.106977510589255,7.3703399148239335,6.404799544952769,0.0,4.334725366591953,-0.3356308049148927,0.09471195901201526
chirp_9db,validation,long_gaps,12945,pca_r64_l1,2.4486415450373493,1.3769246572601743,1.623528045700448,0.0,0.8098120722637241,-0.22841068657707944,0.7961750691507784
chirp_9db,validation,long_gaps,12945,template_1,1.741071521235293,0.9790425685217187,1.196873050135384,0.0,0.5758052824956872,0.25462784779049535,0.8959086543374798
chirp_9db,validation,long_gaps,12945,dictionary_8,1.7359130614074445,0.9761418538193786,1.2073296085146494,0.0,0.5740992822641117,0.3483225670528914,0.8972266499870839
chirp_9db,validation,long_gaps,12945,dictionary_24,1.7131050973707556,0.9633164371602239,1.1410217136456502,0.0,0.5665562571700138,0.38118073098478233,0.900140816714839
chirp_9db,validation,long_gaps,12945,dictionary_48,1.6307538275274978,0.9170085182924427,1.0595422924872004,0.0,0.5393211346505595,0.434103995406424,0.9095175584679438
chirp_9db,validation,long_gaps,13181,zero_fill,3.6773155690008226,1.0,1.5822522184345433,0.0,1.2161578109852698,,0.4089086825013285
chirp_9db,validation,long_gaps,13181,linear,3.684027510959036,1.001825228711616,1.6373681845508603,0.0,1.2183775771397363,9.127975402725968e-05,0.40552704482552804
chirp_9db,validation,long_gaps,13181,pchip,3.684661772620641,1.00199770824178,1.6445675233239518,0.0,1.21858733946758,0.0008247130108012658,0.40518825286989585
chirp_9db,validation,long_gaps,13181,autoregression,3.670079417708316,0.9980322191129023,1.5627899196876025,0.0,1.2137646788891183,0.08059188205529105,0.4129037906235359
chirp_9db,validation,long_gaps,13181,pca_r32_l01,4.141327756341435,1.1261823138737834,2.2517809236221624,0.0,1.3696154176110664,0.13427096779898315,0.3293297465336744
chirp_9db,validation,long_gaps,13181,pca_r64_l01,3.599963738690819,0.9789651366986105,1.6833535590035038,0.0,1.1905760976782773,0.22852227195432281,0.4527722341220038
chirp_9db,validation,long_gaps,13181,pca_r96_l01,3.7873120226959225,1.0299121605505799,1.6380252880790334,0.0,1.252535718682303,-0.1310435605218032,0.3507678690225034
chirp_9db,validation,long_gaps,13181,pca_r64_l001,3.443847763346693,0.936511348761519,1.6756392340931132,0.0,1.1389455918726714,0.43490288678202743,0.555391098869974
chirp_9db,validation,long_gaps,13181,pca_r64_l1,3.7605360269309775,1.0226307632207825,1.6525028117691651,0.0,1.2436803904447824,-0.0704447007538,0.36551804170025337
chirp_9db,validation,long_gaps,13181,template_1,3.4000491491719633,0.9246008631496926,1.504365872458522,0.0,1.1244605617632208,0.3951767501553639,0.5392319849002062
chirp_9db,validation,long_gaps,13181,dictionary_8,3.7332580201442283,1.0152128502690907,1.702030420805503,0.0,1.2346590376673736,0.020828036680198038,0.38195287855284604
chirp_9db,validation,long_gaps,13181,dictionary_24,3.6376022417868525,0.9892004571082376,1.661031816987567,0.0,1.2030238625423824,0.16284497870889567,0.43127767940071904
chirp_9db,validation,long_gaps,13181,dictionary_48,3.368617442043357,0.9160534033141619,1.5488970546075902,0.0,1.1140655017201573,0.4511322308138149,0.5561348146029886
chirp_9db,validation,long_gaps,13417,zero_fill,2.1177661531828993,1.0,1.1004625506817616,0.0,0.7003853220389838,,0.4220381374295304
chirp_9db,validation,long_gaps,13417,linear,2.142786498516799,1.0118144986387168,1.1718783527383452,0.0,0.7086600234727906,0.0007820830652763382,0.40066008253459134
chirp_9db,validation,long_gaps,13417,pchip,2.152780205886078,1.016533483949847,1.2074222902060572,0.0,0.7119651315196237,0.0013857693880384957,0.39292651214619717
chirp_9db,validation,long_gaps,13417,autoregression,2.1050023286546873,0.9939729773709771,1.0610481260916484,0.0,0.6961640838540193,0.11131845695024183,0.4335935472581879
chirp_9db,validation,long_gaps,13417,pca_r32_l01,2.0083239810539126,0.9483218805983369,0.9281807281604365,0.0,0.6641907257394809,0.3181884523365347,0.5108839204272174
chirp_9db,validation,long_gaps,13417,pca_r64_l01,1.9428735892319289,0.9174164892152443,0.9199673374766205,0.0,0.6425450432428929,0.41469589362225084,0.5581201144348956
chirp_9db,validation,long_gaps,13417,pca_r96_l01,1.818977096484563,0.8589131022567006,0.9037323119577333,0.0,0.601570129727562,0.6321847154631831,0.6485973581242777
chirp_9db,validation,long_gaps,13417,pca_r64_l001,1.6680102743304677,0.787627223064043,0.8216954683910785,0.0,0.5516425462723803,0.6301043134732132,0.7055172301676704
chirp_9db,validation,long_gaps,13417,pca_r64_l1,2.0787401279992843,0.98157208003114,0.965075219637515,0.0,0.6874786773770852,0.1990640288114605,0.4568723514254381
chirp_9db,validation,long_gaps,13417,template_1,2.6370387129526702,1.2451982524082414,1.2306436974201154,0.0,0.872118579015326,0.06611373791879455,0.26214297209700776
chirp_9db,validation,long_gaps,13417,dictionary_8,1.7274965581911375,0.8157163885138093,0.8044576881124039,0.0,0.5713157854617212,0.6518651525820686,0.6928428192805332
chirp_9db,validation,long_gaps,13417,dictionary_24,2.092105006799752,0.9878829178827984,0.9674043570485489,0.0,0.6918986955781548,0.2689849685966636,0.4677090471618501
chirp_9db,validation,long_gaps,13417,dictionary_48,1.8522807467945661,0.874638941608675,0.8539437296910071,0.0,0.6125842767864278,0.494559887057828,0.6120254179543909
chirp_9db,validation,long_gaps,13653,zero_fill,3.0792973193891,1.0,2.051685086817831,0.0,1.0183818649914238,,0.7362772153112459
chirp_9db,validation,long_gaps,13653,linear,3.131314074579205,1.016892410766111,2.1035632721421993,0.0,1.0355847897716173,-0.02566710180057083,0.7260079397173204
chirp_9db,validation,long_gaps,13653,pchip,3.1177187312778867,1.0124773309958939,2.1053715123058945,0.0,1.0310885526011375,-0.033875463454534835,0.7285314971366849
chirp_9db,validation,long_gaps,13653,autoregression,3.1885650028699817,1.0354846161794338,2.046793659297343,0.0,1.0545187545947405,0.122480771584547,0.7170570813386824
chirp_9db,validation,long_gaps,13653,pca_r32_l01,6.728659349394623,2.185128180714137,4.107305594681634,0.0,2.22529491192098,-0.09468984786951365,0.318034418729942
chirp_9db,validation,long_gaps,13653,pca_r64_l01,4.552955572904336,1.4785696542637183,2.9219563973703715,0.0,1.50574852202881,-0.1661508652655459,0.4850404628325457
chirp_9db,validation,long_gaps,13653,pca_r96_l01,3.3472517074995563,1.087018030517305,2.1422624929966743,0.0,1.1069994491975175,0.005462121580879975,0.6857662119016754
chirp_9db,validation,long_gaps,13653,pca_r64_l001,8.076473483945692,2.622830031089034,5.011323619241791,0.0,2.6710425386159646,-0.06603241206281407,0.26781123911676924
chirp_9db,validation,long_gaps,13653,pca_r64_l1,3.3773221872509693,1.0967834011952422,2.1745820742116617,0.0,1.1169443256008478,-0.0691887872009254,0.6781243192021474
chirp_9db,validation,long_gaps,13653,template_1,2.8289192069367215,0.9186898547029388,1.8355357398733803,0.0,0.935577087581079,0.4670019971666021,0.7839827875437078
chirp_9db,validation,long_gaps,13653,dictionary_8,2.9636934489244853,0.9624577108106114,1.953179221425224,0.0,0.9801494785106869,0.27199202890646385,0.7588387488555086
chirp_9db,validation,long_gaps,13653,dictionary_24,2.9681293584476296,0.9638982698288047,1.956720853929479,0.0,0.9816165176902648,0.27878393641599164,0.7582078132181301
chirp_9db,validation,long_gaps,13653,dictionary_48,3.2793059696608555,1.064952691970464,2.178076806291792,0.0,1.0845285085765184,0.008168944552807313,0.6980002204752309
chirp_9db,validation,long_gaps,13890,zero_fill,1.4160388010105431,1.0,0.7226502722680385,0.0,0.4683108142864969,,0.9558745183581029
chirp_9db,validation,long_gaps,13890,linear,1.43151091867625,1.0109263373677793,0.7840877163244903,0.0,0.47342773623637063,-0.004263977389674077,0.9549647852601028
chirp_9db,validation,long_gaps,13890,pchip,1.4364263571550777,1.014397597106792,0.8064628726061639,0.0,0.4750533647113476,-0.0022121217075547726,0.9546701023977278
chirp_9db,validation,long_gaps,13890,autoregression,1.415036887551192,0.999292453385715,0.7201084976976319,0.0,0.4679794625554155,0.05091959266786317,0.9559378269267028
chirp_9db,validation,long_gaps,13890,pca_r32_l01,19.971727196155005,14.103940641953006,10.64474173051033,0.0,6.605027926681431,-0.1094384190435974,0.18567900286796732
chirp_9db,validation,long_gaps,13890,pca_r64_l01,5.619636647898606,3.968561203187514,3.581718264327288,0.0,1.8585201286105446,-0.05233616893109074,0.6111329748976752
chirp_9db,validation,long_gaps,13890,pca_r96_l01,2.645647960101396,1.8683442559719081,1.6940258697782327,0.0,0.8749658198817035,0.07313344986593727,0.8619375270978948
chirp_9db,validation,long_gaps,13890,pca_r64_l001,13.429896646975761,9.484130404754191,6.948823114068858,0.0,4.441520832649759,-0.1980355434005643,0.2627824281175692
chirp_9db,validation,long_gaps,13890,pca_r64_l1,2.2143786105019205,1.5637838517713283,1.4573673574256625,0.0,0.7323368889911054,0.05211279635726832,0.8972996612933631
chirp_9db,validation,long_gaps,13890,template_1,2.7582990825994576,1.9478979535243122,1.20943896763769,0.0,0.9122216767619715,0.020275470537162887,0.850807838005527
chirp_9db,validation,long_gaps,13890,dictionary_8,2.713451455944242,1.916226768650557,1.2873578242895822,0.0,0.8973897183843251,-0.23830735236524805,0.8488188084217052
chirp_9db,validation,long_gaps,13890,dictionary_24,2.4131990406065404,1.7041899126523814,1.254783898125652,0.0,0.7980905656930708,-0.2894469630709803,0.8760947638302359
chirp_9db,validation,long_gaps,13890,dictionary_48,2.3026846459596158,1.6261451623474765,1.236129591810313,0.0,0.7615413651269944,-0.0763779872417981,0.8882804943078731
chirp_9db,validation,long_gaps,14126,zero_fill,3.0754394820687323,1.0,1.3987029742452048,0.0,1.0171060052228942,,0.30104340711782085
chirp_9db,validation,long_gaps,14126,linear,3.0833995847089337,1.0025882813453533,1.4512771356071077,0.0,1.0197385617224597,-0.0013829798676036236,0.2940167696121484
chirp_9db,validation,long_gaps,14126,pchip,3.0857723578375813,1.003359804616249,1.4740972146688809,0.0,1.0205232826744566,-0.0006759999045762111,0.29200099618261843
chirp_9db,validation,long_gaps,14126,autoregression,3.074314507768236,0.9996342069785293,1.386086173046158,0.0,1.0167339549440881,0.028626750664812843,0.3021401936224673
chirp_9db,validation,long_gaps,14126,pca_r32_l01,3.057416903080932,0.9941398362436067,1.3327299042913048,0.0,1.011145597474677,0.11498663942523311,0.31863922157852587
chirp_9db,validation,long_gaps,14126,pca_r64_l01,2.884184627054794,0.9378121871267361,1.2867198464493192,0.0,0.9538544072978199,0.44478387854293266,0.46424479835103183
chirp_9db,validation,long_gaps,14126,pca_r96_l01,2.7819123029406057,0.9045576475038677,1.2539296925268653,0.0,0.9200310153464778,0.5755591771169356,0.5401218861699374
chirp_9db,validation,long_gaps,14126,pca_r64_l001,2.7819338103289972,0.9045646407770297,1.2661703818908443,0.0,0.920038128246607,0.4354936042270258,0.5097602555641532
chirp_9db,validation,long_gaps,14126,pca_r64_l1,2.996832798845918,0.9744405039731301,1.3175222021641595,0.0,0.9911092883234941,0.2337403674915568,0.37062884587914185
chirp_9db,validation,long_gaps,14126,template_1,3.4498594722052975,1.1217451984731324,1.5600706607657095,0.0,1.1409337776969704,0.18107503936359884,0.2790307483275606
chirp_9db,validation,long_gaps,14126,dictionary_8,2.3830909734293133,0.7748781880846174,1.0008340807011782,0.0,0.7881332584170997,0.6323813640862743,0.6739805917556125
chirp_9db,validation,long_gaps,14126,dictionary_24,2.8180501702630747,0.9163081200893859,1.2453840049100755,0.0,0.9319824915774152,0.405722002398331,0.48842599796114544
chirp_9db,validation,long_gaps,14126,dictionary_48,2.7647314437639188,0.8989711746511715,1.2335449878795586,0.0,0.9143489802599859,0.45814353057693663,0.522986267894572
chirp_9db,validation,long_gaps,14362,zero_fill,1.7974749953922262,1.0,1.0137481691414512,0.0,0.5944589782081002,,0.8772084236964472
chirp_9db,validation,long_gaps,14362,linear,1.8398770736797327,1.0235898014693963,1.1427375323146578,0.0,0.6084821474857295,-0.002634083662604442,0.8711359524388055
chirp_9db,validation,long_gaps,14362,pchip,1.8600905400728347,1.0348352799572298,1.2026899741670276,0.0,0.6151671231370681,-0.0019319109240728237,0.8682555223504255
chirp_9db,validation,long_gaps,14362,autoregression,1.806716441241025,1.0051413487656233,1.0151503657525836,0.0,0.5975152991419242,0.01314429718515234,0.8758578922614811
chirp_9db,validation,long_gaps,14362,pca_r32_l01,2.511411588453385,1.3971886089605219,1.5846881697443043,0.0,0.8305713128466687,0.47849292320004355,0.815643980281532
chirp_9db,validation,long_gaps,14362,pca_r64_l01,2.2581234261969425,1.2562752928333216,1.449341687858775,0.0,0.7468041269257782,0.12137265613493504,0.813941453727009
chirp_9db,validation,long_gaps,14362,pca_r96_l01,1.8002071381570224,1.0015199893026607,1.2119101566596222,0.0,0.5953625494958471,0.37064193509522403,0.8794410829404351
chirp_9db,validation,long_gaps,14362,pca_r64_l001,4.34747751928167,2.418658134564486,2.2198329755651356,0.0,1.4377930433079138,-0.0381514562096468,0.5518646262773701
chirp_9db,validation,long_gaps,14362,pca_r64_l1,1.9767708120214607,1.0997487125489112,1.1594416350081218,0.0,0.6537554959474994,0.0357041090558571,0.8511984514504181
chirp_9db,validation,long_gaps,14362,template_1,2.9570784999721442,1.645129143689079,1.4871080046950815,0.0,0.9779617897777766,0.10462630059216194,0.724291428300321
chirp_9db,validation,long_gaps,14362,dictionary_8,1.9195528802290842,1.0679163188082177,1.0949805089180913,0.0,0.6348324436904889,0.32325487453807245,0.8640326840383101
chirp_9db,validation,long_gaps,14362,dictionary_24,1.716295941157708,0.9548371718980133,0.9903315893509669,0.0,0.5676115295616051,0.4243282114602202,0.8903592369230228
chirp_9db,validation,long_gaps,14362,dictionary_48,2.0173912370315765,1.1223473162091817,1.1522051113837564,0.0,0.6671894387883138,0.3278594369677501,0.852746004221349
chirp_9db,validation,long_gaps,14599,zero_fill,1.345011670791638,1.0,0.7570621899950878,0.0,0.44482079892426896,,0.9229636727794945
chirp_9db,validation,long_gaps,14599,linear,1.526276976879488,1.1347685748936007,1.0986461951964526,0.0,0.5047686640783258,0.02227314580265756,0.9017274926980271
chirp_9db,validation,long_gaps,14599,pchip,1.648389708362545,1.2255579220307782,1.2654337038167414,0.0,0.5451536540056977,0.016368501066890653,0.8868297481384191
chirp_9db,validation,long_gaps,14599,autoregression,1.319319213114066,0.9808979667347794,0.7395655600402744,0.0,0.43632381722615554,0.19953337842956162,0.92599638454809
chirp_9db,validation,long_gaps,14599,pca_r32_l01,5.001392937594152,3.718475494454606,2.5342970500682265,0.0,1.6540552402236137,0.850450306393524,0.720970861526217
chirp_9db,validation,long_gaps,14599,pca_r64_l01,3.7982682070720424,2.8239667279886747,2.4006876367482497,0.0,1.256159136079476,0.48747466992185956,0.7061559062229198
chirp_9db,validation,long_gaps,14599,pca_r96_l01,1.6054942894621727,1.1936656940063737,1.12585287692819,0.0,0.530967327656407,0.390897620451709,0.8971896571071195
chirp_9db,validation,long_gaps,14599,pca_r64_l001,8.659726827589443,6.438402740767713,4.580163812914571,0.0,2.8639354509444974,0.15002261711803716,0.3731217827381159
chirp_9db,validation,long_gaps,14599,pca_r64_l1,1.1175577505758958,0.830890746039498,0.7882547268489102,0.0,0.36959748547207133,0.6666819502294149,0.9491359180172565
chirp_9db,validation,long_gaps,14599,template_1,2.2268815582822343,1.6556596545898752,1.0148922317389155,0.0,0.7364718503013474,-0.5627264430727804,0.7934148219258835
chirp_9db,validation,long_gaps,14599,dictionary_8,1.8853456330456129,1.4017318020266314,1.0016121112471468,0.0,0.6235194600550413,-0.1808142374213626,0.8510743381779033
chirp_9db,validation,long_gaps,14599,dictionary_24,1.7623269319876558,1.310268877407136,1.1755856053102356,0.0,0.5828348488538473,0.21683540934725334,0.8746857725910104
chirp_9db,validation,long_gaps,14599,dictionary_48,1.3756251910707384,1.02276078412099,0.8533732659974788,0.0,0.4549452691011105,0.2878610591710573,0.9199644399600105
chirp_9db,validation,mixed_damage,12000,zero_fill,2.023632315073464,1.0,1.201601755493432,0.7763143476243313,0.9060576430862598,,0.8986722172947962
chirp_9db,validation,mixed_damage,12000,linear,2.110971117966092,1.0431594229060617,1.250831719154876,0.7763143476243313,0.9184279556597608,-0.022956964571754966,0.8632584305061806
chirp_9db,validation,mixed_damage,12000,pchip,2.152414480043145,1.0636391127036366,1.2779111013454285,0.7763143476243313,0.9244203450274349,-0.015026884788029202,0.8455429958269077
chirp_9db,validation,mixed_damage,12000,autoregression,1.8485492318118308,0.9134807830664253,1.048248705933394,0.7763143476243313,0.8823652077422001,0.4456535929932274,0.911866491173432
chirp_9db,validation,mixed_damage,12000,pca_r32_l01,7.337861186692038,3.6260842110666,4.487176145091864,0.7944712027150446,1.989220547323653,-0.533525246335046,0.20707315103806764
chirp_9db,validation,mixed_damage,12000,pca_r64_l01,3.0823951760329296,1.5231992260021947,2.289087688596985,0.32911730320363536,0.8338889693122964,0.13491797932890906,0.7976310349229717
chirp_9db,validation,mixed_damage,12000,pca_r96_l01,2.7505808727551613,1.3592295657006777,1.875252003629609,0.23932192133687466,0.7256385062503636,0.022575768167681903,0.8400211239349509
chirp_9db,validation,mixed_damage,12000,pca_r64_l001,6.133443424435863,3.03090802550917,4.353348646149046,0.3205022772440214,1.5644478635954642,0.1808620868339127,0.5955467371727877
chirp_9db,validation,mixed_damage,12000,pca_r64_l1,2.3137350569347452,1.1433574368724932,1.4918712303503834,0.47546265861436376,0.7392707982252854,0.07481735845558884,0.8304142815124342
chirp_9db,validation,mixed_damage,12000,template_1,2.377651661177428,1.1749425246211846,1.1439592021261507,1.066298492057807,1.1913257985950745,0.6185679644542802,0.4891497228809623
chirp_9db,validation,mixed_damage,12000,dictionary_8,1.9171152463712693,0.9473634276796338,1.1442298277885414,0.8977354901811946,0.9926059774286138,0.5368827144858432,0.6576664562485391
chirp_9db,validation,mixed_damage,12000,dictionary_24,1.0683319198368284,0.5279278809095539,0.7008972316858121,0.735499674999247,0.7605807678101243,0.85686291388884,0.8159572699876008
chirp_9db,validation,mixed_damage,12000,dictionary_48,1.4887837418992578,0.735698738752949,0.9900605000471385,0.6716081305549615,0.7492637738789204,0.7257694364664106,0.8215923037660148
chirp_9db,validation,mixed_damage,12236,zero_fill,1.6868476182758305,1.0,1.333903941171151,0.6216641518167144,0.7349510890227988,,0.9107578571943021
chirp_9db,validation,mixed_damage,12236,linear,1.842542165266512,1.092299117776756,1.4390020507705046,0.6216641518167144,0.7579559846882159,-0.03814053739278038,0.8531576523363108
chirp_9db,validation,mixed_damage,12236,pchip,1.8246394094664535,1.081685974297704,1.4351092664718483,0.6216641518167144,0.755244320542532,-0.04060730817796696,0.8599172784436395
chirp_9db,validation,mixed_damage,12236,autoregression,1.7656620370646974,1.0467229036784158,1.3735017316425435,0.6216641518167144,0.7464313931108044,-0.0931554492338686,0.8856511778823984
chirp_9db,validation,mixed_damage,12236,pca_r32_l01,5.6877701267480925,3.371833984958111,3.7248038684270286,0.7158786575842953,1.5818889578700364,-0.010589081183980827,0.3552713774644671
chirp_9db,validation,mixed_damage,12236,pca_r64_l01,4.922974503979569,2.9184464860029653,3.4599407253580843,0.512196914968962,1.3269057794920085,0.10367791930551187,0.5313914582951494
chirp_9db,validation,mixed_damage,12236,pca_r96_l01,3.020832830445235,1.7908154819182214,2.290219779436437,0.34925886291457225,0.8274643983792245,0.24332915170212766,0.7553148947602142
chirp_9db,validation,mixed_damage,12236,pca_r64_l001,14.404192135285593,8.539118755734725,8.468130174879079,0.5021806482657739,3.633726841365942,0.10446387264644855,0.2536888928869836
chirp_9db,validation,mixed_damage,12236,pca_r64_l1,1.9591469231334488,1.1614249573627418,1.5435404946624445,0.5895361569404556,0.7521448444085206,0.2522228518365871,0.752648797268631
chirp_9db,validation,mixed_damage,12236,template_1,2.0093489858644675,1.1911858333227952,1.5610618553233366,1.00011483290789,1.0908978106366738,-0.28470843354006886,0.3205752161171653
chirp_9db,validation,mixed_damage,12236,dictionary_8,1.8243450374380896,1.0815114641492032,1.4288544091097282,0.8445198294437668,0.9362972601717136,0.20083914859007887,0.576498175026561
chirp_9db,validation,mixed_damage,12236,dictionary_24,2.197831343736618,1.3029222793598139,1.7468822764046799,0.7393786387186222,0.9024506283729651,-0.06588745899496794,0.6230318580496162
chirp_9db,validation,mixed_damage,12236,dictionary_48,2.327716338109534,1.379920932329828,1.867126254237282,0.6728565870981669,0.8735453319920979,-0.04481226905603252,0.6592468392155488
chirp_9db,validation,mixed_damage,12472,zero_fill,2.913983402333172,1.0,1.4543456532158245,0.26390624574708316,0.7720102358145101,,0.44989878428430014
chirp_9db,validation,mixed_damage,12472,linear,2.945114613016994,1.0106833864114997,1.469977406268582,0.26390624574708316,0.7793586177897758,0.0321234771090234,0.36760991314946445
chirp_9db,validation,mixed_damage,12472,pchip,2.9524568405688654,1.013203039593461,1.4740836294874486,0.26390624574708316,0.7810929439568428,0.028846883522954173,0.35750064997935066
chirp_9db,validation,mixed_damage,12472,autoregression,3.0876952354687766,1.0596131855097448,1.530146896987906,0.26390624574708316,0.8131174371401318,-0.06227654416912231,0.23258871234536613
chirp_9db,validation,mixed_damage,12472,pca_r32_l01,1.93934414007226,0.665530262979351,0.9933346504353874,0.11794745236114236,0.4981045144099951,0.7473975472475237,0.8023026365916198
chirp_9db,validation,mixed_damage,12472,pca_r64_l01,2.7160792194792838,0.9320846567981719,1.366847436348385,0.10649555656380984,0.6868044608913775,0.4150681906241988,0.5796400375091522
chirp_9db,validation,mixed_damage,12472,pca_r96_l01,2.437025161725859,0.8363208794444672,1.2340360414698381,0.08358749347683159,0.6146083445410093,0.5526189640530628,0.6762622672159216
chirp_9db,validation,mixed_damage,12472,pca_r64_l001,4.388897539938162,1.5061504936589734,2.0719370975643736,0.1037097238323266,1.1018097958114161,0.3387811985929253,0.4367865681146372
chirp_9db,validation,mixed_damage,12472,pca_r64_l1,2.466959530948229,0.8465935423561372,1.1668549837017044,0.13009852527596924,0.6294726821674351,0.5730559095690424,0.6692821111170952
chirp_9db,validation,mixed_damage,12472,template_1,3.0771871859761153,1.0560071081778533,1.4788712412513,0.1484342727210997,0.7826067010841569,0.6883416510139924,0.7179567676468681
chirp_9db,validation,mixed_damage,12472,dictionary_8,1.9666106080540091,0.6748873746087163,0.9785982273293551,0.08524705515127777,0.49853304741825,0.7392449788525508,0.8013317342299197
chirp_9db,validation,mixed_damage,12472,dictionary_24,2.497898309069763,0.8572108911360793,1.1791177985826524,0.08200284518517653,0.6295019341575997,0.5178273694415468,0.6550157555052314
chirp_9db,validation,mixed_damage,12472,dictionary_48,2.6865171891367985,0.9219397704824792,1.2877431503509316,0.07497328100544627,0.6755409638068919,0.40969003855607555,0.5895256763584877
chirp_9db,validation,mixed_damage,12708,zero_fill,6.293631070040843,1.0,3.121201442587394,0.32141510490471914,1.6038899411021226,,0.2912804372085617
chirp_9db,validation,mixed_damage,12708,linear,6.414119901099569,1.019144565310204,3.2029403888554233,0.32141510490471914,1.633450128382315,0.004067595956246375,0.16831737655231097
chirp_9db,validation,mixed_damage,12708,pchip,6.446155387324868,1.0242347089599957,3.2126858972698864,0.32141510490471914,1.6413130094997708,0.004115333301871578,0.15578513720797965
chirp_9db,validation,mixed_damage,12708,autoregression,5.712534468507463,0.9076691030874791,3.0922437342410203,0.32141510490471914,1.4616485790623441,0.45089129501881503,0.5126274483440225
chirp_9db,validation,mixed_damage,12708,pca_r32_l01,1.8614858892229966,0.29577295975992385,0.9449111077635323,0.21273765662968974,0.5089197735154769,0.9713677634951823,0.9645811614383166
chirp_9db,validation,mixed_damage,12708,pca_r64_l01,3.4355520074889703,0.5458775656302769,1.8776429611866856,0.17640765227421198,0.875707303158245,0.9010547359058942,0.8949730708045067
chirp_9db,validation,mixed_damage,12708,pca_r96_l01,3.9007433864991286,0.6197921904046108,1.9884665364799117,0.13729053876402067,0.9842042898907097,0.887927017765405,0.8734505739655701
chirp_9db,validation,mixed_damage,12708,pca_r64_l001,2.3812338530898196,0.37835612329185453,1.5024133710940366,0.16583674928902756,0.6165834328338231,0.9268725635897137,0.92875275892321
chirp_9db,validation,mixed_damage,12708,pca_r64_l1,4.875399835403202,0.7746561215847632,2.370542996944549,0.2167808991082078,1.2367910324788607,0.8289384662539798,0.7774056929123969
chirp_9db,validation,mixed_damage,12708,template_1,2.1139112241862663,0.335881020139388,1.0960927548364636,0.21660260739422665,0.5685711810478493,0.9482978314267256,0.944247420249148
chirp_9db,validation,mixed_damage,12708,dictionary_8,3.728739712593671,0.5924623911216126,1.7117801723791561,0.21558192729220974,0.9552693780715236,0.9374075037295263,0.9038506392126457
chirp_9db,validation,mixed_damage,12708,dictionary_24,4.252578056366731,0.6756954783399995,1.9103426692975165,0.20080717426681569,1.0807772938968276,0.8640975514276655,0.8348511507758831
chirp_9db,validation,mixed_damage,12708,dictionary_48,5.070882141532692,0.8057164592426268,2.359795569857795,0.1886655044140179,1.280814335238819,0.6516239089367593,0.6660708795348763
chirp_9db,validation,mixed_damage,12945,zero_fill,1.9720718805287134,1.0,1.4861532870499035,0.7451011616082813,0.8738100343260474,,0.903542320104006
chirp_9db,validation,mixed_damage,12945,linear,2.199845879830093,1.1154998464053518,1.6842202506418364,0.7451011616082813,0.9071575803869328,-0.01986914386255768,0.8188943392863662
chirp_9db,validation,mixed_damage,12945,pchip,2.2106985975506825,1.1210030523623677,1.6875326655254512,0.7451011616082813,0.9088049984960577,-0.01941557236934874,0.8148530091929063
chirp_9db,validation,mixed_damage,12945,autoregression,1.8266054777314398,0.9262367643727702,1.3660736924656036,0.7451011616082813,0.8538194952216429,0.3800347482160572,0.9036197582880368
chirp_9db,validation,mixed_damage,12945,pca_r32_l01,5.51111095466227,2.7945791474825645,3.4492035411682833,0.4947670024321256,1.4586864758026643,-0.3859788358118123,0.48272021583613955
chirp_9db,validation,mixed_damage,12945,pca_r64_l01,2.7465608199285723,1.3927285546976198,2.09695467392031,0.3452387367427767,0.7636852721255226,-0.08782063698715284,0.815333655935439
chirp_9db,validation,mixed_damage,12945,pca_r96_l01,2.3016244599092004,1.167109821216118,1.6789478012683194,0.21685232704635635,0.6125178125284203,0.02052455078169864,0.8817829140370927
chirp_9db,validation,mixed_damage,12945,pca_r64_l001,4.800548607361265,2.4342665471576197,3.6296654961971617,0.33770677976811536,1.2438839115889804,-0.22883355012233136,0.6166684161659849
chirp_9db,validation,mixed_damage,12945,pca_r64_l1,1.9224527647904817,0.9748390937327656,1.4089597616172878,0.4370502655535366,0.6403621364195429,0.26566096302813924,0.8744233390455133
chirp_9db,validation,mixed_damage,12945,template_1,1.9409289700197407,0.9842080246585012,1.4449256639587738,1.0762419280187292,1.14950140226763,0.17630043466167333,0.4615635176875707
chirp_9db,validation,mixed_damage,12945,dictionary_8,1.9957357642918068,1.0119995036675586,1.4634222043482286,0.8125863347624834,0.9316453695114596,0.26751617201653444,0.6953224352981772
chirp_9db,validation,mixed_damage,12945,dictionary_24,1.5752950828018253,0.7988020610990548,1.1587514288901126,0.6813391119928925,0.7683138755120104,0.6024522609201435,0.8057121561129282
chirp_9db,validation,mixed_damage,12945,dictionary_48,1.9142137186045958,0.9706612307110196,1.4403996280637457,0.5629982943787568,0.7253757798804559,0.30389743238340977,0.8292970009884328
chirp_9db,validation,mixed_damage,13181,zero_fill,4.6037098509275385,1.0,2.223639134922914,0.42199030832026163,1.221302626713346,,0.4874985671115419
chirp_9db,validation,mixed_damage,13181,linear,4.910313473057564,1.0665992497481682,2.338857826143695,0.42199030832026163,1.2937908377234435,-0.027205149998102997,0.26395357592566127
chirp_9db,validation,mixed_damage,13181,pchip,4.943147235014753,1.073731272186675,2.3110649368047036,0.42199030832026163,1.3015817754701737,-0.02563688359432528,0.25313687037499555
chirp_9db,validation,mixed_damage,13181,autoregression,6.468300550388083,1.4050191605982452,3.3098901364263087,0.42199030832026163,1.6678963043849246,-0.0712584554092323,0.06481236183916421
chirp_9db,validation,mixed_damage,13181,pca_r32_l01,5.987115431856976,1.3004979952528317,2.7707217616550865,0.1811693241398399,1.5070228526493727,0.3688254435742818,0.48783490340549523
chirp_9db,validation,mixed_damage,13181,pca_r64_l01,4.302462043282822,0.9345641195037472,2.136325464829178,0.10905910417503184,1.0807864022594065,0.4490963252622712,0.6133724347145793
chirp_9db,validation,mixed_damage,13181,pca_r96_l01,4.260442700415838,0.925436840802958,2.0471373230383865,0.08701549429894531,1.0684377452397478,0.4517357348768592,0.61891279498078
chirp_9db,validation,mixed_damage,13181,pca_r64_l001,3.4312338405505614,0.7453193080487575,1.9073183243633811,0.1028069455248147,0.8635647301035649,0.7359001456505929,0.7977534495861109
chirp_9db,validation,mixed_damage,13181,pca_r64_l1,4.38713572570271,0.9529566084228367,2.0780449583758016,0.1707931363274475,1.1091808437701205,0.340246631782401,0.5566850054800023
chirp_9db,validation,mixed_damage,13181,template_1,5.456463489169377,1.1852318382032763,2.3371890543881912,0.469902813651871,1.43799173378204,0.05131079624987849,0.23187784959815197
chirp_9db,validation,mixed_damage,13181,dictionary_8,3.5238567434833032,0.7654384958194812,1.6080778062980108,0.46304610340469,0.9884881687698249,0.6542607988611983,0.6760094199229604
chirp_9db,validation,mixed_damage,13181,dictionary_24,2.578664350054825,0.5601274697047394,1.1510151324910622,0.45418971790860924,0.7803778863494678,0.9069588528227674,0.8474753577109259
chirp_9db,validation,mixed_damage,13181,dictionary_48,2.2783031533568487,0.4948841753999385,1.070741733817448,0.44779746127732223,0.7158257361909035,0.9056657689952484,0.8631632142764339
chirp_9db,validation,mixed_damage,13417,zero_fill,2.693550015571143,1.0,1.5634460369379886,0.24720256869020346,0.7146611231857039,,0.4515164910781024
chirp_9db,validation,mixed_damage,13417,linear,2.6946354494670794,1.0004029752147394,1.5719728586096298,0.24720256869020346,0.7149168157480881,-0.012114732291115263,0.4494345193555576
chirp_9db,validation,mixed_damage,13417,pchip,2.6952264525310965,1.0006223893932773,1.572940047137907,0.24720256869020346,0.7150560415069261,-0.014170716385150795,0.4481388089097238
chirp_9db,validation,mixed_damage,13417,autoregression,2.716659760645275,1.0085796606487858,1.5655636283601742,0.24720256869020346,0.720107496515918,0.025313601065002626,0.38769989091155005
chirp_9db,validation,mixed_damage,13417,pca_r32_l01,4.20854167832231,1.5624516545054488,2.1748562339922417,0.09527822916870923,1.0561721028222284,-0.0726540771809593,0.1455865428207855
chirp_9db,validation,mixed_damage,13417,pca_r64_l01,3.5416871875383853,1.3148770830555385,1.8355059202902675,0.09546138064302222,0.8902331598480127,-0.010619284980615448,0.24516237915711744
chirp_9db,validation,mixed_damage,13417,pca_r96_l01,3.0832258947155036,1.1446699994029006,1.5490218838578935,0.08335121531586238,0.7750198906424792,0.11964663356299733,0.3755734519229283
chirp_9db,validation,mixed_damage,13417,pca_r64_l001,4.448228148762896,1.651436996917872,2.4352821683143757,0.09244883734597784,1.1156538294971339,-0.04084876187702326,0.15171679351324024
chirp_9db,validation,mixed_damage,13417,pca_r64_l1,2.8705304014100466,1.065705253221881,1.4330912197972008,0.11617903425895,0.7263955665406872,0.10632161673038172,0.40152726721540194
chirp_9db,validation,mixed_damage,13417,template_1,4.162558419602257,1.5453800358407763,2.0292958673285293,0.10419893617292539,1.045518826680538,-0.21036331169845787,0.06684089801707252
chirp_9db,validation,mixed_damage,13417,dictionary_8,3.0766753292501097,1.142238054413008,1.4916143389064558,0.08404153402837655,0.7734612051213329,0.04077236996520351,0.3490164782370973
chirp_9db,validation,mixed_damage,13417,dictionary_24,2.9975681733313593,1.1128689484148122,1.4747158263987319,0.07653859492288938,0.7530474462749946,0.13995479975844738,0.4032538172496493
chirp_9db,validation,mixed_damage,13417,dictionary_48,2.949809770413541,1.0951382945781538,1.4452510349328849,0.07510701920347686,0.7410294210856131,0.17048295221544943,0.4241934326189316
chirp_9db,validation,mixed_damage,13653,zero_fill,3.7171793533693416,1.0,2.7666052283630327,0.7382092609083631,1.1723831508533802,,0.7713184770057728
chirp_9db,validation,mixed_damage,13653,linear,3.721116649440236,1.0010592160605125,2.7676951491238966,0.7382092609083631,1.1731635332537937,0.0022362363977496214,0.7687790302775036
chirp_9db,validation,mixed_damage,13653,pchip,3.7208712633750034,1.0009932020100982,2.7679584586401167,0.7382092609083631,1.1731148881283158,0.00435907656590542,0.7688553221521593
chirp_9db,validation,mixed_damage,13653,autoregression,3.7836450939197275,1.017880692383094,2.7881990749086456,0.7382092609083631,1.1855975257782967,-0.20061665680472254,0.7454838703391806
chirp_9db,validation,mixed_damage,13653,pca_r32_l01,4.974942245108044,1.3383648654452562,3.6780940252518395,0.38520466265164766,1.2984555687452595,-0.2393508555539218,0.5762600849205718
chirp_9db,validation,mixed_damage,13653,pca_r64_l01,4.769544652124241,1.283108561280749,3.5919099805054966,0.21596409811319361,1.2105825964105728,-0.3730040930009602,0.6267577076357078
chirp_9db,validation,mixed_damage,13653,pca_r96_l01,4.088714716442231,1.0999508841929084,3.0401639199059582,0.1720705514982425,1.0356674222706856,-0.23565047284327395,0.7278329135132969
chirp_9db,validation,mixed_damage,13653,pca_r64_l001,7.217786719617683,1.941737547066516,5.217723031220055,0.20562589023850208,1.8153972573333472,-0.43900118644344577,0.34881506786731914
chirp_9db,validation,mixed_damage,13653,pca_r64_l1,4.077722658128413,1.0969937876234748,3.07221710055211,0.306518217970975,1.0617533654831102,-0.2753779263740105,0.7087055921505272
chirp_9db,validation,mixed_damage,13653,template_1,3.5110875392916285,0.94455693565313,2.5471804990786273,0.9747805830148998,1.2889116892729688,0.38947722288414605,0.5194231640280567
chirp_9db,validation,mixed_damage,13653,dictionary_8,3.8731475488486677,1.041958749000893,2.8206662520674817,0.7196416388553819,1.1929358024630177,-0.11032647418644197,0.6096746363680503
chirp_9db,validation,mixed_damage,13653,dictionary_24,4.0032974377170225,1.0769718265244146,2.9347395924182065,0.48848076138669555,1.1069550631265923,-0.18203838072714998,0.6778151406542569
chirp_9db,validation,mixed_damage,13653,dictionary_48,3.848531116011528,1.0353364070321562,2.8647961060073346,0.3874064438395814,1.032667905289359,0.003981381538258893,0.7274498417071746
chirp_9db,validation,mixed_damage,13890,zero_fill,1.1624763388742883,1.0,0.7036016327967822,0.9607704060980109,0.9746008104907818,,0.96809512766178
chirp_9db,validation,mixed_damage,13890,linear,1.6871002491808704,1.4512985707860637,0.9165498098173364,0.9607704060980109,1.021411518723361,-0.020488037011813037,0.8793109398028652
chirp_9db,validation,mixed_damage,13890,pchip,1.7402105661617695,1.4969857948652479,0.939919439797764,0.9607704060980109,1.026965475718607,-0.01892133606896099,0.8698297296396785
chirp_9db,validation,mixed_damage,13890,autoregression,1.0662485852872146,0.9172217529345517,0.6504612461186436,0.9607704060980109,0.9676996772027543,0.422765314467727,0.9578406165799777
chirp_9db,validation,mixed_damage,13890,pca_r32_l01,9.743513402849336,8.381687503665407,6.354340632716518,0.8515873643966682,2.5716491428107178,0.2795850811466459,0.42948835635511423
chirp_9db,validation,mixed_damage,13890,pca_r64_l01,5.332283264192333,4.587003697086839,3.361469806185247,0.39223688454550026,1.3861139792048813,0.09404957059888867,0.7213029627165264
chirp_9db,validation,mixed_damage,13890,pca_r96_l01,2.718690477744703,2.3387060766995154,1.64290782949112,0.21945812909237455,0.7121141924820854,0.1958563370292389,0.9039503212544643
chirp_9db,validation,mixed_damage,13890,pca_r64_l001,17.736000949405806,15.257085547720383,9.464743284871005,0.3551774945247989,4.447316574819144,0.0088231590435612,0.3145246627539032
chirp_9db,validation,mixed_damage,13890,pca_r64_l1,2.0534488999929374,1.7664436094944038,1.3607011641768865,0.5797927415685327,0.7607170438357621,0.36168664860609007,0.880160145126617
chirp_9db,validation,mixed_damage,13890,template_1,2.831810348783254,2.4360154732486903,1.2984316877923265,1.3151843519097557,1.4569831425779307,0.15886435653385836,0.4744296225825401
chirp_9db,validation,mixed_damage,13890,dictionary_8,1.8771873228985125,1.614817661335225,1.1035502936792572,1.0933272229760038,1.1579696264571557,0.1018375840064248,0.6902703628856067
chirp_9db,validation,mixed_damage,13890,dictionary_24,2.900751124979575,2.4953205738265494,1.4838921021383165,0.6948018837291015,0.9891790141821174,-0.06342483843806589,0.7956068630047324
chirp_9db,validation,mixed_damage,13890,dictionary_48,4.475689480309011,3.850133831234064,2.276166454324433,0.5146716020732084,1.224874973054847,-0.012800759678074546,0.741441864916678
chirp_9db,validation,mixed_damage,14126,zero_fill,4.042064250788033,1.0,2.2065273068025086,0.22668370323357867,1.0340776665455902,,0.29030863281312913
chirp_9db,validation,mixed_damage,14126,linear,4.075801760862134,1.008346604106435,2.2228905200289306,0.22668370323357867,1.042321402972777,-0.011090439692827178,0.2179446139776227
chirp_9db,validation,mixed_damage,14126,pchip,4.081237241893016,1.009691333109647,2.222325615507235,0.22668370323357867,1.0436498438260389,-0.0123737358936317,0.20977619204439424
chirp_9db,validation,mixed_damage,14126,autoregression,4.049967226277821,1.001955183044962,2.1724787518591526,0.22668370323357867,1.0360084776921412,0.018721603699267692,0.25895202480903234
chirp_9db,validation,mixed_damage,14126,pca_r32_l01,3.753068204062573,0.928502856759608,1.9497402871489506,0.08899360863977906,0.9422154371488779,0.37905726495399156,0.47253495921771294
chirp_9db,validation,mixed_damage,14126,pca_r64_l01,3.8032254522096105,0.9409116768661312,1.9845958535170827,0.08247322543420026,0.954153791784827,0.35722510068200425,0.4558347364888246
chirp_9db,validation,mixed_damage,14126,pca_r96_l01,3.9239548263186816,0.9707799240335369,2.0601891629531934,0.06890036557087179,0.9832544935260489,0.26394251880677494,0.39544803935294714
chirp_9db,validation,mixed_damage,14126,pca_r64_l001,4.354142018453425,1.0772075227662574,2.325556706552539,0.07666838679224464,1.0910637968246162,0.4073260511084284,0.4664800731970822
chirp_9db,validation,mixed_damage,14126,pca_r64_l1,3.9714516265103015,0.9825305537228991,2.050671153072437,0.09901691246107223,0.9974809915485601,0.19635924436487667,0.35612921206706416
chirp_9db,validation,mixed_damage,14126,template_1,3.974634966176364,0.9833181066831079,2.0605526275504706,0.0966092102607177,0.9980519527734948,0.5589152459995363,0.5945308470276719
chirp_9db,validation,mixed_damage,14126,dictionary_8,3.876566043983256,0.9590560177828664,1.9587387177486708,0.0712784632742206,0.9715957744628488,0.4509699733268338,0.5132782032023389
chirp_9db,validation,mixed_damage,14126,dictionary_24,3.953280419729027,0.9780350272656609,2.0101064231244496,0.06896795849285006,0.9905735323063156,0.3710684464209389,0.4526140211624041
chirp_9db,validation,mixed_damage,14126,dictionary_48,4.151229082092206,1.0270071984340403,2.1076564767688497,0.06440998795556901,1.0396794154400024,0.30375286882470554,0.39487396879069164
chirp_9db,validation,mixed_damage,14362,zero_fill,2.1948439847266057,1.0,1.2552334594974093,0.6733033893675796,0.8521077517433837,,0.8825696468798162
chirp_9db,validation,mixed_damage,14362,linear,2.304728863719831,1.0500650067876751,1.339662560842397,0.6733033893675796,0.8700516129543465,-0.0720658707838947,0.8389460932680808
chirp_9db,validation,mixed_damage,14362,pchip,2.2711173536729565,1.0347511574750274,1.3142334677292071,0.6733033893675796,0.8645098266562138,-0.10599410481456663,0.8550124551776315
chirp_9db,validation,mixed_damage,14362,autoregression,2.2524680876177157,1.026254304767037,1.3290808307476016,0.6733033893675796,0.8614549573883806,0.20469844868681833,0.804666268575055
chirp_9db,validation,mixed_damage,14362,pca_r32_l01,2.970715677677893,1.3534974232111225,2.1148424755209296,0.27720276304806307,0.7896902959081267,0.30140001210755857,0.8029622805304547
chirp_9db,validation,mixed_damage,14362,pca_r64_l01,2.543694985237076,1.158941137929639,1.4938268280369629,0.1965866956625024,0.663799626750835,0.008292122413029394,0.8467219589729784
chirp_9db,validation,mixed_damage,14362,pca_r96_l01,2.3416150617407983,1.0668708473292579,1.3476050452300314,0.14815884328122303,0.6027243741964384,0.24095106130807756,0.8751868490637374
chirp_9db,validation,mixed_damage,14362,pca_r64_l001,4.398754553776165,2.0041308559451356,2.4617477308666014,0.18898880775528817,1.1148092091872164,-0.2747541484800151,0.6364142284826922
chirp_9db,validation,mixed_damage,14362,pca_r64_l1,2.6570235850469928,1.2105751495489359,1.4617089197297983,0.24364829749102007,0.7049043252700177,0.019322381267253153,0.8233348182359715
chirp_9db,validation,mixed_damage,14362,template_1,3.1273150249761965,1.4248461607013683,1.6592367700865733,0.7210145866705508,1.0481540254871133,0.509199915453804,0.6575150298013396
chirp_9db,validation,mixed_damage,14362,dictionary_8,2.075681936945673,0.9457081921949109,1.2702643315280646,0.5211112675989865,0.7237838852880171,0.4803476264443842,0.8125648805829158
chirp_9db,validation,mixed_damage,14362,dictionary_24,2.075726999817496,0.9457287234363734,1.2254392787148782,0.436220636875353,0.6690931006925728,0.44295821863043977,0.8422116470964698
chirp_9db,validation,mixed_damage,14362,dictionary_48,2.249135868981119,1.0247361018060133,1.2931869404015672,0.34410353246477504,0.6535824724622794,0.3420530952713664,0.8506015534239794
chirp_9db,validation,mixed_damage,14599,zero_fill,1.6342337223509975,1.0,0.9286910591693949,0.6761420808647824,0.7716962469947115,,0.9156895728864871
chirp_9db,validation,mixed_damage,14599,linear,1.6448657318520423,1.0065058071900204,0.9549010289675555,0.6761420808647824,0.7731067592255421,0.04454456373679179,0.9059788369357741
chirp_9db,validation,mixed_damage,14599,pchip,1.6466279963381167,1.0075841501846436,0.9555727480302854,0.6761420808647824,0.7733411868746408,0.044606279050410744,0.9049885436399235
chirp_9db,validation,mixed_damage,14599,autoregression,1.5434037392367352,0.9444204449632854,0.8632471634430727,0.6761420808647824,0.7599184497790005,0.46609757668639656,0.9291042801050448
chirp_9db,validation,mixed_damage,14599,pca_r32_l01,2.671305425032647,1.6345920344794533,1.8097376817401065,0.4053598490239766,0.7746217537377503,0.7285399794984144,0.8207691632833276
chirp_9db,validation,mixed_damage,14599,pca_r64_l01,1.8926195858001997,1.1581082680618597,1.351027063515472,0.24660385220895115,0.5299888439520999,0.5055081018500038,0.8953811470697131
chirp_9db,validation,mixed_damage,14599,pca_r96_l01,1.6405949500213082,1.0038924834210123,1.030447598544527,0.15382603555437807,0.43635482467332926,0.42236408478007514,0.9264040887813556
chirp_9db,validation,mixed_damage,14599,pca_r64_l001,5.818742523665873,3.560532648472747,3.5661402441004246,0.2229303534742409,1.4706128334435047,0.18028976321652898,0.5866865186086939
chirp_9db,validation,mixed_damage,14599,pca_r64_l1,1.3381577370202011,0.8188288607183656,0.8831861529968097,0.32089708620269725,0.45656942435869935,0.5734659904809013,0.9237308710873168
chirp_9db,validation,mixed_damage,14599,template_1,2.897540983738748,1.7730272874129445,1.4704704665108252,0.9607259704812092,1.1790000956266298,-0.670079207985082,0.255899394535026
chirp_9db,validation,mixed_damage,14599,dictionary_8,2.8359837823388228,1.7353599693555435,1.685472360559861,0.7314717149077086,1.0021404298843044,-0.4116465747796391,0.5438995476843953
chirp_9db,validation,mixed_damage,14599,dictionary_24,1.8748433996404485,1.1472308850311275,1.21099299501248,0.5598652637444589,0.7166229167242587,0.1455624419530112,0.7854867625349315
chirp_9db,validation,mixed_damage,14599,dictionary_48,1.7297417111432352,1.0584420621640585,1.1208220990349844,0.39107029069526017,0.5747850669617653,0.17772532092790547,0.8676222773023995
chirp_9db,validation,severe_4x,12000,zero_fill,2.023632315073464,1.0,1.201601755493432,1.201988244390654,1.2690233410336047,,0.2606102533932049
chirp_9db,validation,severe_4x,12000,linear,2.0238191762656585,1.0000923394980417,1.2017344035765265,1.201988244390654,1.2690419652492906,0.02575451523414776,0.26079304242124024
chirp_9db,validation,severe_4x,12000,pchip,2.022528728087485,0.9994546504432852,1.2025229649249927,1.201988244390654,1.2689133774301509,0.038289665904683724,0.26104604173670914
chirp_9db,validation,severe_4x,12000,autoregression,2.027603096544822,1.0019622050121362,1.2056621805324077,1.201988244390654,1.2694194148290305,-0.016676976102158424,0.25962455802578277
chirp_9db,validation,severe_4x,12000,pca_r32_l01,5.880859479965159,2.9060909119509026,3.418752771024767,1.1502783384049795,1.8444445651088277,-0.3117164572697293,0.2328206914732051
chirp_9db,validation,severe_4x,12000,pca_r64_l01,2.892390620175247,1.4293064004911606,1.765142720223087,0.6918721038244718,0.9857176516514269,-0.10451485677379532,0.6889628908196099
chirp_9db,validation,severe_4x,12000,pca_r96_l01,2.605840710110298,1.2877046342362337,1.5754306677529466,0.5883994616646747,0.8654339483669929,-0.05094433443458592,0.7564760359087893
chirp_9db,validation,severe_4x,12000,pca_r64_l001,7.815701348715439,3.8622141435963906,4.548282686419266,1.0801674274360944,2.2162272649950774,-0.4785593353701599,0.24415587224439966
chirp_9db,validation,severe_4x,12000,pca_r64_l1,2.097684579414929,1.036593734835064,1.203760466442633,0.6768345084463868,0.8393395793745044,0.19353101026728023,0.7801101641214206
chirp_9db,validation,severe_4x,12000,template_1,2.075643423694977,1.025701857118063,1.522997879746969,1.1587763868175271,1.236166866315397,0.3314668480083722,0.44725125050272163
chirp_9db,validation,severe_4x,12000,dictionary_8,1.0728216993083286,0.5301465544492365,0.8015833701043497,1.0544107956510507,1.0555708848855507,0.8481074984510566,0.6154937408723575
chirp_9db,validation,severe_4x,12000,dictionary_24,1.6525327964370478,0.8166171216617758,1.0799249222881673,0.878731046465828,0.9458259757892828,0.5901482343496008,0.6985366684528633
chirp_9db,validation,severe_4x,12000,dictionary_48,2.2344453242291813,1.1041755498691295,1.408842348554717,0.7903230883534375,0.9474275917826578,0.17168615565668216,0.7047550044492716
chirp_9db,validation,severe_4x,12236,zero_fill,1.6868476182758305,1.0,1.333903941171151,1.0030867850165355,1.0588378464561092,,0.4069572287914905
chirp_9db,validation,severe_4x,12236,linear,1.6988835306694092,1.0071351509544655,1.3421272864491098,1.0030867850165355,1.0600398496313093,-0.04015702179096372,0.40172695819154075
chirp_9db,validation,severe_4x,12236,pchip,1.6967804802451867,1.005888416868092,1.344552232079489,1.0030867850165355,1.0598293044242793,-0.04804624631792254,0.40285162493407406
chirp_9db,validation,severe_4x,12236,autoregression,1.6779921257287798,0.9947502711856675,1.308732407284086,1.0030867850165355,1.0579580582462238,0.10589940552563422,0.4068460490034659
chirp_9db,validation,severe_4x,12236,pca_r32_l01,3.999239765649991,2.370836418370567,2.858999203706994,0.9271751925985054,1.3437058427560358,0.21863603137330057,0.45531514662415806
chirp_9db,validation,severe_4x,12236,pca_r64_l01,2.4551557789132454,1.4554698078909594,1.974447849365852,0.9239310730013915,1.0849112669244443,0.14172824303408937,0.5274148540302375
chirp_9db,validation,severe_4x,12236,pca_r96_l01,1.990232610484887,1.1798532297298756,1.5412124365643698,0.7524661155449778,0.8822593393345188,0.1656253961576315,0.6494493481904434
chirp_9db,validation,severe_4x,12236,pca_r64_l001,6.740797469840985,3.9960915241003954,4.943879687990018,1.7532585371398026,2.392005996546344,0.014347136432535624,0.2135598274657689
chirp_9db,validation,severe_4x,12236,pca_r64_l1,1.6213883783936105,0.9611943371926341,1.2746417715217677,0.7637747040241042,0.8433259027207572,0.35103802914177573,0.6828938468635666
chirp_9db,validation,severe_4x,12236,template_1,2.0251775122439195,1.2005693284340078,1.5722531658096133,1.000971295571313,1.0934605895522755,-0.2847084335400687,0.3205752161171651
chirp_9db,validation,severe_4x,12236,dictionary_8,2.2936399271258145,1.3597196938690892,1.8066712909794642,0.9113758370940449,1.0523744836644648,0.09551743289522514,0.4294001657347903
chirp_9db,validation,severe_4x,12236,dictionary_24,3.0022180069765967,1.7797802092196326,2.3628072772299773,0.9006955896958077,1.1506004177405789,0.10366757505809182,0.3945174949929322
chirp_9db,validation,severe_4x,12236,dictionary_48,2.5903786360274146,1.5356328621284157,2.0493493914456367,0.8821080870144482,1.0718495007355158,-0.010561900540911115,0.4431465610996537
chirp_9db,validation,severe_4x,12472,zero_fill,2.913983402333172,1.0,1.4543456532158245,0.40907864208938693,0.8292119489415334,,0.11373211605099827
chirp_9db,validation,severe_4x,12472,linear,2.9144751012875703,1.0001687377333737,1.447982039043284,0.40907864208938693,0.8293199453177978,0.024746846025764966,0.11736586289670314
chirp_9db,validation,severe_4x,12472,pchip,2.9182619312416476,1.0014682749754338,1.449127413786033,0.40907864208938693,0.8301518208488915,0.013306753542905902,0.11440386836328217
chirp_9db,validation,severe_4x,12472,autoregression,2.9303358693591672,1.0056117227753947,1.5360112289399463,0.40907864208938693,0.8328058123918505,0.049752567132538346,0.11703437491008879
chirp_9db,validation,severe_4x,12472,pca_r32_l01,2.229576253061434,0.7651300454478408,1.128784321106225,0.15395598137002753,0.576982827474613,0.6477670504881972,0.7222343293012826
chirp_9db,validation,severe_4x,12472,pca_r64_l01,2.2889342152019263,0.7855000867092171,1.154382652057282,0.1289708348519933,0.5857005412942671,0.660966253096826,0.7236696370244915
chirp_9db,validation,severe_4x,12472,pca_r96_l01,2.1588201928234327,0.7408484863348589,1.0939654001082975,0.11064484420970964,0.5502351115770346,0.7251455281767015,0.7690596812709415
chirp_9db,validation,severe_4x,12472,pca_r64_l001,3.421599611389993,1.1742001030789613,2.036716315419807,0.17472033656700883,0.8719680269659935,0.09374221176794226,0.33609388790657296
chirp_9db,validation,severe_4x,12472,pca_r64_l1,2.528271972749762,0.8676343079804166,1.2016326214072952,0.14887982896367233,0.6482976370982968,0.5574912183532358,0.6443611609548162
chirp_9db,validation,severe_4x,12472,template_1,3.1228028567481663,1.0716611680930634,1.4195900539314157,0.1708226914933519,0.7980289609817586,0.38820004293926236,0.5215897693334013
chirp_9db,validation,severe_4x,12472,dictionary_8,2.4330255047721248,0.8349483057535766,1.1552461921423927,0.09236173979640312,0.6147953659320784,0.5606806295981273,0.6777435941054
chirp_9db,validation,severe_4x,12472,dictionary_24,2.3065219818162292,0.791535730769585,1.0894139249455947,0.08877731446715083,0.5830021883568199,0.6111148372684195,0.7138237606234823
chirp_9db,validation,severe_4x,12472,dictionary_48,2.4008380972229153,0.8239024612496451,1.1283109665827484,0.0823422846841561,0.6054815927622226,0.573854515993619,0.6885745195208604
chirp_9db,validation,severe_4x,12708,zero_fill,6.293631070040843,1.0,3.121201442587394,0.49399309556294346,1.6445027691285088,,0.10227777360619213
chirp_9db,validation,severe_4x,12708,linear,6.31248531339681,1.0029957655836736,3.1500187747698316,0.49399309556294346,1.6490131235986327,-0.004382381505082091,0.08473409932251363
chirp_9db,validation,severe_4x,12708,pchip,6.307392943823037,1.0021866349693904,3.1512138770234976,0.49399309556294346,1.6477948033801593,-0.002256720508400064,0.0889344394593352
chirp_9db,validation,severe_4x,12708,autoregression,6.419279939295656,1.0199644478452083,3.3647367885201684,0.49399309556294346,1.6745818996095998,0.043819321249621644,0.0816572326322349
chirp_9db,validation,severe_4x,12708,pca_r32_l01,3.3546547155645725,0.5330237311706296,1.5313583521181648,0.23595107421767414,0.8692238600479575,0.9043739516285789,0.8920789220211357
chirp_9db,validation,severe_4x,12708,pca_r64_l01,3.759626305946994,0.5973699862776665,1.9468907785723688,0.22697127043515739,0.9652567444860486,0.8801173734342774,0.8634903786919385
chirp_9db,validation,severe_4x,12708,pca_r96_l01,4.080074236177906,0.6482862104199298,2.044152771579726,0.2193480189871447,1.0418945806266373,0.8610327161780335,0.8366043835939609
chirp_9db,validation,severe_4x,12708,pca_r64_l001,3.454157367544337,0.548833785950202,2.2395638897346446,0.3684761581673729,0.9343387804628077,0.843962463925986,0.8373703081763548
chirp_9db,validation,severe_4x,12708,pca_r64_l1,5.118043576965303,0.8132099768809755,2.4771497314381614,0.25496882750034267,1.3031094207862326,0.7812450539105441,0.7241386146986676
chirp_9db,validation,severe_4x,12708,template_1,2.1408576280445706,0.3401625554817717,1.1024949397250445,0.21683311477239062,0.5749195801634497,0.9482978314267255,0.944247420249148
chirp_9db,validation,severe_4x,12708,dictionary_8,3.7176483186413867,0.5907000707966921,1.7202006909790244,0.2370148064462562,0.9573253528130624,0.9374106775242802,0.904056022627692
chirp_9db,validation,severe_4x,12708,dictionary_24,4.7123798827151075,0.7487537528450212,2.163591619517682,0.2305168985045069,1.1990515722452295,0.729342440474514,0.7289131527099323
chirp_9db,validation,severe_4x,12708,dictionary_48,3.802950961301146,0.6042538749060272,1.7000878782292062,0.2023178206231718,0.9707092613840073,0.8513993932444384,0.8488096275336606
chirp_9db,validation,severe_4x,12945,zero_fill,1.9720718805287134,1.0,1.4861532870499035,1.169890784813355,1.2353828917546217,,0.3040562065347208
chirp_9db,validation,severe_4x,12945,linear,1.99839360899963,1.0133472459755675,1.507156704320486,1.169890784813355,1.2380237210560296,0.007005574414712897,0.2961822920861106
chirp_9db,validation,severe_4x,12945,pchip,1.9997334649436758,1.0140266613443858,1.5088301820413923,1.169890784813355,1.2381589320611208,0.00372946627630662,0.2956720384080903
chirp_9db,validation,severe_4x,12945,autoregression,1.9438867885195859,0.9857078779493722,1.4545723607053396,1.169890784813355,1.2325877902924682,0.21576554299892306,0.31156892527237035
chirp_9db,validation,severe_4x,12945,pca_r32_l01,3.9746978298270292,2.0154933849375767,2.777094819270161,0.9781601452752013,1.3727295319340893,-0.41704106040317873,0.5008510006218673
chirp_9db,validation,severe_4x,12945,pca_r64_l01,2.7930984882859615,1.4163269178287408,1.9487680122378221,0.5849436586650805,0.8990893108603241,-0.24695988854786563,0.738220772869763
chirp_9db,validation,severe_4x,12945,pca_r96_l01,2.256977271732744,1.1444700844918732,1.6477849944806997,0.5878582805424872,0.8014676683729094,0.007877903479698311,0.7880748838072553
chirp_9db,validation,severe_4x,12945,pca_r64_l001,6.158510836308476,3.122863267365983,3.898785035118042,0.7613232669818343,1.706997592149139,-0.4495458968842392,0.4289974033010388
chirp_9db,validation,severe_4x,12945,pca_r64_l1,2.0457363481902213,1.0373538451558664,1.5240753351480003,0.6222441757051187,0.7902869106885645,0.08506494653590614,0.8023661355129587
chirp_9db,validation,severe_4x,12945,template_1,2.2715443236223356,1.1518567583922619,1.6838169170226376,1.1012047167180226,1.2080379504596275,0.19782679535976883,0.40454425905855723
chirp_9db,validation,severe_4x,12945,dictionary_8,2.5448237437623518,1.2904315349195503,1.9470212119072108,0.856359112672734,1.0451193662293172,-0.18759635675193775,0.6027232333052425
chirp_9db,validation,severe_4x,12945,dictionary_24,2.157067607558407,1.0938078012552446,1.623283188509366,0.7957498377037724,0.9404522757250049,0.0569655965727333,0.6891008229080293
chirp_9db,validation,severe_4x,12945,dictionary_48,2.2403277270898707,1.136027418275057,1.624463541689956,0.7074507164871293,0.8848151667382274,0.043146016914586985,0.7328404749434894
chirp_9db,validation,severe_4x,13181,zero_fill,4.6037098509275385,1.0,2.223639134922914,0.7101653779404012,1.3406893598049139,,0.026673801389823393
chirp_9db,validation,severe_4x,13181,linear,4.632399912271285,1.006231943861094,2.240944880430187,0.7101653779404012,1.3468516971902822,0.027414812599282693,0.0341074940634406
chirp_9db,validation,severe_4x,13181,pchip,4.638054075297443,1.0074601192260162,2.230332133622384,0.7101653779404012,1.3480673333925526,0.02571245113806971,0.03351251174538912
chirp_9db,validation,severe_4x,13181,autoregression,4.542690702518512,0.9867456572232213,2.295050432428933,0.7101653779404012,1.3276167975720305,0.16477612620558102,0.11252936056931052
chirp_9db,validation,severe_4x,13181,pca_r32_l01,4.104186169524319,0.8914954031469692,2.1100677035534465,0.3671419401654852,1.0858821925496185,0.47206993374663164,0.5837555177961772
chirp_9db,validation,severe_4x,13181,pca_r64_l01,4.250776759548126,0.9233372426135186,2.0422293419369426,0.33972170683856223,1.1124372350545801,0.3852589088431052,0.551090780554472
chirp_9db,validation,severe_4x,13181,pca_r96_l01,4.466007362419048,0.9700887994753303,2.119338463213034,0.33451644870306824,1.162533348391962,0.2816006299653676,0.4905824552262876
chirp_9db,validation,severe_4x,13181,pca_r64_l001,3.7185089113481786,0.8077200848352741,1.89644839128465,0.39472993190633404,1.0051269916942556,0.5968541868641439,0.658006793331978
chirp_9db,validation,severe_4x,13181,pca_r64_l1,4.487739333339549,0.9748093339191166,2.1443849525633327,0.3884042300276513,1.1832865252273403,0.23086168011054253,0.4631508871322938
chirp_9db,validation,severe_4x,13181,template_1,5.467370064158866,1.1876009221252986,2.3408517452615842,0.4698569526553002,1.4405645325235867,0.05131079624987869,0.2318778495981519
chirp_9db,validation,severe_4x,13181,dictionary_8,4.7122404711413415,1.0235746004262056,2.089665071490969,0.47565866608439084,1.2648858090056019,0.15103088613346777,0.34493125687539916
chirp_9db,validation,severe_4x,13181,dictionary_24,4.381583073699686,0.9517504828886862,1.947018080935249,0.4763006382165755,1.18851810832898,0.32498478717837725,0.45423931494068803
chirp_9db,validation,severe_4x,13181,dictionary_48,4.272686398240881,0.9280963693617738,1.9522963279707668,0.46910252332698144,1.1607300159433274,0.3743740988238512,0.4914520435235237
chirp_9db,validation,severe_4x,13417,zero_fill,2.693550015571143,1.0,1.5634460369379886,0.3955365467619053,0.7746752982600315,,0.08296954640118533
chirp_9db,validation,severe_4x,13417,linear,2.72660824471087,1.0122731075898426,1.567038816546022,0.3955365467619053,0.7818699507227164,0.013671895292243318,0.0698489625006598
chirp_9db,validation,severe_4x,13417,pchip,2.7329528299811248,1.0146285809367555,1.565274496852485,0.3955365467619053,0.7832531745972544,0.007523582912855512,0.06628169564129074
chirp_9db,validation,severe_4x,13417,autoregression,2.6508877065236054,0.9841613080132497,1.5372300762739983,0.3955365467619053,0.7654223927823681,0.2103479982721939,0.14937902885988744
chirp_9db,validation,severe_4x,13417,pca_r32_l01,3.211376374138685,1.192246795334796,1.6406227053752171,0.12411156852309727,0.8117878970979381,0.11939675280263604,0.3423552749572837
chirp_9db,validation,severe_4x,13417,pca_r64_l01,3.097879459813966,1.1501102418389986,1.620464427925635,0.1292951936765103,0.7845227790731671,0.16407528220339568,0.3789342519702701
chirp_9db,validation,severe_4x,13417,pca_r96_l01,2.944612548685242,1.0932087882767096,1.5086551972406714,0.11159524084107403,0.7440407216909508,0.20023471453015254,0.4225682315337621
chirp_9db,validation,severe_4x,13417,pca_r64_l001,3.9148485836491367,1.4534159607275858,2.3091036471878432,0.23119164077572438,1.0039852792237614,0.06916682458005699,0.24174431544089048
chirp_9db,validation,severe_4x,13417,pca_r64_l1,2.701002813307664,1.0027669052712727,1.365630485907845,0.14508434370949783,0.6897081900766144,0.20528987145124888,0.4624394777426719
chirp_9db,validation,severe_4x,13417,template_1,4.188204374286723,1.5549012827217363,2.0410567901116097,0.10427258938581684,1.0519074185216108,-0.21036331169845784,0.06684089801707264
chirp_9db,validation,severe_4x,13417,dictionary_8,2.7583887859318668,1.024071864263109,1.4332775115699927,0.10725820596950218,0.6973733547915537,0.3290664545418706,0.5085565504199202
chirp_9db,validation,severe_4x,13417,dictionary_24,2.8964370212726793,1.075323273942814,1.5123093859590109,0.09732305617379886,0.7302150401227743,0.30649423020072264,0.48366505714378333
chirp_9db,validation,severe_4x,13417,dictionary_48,2.818317166519294,1.0463207106706334,1.4449284446705075,0.08619713806969186,0.7095051466633464,0.31691106842419764,0.5008356869962234
chirp_9db,validation,severe_4x,13653,zero_fill,3.7171793533693416,1.0,2.7666052283630327,1.1035581957749807,1.4160912911304324,,0.35719425576986336
chirp_9db,validation,severe_4x,13653,linear,3.7273573606425647,1.002738099592638,2.7712283486484837,1.1035581957749807,1.4177623933920547,-0.022737466995601984,0.35196948866477296
chirp_9db,validation,severe_4x,13653,pchip,3.725117120863953,1.0021354276293977,2.767926522966938,1.1035581957749807,1.41739435091486,-0.026343315463795456,0.35320647428188995
chirp_9db,validation,severe_4x,13653,autoregression,3.7702870634197936,1.0142870991689745,2.808463069420987,1.1035581957749807,1.4248393530614825,-0.3041364829414227,0.3340655750478375
chirp_9db,validation,severe_4x,13653,pca_r32_l01,5.775378011461013,1.5536990450100479,4.317671175661115,0.862457168109161,1.6679417832618304,-0.26393945789123247,0.37984715152405524
chirp_9db,validation,severe_4x,13653,pca_r64_l01,4.4517782083946145,1.1976226555652782,3.3925225392394847,0.678154550299419,1.2922057964995906,-0.27565602503985454,0.5703304424501386
chirp_9db,validation,severe_4x,13653,pca_r96_l01,4.24536013433708,1.1420918203715358,3.1934494726821883,0.6239063752065606,1.2212178896896682,-0.23528030025871027,0.6102155597416767
chirp_9db,validation,severe_4x,13653,pca_r64_l001,6.698293576985713,1.801982885467772,4.723457101508202,1.068081427484824,1.968170246059115,-0.30598803420768966,0.3108279308430521
chirp_9db,validation,severe_4x,13653,pca_r64_l1,4.0735304262564735,1.0958659884312891,3.0857415036033307,0.5838901276107142,1.1647844583456226,-0.24449728747518076,0.6341380144820877
chirp_9db,validation,severe_4x,13653,template_1,3.749884227570748,1.0087983040613204,2.7813505847080524,1.0292486607839118,1.3682087698443997,0.039790103710684824,0.4240059027829374
chirp_9db,validation,severe_4x,13653,dictionary_8,3.759718256500113,1.0114438661917706,2.77341327707905,0.7472702009947514,1.1861616844806955,0.06228933096655549,0.6154657692781617
chirp_9db,validation,severe_4x,13653,dictionary_24,4.064254580282498,1.0933705893417702,3.024157255871625,0.507005432729708,1.128438714707428,-0.22889015961169892,0.6635346099497745
chirp_9db,validation,severe_4x,13653,dictionary_48,4.01937423250447,1.081296824932919,3.0540378439498896,0.5368051422319026,1.131309131930241,-0.10278763577685676,0.6620951289332753
chirp_9db,validation,severe_4x,13890,zero_fill,1.1624763388742883,1.0,0.7036016327967822,1.4429025708803398,1.4269913426997154,,0.4781025724242869
chirp_9db,validation,severe_4x,13890,linear,1.2099002227418287,1.0407955691497899,0.738440027754001,1.4429025708803398,1.4294530419182006,0.020183869472710746,0.4713911049190007
chirp_9db,validation,severe_4x,13890,pchip,1.1990341348980662,1.0314482065580617,0.7335623467265917,1.4429025708803398,1.4288806872086794,0.020478177882702796,0.4729722386676919
chirp_9db,validation,severe_4x,13890,autoregression,1.0844757272832204,0.9329013340034072,0.6333322752260174,1.4429025708803398,1.423148029872132,0.3702653565682659,0.4826595435709092
chirp_9db,validation,severe_4x,13890,pca_r32_l01,8.088449004065996,6.957947214563213,5.540689200964167,1.1307600818144208,2.299487479998947,0.23477199141453814,0.5147171571946999
chirp_9db,validation,severe_4x,13890,pca_r64_l01,2.5657191141959586,2.2071151286232062,1.8092906323081386,0.6703565603473832,0.9125371000321753,0.19094974476303647,0.84913641225941
chirp_9db,validation,severe_4x,13890,pca_r96_l01,1.6537675992359862,1.4226247399043421,1.2450441355226003,0.5555331601525765,0.6784266565333067,0.3916503948758844,0.9066067083872643
chirp_9db,validation,severe_4x,13890,pca_r64_l001,6.2283905681985186,5.357864379613893,4.349139417640563,0.9804459721045359,1.8236632712973695,-0.12099813933708324,0.6506209486327861
chirp_9db,validation,severe_4x,13890,pca_r64_l1,1.2298918183760634,1.0579929906935213,0.9251496175774314,0.7460067831224784,0.7850368499264704,0.42616492399795436,0.8873103569702601
chirp_9db,validation,severe_4x,13890,template_1,1.783168448039438,1.5339395636785278,0.9880351671722922,1.3212611002711736,1.3547521254003962,0.21462689601197762,0.5436429244313387
chirp_9db,validation,severe_4x,13890,dictionary_8,2.818655508109775,2.424699250945002,1.439215441841433,0.9648976664176642,1.170209155270741,-0.23025733531023887,0.7036875236014329
chirp_9db,validation,severe_4x,13890,dictionary_24,3.135645692158182,2.697384529301181,1.866621932680824,0.8479189206710295,1.1351423739786184,-0.21641871367567758,0.7431330782942718
chirp_9db,validation,severe_4x,13890,dictionary_48,2.688472919387825,2.3127119490374075,1.6723079273242532,0.7734643503607305,1.0062800665528553,-0.3477405192107312,0.7974719384906607
chirp_9db,validation,severe_4x,14126,zero_fill,4.042064250788033,1.0,2.2065273068025086,0.35295665576612256,1.0667403450536446,,0.06581833753578765
chirp_9db,validation,severe_4x,14126,linear,4.0425067994812975,1.0001094858136355,2.2129452358008965,0.35295665576612256,1.066845151503857,0.0006410362059951988,0.06513663665326859
chirp_9db,validation,severe_4x,14126,pchip,4.0424188293930445,1.0000877221595235,2.2114992300321235,0.35295665576612256,1.0668243179225758,-0.0009090791998020704,0.06525435131244127
chirp_9db,validation,severe_4x,14126,autoregression,4.038605105598329,0.9991442132101117,2.2058479838900693,0.35295665576612256,1.0659211747271984,0.045610364686474975,0.07271613050327785
chirp_9db,validation,severe_4x,14126,pca_r32_l01,4.0182803678141115,0.9941159067500511,2.115822639219335,0.10249348981482763,1.0094599684415624,0.2302763238071685,0.36057097948086014
chirp_9db,validation,severe_4x,14126,pca_r64_l01,3.8846363775672725,0.9610526049431133,2.0191070515782608,0.10015288373024933,0.9759885625518125,0.2843877550153592,0.40728091489851975
chirp_9db,validation,severe_4x,14126,pca_r96_l01,3.9365478588548277,0.9738954194227284,2.039524218996853,0.09071775037223548,0.9880490466869394,0.24180910538604825,0.3820067146423662
chirp_9db,validation,severe_4x,14126,pca_r64_l001,3.424460312681057,0.8472058087679905,1.8599120073776656,0.15263795881931713,0.8687780078296596,0.5331357829587141,0.5801237427839016
chirp_9db,validation,severe_4x,14126,pca_r64_l1,4.042661987567339,1.0001478790890543,2.081720540007077,0.10068976242811704,1.015356845202383,0.12781525433488838,0.31622019836477655
chirp_9db,validation,severe_4x,14126,template_1,3.2735858099133583,0.809879706705589,1.5704096017048905,0.10697728223663108,0.8249252291339476,0.6448850153152706,0.6780386362434692
chirp_9db,validation,severe_4x,14126,dictionary_8,3.592158990123421,0.8886941837758023,1.797869543669334,0.07100403794023931,0.900667454286743,0.4904416087660617,0.5553274802000504
chirp_9db,validation,severe_4x,14126,dictionary_24,3.6299202266456625,0.8980362511402387,1.814510574541613,0.07659688610097182,0.9105055977387226,0.4402664073472175,0.5210639096210308
chirp_9db,validation,severe_4x,14126,dictionary_48,3.723055339566092,0.9210777237992327,1.8438479917133188,0.08070208429461179,0.9340380565591938,0.39723575000545747,0.4868825385064309
chirp_9db,validation,severe_4x,14362,zero_fill,2.1948439847266057,1.0,1.2552334594974093,1.0265175700903417,1.1353252546862194,,0.4311548226664349
chirp_9db,validation,severe_4x,14362,linear,2.1898455632667595,0.99772265295637,1.2468851237897867,1.0265175700903417,1.1347218386162368,0.07500752828246117,0.42917031110613946
chirp_9db,validation,severe_4x,14362,pchip,2.191911530289513,0.9986639349049413,1.249551070356913,1.0265175700903417,1.1349711169832364,0.07251091646331,0.42781428979455377
chirp_9db,validation,severe_4x,14362,autoregression,2.1963947814326055,1.0007065635265155,1.262223060592272,1.0265175700903417,1.1355126832588407,0.03471826649586116,0.428986296658407
chirp_9db,validation,severe_4x,14362,pca_r32_l01,2.9216371979192726,1.331136617568377,1.7631316577057023,0.608350650049954,0.938327022468333,-0.02369243902216869,0.7183166592728742
chirp_9db,validation,severe_4x,14362,pca_r64_l01,2.4139865070180986,1.0998442366821757,1.478760128874987,0.4267328451650903,0.73138757992966,0.013849686069474761,0.8136289642422867
chirp_9db,validation,severe_4x,14362,pca_r96_l01,2.449335313616396,1.115949621321941,1.4379946476858274,0.4068238627501929,0.728089465144615,0.023515817767112965,0.8139790117082435
chirp_9db,validation,severe_4x,14362,pca_r64_l001,4.722772787526112,2.1517578563172406,3.0482416699600057,0.5388492345787399,1.2908321024316196,-0.1348844082009,0.5818379695574661
chirp_9db,validation,severe_4x,14362,pca_r64_l1,2.475633400343182,1.1279313780708435,1.3902175817001148,0.4188074449277129,0.7399221188661486,-0.019423402582093185,0.8020095458523948
chirp_9db,validation,severe_4x,14362,template_1,3.175769095140937,1.4469224770600346,1.7249582869672206,0.7533678370808462,1.0781626678889409,0.14180511452221645,0.5585703688982575
chirp_9db,validation,severe_4x,14362,dictionary_8,1.9871455237346731,0.9053698292738543,1.2856867167684922,0.5508892492382036,0.7289089366302994,0.47396031234134234,0.8101897081329437
chirp_9db,validation,severe_4x,14362,dictionary_24,1.8390014040289064,0.837873405502203,1.1729947268287928,0.46685529889862065,0.6447496711741162,0.5532717757055539,0.8541369812954663
chirp_9db,validation,severe_4x,14362,dictionary_48,1.8981768150709424,0.8648345068168402,1.2441038289362722,0.4671200613021615,0.6555576107567175,0.5280345168435512,0.8494828618573222
chirp_9db,validation,severe_4x,14599,zero_fill,1.6342337223509975,1.0,0.9286910591693949,1.0568897671034854,1.1018722576934137,,0.3030958529911105
chirp_9db,validation,severe_4x,14599,linear,1.6321679833969873,0.9987359586785185,0.9340219488131769,1.0568897671034854,1.1016808755019272,0.0503778029233775,0.30362704397100526
chirp_9db,validation,severe_4x,14599,pchip,1.6335662169292475,0.999591548373638,0.932862772393932,1.0568897671034854,1.1018103932339445,0.024851990778434807,0.303190818649917
chirp_9db,validation,severe_4x,14599,autoregression,1.666549033680827,1.0197739839093156,0.9546936876720961,1.0568897671034854,1.1048932465057255,-0.1605550937157607,0.29381294079876985
chirp_9db,validation,severe_4x,14599,pca_r32_l01,1.6704892911977165,1.0221850573457523,1.1419663551390657,0.7741718178047775,0.8580743165751129,0.6764311458165649,0.7251254843825351
chirp_9db,validation,severe_4x,14599,pca_r64_l01,1.2401288107127078,0.7588442177834067,0.888658651989062,0.57461654818457,0.6369204291389629,0.6557587703904895,0.8408490021397281
chirp_9db,validation,severe_4x,14599,pca_r96_l01,1.4266842467669654,0.8729989029442784,0.9165843577612955,0.49944461570714466,0.600890058702291,0.5130760498563111,0.855048879099505
chirp_9db,validation,severe_4x,14599,pca_r64_l001,2.7996102597321153,1.7131027352101234,1.919165649312989,1.0032368686570254,1.1972646121965016,0.5566368923538769,0.6739094521363386
chirp_9db,validation,severe_4x,14599,pca_r64_l1,1.3772905950469838,0.8427745531193805,0.8254949058102969,0.5337413645412185,0.6209935107621748,0.5456805587417058,0.8537923840435488
chirp_9db,validation,severe_4x,14599,template_1,3.118766924848429,1.908397117373023,1.5673146020801838,0.964972065639204,1.2169190976470152,-0.6700792079850818,0.25589939453502614
chirp_9db,validation,severe_4x,14599,dictionary_8,2.108747312995808,1.2903584622903135,1.4166800435654388,0.8438645366610404,0.9723819200029934,-0.1874928350955654,0.5651831860954923
chirp_9db,validation,severe_4x,14599,dictionary_24,2.3266404856902834,1.423688945999226,1.536097243665595,0.7380023449455947,0.9213769541707354,-0.3913675070822276,0.6343139575294335
chirp_9db,validation,severe_4x,14599,dictionary_48,2.3994072573465566,1.468215485049951,1.6274604819004064,0.7253320638881888,0.9236055106947655,-0.23550017821137523,0.6424676847988138
