source,split,profile,row,method,gap_rmse,gap_nrmse,gap_mae,visible_rmse,whole_rmse,gap_correlation,whole_correlation,selected_on_validation
v3,validation,short_gaps,12000,zero_fill,0.634719113099549,1.0,0.43342487479230823,0.0,0.11220354725535056,,0.9955996149179046,
v3,validation,short_gaps,12000,linear,0.6463733190260926,1.0183612021223565,0.464635927553794,0.0,0.11426373926535144,0.12227508716156472,0.9954359243373818,
v3,validation,short_gaps,12000,pchip,0.6581498469074732,1.0369151224917492,0.49012334593131335,0.0,0.1163455549462906,0.09972232909055541,0.9952703951197533,
v3,validation,short_gaps,12000,autoregression,2.073584373034934,3.2669323016112077,1.0500139122233862,0.0,0.36656139288386436,0.3057259160243834,0.9562147433143868,
v3,validation,short_gaps,12000,pca_r32_l01,3.1020058974587665,4.887210473796225,2.2125199612807647,0.0,0.548362351343439,-0.07028845122631074,0.907348355734784,
v3,validation,short_gaps,12000,pca_r64_l01,1.8756897147309468,2.9551492558201327,1.3497457286665882,0.0,0.33157822917202834,0.39804400393737527,0.9638859650017104,
v3,validation,short_gaps,12000,pca_r96_l01,1.2694593170211663,2.0000332285914086,0.9360337169749136,0.0,0.22441082287652747,0.48575270824354466,0.9829126113408564,
v3,validation,short_gaps,12000,pca_r64_l001,2.055131988003942,3.237860567910165,1.4834322109708422,0.0,0.3632994412377445,0.4031541484946985,0.957204986304873,
v3,validation,short_gaps,12000,pca_r64_l1,1.2269186960460354,1.9330104777443597,0.9248049930711314,0.0,0.21689063248467705,0.3587011681104075,0.9839114983168754,
v3,validation,short_gaps,12000,template_1,0.5648476860376228,0.8899175625565767,0.3577748639778233,0.0,0.09985190728368325,0.4489727660696337,0.9965151093548796,
v3,validation,short_gaps,12000,dictionary_8,1.0831666820927643,1.7065291713105875,0.8865476509579198,0.0,0.19147862651578174,0.057050593870204,0.987280756935062,
v3,validation,short_gaps,12000,dictionary_24,1.094042377073234,1.7236638293916398,0.8964817582637924,0.0,0.19340119593348337,-0.04435089230302401,0.9870070326661166,
v3,validation,short_gaps,12000,dictionary_48,1.1612027677050916,1.8294750287801231,0.9519350445727957,0.0,0.2052735878442144,-0.1599624673132826,0.9853665364618949,
v3,validation,short_gaps,12000,local_pca_8,0.8620204711620081,1.3581133029892063,0.6264116162841589,0.0,0.15238513017006966,-0.0481403388046131,0.9918907636421594,
v3,validation,short_gaps,12000,local_pca_16,0.8954540301337153,1.4107878771145068,0.6922758709112381,0.0,0.1582954042370933,0.36611781308679603,0.991308282468624,
v3,validation,short_gaps,12000,local_pca_32,1.609075028801573,2.535097802465587,1.1516229456090556,0.0,0.2844469660758829,0.10245709652590027,0.9725900844497589,
v3,validation,short_gaps,12000,local_dictionary_8,0.9260778879749986,1.4590357669436576,0.7083004193353446,0.0,0.16370898862350933,-0.09027763578540214,0.9906479430980609,
v3,validation,short_gaps,12000,local_dictionary_24,0.9506775269405542,1.4977924995799685,0.7321317366560409,0.0,0.16805763150533065,0.08869363589151745,0.9901692962720402,
v3,validation,short_gaps,12113,zero_fill,2.1026089705702504,1.0,1.5006990831653635,0.0,0.3716922653184725,,0.953130670138119,
v3,validation,short_gaps,12113,linear,2.379967164308232,1.1319114479297399,1.8264746920560733,0.0,0.4207227302209173,-0.018669944722285284,0.9402160577170675,
v3,validation,short_gaps,12113,pchip,2.4324354831089874,1.1568653597293863,1.7495568520606137,0.0,0.42999790622628514,-0.015629050999347603,0.9375577849052895,
v3,validation,short_gaps,12113,autoregression,2.088325882060836,0.9932069687187054,1.5994124050587177,0.0,0.36916734813314883,0.4907615340333672,0.9547332180017106,
v3,validation,short_gaps,12113,pca_r32_l01,2.15201115305424,1.0234956585724977,1.6244927188168137,0.0,0.3804254198784336,0.24321023630683844,0.9510077589698499,
v3,validation,short_gaps,12113,pca_r64_l01,1.4127750476749175,0.6719152574012645,1.0628958010477922,0.0,0.2497457041255205,0.7943813257401928,0.9795285418245371,
v3,validation,short_gaps,12113,pca_r96_l01,3.797970929325486,1.80631348124394,2.7937156240461904,0.0,0.6713927497188563,0.5071375512450153,0.8787150674559701,
v3,validation,short_gaps,12113,pca_r64_l001,1.5776558502276685,0.7503325022910898,1.1783157645627447,0.0,0.27889278751865315,0.7719742130488536,0.9748006940752518,
v3,validation,short_gaps,12113,pca_r64_l1,1.1834954161916333,0.5628699547832028,0.9455954520264631,0.0,0.20921440857307483,0.8347815492313677,0.9854241105631845,
v3,validation,short_gaps,12113,template_1,2.154502335975869,1.0246804641908973,1.553102618141105,0.0,0.38086580296269856,-0.09143649644531107,0.9507286674402626,
v3,validation,short_gaps,12113,dictionary_8,2.1569980975510106,1.025867447415108,1.5623845828710334,0.0,0.38130699544620034,-0.09111819995364083,0.9506127969018374,
v3,validation,short_gaps,12113,dictionary_24,2.151000338160094,1.0230149154061297,1.5530325584270401,0.0,0.38024673136188986,-0.052078334946227274,0.9508944354571206,
v3,validation,short_gaps,12113,dictionary_48,2.174660478548758,1.0342676688756667,1.5907746190471221,0.0,0.3844292927900524,-0.09853069386908353,0.9497854746498061,
v3,validation,short_gaps,12113,local_pca_8,2.620944796503182,1.2465203150885222,1.86745226637531,0.0,0.46332195968074896,-0.22617453135089263,0.9270432312022268,
v3,validation,short_gaps,12113,local_pca_16,1.774114956676824,0.843768376102602,1.3021099069334905,0.0,0.313622179117665,0.5481184768025049,0.966874553827727,
v3,validation,short_gaps,12113,local_pca_32,1.5043028803831695,0.7154458586634804,1.082742630248605,0.0,0.26592569191934873,0.7297878186777252,0.9764662363571405,
v3,validation,short_gaps,12113,local_dictionary_8,2.059902212621823,0.9796886827050657,1.440988014714277,0.0,0.36414270578151614,0.1967805730576785,0.9550563653146326,
v3,validation,short_gaps,12113,local_dictionary_24,2.3690551198587895,1.1267216838784226,1.6167986187932435,0.0,0.41879373506421474,-0.3294217401485907,0.9402480627548645,
v3,validation,short_gaps,12226,zero_fill,2.7335619577193895,1.0,1.8500968047792417,0.0,0.4832300492742387,,0.9313232252023336,
v3,validation,short_gaps,12226,linear,3.159114316963757,1.1556768662377077,2.1716476245572838,0.0,0.5584577890171453,-0.05928769945745643,0.908158058671374,
v3,validation,short_gaps,12226,pchip,3.060569873054145,1.1196270362233085,2.1255966451184314,0.0,0.5410374278829593,-0.0748982584458356,0.9136525512304111,
v3,validation,short_gaps,12226,autoregression,2.8892765077474647,1.0569639731736638,2.187036641924869,0.0,0.5107567528378046,0.5954001106869078,0.9297436212954996,
v3,validation,short_gaps,12226,pca_r32_l01,4.506755843119105,1.6486752130831859,2.8049724581861484,0.0,0.7966894044554039,-0.01082077330992867,0.8284689233994814,
v3,validation,short_gaps,12226,pca_r64_l01,4.279986173900911,1.5657176387806124,3.298950194040139,0.0,0.7566018117375,0.0760936204903258,0.8449309014694868,
v3,validation,short_gaps,12226,pca_r96_l01,4.4906803231416275,1.6427944171743603,2.8786204441367462,0.0,0.7938476271586103,-0.45725705558084023,0.8193655722258341,
v3,validation,short_gaps,12226,pca_r64_l001,4.6340729179277425,1.6952507349765538,3.5703826570423556,0.0,0.8191960961949094,0.09817867877201296,0.8253048484041333,
v3,validation,short_gaps,12226,pca_r64_l1,3.440094043477761,1.2584657295815718,2.4538462424119523,0.0,0.6081284565156437,-0.04810757483565567,0.892003911836776,
v3,validation,short_gaps,12226,template_1,2.8079534828974095,1.0272141353767175,1.9755755019658534,0.0,0.4963807372532857,-0.1183885399660008,0.9273978670439164,
v3,validation,short_gaps,12226,dictionary_8,3.0500806424267655,1.1157898337784329,2.0087856217919544,0.0,0.5391831763564469,-0.5433968045989546,0.9139274391678032,
v3,validation,short_gaps,12226,dictionary_24,2.8223650532922964,1.0324862201575982,1.8810538938723091,0.0,0.49892836704172866,-0.05540173472092819,0.9266384430683842,
v3,validation,short_gaps,12226,dictionary_48,2.795690895396339,1.0227281980938832,1.9063077564971163,0.0,0.4942129975590605,-0.0028435356169054606,0.9280627083893378,
v3,validation,short_gaps,12226,local_pca_8,2.687078902657682,0.9829954265604105,1.7855706588437006,0.0,0.47501292841313847,0.18554180012880878,0.9337179335381467,
v3,validation,short_gaps,12226,local_pca_16,2.776460624593439,1.0156933215846478,1.867243769849586,0.0,0.49081353383686444,0.04589534475009061,0.9290840491044504,
v3,validation,short_gaps,12226,local_pca_32,7.086661622221323,2.5924642396376205,4.347193868872246,0.0,1.2527566222617892,-0.5776575714236,0.6253566607896945,
v3,validation,short_gaps,12226,local_dictionary_8,3.2878188398138843,1.2027599486191678,2.275325888980846,0.0,0.5812097492363213,-0.5749141262164716,0.8997682977811207,
v3,validation,short_gaps,12226,local_dictionary_24,3.109790763837167,1.137633173104174,2.088630566142857,0.0,0.5497385342951385,0.10236078756811405,0.9115045605756531,
v3,validation,short_gaps,12339,zero_fill,4.165755624086886,1.0,1.9042528636157248,0.0,0.736408512639459,,0.7776167307446168,
v3,validation,short_gaps,12339,linear,4.037901861337702,0.9693083862121151,2.0290382732948524,0.0,0.7138069469794179,0.26979305412227605,0.7936540247910405,
v3,validation,short_gaps,12339,pchip,4.127050186674124,0.9907086634681682,2.1395597063704166,0.0,0.72956629332362,0.2461277618538025,0.784390555493557,
v3,validation,short_gaps,12339,autoregression,17.156363653831043,4.1184277720543525,10.164271171644398,0.0,3.032845270031586,0.4546664217566215,0.4815406788459724,
v3,validation,short_gaps,12339,pca_r32_l01,1.7431628469088838,0.4184505775686198,1.0554768298121437,0.0,0.30815056744042985,0.9419775082361436,0.9677674632436276,
v3,validation,short_gaps,12339,pca_r64_l01,1.2408717553610418,0.29787435157890113,0.9178010901438631,0.0,0.21935720819966184,0.9669338289108144,0.9837484288677866,
v3,validation,short_gaps,12339,pca_r96_l01,1.3605370417160294,0.32660030123928663,0.8719320690220347,0.0,0.24051124206322227,0.9644692631447674,0.9807718188155613,
v3,validation,short_gaps,12339,pca_r64_l001,1.1773564017146367,0.28262733293979714,0.9015961307302253,0.0,0.2081291738814531,0.9667139233590294,0.9850326252635659,
v3,validation,short_gaps,12339,pca_r64_l1,1.621139597829781,0.3891585930908098,0.9934514717330605,0.0,0.2865797007188677,0.9592429183563564,0.9730139953965979,
v3,validation,short_gaps,12339,template_1,0.8773316623009587,0.2106056479233022,0.5258156930676469,0.0,0.1550917919406685,0.9781479365058416,0.9912907398906922,
v3,validation,short_gaps,12339,dictionary_8,1.6556494948769183,0.397442779721345,0.8869613118871011,0.0,0.2926802462738877,0.9495467545220904,0.9711778613064271,
v3,validation,short_gaps,12339,dictionary_24,1.7356215179766168,0.41664026279915467,0.9297846803609339,0.0,0.3068174362336388,0.9468635948291427,0.9683279846708317,
v3,validation,short_gaps,12339,dictionary_48,1.776499844918978,0.4264532068676924,0.92269601909232,0.0,0.31404377177976484,0.9457149596105862,0.9668210627754699,
v3,validation,short_gaps,12339,local_pca_8,1.6862720390013435,0.40479379761288,0.9352245864321356,0.0,0.29809359842577904,0.9489152873782909,0.9701820938768817,
v3,validation,short_gaps,12339,local_pca_16,1.3457290674160023,0.3230456101732995,0.84543682937775,0.0,0.2378935373024259,0.9628253459131778,0.9809868031981814,
v3,validation,short_gaps,12339,local_pca_32,1.4220598569010523,0.3413690060642386,0.9162799622898218,0.0,0.25138704201697637,0.9595729786229261,0.9787917556729152,
v3,validation,short_gaps,12339,local_dictionary_8,1.303469005445362,0.3129009771741174,0.7427365245669815,0.0,0.23042294320422507,0.9584954662893603,0.9815391525050734,
v3,validation,short_gaps,12339,local_dictionary_24,1.5401556192810986,0.36971818759020303,0.8683129411474043,0.0,0.27226362061905784,0.9509082631745721,0.9748359142792546,
v3,validation,short_gaps,12452,zero_fill,1.0414580441163455,1.0,0.5395613418931244,0.0,0.1841055113289866,,0.9851266519779338,
v3,validation,short_gaps,12452,linear,1.0601163604304775,1.017915571750145,0.7130039916817461,0.0,0.1874038668267982,0.2620972995637848,0.9845954758832489,
v3,validation,short_gaps,12452,pchip,1.195200685619955,1.1476225013308692,0.8711076334207832,0.0,0.2112836274201703,0.1980844369715409,0.98047729034233,
v3,validation,short_gaps,12452,autoregression,2.605019968639188,2.5013201284066042,1.3815577946108815,0.0,0.46050682123778436,0.47832145071292353,0.9202243202577021,
v3,validation,short_gaps,12452,pca_r32_l01,0.5426969827270163,0.5210934667920136,0.3745757314228285,0.0,0.09593617915393797,0.8602517226663288,0.9959841350441816,
v3,validation,short_gaps,12452,pca_r64_l01,0.516100317512519,0.4955555535128819,0.36764205965089947,0.0,0.09123450857140811,0.923237614375333,0.9964311316205826,
v3,validation,short_gaps,12452,pca_r96_l01,0.47617380306593476,0.4572184215735334,0.3520193103792286,0.0,0.08417643129282754,0.9235530883733785,0.9969450323904884,
v3,validation,short_gaps,12452,pca_r64_l001,0.6734433019572835,0.6466350764314136,0.4664045663985502,0.0,0.11904908138966372,0.9085830349578541,0.9940089380172029,
v3,validation,short_gaps,12452,pca_r64_l1,0.39564200636732816,0.3798924100711343,0.27703498352813305,0.0,0.06994028640614723,0.9292785999206099,0.997868997175682,
v3,validation,short_gaps,12452,template_1,1.1329717892422104,1.087870793876783,0.6868461547453713,0.0,0.20028300876655572,0.49202755317479446,0.9826181958166826,
v3,validation,short_gaps,12452,dictionary_8,0.8171256784446038,0.7845977887068099,0.4193083310953668,0.0,0.14444877707745943,0.677138888654354,0.9908696175168059,
v3,validation,short_gaps,12452,dictionary_24,0.616307700160991,0.5917739112418251,0.3748679892736264,0.0,0.10894883852033055,0.8385687160921007,0.9948222235365861,
v3,validation,short_gaps,12452,dictionary_48,0.6488455138673062,0.623016469586,0.40200129001176876,0.0,0.11470076569951057,0.7882781018345384,0.9942522883888865,
v3,validation,short_gaps,12452,local_pca_8,0.5182293979400622,0.4975998801562559,0.34538891147556494,0.0,0.09161088037340995,0.8843146591296143,0.9963421911563767,
v3,validation,short_gaps,12452,local_pca_16,0.40758544099085126,0.3913604040925899,0.27935369524602016,0.0,0.07205160730938509,0.9362282587211239,0.9977516436885657,
v3,validation,short_gaps,12452,local_pca_32,0.43676511776941346,0.41937850519940933,0.3211554464808633,0.0,0.07720989414012333,0.9066820434068064,0.9973990220589678,
v3,validation,short_gaps,12452,local_dictionary_8,0.8517024994278809,0.8177981861482783,0.5001608864050957,0.0,0.15056115322474653,0.5635421479960453,0.9900706320866752,
v3,validation,short_gaps,12452,local_dictionary_24,0.5029205822084661,0.4829004730912452,0.31548642979467917,0.0,0.08890463851947324,0.8793188044764166,0.9965518181536733,
v3,validation,short_gaps,12565,zero_fill,0.8711590442041669,1.0,0.5591127963590643,0.0,0.15400061691218944,,0.9898988717338328,
v3,validation,short_gaps,12565,linear,1.2438821387911558,1.4278473569972334,0.7709349200817828,0.0,0.2198893738340131,0.20906510635917797,0.9797241678583575,
v3,validation,short_gaps,12565,pchip,1.3261102550372306,1.5222366844032216,0.8469138589493319,0.0,0.23442538848446193,0.1960889453626419,0.9770182081341092,
v3,validation,short_gaps,12565,autoregression,8.534224218964315,9.796402018371532,5.042779360599139,0.0,1.5086519543490335,0.11813044937122649,0.5857820014226934,
v3,validation,short_gaps,12565,pca_r32_l01,0.7866145740338031,0.9029517391424225,0.48787686055407603,0.0,0.13905512486986743,0.5277085357031521,0.9917834797996673,
v3,validation,short_gaps,12565,pca_r64_l01,0.8556158651205804,0.9821580465851839,0.6490004493722203,0.0,0.1512529450793892,0.6306832805192203,0.9903679401324127,
v3,validation,short_gaps,12565,pca_r96_l01,1.1549984458019273,1.32581811953414,0.803313749618384,0.0,0.20417680832161653,0.5186458773520319,0.9826564356746,
v3,validation,short_gaps,12565,pca_r64_l001,1.0017157065516844,1.1498654731488043,0.7593357166416543,0.0,0.17707999223094245,0.5948698835558007,0.9868937342630479,
v3,validation,short_gaps,12565,pca_r64_l1,0.5842111020649996,0.6706135991490464,0.42432492450450954,0.0,0.10327490797865688,0.7369225400684831,0.9954677137114833,
v3,validation,short_gaps,12565,template_1,0.4810711487856726,0.552219657232793,0.3242885733192753,0.0,0.0850421678848879,0.8368654101360575,0.996930750496942,
v3,validation,short_gaps,12565,dictionary_8,0.4463171759240902,0.5123257100909926,0.2816759068560193,0.0,0.07889847541398838,0.8809865384360758,0.9973610706225965,
v3,validation,short_gaps,12565,dictionary_24,0.5890744255825572,0.6761961888608945,0.37469686010389613,0.0,0.10413463023824912,0.7365036463700088,0.9953923504651127,
v3,validation,short_gaps,12565,dictionary_48,0.5996374992369322,0.6883214990722173,0.370821251067625,0.0,0.1060019354910445,0.720907611255659,0.9952247017638646,
v3,validation,short_gaps,12565,local_pca_8,0.7376410815923848,0.8467352620625603,0.4252502904744605,0.0,0.13039775271893866,0.5837299348303426,0.9927745177754588,
v3,validation,short_gaps,12565,local_pca_16,0.5254077589899442,0.603113475645451,0.3378103517578198,0.0,0.09287984731745419,0.795788911860691,0.9963361120586559,
v3,validation,short_gaps,12565,local_pca_32,0.5299881341789837,0.6083712700970071,0.37530028713728797,0.0,0.09368955090659133,0.791284250894751,0.9962717865054314,
v3,validation,short_gaps,12565,local_dictionary_8,0.4701632976508133,0.5396985783236898,0.3261038441485439,0.0,0.08311391400847981,0.8470935981514803,0.9970683038073086,
v3,validation,short_gaps,12565,local_dictionary_24,0.61783815616158,0.7092139607251577,0.3953046399006217,0.0,0.10921938747441158,0.6999191859855249,0.9949297170919237,
v3,validation,short_gaps,12678,zero_fill,2.072290633403898,1.0,1.4195825976442689,0.0,0.36633268986731554,,0.9528790817508069,
v3,validation,short_gaps,12678,linear,2.4603741221331674,1.1872727128490719,1.6236928330162388,0.0,0.4349368065040653,-0.04809548709155543,0.9336817500159694,
v3,validation,short_gaps,12678,pchip,2.7824172178842117,1.3426771192387603,1.8065777965427527,0.0,0.4918665207140334,-0.04127038017731246,0.9165261789443264,
v3,validation,short_gaps,12678,autoregression,2.6267808980443097,1.2675735998138535,1.924213339500965,0.0,0.46435364642460514,0.438283899958043,0.9291673627640779,
v3,validation,short_gaps,12678,pca_r32_l01,2.797211695908469,1.3498163099419274,1.9285643221477486,0.0,0.49448183964780024,0.5192062619649271,0.9232008862178718,
v3,validation,short_gaps,12678,pca_r64_l01,2.6805197533788574,1.2935057033848076,1.9632517435290247,0.0,0.47385342367967054,0.6519736417358709,0.9321639315487912,
v3,validation,short_gaps,12678,pca_r96_l01,1.5794235616554313,0.7621631523089528,1.1868548402724275,0.0,0.27920527770309117,0.6926934491149743,0.9731403657551602,
v3,validation,short_gaps,12678,pca_r64_l001,2.9798692828558058,1.4379591524578479,2.1777937180925147,0.0,0.5267714442392087,0.6201715537295669,0.918402394302525,
v3,validation,short_gaps,12678,pca_r64_l1,1.6156630239103715,0.7796507873302114,1.2150151208634172,0.0,0.28561157007984667,0.7564731097464882,0.972685830252951,
v3,validation,short_gaps,12678,template_1,2.145052244881318,1.035111682842432,1.594781243794769,0.0,0.3791952470887517,0.08450368170318855,0.9494842435845262,
v3,validation,short_gaps,12678,dictionary_8,2.034942112263396,0.9819771799676794,1.3969174504079067,0.0,0.35973034172588103,0.207387717387024,0.9546092210622343,
v3,validation,short_gaps,12678,dictionary_24,2.0148358693877735,0.9722747557268304,1.3466764199408754,0.0,0.35617602655549685,0.2642347861596606,0.9555225483393494,
v3,validation,short_gaps,12678,dictionary_48,2.1362173240737063,1.030848322932775,1.4384684428863501,0.0,0.3776334389851746,-0.062967964242122,0.9498656319244758,
v3,validation,short_gaps,12678,local_pca_8,2.005236611938242,0.9676425592121146,1.2788280031639263,0.0,0.3544791015462671,0.4160603766883016,0.9562308160718637,
v3,validation,short_gaps,12678,local_pca_16,1.982757364045638,0.9567950229012063,1.2777279873412173,0.0,0.35050529439105865,0.4990861064078965,0.9575595833415054,
v3,validation,short_gaps,12678,local_pca_32,2.6087825345666715,1.2588883492087903,1.7394366439677231,0.0,0.4611719552082806,0.5711014152507203,0.9328284771728572,
v3,validation,short_gaps,12678,local_dictionary_8,2.069956717477745,0.9988737506754449,1.397095942132911,0.0,0.36592010792279,0.19462633316426958,0.953013514025062,
v3,validation,short_gaps,12678,local_dictionary_24,1.8257363277169667,0.8810232977398799,1.223223676816605,0.0,0.322747634496823,0.4857035468179883,0.9636448665667452,
v3,validation,short_gaps,12791,zero_fill,1.969964538905564,1.0,1.4382226309245785,0.0,0.3482438210392887,,0.9723692907889101,
v3,validation,short_gaps,12791,linear,2.4047981081006844,1.2207316733917948,1.743198592699233,0.0,0.42511226240564354,-0.022356920378329072,0.9589081861699001,
v3,validation,short_gaps,12791,pchip,2.579688916901576,1.3095103317619876,1.8234412184387265,0.0,0.4560288816232211,-0.023588722112831195,0.9529071260300808,
v3,validation,short_gaps,12791,autoregression,2.4815525271818473,1.2596940087868291,1.6426626479026432,0.0,0.4386806549602246,0.43988247236548594,0.9578205897307216,
v3,validation,short_gaps,12791,pca_r32_l01,3.7776467365350226,1.9176216941619348,2.4490267550828144,0.0,0.6677999060827865,-0.6427787597130339,0.9004829956149141,
v3,validation,short_gaps,12791,pca_r64_l01,2.3453084212851594,1.190533319238387,1.5655641486047127,0.0,0.4145958721661631,0.44150642771320747,0.961982221098686,
v3,validation,short_gaps,12791,pca_r96_l01,2.7188993846449763,1.3801768158504475,1.902809979177884,0.0,0.48063804806159843,0.17948292035209523,0.948573247211475,
v3,validation,short_gaps,12791,pca_r64_l001,2.4564750743096417,1.2469641081328113,1.7282243095092065,0.0,0.43424754571501895,0.4776006276710788,0.9588457923852434,
v3,validation,short_gaps,12791,pca_r64_l1,2.2010811600502627,1.1173201936280022,1.2330034893622641,0.0,0.38909985355337334,0.239845443900108,0.9656855294336263,
v3,validation,short_gaps,12791,template_1,1.9369401670691704,0.9832360577136375,1.395927891070452,0.0,0.3424058817218037,0.18321568321063078,0.9733006999806588,
v3,validation,short_gaps,12791,dictionary_8,1.9231008330842652,0.9762108886247595,1.3886879713481557,0.0,0.33995940999484564,0.2167761652845161,0.9736853884784894,
v3,validation,short_gaps,12791,dictionary_24,1.953395866475848,0.991589354984572,1.4225171800434802,0.0,0.34531486588171095,0.15197949745749242,0.9728386901107012,
v3,validation,short_gaps,12791,dictionary_48,1.9572653459606097,0.9935535931260928,1.4191920709964938,0.0,0.34599889967754527,0.12748132493339917,0.9727290488516539,
v3,validation,short_gaps,12791,local_pca_8,2.284784126205089,1.1598097737710684,1.629272892044222,0.0,0.4038965872967498,0.11750739181950813,0.9629424253715069,
v3,validation,short_gaps,12791,local_pca_16,3.0809013086640733,1.5639374454809745,1.962130955587122,0.0,0.5446315518807188,-0.6570714739856216,0.9325332447266951,
v3,validation,short_gaps,12791,local_pca_32,5.551426707120134,2.8180338262354163,3.316771292051339,0.0,0.9813628674661883,-0.6313851414066856,0.8043266551774008,
v3,validation,short_gaps,12791,local_dictionary_8,2.801555421967732,1.4221349504718332,1.8006886360720085,0.0,0.4952497091858307,-0.056000836387756936,0.9447651059702425,
v3,validation,short_gaps,12791,local_dictionary_24,1.714764450276306,0.8704544759110043,1.2193469317876442,0.0,0.3031303927319996,0.6060808451758294,0.9793110330123878,
v3,validation,short_gaps,12904,zero_fill,1.46300230189349,1.0,0.910333360344203,0.0,0.25862471214010385,,0.9746488565000935,
v3,validation,short_gaps,12904,linear,1.5436686378085953,1.0551375317801641,0.9888759496724473,0.0,0.27288464042486454,0.12428936060092577,0.9717726201101448,
v3,validation,short_gaps,12904,pchip,1.496961492372771,1.0232119870456318,1.017003645231386,0.0,0.26462790560798016,0.15735636483814058,0.9734526106383652,
v3,validation,short_gaps,12904,autoregression,4.981466641617267,3.4049615883515747,2.919750054211236,0.0,0.8806072106355366,-0.17994319254912114,0.7726747257373369,
v3,validation,short_gaps,12904,pca_r32_l01,2.4056559354977973,1.6443281957822475,1.8708555239056355,0.0,0.42526390629804,0.05564389442323605,0.9339797271778697,
v3,validation,short_gaps,12904,pca_r64_l01,1.9182588055135417,1.3111796222267293,1.5135104652796403,0.0,0.33910345236235795,0.2709708398048974,0.9573987679395962,
v3,validation,short_gaps,12904,pca_r96_l01,1.9522680400988723,1.3344258157161821,1.5794851710581956,0.0,0.3451154924619208,0.30785534793268043,0.9561342950377381,
v3,validation,short_gaps,12904,pca_r64_l001,2.0804579125539626,1.4220469167145746,1.6345618195850582,0.0,0.36777647448502904,0.2668919148646499,0.9504623845996345,
v3,validation,short_gaps,12904,pca_r64_l1,1.5294611509263298,1.045426346183342,1.2040487989757254,0.0,0.2703730878453474,0.2763344715472969,0.9723684640992418,
v3,validation,short_gaps,12904,template_1,1.2242818375256048,0.8368283740504568,0.7094515413091561,0.0,0.21642449734947053,0.5571766360301829,0.9823236134320016,
v3,validation,short_gaps,12904,dictionary_8,1.1994903549079705,0.8198827529905666,0.6675247136255702,0.0,0.21204194098082113,0.5774573859616444,0.9830276359409371,
v3,validation,short_gaps,12904,dictionary_24,1.3176143101154243,0.9006235386028462,0.7544344890639958,0.0,0.23292350341776277,0.4289517522861259,0.9794797590969587,
v3,validation,short_gaps,12904,dictionary_48,1.3118376043700057,0.8966750104713852,0.7521070302322548,0.0,0.23190231646638662,0.43404938028346385,0.9796609998085967,
v3,validation,short_gaps,12904,local_pca_8,1.5164425547374503,1.0365277981960763,1.0838254185586438,0.0,0.26807170343367587,0.25261689923161756,0.9728153826306419,
v3,validation,short_gaps,12904,local_pca_16,1.5538086849775408,1.0620685168892248,1.1172150519978732,0.0,0.2746771644535428,0.22405522653296972,0.9714548054334707,
v3,validation,short_gaps,12904,local_pca_32,1.8114449023678234,1.2381695503987669,1.4525276813875307,0.0,0.32022124355252285,0.12072821945779863,0.9614059766739039,
v3,validation,short_gaps,12904,local_dictionary_8,1.692966454161744,1.1571864596321024,0.9324555107161483,0.0,0.2992770150147784,-0.18773940000905381,0.9659877748387927,
v3,validation,short_gaps,12904,local_dictionary_24,1.5650414812608775,1.069746424346239,0.9714332173197172,0.0,0.27666286105945137,0.0884851656433419,0.9709762459445015,
v3,validation,short_gaps,13017,zero_fill,0.6337555776194368,1.0,0.42722133059334083,0.0,0.11203321663737527,,0.9932793601370401,
v3,validation,short_gaps,13017,linear,1.1074602773017572,1.7474564586266645,0.7293783904800832,0.0,0.1957731679937017,0.1765911893574996,0.9799144179065455,
v3,validation,short_gaps,13017,pchip,1.1787964002343905,1.860017397657121,0.7919572386017941,0.0,0.20838373206100727,0.17708420892484497,0.9773136116894168,
v3,validation,short_gaps,13017,autoregression,5.65788485912697,8.927550397867215,3.033999495377378,0.0,1.0001821877653436,0.18035706063236712,0.6983681063026219,
v3,validation,short_gaps,13017,pca_r32_l01,0.5762152380450817,0.9092073638381334,0.3606661625792541,0.0,0.10186142556117449,0.8635171334877275,0.9945762057412068,
v3,validation,short_gaps,13017,pca_r64_l01,1.290789579021468,2.03673091741462,0.860909251167303,0.0,0.22818151610275225,-0.07278978474086253,0.9726351287022964,
v3,validation,short_gaps,13017,pca_r96_l01,0.47223323469377365,0.7451346408147029,0.3138690050083651,0.0,0.08347983063840643,0.6917194258983185,0.9962746380743541,
v3,validation,short_gaps,13017,pca_r64_l001,1.4643775144070716,2.310634519237974,0.9730586436717039,0.0,0.25886781766358535,-0.14777309502582758,0.9650444025682771,
v3,validation,short_gaps,13017,pca_r64_l1,0.6706249113145174,1.0581759514189557,0.46663167541703177,0.0,0.11855085560578058,0.46257359561372946,0.9925010904132823,
v3,validation,short_gaps,13017,template_1,0.35352327037869963,0.5578227361826651,0.2525488171141108,0.0,0.06249467544800596,0.8843386997999063,0.9979248698844,
v3,validation,short_gaps,13017,dictionary_8,0.34689322327367195,0.5473612154652744,0.22146155437579632,0.0,0.061322637631118136,0.8716264722522967,0.9979971615722186,
v3,validation,short_gaps,13017,dictionary_24,0.23601530781399288,0.37240746456312446,0.15153769858212768,0.0,0.04172200615477618,0.926858036067495,0.9990701765361196,
v3,validation,short_gaps,13017,dictionary_48,0.2134545454535645,0.3368089417932375,0.15093490899406103,0.0,0.0377337891413269,0.9409402273262584,0.9992395647379212,
v3,validation,short_gaps,13017,local_pca_8,0.576585350218394,0.9097913621276673,0.29733954998342854,0.0,0.1019268527680617,0.8726993375136053,0.9945763775703352,
v3,validation,short_gaps,13017,local_pca_16,0.43516815792138575,0.6866498272977716,0.2537344289865888,0.0,0.07692758885566757,0.7187019841399793,0.9968344698160201,
v3,validation,short_gaps,13017,local_pca_32,0.37260181541212845,0.5879266843089966,0.23498718536660204,0.0,0.06586731759008357,0.8095650823796022,0.9976807020823989,
v3,validation,short_gaps,13017,local_dictionary_8,0.37094435497100414,0.5853113851311177,0.22857566364072102,0.0,0.0655743172107167,0.8826737329874798,0.9977181947444442,
v3,validation,short_gaps,13017,local_dictionary_24,0.2563931376194543,0.4045615481327023,0.1716311257608254,0.0,0.04532433156510296,0.9206784124539534,0.9989037351382422,
v3,validation,short_gaps,13130,zero_fill,1.19958936609359,1.0,0.668365735901068,0.0,0.21205944385101236,,0.9670995365087486,
v3,validation,short_gaps,13130,linear,2.330423522756923,1.942684379027004,1.5113742040316607,0.0,0.4119645689945157,-0.09660864538303099,0.8852517208770485,
v3,validation,short_gaps,13130,pchip,2.5974460801150725,2.1652793476934042,1.7502910774720006,0.0,0.45916793425394603,-0.09554587220479811,0.8622309275863788,
v3,validation,short_gaps,13130,autoregression,3.989726791458749,3.3259104358778364,2.3039891988465757,0.0,0.705290717330532,0.49939135633164045,0.7808318845675498,
v3,validation,short_gaps,13130,pca_r32_l01,0.817134128255366,0.6811782026013847,0.520511939293843,0.0,0.14445027080708184,0.7461172147777887,0.9849057204208114,
v3,validation,short_gaps,13130,pca_r64_l01,0.9602293689132659,0.800465055838408,0.711099373412318,0.0,0.16974617456326233,0.6976337019631421,0.9793531625214055,
v3,validation,short_gaps,13130,pca_r96_l01,0.6754437379341713,0.5630624587259591,0.4799658881418297,0.0,0.11940271185081046,0.8414100155293601,0.9897429094269943,
v3,validation,short_gaps,13130,pca_r64_l001,1.1328294704709574,0.9443477097166731,0.8379251147400423,0.0,0.20025785012449493,0.6345574888211775,0.9715819943994929,
v3,validation,short_gaps,13130,pca_r64_l1,0.711072774180443,0.5927634858051637,0.47154071797609665,0.0,0.12570109513503044,0.8046082743269732,0.9885636652736872,
v3,validation,short_gaps,13130,template_1,1.2465271996775218,1.039128250808677,0.7883094203636454,0.0,0.22035695895636329,0.21752228107839877,0.9645195981963169,
v3,validation,short_gaps,13130,dictionary_8,1.0513203606989276,0.8764002002806229,0.5999705779495821,0.0,0.1858489390624247,0.4970180223090054,0.9748279833628796,
v3,validation,short_gaps,13130,dictionary_24,0.9314355834483898,0.7764620209010096,0.5465147814989048,0.0,0.1646561043237012,0.6938137878250357,0.9803228782038995,
v3,validation,short_gaps,13130,dictionary_48,0.823053616222579,0.6861127978341597,0.49734781932973837,0.0,0.14549669832777398,0.7677854672459703,0.9846828327015933,
v3,validation,short_gaps,13130,local_pca_8,0.7823562893164232,0.6521867494242068,0.46207616819926534,0.0,0.13830235936989685,0.76311724133189,0.9861525042806325,
v3,validation,short_gaps,13130,local_pca_16,0.6528126375882211,0.5441967526888611,0.3731593490730834,0.0,0.1154020607207268,0.8398593782340654,0.9903745199374004,
v3,validation,short_gaps,13130,local_pca_32,0.6541180968568819,0.5452850078081208,0.38997880503533755,0.0,0.11563283549608502,0.8368511781728842,0.9903294528035509,
v3,validation,short_gaps,13130,local_dictionary_8,1.033111274432794,0.861220767400661,0.6041289382120969,0.0,0.1826299969679262,0.5063759412628258,0.9757000557269195,
v3,validation,short_gaps,13130,local_dictionary_24,0.874952388149243,0.7293765790859643,0.5401078084714905,0.0,0.1546711917189235,0.693518531260789,0.9826418508341634,
v3,validation,short_gaps,13243,zero_fill,0.9295042719475801,1.0,0.7248444487267378,0.0,0.16431469345899968,,0.9943161999958802,
v3,validation,short_gaps,13243,linear,1.6332117861021023,1.7570783001137278,1.2153797055730753,0.0,0.28871378226664746,0.009413839995128466,0.9828124583195393,
v3,validation,short_gaps,13243,pchip,1.6696067561884054,1.7962335478997817,1.1845828397442508,0.0,0.295147564803924,0.006638032456722169,0.981993096762072,
v3,validation,short_gaps,13243,autoregression,7.496586057359909,8.065144274864272,4.607730780249652,0.0,1.325221709226929,0.13109856618583374,0.7589778584886907,
v3,validation,short_gaps,13243,pca_r32_l01,1.6364129467108302,1.7605222440581925,1.2210066952051106,0.0,0.2892796728601721,0.6676446496577013,0.9830877154221901,
v3,validation,short_gaps,13243,pca_r64_l01,1.4493090311106844,1.5592279399361588,0.9671764003642749,0.0,0.25620406098331744,0.5313940539076101,0.9864888465606304,
v3,validation,short_gaps,13243,pca_r96_l01,1.916627010245829,2.0619883825062377,1.485158188145264,0.0,0.33881498898753104,-0.10656873010605197,0.9762053899459515,
v3,validation,short_gaps,13243,pca_r64_l001,1.5892913007437506,1.709826784780371,1.0527733606450993,0.0,0.2809496640091737,0.48872027126212425,0.9838115255463871,
v3,validation,short_gaps,13243,pca_r64_l1,0.8272245891216128,0.8899631923028586,0.6077047038549361,0.0,0.14623402913303699,0.7433892351891068,0.9955390668452133,
v3,validation,short_gaps,13243,template_1,1.1131935219389377,1.1976206624704107,0.9509536838386246,0.0,0.19678667203398964,0.18187564540188653,0.9918573399901984,
v3,validation,short_gaps,13243,dictionary_8,0.9297401704731457,1.0002537896088108,0.7779874336330633,0.0,0.16435639482077452,0.3392599819168527,0.9943147805995703,
v3,validation,short_gaps,13243,dictionary_24,1.0619489037829855,1.1424895353712528,0.8509809225451788,0.0,0.18772781778464237,0.3031007023711519,0.9925967984802321,
v3,validation,short_gaps,13243,dictionary_48,1.2755322742801847,1.372271556759579,1.091771794358745,0.0,0.22548438019145448,0.3113651037738142,0.989374740967894,
v3,validation,short_gaps,13243,local_pca_8,2.2812176546225253,2.454230414501178,1.381701076863517,0.0,0.40326611823651476,-0.5837009606576892,0.9663020237122549,
v3,validation,short_gaps,13243,local_pca_16,1.8811379083506337,2.023807706024961,1.3041132896657253,0.0,0.3325413428354528,0.7732243101241728,0.9781494067913973,
v3,validation,short_gaps,13243,local_pca_32,1.429683670195593,1.5381141468021362,0.9833977990835604,0.0,0.2527347545367438,0.634700640733135,0.9869298737934107,
v3,validation,short_gaps,13243,local_dictionary_8,1.0004137002699687,1.0762873614058952,0.804316199671682,0.0,0.17684982786320524,0.32597749804754406,0.9934235002644963,
v3,validation,short_gaps,13243,local_dictionary_24,1.182593612270622,1.2722842142433046,0.908060424321566,0.0,0.20905499065611288,0.47376054624152514,0.9908873117981009,
v3,validation,short_gaps,13356,zero_fill,2.3767199051176804,1.0,1.5309523863916072,0.0,0.4201486904724399,,0.9406743280905399,
v3,validation,short_gaps,13356,linear,2.4489071944895606,1.030372653174841,1.6566251621517596,0.0,0.43290972093002295,-0.007169727674794276,0.9369966952785104,
v3,validation,short_gaps,13356,pchip,2.5000051404205057,1.051872008576762,1.7652911038057002,0.0,0.4419426469481416,-0.028370235810558538,0.9343814526282601,
v3,validation,short_gaps,13356,autoregression,2.4400644388875348,1.0266520819863787,1.8567727597108097,0.0,0.4313465278173809,0.4440866850927942,0.9389689198818636,
v3,validation,short_gaps,13356,pca_r32_l01,3.9427765554467378,1.6589151068903578,2.549206365547965,0.0,0.6969910097649314,-0.29470409065614983,0.8427574637708916,
v3,validation,short_gaps,13356,pca_r64_l01,4.83952377654189,2.036219651344346,2.8252615425189336,0.0,0.8555150200265751,-0.4134249003737599,0.7752047738212408,
v3,validation,short_gaps,13356,pca_r96_l01,3.7487172033288303,1.5772650345784929,2.4366594067998415,0.0,0.6626858388061213,0.05562411361484785,0.8623289227623655,
v3,validation,short_gaps,13356,pca_r64_l001,5.154966576864518,2.1689415592323558,3.0203518958485622,0.0,0.9112779558227262,-0.4276933795745173,0.7512202507247498,
v3,validation,short_gaps,13356,pca_r64_l1,3.6074102276439923,1.5178104158913819,2.127653663973029,0.0,0.6377060586221935,-0.32648979514116266,0.8654798361713211,
v3,validation,short_gaps,13356,template_1,2.365449068036914,0.9952578185353278,1.5619991723745352,0.0,0.4181562691400752,0.10621818992821412,0.9412536321246842,
v3,validation,short_gaps,13356,dictionary_8,2.3436687032367924,0.9860937749502074,1.513323438119857,0.0,0.4143060082283545,0.16911070800142491,0.9423639870058753,
v3,validation,short_gaps,13356,dictionary_24,2.18219016844103,0.9181520143548347,1.4227084087287587,0.0,0.38576036648581663,0.39872719857692007,0.950237048938989,
v3,validation,short_gaps,13356,dictionary_48,2.196719760156922,0.9242653101136687,1.515290834870072,0.0,0.3883288596933615,0.38546251715434765,0.9495563059895702,
v3,validation,short_gaps,13356,local_pca_8,2.3973816647385697,1.0086933927621842,1.5455263033132898,0.0,0.4238012080572342,0.04734044736469769,0.939614888672222,
v3,validation,short_gaps,13356,local_pca_16,2.6086169792023366,1.0975702158194254,1.7602360112408941,0.0,0.4611426888780848,0.07212357611502968,0.9285270760952719,
v3,validation,short_gaps,13356,local_pca_32,6.0198761541401336,2.5328504806888748,3.2046686910465105,0.0,1.0641738126239206,-0.41459540022807095,0.6886105492608667,
v3,validation,short_gaps,13356,local_dictionary_8,2.637577286074601,1.1097552052285289,1.6345171508515892,0.0,0.4662621962217402,-0.015219479157872464,0.9267920470067008,
v3,validation,short_gaps,13356,local_dictionary_24,2.9517479661864696,1.241941871160589,1.7995748449295856,0.0,0.5218002508110131,-0.20604367287750863,0.9083219362988496,
v3,validation,short_gaps,13469,zero_fill,1.1959779628497382,1.0,0.7283137293688142,0.0,0.2114210319201807,,0.9865617981005126,
v3,validation,short_gaps,13469,linear,2.570545595144286,2.149325217514269,1.483567394036835,0.0,0.45441255541893355,0.14175151959690163,0.9421407887408731,
v3,validation,short_gaps,13469,pchip,2.088004591509186,1.7458554056748294,1.2729521528505405,0.0,0.3691105514511981,0.16398657657688018,0.9604907473094606,
v3,validation,short_gaps,13469,autoregression,4.887607909774033,4.086703987528329,2.8982161659269083,0.0,0.8640151741955564,0.36134820955867075,0.8354606351329403,
v3,validation,short_gaps,13469,pca_r32_l01,1.4972681883404402,1.2519195460531707,1.2392169725164266,0.0,0.2646821223076055,0.3463884648278072,0.9792002107727509,
v3,validation,short_gaps,13469,pca_r64_l01,1.5519021324227933,1.2976009430181894,1.1709035554539382,0.0,0.27434013039350513,0.36920589795753583,0.9777439468168374,
v3,validation,short_gaps,13469,pca_r96_l01,1.5456169212349882,1.292345652884892,1.204005552351486,0.0,0.2732290515304835,0.36133591601732173,0.9779069053133383,
v3,validation,short_gaps,13469,pca_r64_l001,1.674070468305343,1.3997502632209218,1.2610324853751207,0.0,0.2959366450807118,0.37685627031883756,0.9742928575157669,
v3,validation,short_gaps,13469,pca_r64_l1,1.176841966522549,0.9839997082541616,0.865400436331424,0.0,0.2080382337282516,0.40524123708350657,0.9870178186779095,
v3,validation,short_gaps,13469,template_1,0.7402543098463528,0.6189531352923079,0.48923943312660184,0.0,0.13085971057373094,0.7920378185192389,0.994877507593281,
v3,validation,short_gaps,13469,dictionary_8,0.8189941480939159,0.6847903335463161,0.5157867392663792,0.0,0.1447790789673269,0.7683043041998397,0.9937242474712222,
v3,validation,short_gaps,13469,dictionary_24,0.5799766964972942,0.48493928359293864,0.3910240639384983,0.0,0.10252636375585222,0.8745216604779016,0.9968561309930456,
v3,validation,short_gaps,13469,dictionary_48,0.8772139646101801,0.7334700068552957,0.5870774220085886,0.0,0.1550709857318486,0.7725348516464433,0.9928550893026877,
v3,validation,short_gaps,13469,local_pca_8,1.0932359279870243,0.9140937056917809,0.8734558245215454,0.0,0.19325863452909828,0.5069305499779839,0.9888070782045274,
v3,validation,short_gaps,13469,local_pca_16,1.7953027921573288,1.5011169502484296,1.3996645960023504,0.0,0.31736769465439757,0.3795923961471721,0.9706682524840414,
v3,validation,short_gaps,13469,local_pca_32,2.0877344677426044,1.7456295455210706,1.6475253411323714,0.0,0.3690627998644208,0.281160701521519,0.960735434674683,
v3,validation,short_gaps,13469,local_dictionary_8,0.9397366435091765,0.7857474574782314,0.572571268437919,0.0,0.16612353828870596,0.6223059838432798,0.9917222971876033,
v3,validation,short_gaps,13469,local_dictionary_24,0.8018054391089012,0.670418238475218,0.5749920291993855,0.0,0.14174051579654037,0.7384956653002713,0.9939800753547915,
v3,validation,short_gaps,13582,zero_fill,1.9248789226472314,1.0,0.9164781031763555,0.0,0.3402737347917283,,0.9127946262028803,
v3,validation,short_gaps,13582,linear,3.3886576314281487,1.7604523544617674,1.9078192556060256,0.0,0.599035697575597,-0.4817968220613129,0.7437118984674684,
v3,validation,short_gaps,13582,pchip,2.9529303683778267,1.5340862916804894,1.458633567773031,0.0,0.5220092719629128,-0.6328079434211793,0.7963006010734646,
v3,validation,short_gaps,13582,autoregression,13.032333216533049,6.7704690737690925,7.317350887434607,0.0,2.3038127980233023,-0.012622175635605614,0.2986669280308595,
v3,validation,short_gaps,13582,pca_r32_l01,0.8273213219632667,0.4298043436547558,0.6029996700270035,0.0,0.14625112924511122,0.9467908239733718,0.986163738654249,
v3,validation,short_gaps,13582,pca_r64_l01,1.1355229413539776,0.5899191517938828,0.6622559193521964,0.0,0.20073399300607297,0.8158964965095855,0.9710534262142873,
v3,validation,short_gaps,13582,pca_r96_l01,1.0292425001600896,0.5347050601731362,0.7384636299303865,0.0,0.18194608783714888,0.832687912456118,0.9758418840132639,
v3,validation,short_gaps,13582,pca_r64_l001,1.2583579523961184,0.6537335608961494,0.7454482628160632,0.0,0.22244836032482854,0.7694598445439432,0.9643372523485881,
v3,validation,short_gaps,13582,pca_r64_l1,0.7713574161789104,0.40073035612966473,0.4584006224028916,0.0,0.13635801492466038,0.9208376345078056,0.986802545578517,
v3,validation,short_gaps,13582,template_1,0.6942957354593005,0.36069579613062375,0.41461579844105834,0.0,0.12273530567304318,0.926881342469689,0.9890660856219291,
v3,validation,short_gaps,13582,dictionary_8,0.7778655767288123,0.40411143141358513,0.4685112443573489,0.0,0.13750850603913195,0.9090191957327287,0.9862950586802177,
v3,validation,short_gaps,13582,dictionary_24,0.7492539408489222,0.3892473090299594,0.48642455561804987,0.0,0.1324506356012543,0.9259830353039082,0.9875671978571665,
v3,validation,short_gaps,13582,dictionary_48,0.6979500324433305,0.3625942516339987,0.440562757284929,0.0,0.12338130021751248,0.9303483221244534,0.9890575751695817,
v3,validation,short_gaps,13582,local_pca_8,0.734992680252894,0.3818383959662665,0.41651639605922497,0.0,0.12992957708232433,0.9580838875443233,0.9890380482474844,
v3,validation,short_gaps,13582,local_pca_16,0.7648432562465891,0.39734616408741275,0.49112628361618293,0.0,0.13520646325919086,0.9112220656477502,0.9867268397693665,
v3,validation,short_gaps,13582,local_pca_32,0.6336117462598315,0.329169662987656,0.414972823042543,0.0,0.11200779060494424,0.9412657906236621,0.9909310717075092,
v3,validation,short_gaps,13582,local_dictionary_8,1.0192631072725349,0.5295206338852583,0.5754560992674302,0.0,0.18018196374142023,0.859051625216539,0.9768882633689974,
v3,validation,short_gaps,13582,local_dictionary_24,0.8689806702715472,0.45144692481564647,0.5312320159883295,0.0,0.1536155311672606,0.9310659354440541,0.984366443079951,
v3,validation,short_gaps,13695,zero_fill,0.9642168308136319,1.0,0.5968926745376097,0.0,0.17045106490063028,,0.983897694287428,
v3,validation,short_gaps,13695,linear,1.0133725094085442,1.050979901018149,0.7470784928211553,0.0,0.1791406433177025,0.2920525481595527,0.9823006645788707,
v3,validation,short_gaps,13695,pchip,1.0422839228072465,1.080964249428979,0.8106357206988081,0.0,0.18425150743468,0.2937679496754014,0.9813050849679066,
v3,validation,short_gaps,13695,autoregression,2.9011624867756596,3.008827884001549,1.533138679443519,0.0,0.5128579169307741,0.03931946750056067,0.875316952780297,
v3,validation,short_gaps,13695,pca_r32_l01,1.1029113830127173,1.1438416627534402,0.7707853756356505,0.0,0.1949690294940315,0.22645790135199845,0.9790071459878681,
v3,validation,short_gaps,13695,pca_r64_l01,1.1294235044387475,1.1713376787726364,0.66643977726741,0.0,0.19965575470502825,0.46512756760050045,0.9783009427484779,
v3,validation,short_gaps,13695,pca_r96_l01,0.7803762958193761,0.8093369363412519,0.5527455980893132,0.0,0.13795234266278,0.6887133759822023,0.9895558101732161,
v3,validation,short_gaps,13695,pca_r64_l001,1.1922833225271703,1.2365302952875132,0.7041252892245278,0.0,0.21076790561364742,0.4509597593921269,0.9759157028249661,
v3,validation,short_gaps,13695,pca_r64_l1,0.9102298562871018,0.944009508233771,0.5441669555429622,0.0,0.16090742595476656,0.517954842797692,0.9857315232954272,
v3,validation,short_gaps,13695,template_1,1.3042103535595246,1.3526110641099234,0.7473425660365284,0.0,0.23055399627391113,0.07305741517078304,0.9707646964660669,
v3,validation,short_gaps,13695,dictionary_8,0.8994534593677844,0.9328331871253498,0.4994076815724027,0.0,0.15900241012016478,0.39141873578849945,0.9859980061960746,
v3,validation,short_gaps,13695,dictionary_24,0.8911650211687842,0.9242371556787651,0.5195041722059737,0.0,0.1575372074061751,0.4086601649510152,0.9862568100908301,
v3,validation,short_gaps,13695,dictionary_48,0.8286667448736662,0.8594194981790715,0.4683948083071384,0.0,0.14648896866098804,0.5157111163277013,0.9881266780702666,
v3,validation,short_gaps,13695,local_pca_8,1.1576303496467715,1.2005913116761633,0.6412281484788007,0.0,0.20464206758564654,0.1790848658750724,0.976895893334814,
v3,validation,short_gaps,13695,local_pca_16,0.630676817871229,0.6540819426881888,0.3964169842786224,0.0,0.11148896366347481,0.7527268472006907,0.9931389071912525,
v3,validation,short_gaps,13695,local_pca_32,0.6807091478329742,0.7059710285896728,0.4386908498777009,0.0,0.12033351361210302,0.7026353891405785,0.9920018085757533,
v3,validation,short_gaps,13695,local_dictionary_8,1.0301237711918692,1.0683528209340873,0.5846288364915542,0.0,0.1821018760178075,0.27897841208648566,0.981659554405661,
v3,validation,short_gaps,13695,local_dictionary_24,0.9478327161396944,0.983007852434901,0.5626437482574853,0.0,0.1675547352532105,0.40008878589304825,0.9844793634689424,
v3,validation,short_gaps,13808,zero_fill,1.203841139609786,1.0,0.6079473314988026,0.0,0.2128110583223552,,0.9881391360183759,
v3,validation,short_gaps,13808,linear,3.5820131092671326,2.9754865417111507,2.342977879789572,0.0,0.6332164399654748,-0.13315145759266397,0.9055546196438422,
v3,validation,short_gaps,13808,pchip,3.728245113170109,3.0969577218291326,2.3922019755144506,0.0,0.6590668503620479,-0.1393213196048961,0.8986488551620031,
v3,validation,short_gaps,13808,autoregression,5.453296301992474,4.529913559657971,3.1144502496077267,0.0,0.9640156987396001,0.4801802632505761,0.829562645175471,
v3,validation,short_gaps,13808,pca_r32_l01,0.6438754506437044,0.5348508448983649,0.5376932078004502,0.0,0.11382217434742688,0.8433562834683144,0.9966204076986047,
v3,validation,short_gaps,13808,pca_r64_l01,0.7859846865431241,0.6528973472346142,0.602743860132743,0.0,0.1389437754408565,0.7584260201675815,0.9949606421897094,
v3,validation,short_gaps,13808,pca_r96_l01,0.6244142849685727,0.5186849530420358,0.4970962142746147,0.0,0.11038189379275676,0.8538547869806693,0.9968219708305291,
v3,validation,short_gaps,13808,pca_r64_l001,0.8409546883542874,0.6985595197609505,0.645581712769574,0.0,0.1486611907014841,0.724727840075443,0.9942313499356599,
v3,validation,short_gaps,13808,pca_r64_l1,0.6028625114370038,0.500782446787303,0.4499986566435601,0.0,0.10657204249006447,0.8685975678416984,0.997039210174142,
v3,validation,short_gaps,13808,template_1,1.2529119994905564,1.0407619064228661,0.7321588524695686,0.0,0.22148564276744215,0.20193150767161788,0.9871531514031819,
v3,validation,short_gaps,13808,dictionary_8,0.9985863084213868,0.8295000690415593,0.5515325540600048,0.0,0.17652678757120097,0.554984304379852,0.9918516874213501,
v3,validation,short_gaps,13808,dictionary_24,0.6557980380375745,0.5447546328663809,0.3570235852605076,0.0,0.1159298099463006,0.8448415613418072,0.9964954919165095,
v3,validation,short_gaps,13808,dictionary_48,0.5064965877795903,0.4207337422807851,0.36649398728420735,0.0,0.08953679296669893,0.9147439982001869,0.9979125008893712,
v3,validation,short_gaps,13808,local_pca_8,0.5701350513498976,0.47359658396015747,0.44306213016478935,0.0,0.10078659025041327,0.88099286896154,0.997351671104293,
v3,validation,short_gaps,13808,local_pca_16,0.8847991343560362,0.7349799780416507,0.6945267086045745,0.0,0.15641186697278509,0.6957643247112238,0.9936142165363441,
v3,validation,short_gaps,13808,local_pca_32,1.0259486715087498,0.852229283210326,0.8203530855980834,0.0,0.18136381569329169,0.6544701850800061,0.991446129901916,
v3,validation,short_gaps,13808,local_dictionary_8,1.1318743511400962,0.9402190321448749,0.6436544824134522,0.0,0.20008900728557136,0.45839477206286217,0.9895361874477467,
v3,validation,short_gaps,13808,local_dictionary_24,0.647609634084467,0.5379527354368233,0.45379586182170795,0.0,0.11448229095571633,0.8448557852468411,0.9965822549180657,
v3,validation,short_gaps,13921,zero_fill,1.5123736235848124,1.0,1.1324849241707313,0.0,0.267352411231123,,0.9714849514882302,
v3,validation,short_gaps,13921,linear,1.7611349266774257,1.1644840264424665,1.3310019022568882,0.0,0.3113276123095202,-0.05963035923106754,0.9613083807031155,
v3,validation,short_gaps,13921,pchip,1.754998076670235,1.1604262659053288,1.3409531813223312,0.0,0.31024276024571795,-0.08001815606886338,0.9615622935074631,
v3,validation,short_gaps,13921,autoregression,2.108874427718472,1.3944136520443675,1.549638209826338,0.0,0.37279985212765776,0.2706531335710267,0.9464674607173763,
v3,validation,short_gaps,13921,pca_r32_l01,2.950063001243711,1.9506178600570352,1.9485115927543872,0.0,0.5215023882767416,-0.8068641723951409,0.8934055477078109,
v3,validation,short_gaps,13921,pca_r64_l01,2.7278037646009534,1.8036573251887191,1.8912579010894386,0.0,0.48221213492388176,-0.28790142275249103,0.9100598271993591,
v3,validation,short_gaps,13921,pca_r96_l01,1.332775372698645,0.8812474324562328,0.9069706043281729,0.0,0.23560362595841003,0.6855492458931396,0.9784780419469324,
v3,validation,short_gaps,13921,pca_r64_l001,2.889999324797212,1.9109030200797759,2.014595813085763,0.0,0.510884530047163,-0.2757111991753096,0.9001886470435286,
v3,validation,short_gaps,13921,pca_r64_l1,2.1367870951684775,1.4128698503109332,1.449213055774182,0.0,0.37773416123638376,-0.33876957944878733,0.9432069799350801,
v3,validation,short_gaps,13921,template_1,1.8588761285925017,1.2291117086440366,1.2810429372333259,0.0,0.32860597897838867,0.09126166963193146,0.9571686727560849,
v3,validation,short_gaps,13921,dictionary_8,1.609064667785071,1.063933305032833,1.141040163085186,0.0,0.2844451344896257,0.10835158995117224,0.967714434387624,
v3,validation,short_gaps,13921,dictionary_24,1.5721913181205995,1.0395521937191683,1.1218696818253704,0.0,0.27792678559142314,0.18418298608416844,0.9691985984544534,
v3,validation,short_gaps,13921,dictionary_48,1.5523693435038315,1.0264456608441876,1.0941809858590115,0.0,0.27442272242441706,0.19173684013600867,0.969967275222423,
v3,validation,short_gaps,13921,local_pca_8,1.5768371114418398,1.0426240492770749,1.1623216807673047,0.0,0.2787480535817832,0.07788967053641063,0.9689816749280059,
v3,validation,short_gaps,13921,local_pca_16,1.6161564893491114,1.06862250448292,1.1280110870437263,0.0,0.2856988032693502,0.4211855185675757,0.967881577887542,
v3,validation,short_gaps,13921,local_pca_32,3.1922170115102313,2.110733063397158,1.9772371987182193,0.0,0.5643095739644849,-0.6684913886144009,0.8774151161302889,
v3,validation,short_gaps,13921,local_dictionary_8,1.430391420508846,0.9457923612277486,1.0269231539783426,0.0,0.25285986829821583,0.3278109974804891,0.9745296754018901,
v3,validation,short_gaps,13921,local_dictionary_24,1.4048699419647273,0.9289172464107998,1.0086914610286293,0.0,0.24834826566210252,0.3657381866914891,0.9754391664915403,
v3,validation,short_gaps,14034,zero_fill,1.261841754600338,1.0,0.6907984573409357,0.0,0.2230642153655576,,0.9707922059537593,
v3,validation,short_gaps,14034,linear,1.2369519237167417,0.9802749981977894,0.7439477655031643,0.0,0.21866427331546323,0.46443977845571743,0.9720448446582812,
v3,validation,short_gaps,14034,pchip,1.2169310695409463,0.9644086234302682,0.7474745938437057,0.0,0.21512505287725028,0.35234032385132413,0.9729018581175024,
v3,validation,short_gaps,14034,autoregression,8.130649388734273,6.443477844263829,4.387553645392727,0.0,1.4373093295560655,-0.3777613930613775,0.4727769043285723,
v3,validation,short_gaps,14034,pca_r32_l01,0.8697892170227143,0.6893013437316488,0.7025981772464345,0.0,0.15375846338992474,0.7437722354949907,0.9862939808946922,
v3,validation,short_gaps,14034,pca_r64_l01,1.3089370170995425,1.0373226375870888,1.0553980929616444,0.0,0.2313895602342946,0.587766479271493,0.9696742858440387,
v3,validation,short_gaps,14034,pca_r96_l01,1.5601543904823794,1.23641049663674,1.1630910614158387,0.0,0.2757989373020138,0.5118893532768556,0.9576449164888229,
v3,validation,short_gaps,14034,pca_r64_l001,1.4566400466933207,1.1543761659358633,1.164442660589023,0.0,0.2575000136911841,0.5497625019036799,0.9628624204508206,
v3,validation,short_gaps,14034,pca_r64_l1,0.8097633252091733,0.641731280691095,0.7022330981010969,0.0,0.1431472846028935,0.7679902597425515,0.9880926044398266,
v3,validation,short_gaps,14034,template_1,1.3504522417461535,1.0702231375865994,0.7307725764639484,0.0,0.23872848445182,0.551795918342969,0.9676572604211269,
v3,validation,short_gaps,14034,dictionary_8,0.7369840441477419,0.5840542536026367,0.4576432699703805,0.0,0.13028160381078857,0.7993812034518876,0.990118827203249,
v3,validation,short_gaps,14034,dictionary_24,0.6812710557878572,0.5399021337692503,0.44900642458316753,0.0,0.12043284584342814,0.8315046334006898,0.9915630626945802,
v3,validation,short_gaps,14034,dictionary_48,0.6386060532851552,0.5060904435575762,0.41776343124083604,0.0,0.11289066769617773,0.8593731917636898,0.9925968519083438,
v3,validation,short_gaps,14034,local_pca_8,0.7805846499051683,0.6186074022827072,0.562863756565221,0.0,0.13798917480951792,0.7812808820609676,0.9889272644088783,
v3,validation,short_gaps,14034,local_pca_16,0.782825766715387,0.620383470321388,0.6482055370128637,0.0,0.1383853520330021,0.7675119729896668,0.9888388000042845,
v3,validation,short_gaps,14034,local_pca_32,0.8497570841077746,0.6734260306490788,0.7247079896659352,0.0,0.1502172491334787,0.7326547534840505,0.9868617810974133,
v3,validation,short_gaps,14034,local_dictionary_8,0.8683328764102232,0.6881472048650422,0.7076811292998759,0.0,0.1535010163092223,0.7037711719873154,0.9862492254858752,
v3,validation,short_gaps,14034,local_dictionary_24,0.6464917672139362,0.5123398119114381,0.491690763940985,0.0,0.11428467814456231,0.8468387777907851,0.9923992119367082,
v3,validation,short_gaps,14147,zero_fill,2.2641926245255886,1.0,1.05818939720016,0.0,0.40025648967865257,,0.8962470892228427,
v3,validation,short_gaps,14147,linear,7.05921702094115,3.1177634554923315,4.412600678274078,0.0,1.2479050563437464,-0.24279728393701697,0.4415358517817946,
v3,validation,short_gaps,14147,pchip,7.419994657220398,3.277103978189618,4.5283227317738834,0.0,1.311682134622124,-0.2591024789169417,0.41525753273806576,
v3,validation,short_gaps,14147,autoregression,9.96185531638322,4.399738435889706,5.458623964053944,0.0,1.7610238618534586,-0.3428367057904907,0.2807754861659403,
v3,validation,short_gaps,14147,pca_r32_l01,2.141206950757865,0.9456823273622788,1.1651151548290248,0.0,0.3785154887011641,0.5351239264732767,0.9118377583145401,
v3,validation,short_gaps,14147,pca_r64_l01,1.7316274371246623,0.7647880389538353,0.949329207985305,0.0,0.3061113758198826,0.8119411282464949,0.9485061917899027,
v3,validation,short_gaps,14147,pca_r96_l01,0.8691706884679439,0.38387665389116765,0.6708098294976136,0.0,0.1536491219560658,0.9324846154891185,0.9858315416651809,
v3,validation,short_gaps,14147,pca_r64_l001,1.8112757587727983,0.7999654000959,0.983555881935605,0.0,0.3201913429067637,0.8171875073637281,0.9453979986457511,
v3,validation,short_gaps,14147,pca_r64_l1,1.625184166539825,0.71777645988947,0.8958770847755657,0.0,0.2872946862093294,0.757854311872725,0.9502457711964903,
v3,validation,short_gaps,14147,template_1,1.2819742103841258,0.5661948530782513,0.6764145602300344,0.0,0.22662316436722124,0.8215101889205967,0.9679369043149268,
v3,validation,short_gaps,14147,dictionary_8,1.5087857556002167,0.6663681081093307,0.7996898808594473,0.0,0.26671815978564556,0.7571751102055687,0.9557952888764952,
v3,validation,short_gaps,14147,dictionary_24,1.4333117775699902,0.6330343814587369,0.7729106701439488,0.0,0.2533761193685712,0.7980672442551163,0.9607183531462594,
v3,validation,short_gaps,14147,dictionary_48,1.5283554528478034,0.6750112319476513,0.84841152168793,0.0,0.2701776261930296,0.7810696536559606,0.955780820164085,
v3,validation,short_gaps,14147,local_pca_8,2.1299031395240484,0.9406899026403827,1.0120088783389476,0.0,0.37651723830699296,0.5183994289730772,0.912022987551127,
v3,validation,short_gaps,14147,local_pca_16,0.7753299875512402,0.34243110729754866,0.47825159250643173,0.0,0.13706027296369083,0.9413386856140901,0.9885131834376328,
v3,validation,short_gaps,14147,local_pca_32,0.9717283923158933,0.4291721392385939,0.5347340848224826,0.0,0.17177893391951748,0.9049346256318374,0.9818503661145724,
v3,validation,short_gaps,14147,local_dictionary_8,1.5784791178714765,0.6971487764660536,0.819197813191733,0.0,0.2790383220520702,0.781441526600153,0.9535205726978094,
v3,validation,short_gaps,14147,local_dictionary_24,1.4901490242196236,0.6581370366100593,0.8229816825780958,0.0,0.2634236200010531,0.8128726123489081,0.9589320685292392,
v3,validation,short_gaps,14260,zero_fill,0.6474253831524035,1.0,0.4429212955329076,0.0,0.1144497196848408,,0.9930284979705151,
v3,validation,short_gaps,14260,linear,0.6586403909264796,1.017322471540224,0.5123835283372578,0.0,0.11643227169686808,0.17740040691021305,0.9927894727804045,
v3,validation,short_gaps,14260,pchip,0.6807825187819294,1.0515227491809256,0.547485256431919,0.0,0.12034648388599012,0.18464962216184508,0.992307159516929,
v3,validation,short_gaps,14260,autoregression,3.7704487854844326,5.823758047800964,1.973122372132858,0.0,0.6665274760831561,0.06096011010932352,0.8221043435645371,
v3,validation,short_gaps,14260,pca_r32_l01,0.8391040714273585,1.296062980017319,0.6334432203243744,0.0,0.14833404475688158,0.33730724894524866,0.9883723144249095,
v3,validation,short_gaps,14260,pca_r64_l01,0.7412671193059059,1.1449460255891946,0.4999089975153539,0.0,0.13103875168295592,0.6682968578416065,0.9910153725196915,
v3,validation,short_gaps,14260,pca_r96_l01,0.649274829032858,1.0028566162658765,0.4629420385356251,0.0,0.11477665861571755,0.7537147461116523,0.9931077795359164,
v3,validation,short_gaps,14260,pca_r64_l001,0.8279753737878669,1.2788738213450028,0.5527753499958736,0.0,0.1463667503652168,0.6473632803104161,0.9888449537183909,
v3,validation,short_gaps,14260,pca_r64_l1,0.4574900534481458,0.7066297759605341,0.34022541848150545,0.0,0.08087357977964499,0.7588885481048397,0.9965301535156641,
v3,validation,short_gaps,14260,template_1,0.9448469472299615,1.4593912624021188,0.5985777999616141,0.0,0.16702692089242846,0.06837572939343214,0.9852251188217398,
v3,validation,short_gaps,14260,dictionary_8,0.4700746259922537,0.7260676492222092,0.3172218751591026,0.0,0.08309823892571318,0.6716860986453655,0.9963259407163806,
v3,validation,short_gaps,14260,dictionary_24,0.34026416063201637,0.5255650604479287,0.22634511644165056,0.0,0.060150773844411864,0.8437850522764226,0.9980767319350513,
v3,validation,short_gaps,14260,dictionary_48,0.3580207077853638,0.5529914598684895,0.2401323014240636,0.0,0.06328971757005954,0.8254513280171004,0.9978705613203857,
v3,validation,short_gaps,14260,local_pca_8,0.9066400666455143,1.400377696393303,0.525109404784152,0.0,0.16027283480511664,0.3249556971079547,0.9864691593679088,
v3,validation,short_gaps,14260,local_pca_16,0.4392930695168533,0.6785230869044317,0.29511729656040864,0.0,0.0776567770959051,0.7400982333586358,0.9967941447734217,
v3,validation,short_gaps,14260,local_pca_32,0.31387165676749035,0.4847997389895434,0.22911133701933717,0.0,0.05548519423063723,0.8698096170533488,0.9983637519107554,
v3,validation,short_gaps,14260,local_dictionary_8,0.6079283867435016,0.9389937474854854,0.41431923965695727,0.0,0.107467571185532,0.45776690357325217,0.9938550735244442,
v3,validation,short_gaps,14260,local_dictionary_24,0.3035859626847024,0.4689126663624161,0.2042809931188052,0.0,0.05366692322184981,0.9157577628978172,0.9984784241654089,
v3,validation,short_gaps,14373,zero_fill,0.810457496054749,1.0,0.5183340484729612,0.0,0.14326999783094566,,0.9829423721446549,
v3,validation,short_gaps,14373,linear,1.9421048212822447,2.3963068152694946,1.301183372773154,0.0,0.3433188722259408,0.2332882282028569,0.9138827443376571,
v3,validation,short_gaps,14373,pchip,2.191803718455607,2.704403042880294,1.5581128528042874,0.0,0.3874598180874626,0.2090050775629785,0.894157531520881,
v3,validation,short_gaps,14373,autoregression,2.285996489662843,2.820624771553,1.285957358150804,0.0,0.40411090490230994,0.2565722388221836,0.886061380183142,
v3,validation,short_gaps,14373,pca_r32_l01,0.46854798133764736,0.5781277656367009,0.3554853238182769,0.0,0.0828283637287796,0.8167112943117645,0.9943309865087411,
v3,validation,short_gaps,14373,pca_r64_l01,0.6492816637944195,0.8011298148947695,0.401564526321098,0.0,0.11477786684227954,0.7044367952254589,0.9891769229021558,
v3,validation,short_gaps,14373,pca_r96_l01,0.5141235650507158,0.6343621566256512,0.4010825592576555,0.0,0.09088506480379106,0.8052618058690045,0.993201909208944,
v3,validation,short_gaps,14373,pca_r64_l001,0.7178573252582638,0.885743334786517,0.43969713234044727,0.0,0.12690044565363884,0.6628046640258679,0.9868073715136731,
v3,validation,short_gaps,14373,pca_r64_l1,0.45427907902182696,0.5605217808870003,0.3075283192990355,0.0,0.08030595433187833,0.8263012389116915,0.9946700376178811,
v3,validation,short_gaps,14373,template_1,0.9776538013848924,1.2062986722240752,0.532682032583025,0.0,0.17282640815301586,0.3632984629104498,0.9755195956589432,
v3,validation,short_gaps,14373,dictionary_8,0.724479807195636,0.8939146231879568,0.3778032393080005,0.0,0.1280711461251892,0.43038590567090823,0.98638382385306,
v3,validation,short_gaps,14373,dictionary_24,0.47508672727395523,0.5861957346148867,0.2964631305470412,0.0,0.0839842616267844,0.82300454681188,0.9941754402245722,
v3,validation,short_gaps,14373,dictionary_48,0.3870316253271412,0.4775470980417657,0.2501010859750324,0.0,0.06841817170061816,0.9065939779807121,0.9961473174774966,
v3,validation,short_gaps,14373,local_pca_8,0.4043389556497486,0.49890211099045,0.27389934167136687,0.0,0.07147770435945598,0.8636653503291869,0.9957789744313795,
v3,validation,short_gaps,14373,local_pca_16,0.37963445890669756,0.46841994892357935,0.27042189588312504,0.0,0.06711052506625288,0.8809602324532191,0.9962797451517115,
v3,validation,short_gaps,14373,local_pca_32,0.3449319055509692,0.4256014747597176,0.2632014157340793,0.0,0.060975922365672015,0.9032209308690241,0.9969300319284693,
v3,validation,short_gaps,14373,local_dictionary_8,0.7203152416967095,0.8887760865969581,0.4470708011224639,0.0,0.12733494799894254,0.6654386708154443,0.9867261057102021,
v3,validation,short_gaps,14373,local_dictionary_24,0.7748856592319032,0.956108942176478,0.4688142611959729,0.0,0.13698172607177175,0.6997438071332841,0.9848255131104334,
v3,validation,short_gaps,14486,zero_fill,1.603412352315994,1.0,1.1849063426861761,0.0,0.2834459368402283,,0.9851217285676342,
v3,validation,short_gaps,14486,linear,1.9617844614341513,1.2235058926672973,1.4876050878914553,0.0,0.34679777397662187,0.059082830612844174,0.9778928787446292,
v3,validation,short_gaps,14486,pchip,1.9900023713708903,1.241104553358654,1.5418601053385963,0.0,0.3517860428434167,0.05497158159151643,0.9772057148820599,
v3,validation,short_gaps,14486,autoregression,10.52437501642873,6.5637357734129695,6.269839551257993,0.0,1.8604642354667595,0.0789240408411309,0.6580192925720956,
v3,validation,short_gaps,14486,pca_r32_l01,1.7541331401049538,1.0940000166340595,1.2908772227289185,0.0,0.3100898596180663,0.23914366475541846,0.9822300541905796,
v3,validation,short_gaps,14486,pca_r64_l01,1.907365650659273,1.1895665191204523,1.3135952213781095,0.0,0.3371777964458659,0.4046322496557089,0.9792268732197437,
v3,validation,short_gaps,14486,pca_r96_l01,2.5460677696241403,1.587905797249572,1.9783856471911379,0.0,0.4500854463154345,0.5942185294874391,0.9650600426153312,
v3,validation,short_gaps,14486,pca_r64_l001,2.142261229011117,1.3360638178424915,1.4577954678860794,0.0,0.37870186052669713,0.3594331118645567,0.9739763688131795,
v3,validation,short_gaps,14486,pca_r64_l1,1.4047685179561464,0.8761118223438136,1.0135612588738183,0.0,0.24833033626104187,0.5464956345656116,0.9886192975195782,
v3,validation,short_gaps,14486,template_1,2.50059731289063,1.5595472426532875,1.7296191902349276,0.0,0.4420473292404558,0.22626992210954402,0.9647699535222581,
v3,validation,short_gaps,14486,dictionary_8,2.3150041099271794,1.443798350800623,1.5883578632612356,0.0,0.4092387761510591,0.5684975697932138,0.9705646199733827,
v3,validation,short_gaps,14486,dictionary_24,2.0886194678598464,1.3026090667463124,1.411831351940691,0.0,0.369219247260484,0.5352316840220842,0.97560748133212,
v3,validation,short_gaps,14486,dictionary_48,2.1160968190129665,1.3197458632250418,1.427593677816438,0.0,0.37407660259283776,0.5166170021038441,0.9749454199928365,
v3,validation,short_gaps,14486,local_pca_8,1.3536543468853819,0.8442334530666066,1.0207611583854996,0.0,0.23929454201632516,0.7011915550242411,0.9895373037938703,
v3,validation,short_gaps,14486,local_pca_16,1.1308367740798202,0.7052688426944085,0.7947895380179615,0.0,0.19990558784174017,0.7111520351930726,0.9926280944006739,
v3,validation,short_gaps,14486,local_pca_32,2.574613039528578,1.6057086224948727,1.6134103778627926,0.0,0.4551315847954916,0.040168800804946544,0.9623531503239706,
v3,validation,short_gaps,14486,local_dictionary_8,1.2398559244046576,0.7732608038186748,0.8645785931316472,0.0,0.21917763296021223,0.8271636976154964,0.9913538012373533,
v3,validation,short_gaps,14486,local_dictionary_24,2.45960911054502,1.5339841351429793,1.5244579395966793,0.0,0.4348015702836491,0.44147299793846695,0.9665097024726919,
v3,validation,short_gaps,14599,zero_fill,1.2184603058811136,1.0,0.7390743794959329,0.0,0.2153953862237926,,0.9800634373258575,
v3,validation,short_gaps,14599,linear,1.4968914018062742,1.2285106002889579,1.0431077375419493,0.0,0.2646155152292634,0.38517082100251343,0.9707046337790309,
v3,validation,short_gaps,14599,pchip,1.952586500877641,1.6025031685095836,1.3837426985599084,0.0,0.34517178890597316,0.29521920569437476,0.9518094536260155,
v3,validation,short_gaps,14599,autoregression,4.235723624882744,3.476291845075524,2.2698805022737627,0.0,0.7487772245966631,-0.18179276876234332,0.8070979011595052,
v3,validation,short_gaps,14599,pca_r32_l01,1.8007740576214135,1.4779094968704847,1.3929932970726933,0.0,0.3183348868822291,0.38239099418201977,0.9583624839263342,
v3,validation,short_gaps,14599,pca_r64_l01,1.9015257825525622,1.5605972335532905,1.5188717781871097,0.0,0.3361454438609933,0.2918874416624348,0.9535231880984588,
v3,validation,short_gaps,14599,pca_r96_l01,1.0833913169405027,0.8891478136065027,0.905416080572452,0.0,0.19151833672181343,0.6506949620448133,0.9844910057060056,
v3,validation,short_gaps,14599,pca_r64_l001,2.146113453043672,1.7613322671941605,1.6850011620012877,0.0,0.37938284396071437,0.23353561576493234,0.9416759147870846,
v3,validation,short_gaps,14599,pca_r64_l1,1.1454551523149978,0.9400840936600532,0.9505451469942239,0.0,0.20248977643675117,0.5795318992407028,0.9826023003941975,
v3,validation,short_gaps,14599,template_1,1.090562353370923,0.8950331398627689,0.7372549221292687,0.0,0.19278600884383487,0.4896257787365997,0.9840692854346855,
v3,validation,short_gaps,14599,dictionary_8,1.0745612443985335,0.8819009033055686,0.7180362291825017,0.0,0.18995738567861453,0.5865924582444079,0.9846222336968109,
v3,validation,short_gaps,14599,dictionary_24,0.9289247595083113,0.7623758894932334,0.7177215386593246,0.0,0.16421224916510244,0.6755534145221629,0.9884873051339543,
v3,validation,short_gaps,14599,dictionary_48,0.9719055352373158,0.7976505517219086,0.7397159839336975,0.0,0.17181024865976174,0.7342266296102355,0.9875548831573594,
v3,validation,short_gaps,14599,local_pca_8,0.8355827497973752,0.6857693646352595,0.7102132488521078,0.0,0.14771155715605658,0.7477251835085255,0.9906966980144031,
v3,validation,short_gaps,14599,local_pca_16,0.9578752876401145,0.7861358166669529,0.7509630312532652,0.0,0.16933002785533494,0.6976260440261135,0.9878174964607126,
v3,validation,short_gaps,14599,local_pca_32,1.1283439401546116,0.926040786645622,0.8883446456306067,0.0,0.19946491289851845,0.6499096047634859,0.983242195750387,
v3,validation,short_gaps,14599,local_dictionary_8,0.9817698870278011,0.8057463031738625,0.783014131212792,0.0,0.1735540361705272,0.6236789319798621,0.9871214217112335,
v3,validation,short_gaps,14599,local_dictionary_24,0.8120059591835421,0.6664197063000347,0.628643264410664,0.0,0.14354373002564239,0.7420706839075851,0.9911906004049772,
v3,test,short_gaps,16000,zero_fill,1.3956979461502905,1.0,0.7853510551792251,0.0,0.24672687055275183,,0.9775072184343364,False
v3,test,short_gaps,16000,linear,2.8835272980945232,2.0660109918826386,1.7777078675811522,0.0,0.5097404265547901,-0.2976071271594799,0.9088702540147008,False
v3,test,short_gaps,16000,pchip,2.9645290236966204,2.1240477080829607,1.7982018682957088,0.0,0.5240596439200539,-0.3114618279051586,0.9040748002881406,False
v3,test,short_gaps,16000,autoregression,10.729274309896407,7.687389910897716,6.1472650566694,0.0,1.8966856554345912,-0.35421234393115086,0.46540110190074613,False
v3,test,short_gaps,16000,pca_r32_l01,0.9518524379979362,0.6819902835161438,0.7607229430876483,0.0,0.16826532839932212,0.731248657099989,0.989601234186459,False
v3,test,short_gaps,16000,pca_r64_l01,0.9407426734311031,0.6740302771283169,0.7647891229131341,0.0,0.1663013809336737,0.7367705809175691,0.9898425537518449,False
v3,test,short_gaps,16000,pca_r96_l01,0.8419680160818009,0.6032594791761173,0.7039200175505941,0.0,0.1488403234284064,0.801004504359728,0.9918803250746354,False
v3,test,short_gaps,16000,pca_r64_l001,1.0198856732706223,0.7307352397298719,0.8175086138141094,0.0,0.18029201890116617,0.6976075279949255,0.9880700815827992,False
v3,test,short_gaps,16000,pca_r64_l1,0.7646984558482558,0.5478968124568065,0.6048275159016724,0.0,0.13518086592329584,0.8332293847799132,0.9932968473462045,False
v3,test,short_gaps,16000,template_1,1.0445427994297714,0.7484017600734462,0.6321228694932122,0.0,0.1846508241790928,0.6660137785775617,0.9874591229853916,False
v3,test,short_gaps,16000,dictionary_8,0.9944999210631638,0.7125466679995205,0.5454204063542145,0.0,0.17580440951831233,0.7533247818302677,0.9886514984800988,False
v3,test,short_gaps,16000,dictionary_24,0.7443934834671722,0.5333485554810833,0.4352988727366132,0.0,0.13159142000767837,0.8657166470639756,0.9936650466031202,True
v3,test,short_gaps,16000,dictionary_48,0.8206610789332158,0.5879933270639391,0.49506430729231615,0.0,0.14507375349238635,0.8045819541308612,0.9922753144950432,False
v3,test,short_gaps,16000,local_pca_8,0.7414228386384109,0.5312201258756982,0.6103232432672752,0.0,0.1310662792319499,0.8443560009943055,0.9937014234180728,False
v3,test,short_gaps,16000,local_pca_16,1.2632500126363815,0.9051027237811476,1.061918362966464,0.0,0.22331316256729428,0.5594346972265872,0.9817325143279666,False
v3,test,short_gaps,16000,local_pca_32,1.0888384564897375,0.7801390404657729,0.8868173073439367,0.0,0.19248126405014676,0.6837038374961448,0.986447785406154,False
v3,test,short_gaps,16000,local_dictionary_8,1.06708212608562,0.7645509037459852,0.8322009298616024,0.0,0.18863525185952512,0.7125215522580828,0.9870138971458668,False
v3,test,short_gaps,16000,local_dictionary_24,0.8277615400673043,0.5930807180382351,0.6197388950782347,0.0,0.1463289495467527,0.7964650076163952,0.9921370102360771,False
v3,test,short_gaps,16102,zero_fill,1.8361486049008717,1.0,0.9089809289074612,0.0,0.32458828244790633,,0.9294075280352605,False
v3,test,short_gaps,16102,linear,2.5227377357021608,1.3739289559509025,1.324818849443326,0.0,0.44596124001754855,-0.5103587781881849,0.8668660796305884,False
v3,test,short_gaps,16102,pchip,2.329086050694477,1.268462718364899,1.2240520838585842,0.0,0.4117281351032649,-0.5829350525756677,0.8857769331606706,False
v3,test,short_gaps,16102,autoregression,13.041219893501664,7.1024860725832815,7.591141588116454,0.0,2.305383755409983,-0.1452086664178199,0.2843794301398544,False
v3,test,short_gaps,16102,pca_r32_l01,1.450453165046404,0.7899432329033683,0.912318169669043,0.0,0.25640631719945073,0.8521262216161641,0.9629908317316731,False
v3,test,short_gaps,16102,pca_r64_l01,1.3845793789717542,0.754067168243446,0.7395912092980184,0.0,0.24476136699049653,0.7256202160240877,0.9618849342642913,False
v3,test,short_gaps,16102,pca_r96_l01,0.8721973130115793,0.4750145552944865,0.6178881554568938,0.0,0.15418415864079338,0.8822167040413119,0.984686023202489,False
v3,test,short_gaps,16102,pca_r64_l001,1.429912956131582,0.778756660716347,0.7663628862802307,0.0,0.2527752869467859,0.6967550273907324,0.959128589786571,False
v3,test,short_gaps,16102,pca_r64_l1,1.2352537013037659,0.6727416822400677,0.6785155250489097,0.0,0.21836406716941875,0.8113625499847459,0.9703590039540978,False
v3,test,short_gaps,16102,template_1,1.0915828221589643,0.5944959025894833,0.6121185305399222,0.0,0.19296640394383824,0.8291174736613375,0.9762970158165928,False
v3,test,short_gaps,16102,dictionary_8,0.9887822230421258,0.5385088224357022,0.47266020708370315,0.0,0.17479365375744912,0.9427481429529263,0.9829731661208599,False
v3,test,short_gaps,16102,dictionary_24,1.4447552134883213,0.7868400246211659,0.7591652818258026,0.0,0.25539905215305253,0.8614813196434103,0.9636737128030949,True
v3,test,short_gaps,16102,dictionary_48,1.0646461192798937,0.5798256831926579,0.5741201688030779,0.0,0.1882046226266887,0.8852025481215058,0.9786622596026456,False
v3,test,short_gaps,16102,local_pca_8,1.3668939386263168,0.7444353550567392,0.7144781791945012,0.0,0.2416349932913643,0.871067356256377,0.9671232201500022,False
v3,test,short_gaps,16102,local_pca_16,0.84104150922957,0.4580465366391057,0.5210180600804768,0.0,0.1486765386088993,0.8858115220770905,0.9856746673747434,False
v3,test,short_gaps,16102,local_pca_32,0.6102500283326098,0.3323532892184156,0.3977637181890168,0.0,0.10787798331331779,0.9399077969536707,0.9924565732601539,False
v3,test,short_gaps,16102,local_dictionary_8,1.4855024670909915,0.8090317216841986,0.8686996388607477,0.0,0.2626022169873466,0.7442924988023725,0.957606787443742,False
v3,test,short_gaps,16102,local_dictionary_24,1.512865497834141,0.823934127007011,0.8574920180708061,0.0,0.2674393631354208,0.7485380580928823,0.9564218770588662,False
v3,test,short_gaps,16205,zero_fill,0.7304680207646751,1.0,0.4018191401293228,0.0,0.1291297227306544,,0.9926141392710224,False
v3,test,short_gaps,16205,linear,1.9855786643515991,2.7182280509323844,1.3553207220838326,0.0,0.3510040345355859,-0.3067477116508937,0.9480964864173511,False
v3,test,short_gaps,16205,pchip,2.033010740780484,2.7831618674452985,1.3859993930500885,0.0,0.3593889202577416,-0.31531344777319054,0.9457412673988534,False
v3,test,short_gaps,16205,autoregression,5.443606445157538,7.45221733246996,3.0217475311904556,0.0,0.9623027578704226,0.5032942281492563,0.7559834573549032,False
v3,test,short_gaps,16205,pca_r32_l01,0.3790829640400255,0.518959014308649,0.2606384560942886,0.0,0.06701303362624955,0.8536187421390445,0.9980141245649402,False
v3,test,short_gaps,16205,pca_r64_l01,0.8693694122933239,1.1901539664710343,0.4756956413660868,0.0,0.15368425169719319,0.5647760885948185,0.9896727582497479,False
v3,test,short_gaps,16205,pca_r96_l01,0.5475590127403006,0.7496002524068062,0.43918505305120237,0.0,0.09679567275211944,0.8668655699471257,0.9959193448433641,False
v3,test,short_gaps,16205,pca_r64_l001,1.0015782450650899,1.3711459182246044,0.5432967384280678,0.0,0.1770556922436117,0.5264285482998061,0.9863750117139676,False
v3,test,short_gaps,16205,pca_r64_l1,0.47698343737923765,0.6529833255122073,0.2703810684248031,0.0,0.08431955577113198,0.7701858287599395,0.9968559842941813,False
v3,test,short_gaps,16205,template_1,0.4409584868685788,0.6036656969691441,0.2799735103391032,0.0,0.0779511840716328,0.8575523291829992,0.9973280324984536,False
v3,test,short_gaps,16205,dictionary_8,0.32742942377808687,0.4482460757629393,0.2019031296990758,0.0,0.057881891478372256,0.9039257645032768,0.9985212099466791,False
v3,test,short_gaps,16205,dictionary_24,0.3368017195052078,0.46107661106455283,0.2002328251870071,0.0,0.059538694944355486,0.8873987248940288,0.9984329702588911,True
v3,test,short_gaps,16205,dictionary_48,0.32837945169538224,0.4495466500390053,0.19765719085096914,0.0,0.05804983427403128,0.8933865234940809,0.9985104292621081,False
v3,test,short_gaps,16205,local_pca_8,0.372076930750978,0.5093678575572371,0.23520388341227483,0.0,0.0657745302142735,0.8705848943021931,0.9980889555708636,False
v3,test,short_gaps,16205,local_pca_16,0.4570825172149903,0.6257392578753866,0.24425590946829057,0.0,0.08080153687113412,0.77832654386652,0.9971111080090237,False
v3,test,short_gaps,16205,local_pca_32,0.32273799291680977,0.4418235757657923,0.2025099856068313,0.0,0.057052555834503034,0.8914297239742349,0.9985600716447677,False
v3,test,short_gaps,16205,local_dictionary_8,0.42218573676158305,0.5779660775835563,0.23734226474362088,0.0,0.0746325993460885,0.8850458901178808,0.9975557444695389,False
v3,test,short_gaps,16205,local_dictionary_24,0.2906700614151101,0.39792304817235974,0.1819255527504176,0.0,0.05138369287863365,0.9147574475537373,0.9988325493953331,False
v3,test,short_gaps,16308,zero_fill,0.7342812199241606,1.0,0.47461523224611524,0.0,0.12980380747657613,,0.991846421578399,False
v3,test,short_gaps,16308,linear,2.1110603113934374,2.8750024569761923,1.4557160375519982,0.0,0.373186265420021,-0.2676303082947797,0.936798273124853,False
v3,test,short_gaps,16308,pchip,2.1635305976995265,2.9464604827057737,1.4985006462430852,0.0,0.38246178923447977,-0.27650105980068473,0.933868728230939,False
v3,test,short_gaps,16308,autoregression,3.91287897384535,5.3288561217042805,2.351573239447306,0.0,0.6917058140920767,0.4184996697072326,0.8328943660958731,False
v3,test,short_gaps,16308,pca_r32_l01,2.2519630705359432,3.066894548615222,1.6603118304990985,0.0,0.3980945895394112,0.28982147674409975,0.9312295036962581,False
v3,test,short_gaps,16308,pca_r64_l01,1.424507817159853,1.9400030649115358,1.0519243444876851,0.0,0.2518197843417447,0.47245912091843156,0.9707885457461378,False
v3,test,short_gaps,16308,pca_r96_l01,0.9748940477401824,1.3276848451072645,0.7629490959358851,0.0,0.17233854802387116,0.6235121665466338,0.9860039038152785,False
v3,test,short_gaps,16308,pca_r64_l001,1.5606697722356895,2.1254387690820713,1.1394765350347988,0.0,0.2758900447851802,0.45905950213549224,0.965300297575528,False
v3,test,short_gaps,16308,pca_r64_l1,0.966618849569422,1.3164150509926675,0.7289735089948921,0.0,0.17087568583831939,0.5409346088594965,0.9861432752046753,False
v3,test,short_gaps,16308,template_1,0.6674850524573219,0.9090318999664221,0.3878580088862182,0.0,0.11799580173330768,0.5343647092971978,0.9932725261368922,False
v3,test,short_gaps,16308,dictionary_8,0.443893148724582,0.6045274435459878,0.2573901546003293,0.0,0.07846996389635015,0.7935468862247553,0.9970249532825043,False
v3,test,short_gaps,16308,dictionary_24,0.546524408143881,0.7442984966990279,0.32609146321608073,0.0,0.09661277877062568,0.720672878062967,0.9954986851638762,True
v3,test,short_gaps,16308,dictionary_48,0.6153026317247856,0.8379659114641886,0.37714054015053367,0.0,0.1087711658436312,0.6385468930074233,0.9942923924326705,False
v3,test,short_gaps,16308,local_pca_8,0.8160961499600472,1.1114217929260628,0.5329524829213383,0.0,0.14426678043424576,0.5672250226126673,0.9900418115217247,False
v3,test,short_gaps,16308,local_pca_16,0.7958498962096001,1.0838489050445803,0.6264592221959219,0.0,0.14068771460410456,0.45941829448568544,0.9904682422251637,False
v3,test,short_gaps,16308,local_pca_32,1.2275739833837123,1.6718035952363057,0.9039487105414136,0.0,0.21700647201470127,0.420883896572422,0.9778846035389646,False
v3,test,short_gaps,16308,local_dictionary_8,0.5113464408009322,0.6963904658405209,0.28699329330125084,0.0,0.09039413395648616,0.7256478443771853,0.9960518441093437,False
v3,test,short_gaps,16308,local_dictionary_24,0.6215052503770059,0.8464131091915946,0.4685596901666547,0.0,0.10986764427115599,0.6843043079736006,0.99419350785089,False
v3,test,short_gaps,16411,zero_fill,1.4391146414257632,1.0,0.7641825631258767,0.0,0.25440193046425097,,0.9687497337532172,False
v3,test,short_gaps,16411,linear,3.268643488605676,2.271287772715145,2.079597648527827,0.0,0.5778199940185818,0.41173505518779824,0.8740483203862789,False
v3,test,short_gaps,16411,pchip,3.6631138613175676,2.5453940609543366,2.345457271743889,0.0,0.6475531628990226,0.40129220056598125,0.8503231085259481,False
v3,test,short_gaps,16411,autoregression,14.131658531391116,9.819689220443594,7.9520836809410795,0.0,2.498147894239846,0.14579513181132941,0.39283970075913077,False
v3,test,short_gaps,16411,pca_r32_l01,1.1747682296943485,0.8163131663579485,0.6688454864695932,0.0,0.20767164538484736,0.6841767460117326,0.9796129246166327,False
v3,test,short_gaps,16411,pca_r64_l01,0.6119218513304386,0.4252071612058605,0.44056414847217146,0.0,0.10817352265799489,0.8996915381053288,0.9944136737088467,False
v3,test,short_gaps,16411,pca_r96_l01,0.7616263656966953,0.5292325877124945,0.606346497433865,0.0,0.13463779197864964,0.84738576212731,0.9913555656939674,False
v3,test,short_gaps,16411,pca_r64_l001,0.591478733104471,0.4110018174219114,0.4301605777699804,0.0,0.10455965577644988,0.9067167194663182,0.994782174889855,False
v3,test,short_gaps,16411,pca_r64_l1,0.7994943382960864,0.5555459692245291,0.5079269730678544,0.0,0.1413319670323536,0.8242413900505947,0.9904526942187847,False
v3,test,short_gaps,16411,template_1,1.1245460827819604,0.7814152190598571,0.6326259592815933,0.0,0.1987935402229732,0.8907458273199138,0.9826522344270201,False
v3,test,short_gaps,16411,dictionary_8,0.9091298920425486,0.631728609988884,0.44173819135995906,0.0,0.16071297791067002,0.8713715696770201,0.9881321986835481,False
v3,test,short_gaps,16411,dictionary_24,0.9051664731937977,0.6289745424985941,0.46641007786260774,0.0,0.1600123378245114,0.8512076729889078,0.988100767704061,True
v3,test,short_gaps,16411,dictionary_48,0.7909904846065691,0.5496368821756389,0.437776236610776,0.0,0.1398286838798346,0.8471477746157529,0.9907172746518351,False
v3,test,short_gaps,16411,local_pca_8,1.1997234797021445,0.8336538627065537,0.6294004649801068,0.0,0.21208315201152692,0.6804243528165969,0.9787817704605029,False
v3,test,short_gaps,16411,local_pca_16,0.5984578419642099,0.4158514024784741,0.37963804934656864,0.0,0.10579339957679001,0.9066560190014081,0.9946623135080854,False
v3,test,short_gaps,16411,local_pca_32,0.6496578556741198,0.45142884171513203,0.432362105668319,0.0,0.11484436879957038,0.8899202677221671,0.9937089236573406,False
v3,test,short_gaps,16411,local_dictionary_8,0.8741280798559424,0.6074068421609026,0.4203867762754142,0.0,0.1545254732229282,0.8690891637606664,0.9889533651790214,False
v3,test,short_gaps,16411,local_dictionary_24,0.6338779754308509,0.44046384991459314,0.33702662667457906,0.0,0.11205485371798861,0.9368864631011165,0.994214825019252,False
v3,test,short_gaps,16514,zero_fill,0.4870853660760576,1.0,0.35527785829536374,0.0,0.08610534134227807,,0.9968941346241642,False
v3,test,short_gaps,16514,linear,1.051739559085837,2.1592509903522936,0.7561659767834513,0.0,0.1859230435679362,-0.14164831296891112,0.9856656636146501,False
v3,test,short_gaps,16514,pchip,0.8997205215832041,1.8471516170385505,0.6967104520205556,0.0,0.1590496204960453,-0.18407806541643384,0.9894489113570085,False
v3,test,short_gaps,16514,autoregression,10.755300905076924,22.08093622627435,5.83911561927456,0.0,1.9012865509204262,-0.5005118852091471,0.47089975416778096,False
v3,test,short_gaps,16514,pca_r32_l01,0.9384711212481732,1.926707691525334,0.6360484903578942,0.0,0.1658998234455815,0.18685651634500441,0.9885962316317531,False
v3,test,short_gaps,16514,pca_r64_l01,0.9261016375103369,1.901312792398135,0.7472179600352253,0.0,0.1637131869878813,0.07285502710526191,0.9888652040756953,False
v3,test,short_gaps,16514,pca_r96_l01,0.6281734925569942,1.2896579045630903,0.508959821220686,0.0,0.11104643408717195,0.40218359323222563,0.9948536573874425,False
v3,test,short_gaps,16514,pca_r64_l001,1.1179899503029922,2.295264912821092,0.8840190349420656,0.0,0.19763456878941424,0.02574428639375973,0.9838779662320278,False
v3,test,short_gaps,16514,pca_r64_l1,0.5840761945172412,1.1991249074521337,0.4703447942761067,0.0,0.10325105946819357,0.28710595301848063,0.9955393969764573,False
v3,test,short_gaps,16514,template_1,0.5962416420078989,1.224100914406853,0.40556960643065315,0.0,0.10540162707239678,0.1882238124956425,0.995349997758997,False
v3,test,short_gaps,16514,dictionary_8,0.6710804386413965,1.3777470755231196,0.42787537277637,0.0,0.11863138222124359,0.201904740102799,0.9941187260131358,False
v3,test,short_gaps,16514,dictionary_24,0.6339364258025485,1.3014893691213056,0.3410611947102812,0.0,0.11206518638153617,0.40851785415917663,0.994760702104198,True
v3,test,short_gaps,16514,dictionary_48,0.6520436431153896,1.3386639971720564,0.37108296166017785,0.0,0.11526612041911827,0.3893133601961482,0.9944584993614843,False
v3,test,short_gaps,16514,local_pca_8,0.8696697088648436,1.7854564506235773,0.5120426936915181,0.0,0.15373733713271537,0.2117459187591565,0.9901856722447459,False
v3,test,short_gaps,16514,local_pca_16,0.6086303584003618,1.249535298716663,0.3382060811455997,0.0,0.10759166341522367,0.3345109893897628,0.9951613414711035,False
v3,test,short_gaps,16514,local_pca_32,0.4790399062840992,0.9834824440389733,0.3304951877678942,0.0,0.0846830915481137,0.47926952800151656,0.9969977188925223,False
v3,test,short_gaps,16514,local_dictionary_8,0.7228336532630403,1.4839978853936067,0.4077638139115814,0.0,0.12778014447303537,0.3299710913111504,0.9931988100507481,False
v3,test,short_gaps,16514,local_dictionary_24,0.7696182398045205,1.5800479616222873,0.43420407338313244,0.0,0.13605056907265772,0.33703798896040726,0.9923041843523426,False
v3,test,short_gaps,16616,zero_fill,1.0981122868580797,1.0,0.5384441159236422,0.0,0.19412066113540388,,0.9768331391786033,False
v3,test,short_gaps,16616,linear,1.0584944645689138,0.9639218841612998,0.6051088291552855,0.0,0.18711715343627572,0.4236943845479517,0.9785444068448454,False
v3,test,short_gaps,16616,pchip,1.0652379014600915,0.9700628198123086,0.634008227686672,0.0,0.18830923592483947,0.32590087066724804,0.9782479780059257,False
v3,test,short_gaps,16616,autoregression,4.82180837066595,4.39099755860315,2.292678339822643,0.0,0.8523833491199879,0.2806838612707083,0.7331702107311805,False
v3,test,short_gaps,16616,pca_r32_l01,0.4083961766362087,0.3719074829812827,0.3197613686686111,0.0,0.07219492647753056,0.9246821509577585,0.9968239467129308,False
v3,test,short_gaps,16616,pca_r64_l01,0.8143170140731656,0.7415607892004291,0.5667259418977081,0.0,0.14395227067167915,0.9159098456702398,0.9882196073540892,False
v3,test,short_gaps,16616,pca_r96_l01,0.9329918619025536,0.8496324766313571,0.731002892692463,0.0,0.16493121808578962,0.7665784610932028,0.9838972788584147,False
v3,test,short_gaps,16616,pca_r64_l001,1.0447077483921894,0.9513669602780864,0.7018124561509927,0.0,0.18467998331156166,0.9003006354858666,0.9811361222477514,False
v3,test,short_gaps,16616,pca_r64_l1,0.30390645135377936,0.27675352966254196,0.22906651329445832,0.0,0.05372357814964925,0.9612816388327751,0.9982456977648146,False
v3,test,short_gaps,16616,template_1,0.9489735700343525,0.8641862780258628,0.5075472834436885,0.0,0.1677564116345244,0.5411248288079032,0.9827695088619757,False
v3,test,short_gaps,16616,dictionary_8,0.6501977092781057,0.592104939594522,0.3573194605865535,0.0,0.11493980233562698,0.813322400519817,0.9919398495791191,False
v3,test,short_gaps,16616,dictionary_24,0.5503615026440013,0.5011887301786745,0.3075986909655004,0.0,0.09729108765589783,0.855231430918511,0.9942196768596497,True
v3,test,short_gaps,16616,dictionary_48,0.3452602837195097,0.31441254947375996,0.2375626798888249,0.0,0.06103397197311416,0.9526964267941747,0.9977431658113792,False
v3,test,short_gaps,16616,local_pca_8,0.28993700564623553,0.26403220245882475,0.21172187703228015,0.0,0.051254105702343865,0.9635122874737326,0.9984019010769313,False
v3,test,short_gaps,16616,local_pca_16,0.4752574466046032,0.4327949448270089,0.328408932442136,0.0,0.08401444082587961,0.8975734571437896,0.9956973159172955,False
v3,test,short_gaps,16616,local_pca_32,0.32837383851511176,0.2990348459306064,0.22714834003062517,0.0,0.05804884199457296,0.9514262102272354,0.9979469758170318,False
v3,test,short_gaps,16616,local_dictionary_8,0.9933907134182463,0.9046349133024794,0.5334411328287079,0.0,0.17560832745644606,0.481951651347337,0.981105610636015,False
v3,test,short_gaps,16616,local_dictionary_24,0.5031888257035231,0.4582307581160462,0.27797389402488265,0.0,0.08895205771806423,0.8931429318279022,0.9951933100715998,False
v3,test,short_gaps,16719,zero_fill,1.277217145499732,1.0,0.5751361688161127,0.0,0.22578222615764645,,0.9810576555193713,False
v3,test,short_gaps,16719,linear,3.446434647937032,2.6983936600604888,2.1358901570252495,0.0,0.6092493276181367,0.3530645589391885,0.8879760107072029,False
v3,test,short_gaps,16719,pchip,3.9476975385724593,3.0908585532868478,2.4393055413399547,0.0,0.697860924899507,0.3213877360279774,0.860571952788797,False
v3,test,short_gaps,16719,autoregression,5.698908738513019,4.461973250666963,3.4247563144227247,0.0,1.0074342535914573,0.24472550183567834,0.75788138414342,False
v3,test,short_gaps,16719,pca_r32_l01,3.2353169311254466,2.5330985749174046,2.1527235608109017,0.0,0.5719286353216134,0.2892590635013834,0.8961730077385356,False
v3,test,short_gaps,16719,pca_r64_l01,3.1575732415177913,2.472228980517122,2.198295860070858,0.0,0.5581853627926047,0.2852439877389099,0.9002830922916193,False
v3,test,short_gaps,16719,pca_r96_l01,2.645577825598637,2.0713610327893863,1.9266806079677476,0.0,0.4676765051593894,0.357106976754403,0.9270964563930705,False
v3,test,short_gaps,16719,pca_r64_l001,3.7308336869503624,2.9210645191351645,2.6329197418632644,0.0,0.6595244498804526,0.24087289814417284,0.8682218034610499,False
v3,test,short_gaps,16719,pca_r64_l1,1.4701710100315553,1.1510736566696549,1.01429401132102,0.0,0.25989197267429714,0.5503526901954114,0.9756201591530568,False
v3,test,short_gaps,16719,template_1,0.8682619330753184,0.6798076083887808,0.49729764552072764,0.0,0.15348847518092448,0.7252971044505538,0.9912838161666209,False
v3,test,short_gaps,16719,dictionary_8,0.5159941205626313,0.40399874240706357,0.34048354409822035,0.0,0.09121573542555637,0.9177184910784348,0.9969344470994032,False
v3,test,short_gaps,16719,dictionary_24,0.6160718735428349,0.4823548413154027,0.37926660516491995,0.0,0.10890714987010994,0.8819407138196859,0.9956268028545269,True
v3,test,short_gaps,16719,dictionary_48,0.531850294185831,0.4164133687523713,0.34823432790705244,0.0,0.09401873739871534,0.9100031867289058,0.9967410149284015,False
v3,test,short_gaps,16719,local_pca_8,0.4050884054609617,0.3171648665133322,0.2597777708998784,0.0,0.07161018962037292,0.9521950625045371,0.9981143058721409,False
v3,test,short_gaps,16719,local_pca_16,0.6007446096884868,0.47035432604800775,0.4870650368706731,0.0,0.10619764681799869,0.8923760844338217,0.995854314726319,False
v3,test,short_gaps,16719,local_pca_32,1.0790618214459302,0.8448538490482992,0.737992834968726,0.0,0.1907529828159812,0.7342922290542911,0.9867904305733041,False
v3,test,short_gaps,16719,local_dictionary_8,0.50285829630268,0.3937140196359707,0.38118061357373023,0.0,0.0888936278228848,0.9245689550192823,0.9970912289454698,False
v3,test,short_gaps,16719,local_dictionary_24,0.3649270700089429,0.28572045974700666,0.28418709748992693,0.0,0.06451060146046537,0.9645112276376048,0.9984726135771472,False
v3,test,short_gaps,16822,zero_fill,2.7385094771506955,1.0,1.3485799472153293,0.0,0.48410465540922093,,0.8363346929008462,False
v3,test,short_gaps,16822,linear,2.6640047154623803,0.9727936812671416,1.537073965048954,0.0,0.470933949854097,0.2653753263690662,0.8464323473619485,False
v3,test,short_gaps,16822,pchip,2.6971073950053532,0.9848815267974097,1.595555635570285,0.0,0.47678573214916736,0.2619278489582877,0.8426952547553614,False
v3,test,short_gaps,16822,autoregression,10.356311595639951,3.7817329762960177,5.343112633388989,0.0,1.8307545393394706,0.15646931536339662,0.39637031162339026,False
v3,test,short_gaps,16822,pca_r32_l01,1.8025691995676925,0.6582300388615745,1.0336839400953641,0.0,0.31865222614308064,0.7517991815188673,0.9327352594222564,False
v3,test,short_gaps,16822,pca_r64_l01,1.520508265004582,0.5552320624380702,0.8252855858344766,0.0,0.268790426258733,0.8355570360159507,0.9528119691943902,False
v3,test,short_gaps,16822,pca_r96_l01,1.4017716645543061,0.5118739505012745,0.8721926159838368,0.0,0.24780056242037604,0.8715505601457882,0.9604599000671035,False
v3,test,short_gaps,16822,pca_r64_l001,1.4834655925821976,0.5417054806491601,0.8189941725110808,0.0,0.26224214504294807,0.84325740306752,0.955102413642111,False
v3,test,short_gaps,16822,pca_r64_l1,1.6998348295592283,0.6207153357482025,0.8855888268435703,0.0,0.3004911837196024,0.792696047489472,0.9407312475242389,False
v3,test,short_gaps,16822,template_1,2.729993504443701,0.9968902891233171,1.3168220280150302,0.0,0.482599229896842,0.15410768690065435,0.8376238232343811,False
v3,test,short_gaps,16822,dictionary_8,2.3377373157650125,0.8536531771280669,1.1912331181266602,0.0,0.4132574771525694,0.5068068519768251,0.8836661719980589,False
v3,test,short_gaps,16822,dictionary_24,2.141814627061451,0.7821096274933909,1.1068487283618393,0.0,0.37862291170992207,0.6199347257461421,0.9034855359945301,True
v3,test,short_gaps,16822,dictionary_48,1.9408483306093045,0.7087243432250875,1.0280262126477404,0.0,0.34309675395710737,0.7153971203542555,0.9218036297794238,False
v3,test,short_gaps,16822,local_pca_8,1.7392784999123747,0.6351186710962275,0.8973812145926632,0.0,0.3074639054150015,0.7758664337785747,0.9376857936492557,False
v3,test,short_gaps,16822,local_pca_16,1.3188777321165954,0.48160422416680204,0.7278646656185963,0.0,0.23314684698389487,0.892804958540518,0.965349299570846,False
v3,test,short_gaps,16822,local_pca_32,1.311968243426918,0.4790811404428536,0.7559188435061897,0.0,0.2319254104071442,0.8972859699305927,0.9658604273731112,False
v3,test,short_gaps,16822,local_dictionary_8,2.2654890039091438,0.8272708284604113,1.176389486270213,0.0,0.40048565934192815,0.548878492361997,0.8911695216552172,False
v3,test,short_gaps,16822,local_dictionary_24,2.0728710147531326,0.7569340300073996,1.0527613444419983,0.0,0.366435287764245,0.6439748002499774,0.9097753532246748,False
v3,test,short_gaps,16925,zero_fill,1.2579528112227383,1.0,0.6233532896042951,0.0,0.22237674080706982,,0.983282919817422,False
v3,test,short_gaps,16925,linear,1.72927699346556,1.3746755665537975,1.1328350595822199,0.0,0.30569587215734567,0.322919414482286,0.9692124470196328,False
v3,test,short_gaps,16925,pchip,1.9937803842508979,1.5849405211892889,1.3463741250247492,0.0,0.3524539074751326,0.2761562198106748,0.9596095660140219,False
v3,test,short_gaps,16925,autoregression,10.037279003622356,7.9790584464500345,5.312016311839996,0.0,1.77435701203068,0.16210814138977872,0.5707677498507958,False
v3,test,short_gaps,16925,pca_r32_l01,0.7976164182675288,0.6340590927987517,0.5810092540120639,0.0,0.14099999453567383,0.8623201705513229,0.9934342621412406,False
v3,test,short_gaps,16925,pca_r64_l01,0.7437627017304209,0.5912484912748665,0.5949862618692676,0.0,0.13147991249680205,0.8591023372743056,0.9942513636253849,False
v3,test,short_gaps,16925,pca_r96_l01,0.6949418692459499,0.5524387425713226,0.5522672468555414,0.0,0.12284952706856657,0.9007234347871171,0.9950251267058844,False
v3,test,short_gaps,16925,pca_r64_l001,0.8201911141241208,0.6520046752205989,0.6655687778081916,0.0,0.14499067466652882,0.8390862657854528,0.9930283313051373,False
v3,test,short_gaps,16925,pca_r64_l1,0.5937239609202256,0.47197633776351444,0.4263307382964738,0.0,0.10495655972990707,0.9022308358867008,0.9963239198258436,False
v3,test,short_gaps,16925,template_1,0.6590845400530755,0.5239342320102143,0.43112075653618254,0.0,0.11651078691168658,0.8517662552416706,0.9954389362268926,False
v3,test,short_gaps,16925,dictionary_8,0.5365907653064298,0.4265587393416293,0.34905086342304625,0.0,0.09485674221756393,0.906441224971797,0.9969795442054508,False
v3,test,short_gaps,16925,dictionary_24,0.4927039797737354,0.3916712736583688,0.31756199147127084,0.0,0.08709858130390197,0.920297573209244,0.9974532580644563,True
v3,test,short_gaps,16925,dictionary_48,0.46653901521377217,0.3708716344934221,0.3140451149856729,0.0,0.08247322533643804,0.9270555722637029,0.9977156464764505,False
v3,test,short_gaps,16925,local_pca_8,0.7104236866080735,0.564745895291205,0.4412487720193924,0.0,0.12558635157902887,0.8921188960257389,0.9947932169223989,False
v3,test,short_gaps,16925,local_pca_16,0.7475431408300642,0.5942537225251299,0.4665177259257638,0.0,0.13214820602760718,0.8418372641199212,0.9941701658712193,False
v3,test,short_gaps,16925,local_pca_32,0.5214726215308684,0.4145406861677058,0.3815301270428503,0.0,0.09218420672190077,0.9139205724583648,0.9971513964632348,False
v3,test,short_gaps,16925,local_dictionary_8,0.48356502935941525,0.38440633467752017,0.31688266492857176,0.0,0.08548302785117862,0.9214160013323333,0.997545692796105,False
v3,test,short_gaps,16925,local_dictionary_24,0.5043296033436511,0.4009129745124854,0.31037169083476324,0.0,0.08915372061935432,0.9139189554613221,0.9973298789461648,False
v3,test,short_gaps,17028,zero_fill,1.106958243253374,1.0,0.677979759375297,0.0,0.1956844200737021,,0.980879419407739,False
v3,test,short_gaps,17028,linear,2.5404064710989838,2.2949433608558483,1.599771367880195,0.0,0.44908466067106956,0.07289899952016198,0.9092088563392754,False
v3,test,short_gaps,17028,pchip,2.078613672566881,1.877770625256641,1.344507555685819,0.0,0.36745045583477887,0.05371038553813757,0.9361449213591562,False
v3,test,short_gaps,17028,autoregression,3.6566246030529563,3.303308526169929,2.1967438932450634,0.0,0.6464060132680781,0.32645357152274446,0.8424902947612457,False
v3,test,short_gaps,17028,pca_r32_l01,0.9787147940977895,0.8841478891031388,0.5986490062167468,0.0,0.17301396693853563,0.5316414430375673,0.9851134780168322,False
v3,test,short_gaps,17028,pca_r64_l01,1.2833962073146696,1.1593899003297006,0.8092823104476659,0.0,0.22687454028532478,-0.1206410608441019,0.9742711588206316,False
v3,test,short_gaps,17028,pca_r96_l01,1.0024593515262472,0.9055981629261802,0.8055655005791618,0.0,0.1772114513320196,0.5555074886134668,0.9844256317317363,False
v3,test,short_gaps,17028,pca_r64_l001,1.3738988301710602,1.2411478378200989,0.8718858882133352,0.0,0.2428732948695554,-0.22521208368887105,0.9705193157970585,False
v3,test,short_gaps,17028,pca_r64_l1,1.0427940212299613,0.9420355533603213,0.6214588122762031,0.0,0.18434168094812356,0.3556412174622666,0.9830506571977392,False
v3,test,short_gaps,17028,template_1,0.7661726720461149,0.6921423429616613,0.46020913574256533,0.0,0.13544147299090617,0.7489089669584958,0.9909137564399869,False
v3,test,short_gaps,17028,dictionary_8,0.6270853386013359,0.5664941224506523,0.37245209474749574,0.0,0.11085407382691671,0.8236708837380197,0.9939035098004629,False
v3,test,short_gaps,17028,dictionary_24,0.7708123697124518,0.6963337365346481,0.4978907206199704,0.0,0.1362616634115367,0.7442285491743431,0.9907820770320751,True
v3,test,short_gaps,17028,dictionary_48,0.8827398229602539,0.7974463610893421,0.5107588129315965,0.0,0.156047828709652,0.6206507204074074,0.9878853712433024,False
v3,test,short_gaps,17028,local_pca_8,0.9628502497188849,0.8698162334371777,0.5680243444219988,0.0,0.17020948521084603,0.5363795250216234,0.9855854726522522,False
v3,test,short_gaps,17028,local_pca_16,1.0966019273892171,0.9906443482152322,0.6125508468241402,0.0,0.19385366477978835,0.31624453791659995,0.981259401689043,False
v3,test,short_gaps,17028,local_pca_32,0.9198130126252773,0.8309374072882163,0.5570999922043155,0.0,0.16260150466274026,0.5529440785416174,0.9868352170086283,False
v3,test,short_gaps,17028,local_dictionary_8,0.5611164679261299,0.5068993987316058,0.3506252066862648,0.0,0.09919231487650258,0.894091374634847,0.9951741221339344,False
v3,test,short_gaps,17028,local_dictionary_24,0.6931903473532904,0.6262118301011872,0.43062659029311584,0.0,0.12253989881664251,0.8554674047141668,0.992567515550853,False
v3,test,short_gaps,17131,zero_fill,1.3522775627072419,1.0,0.7920250103127114,0.0,0.23905115865917687,,0.9728960441611338,False
v3,test,short_gaps,17131,linear,1.3144530102763494,0.9720290024222777,0.7322240202620023,0.0,0.23236465927936933,0.4532880649110793,0.9746570486852559,False
v3,test,short_gaps,17131,pchip,1.394417966791648,1.0311625403293994,0.76817322584261,0.0,0.24650060003168311,0.44254545028596,0.9716194182495156,False
v3,test,short_gaps,17131,autoregression,10.502518447681652,7.766540492364414,5.807333202624195,0.0,1.856600503473127,-0.4513216004781258,0.4044731402403785,False
v3,test,short_gaps,17131,pca_r32_l01,1.5373410886894008,1.1368532105285132,1.1496255880919297,0.0,0.2717660772022462,0.3451747960604524,0.9654719776865028,False
v3,test,short_gaps,17131,pca_r64_l01,1.0403229377826642,0.7693116904934453,0.7623527882813744,0.0,0.18390485098250814,0.638620872011404,0.9840511929635306,False
v3,test,short_gaps,17131,pca_r96_l01,1.2771899115664278,0.9444731960275303,0.9938591900946019,0.0,0.225777411832917,0.5905337344122396,0.9763055892822086,False
v3,test,short_gaps,17131,pca_r64_l001,1.0357924782634949,0.7659614466943103,0.7704684763083771,0.0,0.18310397132053421,0.6445518895379888,0.9841938929410201,False
v3,test,short_gaps,17131,pca_r64_l1,1.066196996739988,0.7884453799599216,0.7167732472073427,0.0,0.1884787816188942,0.6093161990072753,0.9832329114142184,False
v3,test,short_gaps,17131,template_1,1.6070564007843318,1.1884072065553066,0.9289095354578691,0.0,0.28409011968596176,0.405444176359607,0.9626845533524605,False
v3,test,short_gaps,17131,dictionary_8,1.2904628229907003,0.9542884231601171,0.7703132177359331,0.0,0.22812375325146486,0.4500378357377811,0.975468553136552,False
v3,test,short_gaps,17131,dictionary_24,1.231511187183146,0.9106940920602696,0.7084553334098109,0.0,0.21770247789107455,0.45436519393611546,0.9775983275783857,True
v3,test,short_gaps,17131,dictionary_48,1.1483800284726708,0.8492191693054709,0.648118320854737,0.0,0.20300682637805653,0.5235058513064837,0.980522053216344,False
v3,test,short_gaps,17131,local_pca_8,1.1518159523896878,0.8517600115199482,0.74223207488969,0.0,0.20361421765339746,0.5509280088326712,0.9804438462292709,False
v3,test,short_gaps,17131,local_pca_16,1.2033966136984122,0.8899035574392199,0.890303817506201,0.0,0.21273247650076887,0.5367348769523134,0.9786918254672141,False
v3,test,short_gaps,17131,local_pca_32,1.2273625581445258,0.907626209287509,0.9091365017147459,0.0,0.21696909695961558,0.5199078039904477,0.9778415633992105,False
v3,test,short_gaps,17131,local_dictionary_8,1.548420466389299,1.1450463344887434,0.9592602780841579,0.0,0.2737246529779775,0.3263388367010401,0.9649266877921194,False
v3,test,short_gaps,17131,local_dictionary_24,1.2296065599594692,0.9092856332673398,0.8145637006106072,0.0,0.21736578418470093,0.47890899584235574,0.9776922341043767,False
v3,test,short_gaps,17233,zero_fill,2.5118083112483123,1.0,1.2088973003466374,0.0,0.44402917248110296,,0.8775514329866558,False
v3,test,short_gaps,17233,linear,3.1486689449413467,1.2535466702777684,1.818537398465868,0.0,0.5566112906698795,-0.05446784393893013,0.8102943023015164,False
v3,test,short_gaps,17233,pchip,3.2094224842618746,1.2777338421445321,1.8693597354030704,0.0,0.5673511005785368,-0.06503892386561361,0.8037094714975571,False
v3,test,short_gaps,17233,autoregression,13.35440106921469,5.316648173115508,7.686846130691645,0.0,2.360746888681647,-0.15346606090431059,0.23124497100276206,False
v3,test,short_gaps,17233,pca_r32_l01,1.9410067146503174,0.7727527239869991,1.080104547334845,0.0,0.34312475256446534,0.7378577463689947,0.9294439222784637,False
v3,test,short_gaps,17233,pca_r64_l01,1.0808741397949213,0.43031712848252784,0.658377093824795,0.0,0.19107335846454127,0.9088220378023997,0.9788037756218311,False
v3,test,short_gaps,17233,pca_r96_l01,0.9758784762842891,0.38851630194634534,0.6233536201385187,0.0,0.17251257204865406,0.9216916964239593,0.9825166547397216,False
v3,test,short_gaps,17233,pca_r64_l001,1.3235708538235869,0.526939435583682,0.8259006436948741,0.0,0.2339764815298817,0.8907291792083355,0.9699952470188195,False
v3,test,short_gaps,17233,pca_r64_l1,1.304037321679489,0.5191627545142614,0.7321060920114937,0.0,0.23052340826997744,0.9092542459468012,0.9695750887775871,False
v3,test,short_gaps,17233,template_1,3.1128235017592587,1.2392758984909384,1.5229108079179021,0.0,0.5502746516827067,0.15335968020373622,0.8199895025466736,False
v3,test,short_gaps,17233,dictionary_8,2.091488210942258,0.8326623498999552,1.031118727806775,0.0,0.36972637418224774,0.5769149085566371,0.916983704011292,False
v3,test,short_gaps,17233,dictionary_24,1.5276876287005168,0.608202314587171,0.8250759125162852,0.0,0.270059570447233,0.8045969227405576,0.9567718189570156,True
v3,test,short_gaps,17233,dictionary_48,1.1362108485059164,0.4523477541728672,0.6271931409997636,0.0,0.2008555989590636,0.8957690191235673,0.9763278254342792,False
v3,test,short_gaps,17233,local_pca_8,1.976544052382777,0.7869008329702035,0.9848632155052995,0.0,0.34940692568845005,0.7680038149810265,0.9267761778352517,False
v3,test,short_gaps,17233,local_pca_16,0.9001302430462848,0.35835944925229596,0.49445822382041027,0.0,0.15912204970228078,0.9351920660540679,0.98519667616185,False
v3,test,short_gaps,17233,local_pca_32,0.9926594274366491,0.3951971267040357,0.5412950535422494,0.0,0.17547905313730255,0.9242419476539839,0.982086531728706,False
v3,test,short_gaps,17233,local_dictionary_8,1.997550869086264,0.7952640574286205,1.065528043298187,0.0,0.3531204413239947,0.609720748065585,0.9245338091877947,False
v3,test,short_gaps,17233,local_dictionary_24,0.9578947629018506,0.3813566340282545,0.5293481216337772,0.0,0.16933347062774468,0.9258754326122425,0.9831851411545873,False
v3,test,short_gaps,17336,zero_fill,1.1975692338872912,1.0,0.6499315074046104,0.0,0.21170233155552057,,0.9710993650734893,False
v3,test,short_gaps,17336,linear,2.408170459009709,2.0108820357657526,1.5765038452175162,0.0,0.4257084154547215,-0.18134248106627424,0.8910205184909546,False
v3,test,short_gaps,17336,pchip,2.472509698856423,2.064606896112966,1.6170419930843303,0.0,0.4370820936527213,-0.18573756040897946,0.885814753590806,False
v3,test,short_gaps,17336,autoregression,5.889620264090051,4.917978933854567,3.3333067925623148,0.0,1.041147606837945,0.5975705438623176,0.6950357302290567,False
v3,test,short_gaps,17336,pca_r32_l01,0.635015000984689,0.5302532688848729,0.4110253632594082,0.0,0.11225585333786393,0.9029859060985683,0.9920147080833739,False
v3,test,short_gaps,17336,pca_r64_l01,1.0647323615433935,0.8890779183490617,0.7403810033820851,0.0,0.18821986824902506,0.6757975342453522,0.9777877273383216,False
v3,test,short_gaps,17336,pca_r96_l01,0.8430649021267212,0.7039800942365108,0.6605764486738926,0.0,0.14903422731854438,0.7987581254246872,0.986079102956488,False
v3,test,short_gaps,17336,pca_r64_l001,1.2485038171613545,1.0425316397856434,0.8560244493001751,0.0,0.2207063788630208,0.6257108730214029,0.9698964536501996,False
v3,test,short_gaps,17336,pca_r64_l1,0.6753437446677634,0.5639287696758942,0.4800356655435855,0.0,0.11938503537162294,0.8244101959989109,0.9908993572495797,False
v3,test,short_gaps,17336,template_1,1.251929982654619,1.0453925729127775,0.6853836012694242,0.0,0.22131204507645952,0.1753983496124174,0.9684263685141454,False
v3,test,short_gaps,17336,dictionary_8,1.0281329960161734,0.8585165407755755,0.5272842900680961,0.0,0.18174995336116948,0.4993112694213966,0.9787674199696642,False
v3,test,short_gaps,17336,dictionary_24,0.872815987797297,0.728822988349617,0.46820512303395767,0.0,0.15429352592487589,0.7022630845042177,0.9847597229615815,True
v3,test,short_gaps,17336,dictionary_48,0.833449730175446,0.6959511872813241,0.4489374872457697,0.0,0.14733448899628904,0.7310305679193604,0.9861139339672732,False
v3,test,short_gaps,17336,local_pca_8,0.61699674037487,0.5152075745734617,0.36407752240666824,0.0,0.10907064477226658,0.8977113582571759,0.9924562459258109,False
v3,test,short_gaps,17336,local_pca_16,0.58525612277401,0.48870337197481073,0.34992967282748266,0.0,0.10345964328611226,0.8715899467131637,0.9931738742939604,False
v3,test,short_gaps,17336,local_pca_32,0.5804883558490181,0.48472216839168614,0.3381139731260111,0.0,0.1026168132051676,0.8789686887391165,0.9932931198139211,False
v3,test,short_gaps,17336,local_dictionary_8,0.9731886610258944,0.812636658898575,0.5305835356108194,0.0,0.1720370753963166,0.569498653597306,0.9809963269240802,False
v3,test,short_gaps,17336,local_dictionary_24,0.7442333751847989,0.6214533190444689,0.42818392201718136,0.0,0.13156311659463082,0.7842746685887695,0.9889389042429193,False
v3,test,short_gaps,17439,zero_fill,0.9195319764822714,1.0,0.5560845259680991,0.0,0.16255182402212073,,0.9882412465361532,False
v3,test,short_gaps,17439,linear,2.6478281448946563,2.8795389530923035,1.664618584319379,0.0,0.468074309167902,-0.027281067698802366,0.9125130267211184,False
v3,test,short_gaps,17439,pchip,2.1930800443780383,2.384995954972449,1.3748000587761189,0.0,0.3876854427661514,-0.0529766853265129,0.9373056890665116,False
v3,test,short_gaps,17439,autoregression,7.348663733517774,7.991743540698344,4.155945330251421,0.0,1.2990724896575174,-0.13305287482560355,0.6151265257440736,False
v3,test,short_gaps,17439,pca_r32_l01,0.745375557319313,0.8106031942149474,0.4017870430222776,0.0,0.1317650277777971,0.6242438529876047,0.9922977832088175,False
v3,test,short_gaps,17439,pca_r64_l01,0.7543371712510362,0.8203490368402429,0.520186495385212,0.0,0.13334923227317141,0.6113624977276862,0.9921102702964884,False
v3,test,short_gaps,17439,pca_r96_l01,0.6712970199115513,0.7300420617014769,0.5366173170854741,0.0,0.11866966874244468,0.7134014596968733,0.9937597045331101,False
v3,test,short_gaps,17439,pca_r64_l001,0.9099175809303276,0.9895442509908962,0.6090345832667983,0.0,0.16085222294917345,0.48598566723109415,0.9885406630465626,False
v3,test,short_gaps,17439,pca_r64_l1,0.474543454011975,0.5160706382690153,0.32082234043835245,0.0,0.08388822357488851,0.9134835498637811,0.9968911942047836,False
v3,test,short_gaps,17439,template_1,1.8089355060232402,1.9672350198667796,0.9748273950763843,0.0,0.31977764075953796,-0.1142587594961896,0.9557027072161458,False
v3,test,short_gaps,17439,dictionary_8,1.3197951764304237,1.435290136923117,0.5965298281636633,0.0,0.23330902975781215,-0.4590597148407697,0.9757906087710165,False
v3,test,short_gaps,17439,dictionary_24,1.0620507077264765,1.1549905113571142,0.48274428759936483,0.0,0.18774581434934084,-0.006536158592998915,0.9843148770033704,True
v3,test,short_gaps,17439,dictionary_48,0.8330151074277128,0.9059120604097594,0.4071924757763469,0.0,0.14725765782324401,0.43902203926816347,0.9903610979760044,False
v3,test,short_gaps,17439,local_pca_8,0.7453463372747264,0.8105714171312418,0.367650425242694,0.0,0.13175986235487866,0.6141469903669551,0.9922952689798145,False
v3,test,short_gaps,17439,local_pca_16,0.4889610654153464,0.5317499314008615,0.30157432499548953,0.0,0.08643692127284762,0.8462115816094563,0.9966886568960851,False
v3,test,short_gaps,17439,local_pca_32,0.34060833615131697,0.3704148902513821,0.2161270324246254,0.0,0.060211616055315824,0.9306820450566246,0.9983953525325355,False
v3,test,short_gaps,17439,local_dictionary_8,1.3413983067792334,1.4587837520461646,0.5962566612703328,0.0,0.2371279597489372,-0.41219003940641674,0.9750094175866976,False
v3,test,short_gaps,17439,local_dictionary_24,0.8959927765010257,0.9744008902536523,0.4455339765593871,0.0,0.1583906420395095,0.31919066732739637,0.9888432040708638,False
v3,test,short_gaps,17542,zero_fill,1.2372321128934565,1.0,0.7907313802427847,0.0,0.21871380423218081,,0.9687267797823677,False
v3,test,short_gaps,17542,linear,1.1969431503308812,0.967436213348558,0.8384905631136513,0.0,0.2115916545734388,0.36287405585280014,0.9708261243928277,False
v3,test,short_gaps,17542,pchip,1.216269353522846,0.9830567286832008,0.8936523303914958,0.0,0.21500807690634569,0.37343235617316206,0.969904863868522,False
v3,test,short_gaps,17542,autoregression,13.521784438288362,10.929060357692787,7.754096513133268,0.0,2.3903363675141076,-0.28754226830914265,0.27639941368828447,False
v3,test,short_gaps,17542,pca_r32_l01,1.1627327531507041,0.9397854622698694,0.7274214489579697,0.0,0.20554405361514175,0.3992930094655295,0.9724740897735298,False
v3,test,short_gaps,17542,pca_r64_l01,0.941263546033968,0.7607816966799215,0.6640911600797176,0.0,0.1663934590710787,0.6252797182348814,0.9819929575420032,False
v3,test,short_gaps,17542,pca_r96_l01,0.7754639449821514,0.6267732116721497,0.6418369272206088,0.0,0.1370839535156378,0.7674146973184083,0.9878175257974084,False
v3,test,short_gaps,17542,pca_r64_l001,0.9305011560603453,0.7520829328332144,0.6587446767195597,0.0,0.16449091933804802,0.6393624826649554,0.9824101172795692,False
v3,test,short_gaps,17542,pca_r64_l1,1.0449753175475507,0.8446073349193274,0.6719794394793799,0.0,0.18472728330260973,0.5128705723275994,0.9777698884133128,False
v3,test,short_gaps,17542,template_1,1.6692241439838573,1.3491600537914599,0.9377706346162088,0.0,0.29507992788282383,-0.13171375780159966,0.943439991427912,False
v3,test,short_gaps,17542,dictionary_8,1.2483304192253188,1.0089702701831003,0.702233993070333,0.0,0.2206757261489172,0.24816087198783263,0.9681969789907624,False
v3,test,short_gaps,17542,dictionary_24,1.1584315290164153,0.9363089730246704,0.6705061764417004,0.0,0.20478369742695202,0.3663890322153608,0.972635753763856,True
v3,test,short_gaps,17542,dictionary_48,1.036883421560725,0.8380670132589871,0.6217311917625751,0.0,0.1832968246713746,0.5110817697339266,0.9781050585868718,False
v3,test,short_gaps,17542,local_pca_8,1.1946044565982064,0.9655459506336618,0.7442739004054579,0.0,0.2111782280240656,0.3745372738738223,0.9709565392043754,False
v3,test,short_gaps,17542,local_pca_16,0.98564580624782,0.7966539147959364,0.5982371030375944,0.0,0.17423920836147888,0.5907886594540327,0.9802540742240058,False
v3,test,short_gaps,17542,local_pca_32,0.8460274964111196,0.6838066096042035,0.5623800645472972,0.0,0.14955794494564503,0.7198120037800237,0.9854832653246559,False
v3,test,short_gaps,17542,local_dictionary_8,1.4590103383519515,1.17925353144919,0.7892568520358675,0.0,0.257919026017486,0.07240136838660384,0.9566596889759816,False
v3,test,short_gaps,17542,local_dictionary_24,1.0983599462212243,0.8877557693297676,0.6345810658859394,0.0,0.19416444153917983,0.43468430246147505,0.9754085642598881,False
v3,test,short_gaps,17645,zero_fill,1.671591388991364,1.0,0.8154867556718391,0.0,0.29549840163220836,,0.9419919232925252,False
v3,test,short_gaps,17645,linear,3.656681731432499,2.1875452072285055,2.223175440483103,0.0,0.6464161122342215,-0.5565150598736875,0.7482639532628266,False
v3,test,short_gaps,17645,pchip,3.0867886689890613,1.8466167565337994,1.6703245566114233,0.0,0.5456722999829906,-0.695518323260662,0.808692752751738,False
v3,test,short_gaps,17645,autoregression,13.689146681594208,8.18929002132167,8.01580058745234,0.0,2.4199221118031473,-0.13230010033582798,0.285469766129059,False
v3,test,short_gaps,17645,pca_r32_l01,1.4911661746976703,0.892063804897582,0.9159923171720831,0.0,0.2636034285011816,0.8550992111751228,0.9617147999937712,False
v3,test,short_gaps,17645,pca_r64_l01,1.2551117973589268,0.7508484463516287,0.7076810128733462,0.0,0.22187451576493325,0.7961271581459621,0.9699429526593293,False
v3,test,short_gaps,17645,pca_r96_l01,0.9394777245474931,0.5620259417071852,0.6729544822736018,0.0,0.16607776745030994,0.8447657480012377,0.9824246584467051,False
v3,test,short_gaps,17645,pca_r64_l001,1.353620884164362,0.8097797662029923,0.7718421899332251,0.0,0.23928862658708763,0.7523483374128075,0.9648318807359516,False
v3,test,short_gaps,17645,pca_r64_l1,1.0414090306518156,0.6230045437600634,0.6010723441123904,0.0,0.18409684689070197,0.8859938300729814,0.9798382231522097,False
v3,test,short_gaps,17645,template_1,0.7828167517895954,0.4683062840267118,0.43370711092146574,0.0,0.13838375840421235,0.9095749516181941,0.9880607698576853,False
v3,test,short_gaps,17645,dictionary_8,1.2393717674543896,0.741432251695329,0.6168321522019967,0.0,0.21909204529453893,0.8819125595543599,0.9726951492172123,False
v3,test,short_gaps,17645,dictionary_24,1.3340247242284164,0.7980567099196204,0.698076343130997,0.0,0.2358244821931068,0.8864017723891985,0.969271240280908,True
v3,test,short_gaps,17645,dictionary_48,0.8306257286308476,0.49690715931005486,0.4617084414393877,0.0,0.14683527133572233,0.9351857534863093,0.9872828202746865,False
v3,test,short_gaps,17645,local_pca_8,1.4521509789145832,0.8687236536859699,0.7000123848485678,0.0,0.25670645112429624,0.855911934278611,0.9633595179989876,False
v3,test,short_gaps,17645,local_pca_16,0.7794697094600483,0.46630397511821314,0.4699693306880469,0.0,0.13779207932217705,0.8855290840361546,0.9877975880589623,False
v3,test,short_gaps,17645,local_pca_32,0.6493414565254313,0.38845704805720677,0.41128663947008387,0.0,0.11478843680367055,0.9169667080032455,0.9914898738025958,False
v3,test,short_gaps,17645,local_dictionary_8,1.064896948809018,0.6370557756052904,0.5112742313253111,0.0,0.1882489634419301,0.9218065019351642,0.9799549272329292,False
v3,test,short_gaps,17645,local_dictionary_24,1.3091448063284123,0.7831727388344281,0.697640471635105,0.0,0.23142629252749247,0.8778342282196319,0.9699317233389877,False
v3,test,short_gaps,17748,zero_fill,0.9898279978089406,1.0,0.6384652408757132,0.0,0.17497852236475125,,0.9804903115632979,False
v3,test,short_gaps,17748,linear,1.1647944123426253,1.176764463039019,0.7674023834238903,0.0,0.20590850691391746,0.2786376566362609,0.9732329079868387,False
v3,test,short_gaps,17748,pchip,1.2831550672782657,1.296341455402986,0.879022023104073,0.0,0.22683191234658556,0.2549619056205785,0.9677313973753578,False
v3,test,short_gaps,17748,autoregression,4.135598641595665,4.178098266315084,1.9709836078432574,0.0,0.7310774609345422,-0.0940020654812011,0.7563878687018148,False
v3,test,short_gaps,17748,pca_r32_l01,0.7175983189283222,0.7249727432612337,0.5207750626072685,0.0,0.12685465937057086,0.699929076088025,0.9898013211148262,False
v3,test,short_gaps,17748,pca_r64_l01,0.9151384777651381,0.9245429304797061,0.6273709735763049,0.0,0.1617751558381159,0.5499494673319127,0.9834556005942042,False
v3,test,short_gaps,17748,pca_r96_l01,1.4318359219398964,1.446550234090543,0.970847991662187,0.0,0.2531152224875482,0.22617294132896493,0.9601939928469141,False
v3,test,short_gaps,17748,pca_r64_l001,0.9698483968828271,0.9798150780031077,0.6655029915766614,0.0,0.17144659453968727,0.5179235547333393,0.9814514123859392,False
v3,test,short_gaps,17748,pca_r64_l1,0.7842722280002468,0.7923318291019176,0.519482868123732,0.0,0.13864105267881413,0.6333296920458646,0.987809898771353,False
v3,test,short_gaps,17748,template_1,1.4448870009376222,1.459735432960059,0.8393878459435925,0.0,0.2554223491028215,0.029681499998883445,0.9590083928287341,False
v3,test,short_gaps,17748,dictionary_8,0.9711615645727769,0.9811417405069535,0.5884363217214301,0.0,0.17167873198428696,0.3495630436516166,0.9812490616717391,False
v3,test,short_gaps,17748,dictionary_24,0.9730660029347611,0.9830657498966654,0.6016492961653526,0.0,0.17201539230431462,0.4492035245112458,0.9812497104994378,True
v3,test,short_gaps,17748,dictionary_48,0.9209309231893886,0.9303949021728413,0.5627412213482004,0.0,0.16279912519790105,0.49853522210690654,0.983197402766807,False
v3,test,short_gaps,17748,local_pca_8,0.6971761179840593,0.7043406728515577,0.4644298320190294,0.0,0.12324449017696022,0.716226141650617,0.990373578910165,False
v3,test,short_gaps,17748,local_pca_16,0.8140715396910632,0.8224373744661418,0.4578943105932519,0.0,0.14390887652163112,0.5635139695436181,0.986838692646064,False
v3,test,short_gaps,17748,local_pca_32,0.70806411916984,0.7153405649640076,0.4249064580531752,0.0,0.1251692350449684,0.6903603726786319,0.9900568204835406,False
v3,test,short_gaps,17748,local_dictionary_8,0.9268656982133261,0.9363906661207944,0.5585941166888433,0.0,0.16384825511396175,0.4432911294717505,0.9829405602960176,False
v3,test,short_gaps,17748,local_dictionary_24,0.8591086286918965,0.8679372886941961,0.5186035474224906,0.0,0.15187038428097896,0.5785262426325485,0.9853925367917976,False
v3,test,short_gaps,17850,zero_fill,1.2633510101366732,1.0,0.7367517255067462,0.0,0.2233310165716291,,0.9705140230494848,False
v3,test,short_gaps,17850,linear,2.802266805378362,2.2181221077071878,1.7173126273536925,0.0,0.4953754651942508,-0.25649671977109695,0.8668919739808874,False
v3,test,short_gaps,17850,pchip,2.9203348201755768,2.3115783315514555,1.767440875015855,0.0,0.5162471386703367,-0.27483394997242444,0.8569520059560344,False
v3,test,short_gaps,17850,autoregression,8.539942790901263,6.759754591067597,5.175314957511825,0.0,1.5096628645978634,0.06665732662524104,0.5127289303284382,False
v3,test,short_gaps,17850,pca_r32_l01,1.3561263240584611,1.073435896419437,0.8186742065515697,0.0,0.23973152997183084,0.21310778576758593,0.9661084835385423,False
v3,test,short_gaps,17850,pca_r64_l01,0.8792395553795186,0.6959582478066803,0.47293829506823,0.0,0.15542906297407566,0.7141499416190492,0.9858265185154838,False
v3,test,short_gaps,17850,pca_r96_l01,1.142702343665805,0.9045010725421306,0.7559138404773599,0.0,0.20200314402096284,0.6045726069667068,0.9763066833239215,False
v3,test,short_gaps,17850,pca_r64_l001,0.9009188189304729,0.7131183746257572,0.4846825612514083,0.0,0.15926145154107818,0.7069469632000879,0.9851327073712517,False
v3,test,short_gaps,17850,pca_r64_l1,0.9851126706139396,0.7797616519160159,0.556623254420743,0.0,0.1741449624059766,0.6145187191830487,0.9821645005620665,False
v3,test,short_gaps,17850,template_1,1.4417117370771995,1.1411806580351969,0.7748593148421448,0.0,0.25486103645088115,0.15892212987332935,0.9617646862230166,False
v3,test,short_gaps,17850,dictionary_8,1.3195399345474048,1.0444760988513027,0.6989572317502109,0.0,0.23326390894123075,0.26177792668786326,0.9679240690147077,False
v3,test,short_gaps,17850,dictionary_24,1.2935304400606733,1.0238883965595083,0.6587217559889997,0.0,0.22866603645953024,0.2881993803281907,0.9691742695147391,True
v3,test,short_gaps,17850,dictionary_48,1.1822579735027228,0.9358111593822389,0.6130101490704566,0.0,0.20899565754391022,0.4353781205089173,0.9742913697051847,False
v3,test,short_gaps,17850,local_pca_8,1.392974222499271,1.1026026902440793,0.733850174647765,0.0,0.2462453796868233,0.15217761026762275,0.9642207651796865,False
v3,test,short_gaps,17850,local_pca_16,0.957648381986858,0.7580224136467478,0.5220689549692734,0.0,0.16928991622380812,0.6525959394526405,0.9831691859600714,False
v3,test,short_gaps,17850,local_pca_32,0.9315203785215604,0.737340906088155,0.526348300363007,0.0,0.16467109411651373,0.6615301966070158,0.9840621691529111,False
v3,test,short_gaps,17850,local_dictionary_8,1.240672152989677,0.9820486492154363,0.631094129774325,0.0,0.21932192315207855,0.3433548623748603,0.9716403013005589,False
v3,test,short_gaps,17850,local_dictionary_24,1.2448527030155359,0.9853577454146049,0.6270785009607747,0.0,0.22006094697017214,0.35467790457251386,0.9714667187477501,False
v3,test,short_gaps,17953,zero_fill,0.9765780001627468,1.0,0.5705790628879612,0.0,0.17263623156816887,,0.9785513562723963,False
v3,test,short_gaps,17953,linear,1.1122704122108162,1.138946824550068,0.6978270025349116,0.0,0.19662348774685617,0.17598640082303613,0.9723233302336263,False
v3,test,short_gaps,17953,pchip,1.1157097261335693,1.1424686261083459,0.7354633413425055,0.0,0.19723147829620816,0.2961212661517098,0.9721826683013912,False
v3,test,short_gaps,17953,autoregression,12.997543092211226,13.309272879427127,7.13468919249642,0.0,2.297662714816731,-0.11882658209591844,0.31775719602381536,False
v3,test,short_gaps,17953,pca_r32_l01,0.6086312508401829,0.6232285088735917,0.42854911620147357,0.0,0.10759182117778598,0.7637704063768113,0.9917072686876738,False
v3,test,short_gaps,17953,pca_r64_l01,0.6635578159192004,0.6794724188017941,0.4110183052410975,0.0,0.11730155783645034,0.7305640277003754,0.9901589209292571,False
v3,test,short_gaps,17953,pca_r96_l01,0.8047760097206339,0.8240775540576564,0.5495133542045941,0.0,0.14226564345242776,0.6294518446022782,0.9855606052890441,False
v3,test,short_gaps,17953,pca_r64_l001,0.6869926960356286,0.7034693551576436,0.4318227722258179,0.0,0.12144429849810541,0.7137480620335862,0.9894549508070475,False
v3,test,short_gaps,17953,pca_r64_l1,0.5921958522372089,0.6063989278260615,0.3627030611582629,0.0,0.1046864257268693,0.7774807522645094,0.9921514664547552,False
v3,test,short_gaps,17953,template_1,0.8932351446387617,0.9146582705015923,0.5444452452822618,0.0,0.15790315699205376,0.6222946445709898,0.982369368964607,False
v3,test,short_gaps,17953,dictionary_8,1.1858714194062279,1.2143130596927254,0.5912918522151384,0.0,0.209634430569365,0.2665233243271455,0.9687364499251604,False
v3,test,short_gaps,17953,dictionary_24,1.031215029303626,1.0559474298333302,0.5242603944939603,0.0,0.18229478502051957,0.4282663148915058,0.9763430393886349,True
v3,test,short_gaps,17953,dictionary_48,1.0359784803711878,1.0608251263069022,0.5247879779909543,0.0,0.18313685215845035,0.46674401480663363,0.9762197625241316,False
v3,test,short_gaps,17953,local_pca_8,0.542807218981632,0.5558257700779387,0.33252060828762525,0.0,0.09595566635473081,0.8093398659680414,0.9934014090921783,False
v3,test,short_gaps,17953,local_pca_16,0.6668443170179381,0.6828377425119228,0.3607220155954465,0.0,0.11788253463977397,0.719136791760719,0.9900488210850853,False
v3,test,short_gaps,17953,local_pca_32,0.5434629555853113,0.5564972337025237,0.33906936499038387,0.0,0.09607158530451426,0.809883174207328,0.9933868344007482,False
v3,test,short_gaps,17953,local_dictionary_8,0.9593460877827203,0.9823548017903796,0.5124266675189875,0.0,0.1695900310439866,0.47755808019964974,0.979474495659144,False
v3,test,short_gaps,17953,local_dictionary_24,1.0692586517874896,1.0949034809398712,0.5367039163140088,0.0,0.18902001088032977,0.44807554168776687,0.9747023963326321,False
v3,test,short_gaps,18056,zero_fill,0.6974785638738477,1.0,0.43460090212860536,0.0,0.12329795556186304,,0.9902582095001753,False
v3,test,short_gaps,18056,linear,1.4596763963960229,2.092790333639606,0.9124172451469295,0.0,0.2580367695573927,-0.15633631770531342,0.9585316614793513,False
v3,test,short_gaps,18056,pchip,1.2907505682231057,1.8505953230364263,0.8386791242358531,0.0,0.22817461990273688,-0.27308586817783403,0.9670716140224651,False
v3,test,short_gaps,18056,autoregression,4.755182031359056,6.817674804152292,2.5542274393451385,0.0,0.8406053650376026,0.3646159351357268,0.7357939775409493,False
v3,test,short_gaps,18056,pca_r32_l01,0.4609141003377045,0.6608290551293124,0.36326397521542514,0.0,0.08147887147332192,0.8469050582405118,0.9958018572551965,False
v3,test,short_gaps,18056,pca_r64_l01,0.3283926419276579,0.4708282934227266,0.25200071485126463,0.0,0.058052165999703156,0.8936564713065911,0.9978529118799679,False
v3,test,short_gaps,18056,pca_r96_l01,0.8559946094415797,1.2272701324142812,0.5608044476733578,0.0,0.15131989824881784,0.4869552276036904,0.98554408967955,False
v3,test,short_gaps,18056,pca_r64_l001,0.3370986357536569,0.48331038861092174,0.25877529491194773,0.0,0.059591182817536184,0.8884577274896277,0.9977377700226315,False
v3,test,short_gaps,18056,pca_r64_l1,0.3229802150056189,0.46306830307696173,0.24596794007831452,0.0,0.05709537505489056,0.8929469974926616,0.9979214010850371,False
v3,test,short_gaps,18056,template_1,0.6729991648376072,0.9649030087745206,0.41491381588877685,0.0,0.1189705682973888,0.6307675814233152,0.991025019092207,False
v3,test,short_gaps,18056,dictionary_8,0.6100888535514574,0.874706242100085,0.33772623292543436,0.0,0.10784949136814051,0.4976199384854193,0.9925578974534885,False
v3,test,short_gaps,18056,dictionary_24,0.5365466471317191,0.7692661465489337,0.30920855551347576,0.0,0.09484894315243607,0.6473841367409005,0.9942487895722711,True
v3,test,short_gaps,18056,dictionary_48,0.45721100074262205,0.6555197885985746,0.2904440691878948,0.0,0.08082424976454892,0.7690331430487671,0.9958295462255327,False
v3,test,short_gaps,18056,local_pca_8,0.3481630489269184,0.4991738340934738,0.24401863276013244,0.0,0.061547113213701925,0.8945606877981398,0.9975931517707257,False
v3,test,short_gaps,18056,local_pca_16,0.547265205931384,0.7846337282279077,0.3189063345375333,0.0,0.0967437345553835,0.7544507867763,0.9940623438039367,False
v3,test,short_gaps,18056,local_pca_32,0.31280907319011864,0.4484855727361051,0.24191828957880465,0.0,0.055297354217353,0.9078533319643669,0.9980535646050365,False
v3,test,short_gaps,18056,local_dictionary_8,0.5616647709131268,0.8052789003200315,0.3247219391681343,0.0,0.09928924206656517,0.5971229241005567,0.9936942814295893,False
v3,test,short_gaps,18056,local_dictionary_24,0.508677299089707,0.7293088640093476,0.31412568071931435,0.0,0.08992229190549737,0.7366812978004774,0.9948449981187812,False
v3,test,short_gaps,18159,zero_fill,0.43115439719177484,1.0,0.3110004290837767,0.0,0.07621804949817554,,0.9974818522424089,False
v3,test,short_gaps,18159,linear,0.6517979004590178,1.511750557814912,0.47479965471476193,0.0,0.11522267884443142,-0.30596876526227146,0.9943127681159144,False
v3,test,short_gaps,18159,pchip,0.6817939137731367,1.5813219538379866,0.5191178941614654,0.0,0.12052527495017532,-0.25714248054683486,0.9937906482064799,False
v3,test,short_gaps,18159,autoregression,6.657235413401423,15.44049059168084,3.7842349204342907,0.0,1.1768440761928438,-0.034257557366359416,0.6711979238453872,False
v3,test,short_gaps,18159,pca_r32_l01,0.7360050351418219,1.7070567757991608,0.43284587392478835,0.0,0.13010853783405638,-0.23446975080768137,0.9926581018961342,False
v3,test,short_gaps,18159,pca_r64_l01,0.627263473209478,1.4548465173845253,0.5033338716636269,0.0,0.11088556387426203,0.618642651711622,0.9947108080226307,False
v3,test,short_gaps,18159,pca_r96_l01,0.9939345889766537,2.3052869121837056,0.756114721015952,0.0,0.17570447198031391,0.6117345057541553,0.9869492937914786,False
v3,test,short_gaps,18159,pca_r64_l001,0.7686536017552459,1.7827803839220813,0.5999029085764341,0.0,0.13588004354614958,0.5870248786510583,0.9920999308536411,False
v3,test,short_gaps,18159,pca_r64_l1,0.37239281531558266,0.8637110458366603,0.30279257564940604,0.0,0.06583037124369953,0.6245549327662774,0.9981185327251857,False
v3,test,short_gaps,18159,template_1,1.098061903034644,2.5467950928637584,0.5714108646598137,0.0,0.1941117544496005,0.1923181470110098,0.9839607575893428,False
v3,test,short_gaps,18159,dictionary_8,0.5105293532077185,1.184098681430444,0.309963960033558,0.0,0.09024969191198996,0.5825368171136999,0.9964777708566737,False
v3,test,short_gaps,18159,dictionary_24,0.6450619014491902,1.4961273865015705,0.3620999914172102,0.0,0.1140319111999527,0.6724549796728712,0.9944288770773574,True
v3,test,short_gaps,18159,dictionary_48,0.5296275587967836,1.2283941953193358,0.35589542188631773,0.0,0.09362580958212065,0.6867359987096333,0.99622492891012,False
v3,test,short_gaps,18159,local_pca_8,0.7608810124059003,1.7647529918788352,0.42925564867337807,0.0,0.1345060308870744,-0.26913034067547925,0.992155609925935,False
v3,test,short_gaps,18159,local_pca_16,0.34844883949402483,0.8081764717316264,0.22946315494957653,0.0,0.06159763432570196,0.7054320382395388,0.998353644682471,False
v3,test,short_gaps,18159,local_pca_32,0.3585944323208302,0.8317077006669831,0.25676399301522895,0.0,0.06339113869744988,0.5830035528563774,0.9982538595867873,False
v3,test,short_gaps,18159,local_dictionary_8,0.6314974469749922,1.4646666045576848,0.3964972545991804,0.0,0.1116340317645023,0.2244346763139897,0.9946016991285286,False
v3,test,short_gaps,18159,local_dictionary_24,0.6776025355090791,1.571600660743547,0.41371275438090205,0.0,0.11978433695191705,0.6444236196681514,0.9938510522982392,False
v3,test,short_gaps,18262,zero_fill,1.7333838688000027,1.0,0.896544439826119,0.0,0.3064218720069637,,0.9076041225071189,False
v3,test,short_gaps,18262,linear,1.614367401865144,0.9313386555182077,1.0934203252202614,0.0,0.2853825342963379,0.47943348516689444,0.9222794464370381,False
v3,test,short_gaps,18262,pchip,1.7345187433830003,1.0006547162480421,1.19840750036652,0.0,0.30662249138532216,0.46326828104578366,0.9117452993792631,False
v3,test,short_gaps,18262,autoregression,5.127503735003835,2.958088988420974,2.890090998952675,0.0,0.9064231653951405,0.1859079044955745,0.6010417656033361,False
v3,test,short_gaps,18262,pca_r32_l01,0.6903942378910772,0.3982927557581504,0.5066392916384803,0.0,0.1220456118262248,0.9174581558274038,0.9860337243879772,False
v3,test,short_gaps,18262,pca_r64_l01,0.7211849992670498,0.4160561386591858,0.54310402594647,0.0,0.12748870086793654,0.9042094320403239,0.984618929512617,False
v3,test,short_gaps,18262,pca_r96_l01,1.1894391972119855,0.6861949154029093,0.9158780127014361,0.0,0.21026513053941956,0.7491507693376956,0.9584202568179272,False
v3,test,short_gaps,18262,pca_r64_l001,0.7452424208838501,0.42993501572145754,0.5759577323800957,0.0,0.13174149235871238,0.8982954077588371,0.983589584025021,False
v3,test,short_gaps,18262,pca_r64_l1,0.6698968983175931,0.38646771230273036,0.4497170055585463,0.0,0.1184221598740513,0.9171499458143764,0.9867259671957871,False
v3,test,short_gaps,18262,template_1,1.007048717220985,0.5809727062466266,0.5977392260388106,0.0,0.1780227442330431,0.8362027129053436,0.9701272977457435,False
v3,test,short_gaps,18262,dictionary_8,0.6871027240936493,0.39639386085283046,0.4468243386610538,0.0,0.12146374889459219,0.9160811922493781,0.9861117066384056,False
v3,test,short_gaps,18262,dictionary_24,0.6723712020758513,0.3878951536230255,0.4343284521097248,0.0,0.11885955911559624,0.9166058911603173,0.9866309455124306,True
v3,test,short_gaps,18262,dictionary_48,0.7716999017744476,0.44519850199637806,0.5061271803128113,0.0,0.13641855839642614,0.8885543985316954,0.9823504952901166,False
v3,test,short_gaps,18262,local_pca_8,0.6898589948362356,0.3979839706907018,0.464135638483864,0.0,0.1219509933278094,0.9202550154617536,0.9861331740688998,False
v3,test,short_gaps,18262,local_pca_16,0.6710886092455617,0.38715521779382134,0.4493176134633837,0.0,0.11863282659364646,0.9169095625664628,0.9866814224828193,False
v3,test,short_gaps,18262,local_pca_32,0.6609560002616915,0.3813096522695011,0.46989692166685276,0.0,0.11684161746274489,0.919347734968893,0.9870794247231199,False
v3,test,short_gaps,18262,local_dictionary_8,0.8051848506241708,0.4645161785090275,0.5126699583686951,0.0,0.1423379169962571,0.8961138808605008,0.9812497861164504,False
v3,test,short_gaps,18262,local_dictionary_24,0.7167592174044454,0.4135028774097498,0.4743897258665022,0.0,0.12670632577616153,0.9159944638405698,0.9851106023606906,False
v3,test,short_gaps,18365,zero_fill,1.3181658509990624,1.0,0.7562443786058711,0.0,0.2330210029924933,,0.9461529775979495,False
v3,test,short_gaps,18365,linear,1.26518620140758,0.9598080548427741,0.7889753576065408,0.0,0.22365543561973728,0.4803140041909475,0.9506074087956173,False
v3,test,short_gaps,18365,pchip,1.253546334952633,0.950977704362882,0.807900079870925,0.0,0.22159777849413748,0.4176072301986842,0.9515138983830886,False
v3,test,short_gaps,18365,autoregression,11.159501189627086,8.465931036803216,6.53139413082277,0.0,1.972739741461164,-0.7148877600828152,0.1389185582518201,False
v3,test,short_gaps,18365,pca_r32_l01,1.5212599151424933,1.1540732252997619,0.8576058111773555,0.0,0.26892330048613217,0.2951928134904467,0.9302596079960019,False
v3,test,short_gaps,18365,pca_r64_l01,0.8590037517606874,0.6516659122292029,0.6148355934432892,0.0,0.15185184448366695,0.7431634449051181,0.9774899189406677,False
v3,test,short_gaps,18365,pca_r96_l01,0.8713280118554205,0.6610154641732107,0.6405743778139896,0.0,0.15403048645519007,0.7323066770960329,0.976816760129431,False
v3,test,short_gaps,18365,pca_r64_l001,0.7920363830385665,0.6008624654008958,0.6040142373595468,0.0,0.14001357434825906,0.7855375282455779,0.980887752730825,False
v3,test,short_gaps,18365,pca_r64_l1,1.1167587293893286,0.8472065397103987,0.6321141093278402,0.0,0.19741691762511668,0.5581985364201952,0.9619116036268324,False
v3,test,short_gaps,18365,template_1,1.6204207049271664,1.2292995632522414,0.9408416075976973,0.0,0.2864526172072712,0.1029198143257495,0.9199427024612221,False
v3,test,short_gaps,18365,dictionary_8,0.7876570986192591,0.5975402093919208,0.47734064401204407,0.0,0.13923941892084984,0.8149306697870136,0.9811715822213888,False
v3,test,short_gaps,18365,dictionary_24,0.6536787413675632,0.49590022444605736,0.40194661026460216,0.0,0.11555516768462282,0.8703476772061028,0.9870591692068028,True
v3,test,short_gaps,18365,dictionary_48,0.8107588306169534,0.6150658735412272,0.4596720541867168,0.0,0.1433232667590308,0.7699056064420671,0.9799326951891777,False
v3,test,short_gaps,18365,local_pca_8,1.53308769747026,1.163046134375507,0.7691386055846279,0.0,0.27101417675872275,0.2768585957854177,0.9290888775442396,False
v3,test,short_gaps,18365,local_pca_16,0.8838711444040666,0.6705310593004394,0.5245351873004891,0.0,0.15624781997580742,0.7167896043967107,0.9761003567249733,False
v3,test,short_gaps,18365,local_pca_32,0.8644813251880171,0.6558213630954032,0.544821732715367,0.0,0.15282015181239494,0.7319169580716485,0.9771511473847339,False
v3,test,short_gaps,18365,local_dictionary_8,1.273018316840343,0.9657497316255756,0.7476364881792407,0.0,0.22503997110312288,0.37539162746823584,0.950181187371752,False
v3,test,short_gaps,18365,local_dictionary_24,0.784042659468611,0.594798187856536,0.4148224406198502,0.0,0.13860047031244746,0.7895577878894179,0.9812573200872599,False
v3,test,short_gaps,18467,zero_fill,0.6726343018191225,1.0,0.4246340704534871,0.0,0.11890606901874512,,0.9888777950683126,False
v3,test,short_gaps,18467,linear,1.000336761171496,1.4871926074333561,0.6470422220624803,0.0,0.17683622682363814,-0.006080795742344087,0.9755965456506678,False
v3,test,short_gaps,18467,pchip,1.015125855589292,1.5091794350123233,0.7627690733274745,0.0,0.17945059406124608,-0.05637132283139113,0.9749245032734303,False
v3,test,short_gaps,18467,autoregression,4.002229985088525,5.950083090119839,2.086295729448376,0.0,0.7075009905810579,0.09654197367262565,0.7457949330967493,False
v3,test,short_gaps,18467,pca_r32_l01,0.6435152587939835,0.9567089532211079,0.4547495813982051,0.0,0.11375850082256046,0.35076504302372735,0.9898250873362684,False
v3,test,short_gaps,18467,pca_r64_l01,1.2012774001463173,1.7859294372848558,0.8357642601228005,0.0,0.21235784893240167,-0.06454959745407517,0.965169405064923,False
v3,test,short_gaps,18467,pca_r96_l01,1.1784131023991902,1.7519372699432687,0.9434617726037442,0.0,0.2083159739363862,0.0780810767588898,0.9666340346871214,False
v3,test,short_gaps,18467,pca_r64_l001,1.3998226327586463,2.081105035786699,0.9623712568903764,0.0,0.24745601902051123,-0.12112526478587178,0.9533012286872579,False
v3,test,short_gaps,18467,pca_r64_l1,0.6962620930747753,1.0351272469925366,0.47789422086120187,0.0,0.12308291187407819,0.2568302872413031,0.9880885943360098,False
v3,test,short_gaps,18467,template_1,0.9150858557729125,1.3604507728762654,0.5023647918131305,0.0,0.16176585349623035,-0.01841583349346714,0.9794952907895285,False
v3,test,short_gaps,18467,dictionary_8,0.6644417389968312,0.9878201828242558,0.40893703560103994,0.0,0.11745781483701037,0.28546177147750873,0.9891510413789527,False
v3,test,short_gaps,18467,dictionary_24,0.5312171622355382,0.789756277369255,0.32034299396361304,0.0,0.09390681442485585,0.6137195504970198,0.9930767774281303,True
v3,test,short_gaps,18467,dictionary_48,0.5253876009372404,0.7810895155307168,0.3176474057344602,0.0,0.09287628384351358,0.6252922489251694,0.9932282921401058,False
v3,test,short_gaps,18467,local_pca_8,0.6455188608976201,0.9596876923342009,0.3719745403078044,0.0,0.11411269098113072,0.3083807569469586,0.9897585322641302,False
v3,test,short_gaps,18467,local_pca_16,0.33998671947686226,0.5054555180391139,0.23184443637189014,0.0,0.06010172871386445,0.8737699394452849,0.9971746842942862,False
v3,test,short_gaps,18467,local_pca_32,0.4622355240013415,0.687201831294118,0.28046713456463407,0.0,0.08171246838166643,0.734668817600279,0.9947626287163254,False
v3,test,short_gaps,18467,local_dictionary_8,0.4912022272320289,0.7302663957273438,0.26151058204538336,0.0,0.08683310645242576,0.6898184111878077,0.994085227543436,False
v3,test,short_gaps,18467,local_dictionary_24,0.5072824801216782,0.7541727782091182,0.30579092980314027,0.0,0.08967572041779216,0.6539977842977539,0.9936880182840322,False
v3,test,short_gaps,18570,zero_fill,1.2751517931952008,1.0,0.6635440238222498,0.0,0.22541712000262815,,0.9683599779479594,False
v3,test,short_gaps,18570,linear,1.4543995746565581,1.1405697599438014,0.9331144353359587,0.0,0.25710395044862067,0.3415221335242555,0.9596374298384212,False
v3,test,short_gaps,18570,pchip,1.7633341037007877,1.3828425079357245,1.2029521907607204,0.0,0.31171637555608245,0.2812746976612291,0.9422972823931043,False
v3,test,short_gaps,18570,autoregression,4.248775489723106,3.3319762497269227,2.50762022195154,0.0,0.7510844901306006,0.2647304214074079,0.7673164142605692,False
v3,test,short_gaps,18570,pca_r32_l01,1.0553419943524334,0.8276206801293978,0.5301089142114775,0.0,0.1865598701693852,0.582935643890482,0.9784295092153638,False
v3,test,short_gaps,18570,pca_r64_l01,1.0503378363604916,0.8236963175408447,0.6298141443619569,0.0,0.1856752516568275,0.7835144967780888,0.979625848288785,False
v3,test,short_gaps,18570,pca_r96_l01,1.0159943607046968,0.7967634646530023,0.7457546622308,0.0,0.1796041255253956,0.7397756351501994,0.9805357113001104,False
v3,test,short_gaps,18570,pca_r64_l001,1.3985021969862859,1.0967338982302655,0.8137185714583387,0.0,0.2472225967483219,0.7422987161014347,0.9654051844070858,False
v3,test,short_gaps,18570,pca_r64_l1,0.6364948679185354,0.4991522352987041,0.3820276004984225,0.0,0.11251745932390807,0.927534301035953,0.9922844526648237,False
v3,test,short_gaps,18570,template_1,1.4585962506799837,1.1438608787312439,0.8718932512899638,0.0,0.2578458249672725,0.09590596283311853,0.9586774105204618,False
v3,test,short_gaps,18570,dictionary_8,0.9070944212864415,0.7113619148144688,0.46165223192752686,0.0,0.16035315411703244,0.7853842271489418,0.9841480316562369,False
v3,test,short_gaps,18570,dictionary_24,0.6057081492991268,0.47500866369907124,0.3515010776282049,0.0,0.10707508494734157,0.9376916507154597,0.9930221556701473,True
v3,test,short_gaps,18570,dictionary_48,0.6027475575712838,0.47268690738453517,0.35812224053669783,0.0,0.10655172132557093,0.9476573323431366,0.9930983620920603,False
v3,test,short_gaps,18570,local_pca_8,1.001260655371974,0.7852089929333618,0.514286968506413,0.0,0.17699954978720242,0.6682858890470907,0.9806169891808789,False
v3,test,short_gaps,18570,local_pca_16,0.4246486731434396,0.3330181358874772,0.27102915141875333,0.0,0.07506798910039898,0.9528438462860929,0.9965852505877114,False
v3,test,short_gaps,18570,local_pca_32,0.35539168234790025,0.27870539354172147,0.2427782744575333,0.0,0.06282496714137392,0.9606352336321617,0.9975810345585273,False
v3,test,short_gaps,18570,local_dictionary_8,0.8446242869315366,0.6623715634788282,0.49236237199290994,0.0,0.14930989021103547,0.7880562051905402,0.9862693175012733,False
v3,test,short_gaps,18570,local_dictionary_24,0.6511548396249247,0.5106488836072598,0.39534233173029454,0.0,0.11510900067530577,0.8876100281728945,0.9918844067949576,False
v3,test,short_gaps,18673,zero_fill,1.556414932173687,1.0,0.8818734988058123,0.0,0.2751378882200036,,0.9680997561797281,False
v3,test,short_gaps,18673,linear,5.292069741063274,3.400166389866471,3.1993440584149395,0.0,0.9355146001044945,0.14175050234228276,0.7545918450262631,False
v3,test,short_gaps,18673,pchip,5.6558108861470116,3.633870871598561,3.3100917420847806,0.0,0.9998155576758121,0.1406423580782547,0.7330239872280555,False
v3,test,short_gaps,18673,autoregression,15.253598813822517,9.800470619052312,8.854008979171258,0.0,2.696480789688245,0.06670247783938157,0.3712944590953379,False
v3,test,short_gaps,18673,pca_r32_l01,1.2612289115736237,0.8103423357755847,0.6504373752455526,0.0,0.22295587900055946,0.6717626414875859,0.9793970028140592,False
v3,test,short_gaps,18673,pca_r64_l01,1.164555902447369,0.7482297158515125,0.707721480355893,0.0,0.20586634392283854,0.7429748747219189,0.9825346957428179,False
v3,test,short_gaps,18673,pca_r96_l01,0.9614343491246544,0.617723673327855,0.7219090413412315,0.0,0.16995918698292944,0.8305171731801968,0.9881246790102537,False
v3,test,short_gaps,18673,pca_r64_l001,1.2165593025969414,0.7816420142525209,0.7514265745189167,0.0,0.21505933314546855,0.7386490267266237,0.9810398262891967,False
v3,test,short_gaps,18673,pca_r64_l1,1.097094097646928,0.70488535863295,0.5911447908186558,0.0,0.19394066901146975,0.7365664406953925,0.9843553834789974,False
v3,test,short_gaps,18673,template_1,1.4706653149493953,0.9449056832778301,0.7779184932826679,0.0,0.25997935426414176,0.6585812209106072,0.9725431302814861,False
v3,test,short_gaps,18673,dictionary_8,1.6425288224127952,1.0553283629313692,0.7949179816558117,0.0,0.2903608171556105,0.6168198762789389,0.9661058122657454,False
v3,test,short_gaps,18673,dictionary_24,1.2970133515921707,0.8333339167986287,0.6268169674443016,0.0,0.22928173405007893,0.6908439174031074,0.97838865488895,True
v3,test,short_gaps,18673,dictionary_48,1.2946730540785156,0.8318302705245683,0.6172447957783288,0.0,0.228868023989604,0.6801470481331117,0.9784057667792918,False
v3,test,short_gaps,18673,local_pca_8,1.2823171377637044,0.8238915672524562,0.6565982692115562,0.0,0.2266837859361099,0.6633748977799369,0.978713095882971,False
v3,test,short_gaps,18673,local_pca_16,1.1617739930657291,0.7464423329858427,0.622972498159144,0.0,0.20537456717573754,0.7241216699541818,0.9825282344222026,False
v3,test,short_gaps,18673,local_pca_32,1.027487850076836,0.6601631922419607,0.5715630413824665,0.0,0.18163590659402937,0.774296882547306,0.9862955984126532,False
v3,test,short_gaps,18673,local_dictionary_8,1.4664215338441813,0.942179044630585,0.7690730303946118,0.0,0.25922915266479973,0.6653760876578304,0.9727469692817879,False
v3,test,short_gaps,18673,local_dictionary_24,1.276247464379049,0.8199917888198639,0.636978306385722,0.0,0.22561080913364057,0.7200841834338998,0.9791804808765956,False
v3,test,short_gaps,18776,zero_fill,1.3460140616604874,1.0,0.7723853537965493,0.0,0.2379439176431446,,0.9678092928429459,False
v3,test,short_gaps,18776,linear,3.035165733325541,2.2549286963475406,1.8896843795224438,0.0,0.5365465680148827,-0.14495421142985918,0.8537128851852704,False
v3,test,short_gaps,18776,pchip,3.1791475246623393,2.3618977061357276,1.9542273597732216,0.0,0.5619991932702917,-0.172650854378122,0.8415881395088175,False
v3,test,short_gaps,18776,autoregression,13.018832912179558,9.672137374344437,7.510646733939179,0.0,2.3014262588341934,-0.3665577199418801,0.2883482479835403,False
v3,test,short_gaps,18776,pca_r32_l01,1.5849990412075328,1.1775501358821063,1.004354275263275,0.0,0.2801908925530056,0.23440577488446365,0.9558791084007183,False
v3,test,short_gaps,18776,pca_r64_l01,1.54455608873782,1.147503679740466,0.9103849297965634,0.0,0.2730415210673709,0.44148575235219567,0.9588524860112284,False
v3,test,short_gaps,18776,pca_r96_l01,1.3533291021800629,1.0054345944280487,0.9582861858054221,0.0,0.23923704633215612,0.5820580847345289,0.9684673947103918,False
v3,test,short_gaps,18776,pca_r64_l001,1.5868855723466135,1.1789517045527587,0.94850285080978,0.0,0.28052438729334656,0.46265836442176195,0.9569141876520244,False
v3,test,short_gaps,18776,pca_r64_l1,1.4913933975873084,1.1080072935846421,0.8455934584608709,0.0,0.2636435962127076,0.3585699597591436,0.9610619527277563,False
v3,test,short_gaps,18776,template_1,2.338153877251389,1.737094688570315,1.2368606930767492,0.0,0.4133311155155189,0.025308209465449285,0.9083698711970478,False
v3,test,short_gaps,18776,dictionary_8,1.5703221108128405,1.1666461410333553,0.9021968028999714,0.0,0.2775963533007332,0.34489337812668847,0.9570631957543723,False
v3,test,short_gaps,18776,dictionary_24,1.2770893731311155,0.9487934855269311,0.7964929904167194,0.0,0.22575963898057216,0.5881983913510795,0.9717073935524776,True
v3,test,short_gaps,18776,dictionary_48,2.0027650632218523,1.4879228384517582,1.0807359030748582,0.0,0.3540421893319191,0.4649755494666751,0.9349931780073474,False
v3,test,short_gaps,18776,local_pca_8,1.5142766570915964,1.1250080517164396,0.8582129628032624,0.0,0.26768882320549103,0.2558038137965235,0.9596012482177736,False
v3,test,short_gaps,18776,local_pca_16,1.0902235884823694,0.8099644866543472,0.6650038913874496,0.0,0.19272612310635384,0.6588271546789807,0.9791891776940446,False
v3,test,short_gaps,18776,local_pca_32,1.035524880121162,0.7693269406440705,0.6633244413974251,0.0,0.1830566662052651,0.6672440830078326,0.9811429510493188,False
v3,test,short_gaps,18776,local_dictionary_8,1.590815656811432,1.1818714990606778,0.869269310250727,0.0,0.28121913463727377,0.10591020415408582,0.9552858288672269,False
v3,test,short_gaps,18776,local_dictionary_24,1.673250365127519,1.2431150704795328,0.9628876068320219,0.0,0.2957916699511339,0.49989780403048256,0.9529296899426848,False
v3,test,short_gaps,18879,zero_fill,1.3037350152998264,1.0,0.7627125289555053,0.0,0.2304699675472136,,0.9699136326230068,False
v3,test,short_gaps,18879,linear,2.4948354261714756,1.913606213604477,1.5010741646112584,0.0,0.4410287619475701,0.14199433874348244,0.9004997064537078,False
v3,test,short_gaps,18879,pchip,2.7733257985771083,2.127215857540892,1.7002270778155486,0.0,0.49025936965336764,0.125026636511575,0.8809531259856986,False
v3,test,short_gaps,18879,autoregression,6.2555144301852526,4.798148670377348,3.4649343683510327,0.0,1.1058291683485735,0.5979100778324661,0.697129851262236,False
v3,test,short_gaps,18879,pca_r32_l01,0.5657909180170175,0.43397692888297534,0.4491067175968267,0.0,0.10001864871589877,0.9016714942867935,0.9944063998662334,False
v3,test,short_gaps,18879,pca_r64_l01,1.2305253763720108,0.9438462279000926,0.9599061196362986,0.0,0.21752820951369436,0.5924995789698421,0.973759723141276,False
v3,test,short_gaps,18879,pca_r96_l01,1.292686270033996,0.991525313705493,1.010151100108466,0.0,0.22851680687194575,0.5657454753492183,0.97111441819493,False
v3,test,short_gaps,18879,pca_r64_l001,1.3987576330959748,1.0728849165520769,1.0792968652146149,0.0,0.2472677518996521,0.5327388008345935,0.9663972140892833,False
v3,test,short_gaps,18879,pca_r64_l1,0.8023605212086692,0.6154322096075224,0.6016102111631765,0.0,0.14183864137575566,0.7890518358362347,0.9887154442873869,False
v3,test,short_gaps,18879,template_1,1.2622410384641205,0.9681729980795497,0.7428275495479986,0.0,0.22313479944748235,0.6289164553727961,0.9726995849425236,False
v3,test,short_gaps,18879,dictionary_8,0.6722277203012772,0.5156168334917979,0.4169107280453527,0.0,0.11883419488165171,0.9020164865272746,0.9921431486512361,False
v3,test,short_gaps,18879,dictionary_24,0.6743051863002762,0.5172103060722066,0.43769491143066963,0.0,0.11920144245554591,0.8813906053203868,0.9920754111693934,True
v3,test,short_gaps,18879,dictionary_48,0.6946624774509771,0.5328248986940204,0.4474822538445388,0.0,0.12280013711035827,0.8628392186138502,0.9915743436816219,False
v3,test,short_gaps,18879,local_pca_8,0.5154214136184855,0.3953421573938102,0.340241441459716,0.0,0.09111449418459686,0.91755471985455,0.9953560287541083,False
v3,test,short_gaps,18879,local_pca_16,0.5081859944256855,0.3897923952811956,0.32243053676395006,0.0,0.0898354406906078,0.919870218005421,0.9954855780427648,False
v3,test,short_gaps,18879,local_pca_32,0.592568745495961,0.45451624643193694,0.4069954161861278,0.0,0.10475234456484987,0.8923334266814454,0.9938633733417103,False
v3,test,short_gaps,18879,local_dictionary_8,0.6214988764447065,0.4767064389244599,0.40694839433309016,0.0,0.10986651750846806,0.8938796852621027,0.9932670398691004,False
v3,test,short_gaps,18879,local_dictionary_24,0.5714080931811996,0.4382854540803984,0.36048735789844966,0.0,0.10101163437832521,0.9054323297539507,0.9943044649874965,False
v3,test,short_gaps,18982,zero_fill,1.5131385416751129,1.0,0.6868587657643404,0.0,0.2674876309232989,,0.9476778787347393,False
v3,test,short_gaps,18982,linear,1.2706005136445053,0.839711948806679,0.8483772111067494,0.0,0.22461255984428502,0.5385080686864453,0.9634633829571703,False
v3,test,short_gaps,18982,pchip,1.3673862005770119,0.9036754817329902,0.9747125862048672,0.0,0.24172201373222846,0.5088438608976533,0.9578868733956348,False
v3,test,short_gaps,18982,autoregression,5.3841924985914655,3.5582944656415405,2.6231569725911164,0.0,0.9517997567419414,0.16697907589980693,0.6479213417080399,False
v3,test,short_gaps,18982,pca_r32_l01,0.7738463749197187,0.5114180582982414,0.5157091318212775,0.0,0.13679800482559015,0.8556095083361531,0.9865966219536438,False
v3,test,short_gaps,18982,pca_r64_l01,0.7681980377480772,0.5076851964246758,0.5249911368878011,0.0,0.1357995104464662,0.8698508380653216,0.9869036021019887,False
v3,test,short_gaps,18982,pca_r96_l01,0.9153883102287063,0.6049600119334281,0.6672555256494843,0.0,0.1618193203954033,0.8660871256561807,0.9820865466002463,False
v3,test,short_gaps,18982,pca_r64_l001,0.8969273943589673,0.5927595984476266,0.6159144200244072,0.0,0.15855586069580163,0.8422465597729898,0.9823755269427366,False
v3,test,short_gaps,18982,pca_r64_l1,0.5946077087338224,0.3929631638855519,0.40003518659946724,0.0,0.10511278574787034,0.9149680716501618,0.9920930009669262,False
v3,test,short_gaps,18982,template_1,0.8683345318395892,0.5738632041440855,0.5249435488134584,0.0,0.1535013089505549,0.8207034799582339,0.9831393345569986,False
v3,test,short_gaps,18982,dictionary_8,0.6433044622450964,0.42514577781683444,0.4187977639635937,0.0,0.11372123690526825,0.9073675883101113,0.9908035082066375,False
v3,test,short_gaps,18982,dictionary_24,0.7141212596855698,0.4719470425325399,0.46992146781893723,0.0,0.12623999632828647,0.8924564548954412,0.9887433068350159,True
v3,test,short_gaps,18982,dictionary_48,0.7358548707992434,0.48631030836384537,0.4415535788015346,0.0,0.13008199227782397,0.8819817615629173,0.9880023440104586,False
v3,test,short_gaps,18982,local_pca_8,0.7661315397526507,0.5063194933257786,0.44406786444245455,0.0,0.13543420175999757,0.8627174174906911,0.9868997095912124,False
v3,test,short_gaps,18982,local_pca_16,0.4641507997368825,0.3067470604661531,0.2863039879510637,0.0,0.0820510444967772,0.9487454775604349,0.995187056962068,False
v3,test,short_gaps,18982,local_pca_32,0.5654495345934628,0.3736931675585268,0.35994645032711664,0.0,0.09995830008245371,0.9232811195981735,0.992851853351897,False
v3,test,short_gaps,18982,local_dictionary_8,0.5173934048453167,0.34193392778994236,0.33173480769262276,0.0,0.09146309627683004,0.9393236115001243,0.9940413301572393,False
v3,test,short_gaps,18982,local_dictionary_24,0.5983668321779803,0.39544748593579615,0.3660590635230164,0.0,0.10577731116754066,0.9189334278504897,0.9920359720980861,False
v3,test,short_gaps,19084,zero_fill,1.7596838046848442,1.0,0.8174272007767294,0.0,0.3110710877591994,,0.9386493931517856,False
v3,test,short_gaps,19084,linear,4.426707674335143,2.5156267634843394,2.666772951734381,0.0,0.7825387537132278,-0.5260419732830109,0.6755037515179083,False
v3,test,short_gaps,19084,pchip,3.6142021693483115,2.0538929549309617,1.887556480078199,0.0,0.6389067156313305,-0.6302560458995912,0.7590329326545457,False
v3,test,short_gaps,19084,autoregression,9.054521168950435,5.1455387296538095,5.091688659561047,0.0,1.6006283297404995,-0.29516929158248933,0.3877597576233597,False
v3,test,short_gaps,19084,pca_r32_l01,1.8612732547804516,1.057731650325555,0.9405226234655558,0.0,0.32902973502410343,0.5562176736862949,0.9361657379688071,False
v3,test,short_gaps,19084,pca_r64_l01,0.9000651256299841,0.5114925324843709,0.5995851364650333,0.0,0.1591105384606209,0.8900129671018291,0.9849060885040742,False
v3,test,short_gaps,19084,pca_r96_l01,0.9078553644727847,0.515919599905268,0.6676036586720706,0.0,0.16048767113882267,0.8923906719455905,0.9847179279329948,False
v3,test,short_gaps,19084,pca_r64_l001,0.8749849052614712,0.4972398466883539,0.6030135094343053,0.0,0.15467693998656376,0.9009686770889512,0.9858216904749025,False
v3,test,short_gaps,19084,pca_r64_l1,1.202899347457411,0.6835883493698732,0.6032614954265314,0.0,0.2126445714180021,0.778099883549095,0.97261568138556,False
v3,test,short_gaps,19084,template_1,1.2381634381482134,0.703628364852722,0.7013191372316225,0.0,0.21887844083296304,0.686335365926434,0.9700643958817056,False
v3,test,short_gaps,19084,dictionary_8,1.3154158266873806,0.7475296545807381,0.6418111140722621,0.0,0.23253486278268878,0.655478411907904,0.9662729671465281,False
v3,test,short_gaps,19084,dictionary_24,1.7485317222124188,0.9936624509228675,0.8269345276196695,0.0,0.30909965947404844,0.5616529092307767,0.9427019556506502,True
v3,test,short_gaps,19084,dictionary_48,1.6367247809320922,0.930124364715186,0.781766062904823,0.0,0.2893347978832872,0.6413746570058941,0.9503123334999212,False
v3,test,short_gaps,19084,local_pca_8,1.920822234817711,1.091572377778249,0.8736758515959753,0.0,0.33955660692337564,0.5314981009027231,0.9321288804267692,False
v3,test,short_gaps,19084,local_pca_16,0.7304190022744792,0.4150853695021054,0.4016162759595091,0.0,0.12912105740394914,0.9181115999001447,0.989892697042386,False
v3,test,short_gaps,19084,local_pca_32,0.6420115689131163,0.3648448472412345,0.3993608798118703,0.0,0.11349268349466975,0.9284908833087809,0.9920766387877877,False
v3,test,short_gaps,19084,local_dictionary_8,1.3579112693524058,0.7716791310673027,0.6715142687591396,0.0,0.24004706670217968,0.6307292167782396,0.9640411687332526,False
v3,test,short_gaps,19084,local_dictionary_24,1.873816472226895,1.064859759030681,0.90839754757634,0.0,0.33124708355267285,0.5898803421049701,0.9362909721594909,False
v3,test,short_gaps,19187,zero_fill,1.5156128390211798,1.0,0.7787359014125538,0.0,0.2679250290313179,,0.9537310208491976,False
v3,test,short_gaps,19187,linear,3.57634960796244,2.3596722829770527,2.2411419308344422,0.0,0.6322152649210231,0.19616094406524945,0.8062841612146028,False
v3,test,short_gaps,19187,pchip,4.075715012925142,2.6891531319814757,2.6424272554775037,0.0,0.7204914309557962,0.19748918131731807,0.7696051442848636,False
v3,test,short_gaps,19187,autoregression,14.52416000164339,9.583027820629608,8.536776087148354,0.0,2.5675330070501143,-0.1025927208358243,0.27939282340031013,False
v3,test,short_gaps,19187,pca_r32_l01,1.4043146940794962,0.9265655831910459,0.7439895044147586,0.0,0.2482501107758809,0.5652987960729058,0.9612358810319904,False
v3,test,short_gaps,19187,pca_r64_l01,0.7876260714293414,0.5196749797514316,0.4553003217912658,0.0,0.13923393403675186,0.8563058481001523,0.9877399198439513,False
v3,test,short_gaps,19187,pca_r96_l01,0.790103267572574,0.5213094315582878,0.6441456889612982,0.0,0.13967184458455406,0.8863278365820119,0.9879590145874758,False
v3,test,short_gaps,19187,pca_r64_l001,0.7318662827279049,0.4828847208767129,0.4722707965031211,0.0,0.12937690285967313,0.8822411042794047,0.9894646422000326,False
v3,test,short_gaps,19187,pca_r64_l1,1.091092006313076,0.7199015330443691,0.5144978284204387,0.0,0.19287963914060285,0.7011832453649113,0.9763464104656354,False
v3,test,short_gaps,19187,template_1,1.8493408985094866,1.2201934761280042,0.9114378564365311,0.0,0.32692037251542017,0.25033370708414693,0.9328938687875125,False
v3,test,short_gaps,19187,dictionary_8,1.1423737891054513,0.7537372076124826,0.5493470591805536,0.0,0.20194506323155886,0.6731552843333957,0.9740769600863414,False
v3,test,short_gaps,19187,dictionary_24,1.1520455455101348,0.7601186238658114,0.6110726100329733,0.0,0.20365480436649291,0.6795869156539477,0.9737068426426138,True
v3,test,short_gaps,19187,dictionary_48,0.8678294882558582,0.5725931226713042,0.4647470703618328,0.0,0.15341202901484216,0.8169723719439044,0.9850654524308837,False
v3,test,short_gaps,19187,local_pca_8,1.3440578029348251,0.8868081401334993,0.597697313184639,0.0,0.2375980966904768,0.5964384753997408,0.964443388933246,False
v3,test,short_gaps,19187,local_pca_16,0.6875388875560711,0.4536375450607166,0.42997014235292763,0.0,0.12154085243008826,0.8895285785632019,0.9906536788086738,False
v3,test,short_gaps,19187,local_pca_32,0.4794926465219096,0.3163688207019794,0.34164763070167614,0.0,0.08476312547118163,0.9485269372502931,0.9954706514017678,False
v3,test,short_gaps,19187,local_dictionary_8,1.4121582022048147,0.9317407228595538,0.6723862394740694,0.0,0.24963666022180708,0.4872423228528485,0.9603299538799396,False
v3,test,short_gaps,19187,local_dictionary_24,1.2132559000973735,0.8005051612527406,0.6580075696474355,0.0,0.21447536856836033,0.7023656301607936,0.9713057249459404,False
v3,test,short_gaps,19290,zero_fill,1.3827526979566558,1.0,0.858588157547129,0.0,0.2444384523572863,,0.9793616739771112,False
v3,test,short_gaps,19290,linear,1.5605521882757278,1.1285837233091738,1.0142995224516709,0.0,0.27586925868131823,-0.23503798111482188,0.9737875779361802,False
v3,test,short_gaps,19290,pchip,1.5449217555740449,1.1172798706934597,1.0626752736250489,0.0,0.27310616244225827,-0.17321162674077126,0.9743132249304906,False
v3,test,short_gaps,19290,autoregression,9.639358421189652,6.971136946927737,5.4580787745150525,0.0,1.7040139264777137,0.5159214388086558,0.6216386228410938,False
v3,test,short_gaps,19290,pca_r32_l01,0.9631926594407341,0.6965762286083976,0.6803120911794378,0.0,0.17027001526991198,0.7863278885931164,0.9901498442729387,False
v3,test,short_gaps,19290,pca_r64_l01,1.228804875543384,0.8886656864667369,0.8936002316855509,0.0,0.21722406506295458,0.6346843344006526,0.9839302631195508,False
v3,test,short_gaps,19290,pca_r96_l01,1.6571781761027948,1.1984631659382532,1.2036619189103002,0.0,0.29295048148916025,0.3957718030009423,0.9709178841531011,False
v3,test,short_gaps,19290,pca_r64_l001,1.3052091366472094,0.9439208750602799,0.9483373787395976,0.0,0.2307305578474702,0.6060572404613432,0.9819100311611325,False
v3,test,short_gaps,19290,pca_r64_l1,1.0171654495888278,0.7356090869263393,0.7201009200569087,0.0,0.17981114674823084,0.7217040500549416,0.9889377039010471,False
v3,test,short_gaps,19290,template_1,1.248709006615381,0.9030602568779247,0.7311237956895758,0.0,0.22074265157661332,0.6311677577828334,0.9834254396680021,False
v3,test,short_gaps,19290,dictionary_8,1.2985169284450289,0.939081102762551,0.7250231191610239,0.0,0.22954753139725168,0.5148792238523919,0.9819300746925927,False
v3,test,short_gaps,19290,dictionary_24,0.7701696970892242,0.5569829646525601,0.5086604876686045,0.0,0.1361480538690449,0.8244273685389163,0.9936369243435011,True
v3,test,short_gaps,19290,dictionary_48,0.9825359208909615,0.7105651808475159,0.6368539953929989,0.0,0.17368945310534203,0.7427859549417846,0.9896839017577509,False
v3,test,short_gaps,19290,local_pca_8,0.998399663700266,0.7220377621939467,0.6237341187984508,0.0,0.17649379313420663,0.7780166480382279,0.9894358565343695,False
v3,test,short_gaps,19290,local_pca_16,0.8969641046931323,0.6486800611697298,0.5854212773439279,0.0,0.1585623502273585,0.7513079619091625,0.9913588554741246,False
v3,test,short_gaps,19290,local_pca_32,0.8571137855576932,0.6198605049364804,0.5832457601474403,0.0,0.1515177425040793,0.7769501832381512,0.9921133559498647,False
v3,test,short_gaps,19290,local_dictionary_8,1.2601802063768237,0.9113561725383275,0.7116977627157257,0.0,0.22277049236152877,0.5389827601709264,0.9829760058942874,False
v3,test,short_gaps,19290,local_dictionary_24,0.7090840285950538,0.512806107442707,0.46711753303305537,0.0,0.12534953126265957,0.8537793870818714,0.9946093144375515,False
v3,test,short_gaps,19393,zero_fill,0.8640834263740311,1.0,0.5526740466928375,0.0,0.1527498125749961,,0.9856937559201177,False
v3,test,short_gaps,19393,linear,0.8392394983979286,0.9712482299534947,0.6113061368456514,0.0,0.14835798508919298,0.24476908341034131,0.9864930230525705,False
v3,test,short_gaps,19393,pchip,0.8595199281131495,0.9947186832641478,0.6482604827818971,0.0,0.15194309243344548,0.2268005859736909,0.9858347037249952,False
v3,test,short_gaps,19393,autoregression,8.573159799358569,9.921680636017143,5.072463250590735,0.0,1.5155348575805865,0.19523968781759155,0.5244754203251198,False
v3,test,short_gaps,19393,pca_r32_l01,0.6992465406368105,0.8092349873797156,0.473191550852737,0.0,0.12361049265138087,0.5595378051117531,0.9906399793008428,False
v3,test,short_gaps,19393,pca_r64_l01,0.6250823793308632,0.7234051253059067,0.4665829163627182,0.0,0.11049999730626879,0.7181865227672479,0.9925509785697229,False
v3,test,short_gaps,19393,pca_r96_l01,0.7157214232652299,0.8283012975594551,0.5322444107866473,0.0,0.12652286795783282,0.6582174915702697,0.9902561694525942,False
v3,test,short_gaps,19393,pca_r64_l001,0.701061536368245,0.8113354740642604,0.5257498538809382,0.0,0.12393134159876136,0.6836486886189809,0.9906610613942884,False
v3,test,short_gaps,19393,pca_r64_l1,0.5129698125935348,0.5936577382882106,0.3668310624335681,0.0,0.09068110825722023,0.807758279339879,0.9949769828438612,False
v3,test,short_gaps,19393,template_1,0.9810037411031457,1.1353113729073006,0.5408509401260855,0.0,0.17341859942585164,0.1878671566842045,0.9815922657921945,False
v3,test,short_gaps,19393,dictionary_8,0.6912097651749781,0.7999340620100933,0.42800409603659106,0.0,0.12218977804439704,0.6346803061252907,0.990881184269595,False
v3,test,short_gaps,19393,dictionary_24,0.4523580881964849,0.5235120526437167,0.2919430134287012,0.0,0.0799663679220792,0.8503467861613004,0.9960954374325788,True
v3,test,short_gaps,19393,dictionary_48,0.41412601760249285,0.4792662432379907,0.2672645996858152,0.0,0.07320782882812556,0.8792387959092564,0.9967296698245094,False
v3,test,short_gaps,19393,local_pca_8,0.7114703517719546,0.8233815509661034,0.4377343011956696,0.0,0.12577137758778187,0.5424641223589495,0.9903095311597302,False
v3,test,short_gaps,19393,local_pca_16,0.5110678274705608,0.5914565791582925,0.3398362011971496,0.0,0.09034488161267751,0.7940659820718329,0.9950104466361014,False
v3,test,short_gaps,19393,local_pca_32,0.3962376398021276,0.45856410122905233,0.30442298577747395,0.0,0.07004558051635927,0.8873946435068112,0.9970058493615188,False
v3,test,short_gaps,19393,local_dictionary_8,0.588520863528042,0.6810926417113018,0.3798911030385132,0.0,0.10403677336761029,0.7204213644582113,0.9933810597059612,False
v3,test,short_gaps,19393,local_dictionary_24,0.48592019227198674,0.5623533300610364,0.3009931486680533,0.0,0.0858993657677482,0.8313051623793144,0.995494407169686,False
v3,test,short_gaps,19496,zero_fill,1.1320604558828382,1.0,0.5724901073094442,0.0,0.20012190626697235,,0.9833338382294444,False
v3,test,short_gaps,19496,linear,4.448769986295314,3.92979894596348,2.7605299492610693,0.0,0.7864388563121502,0.1560055399265581,0.8130620959389003,False
v3,test,short_gaps,19496,pchip,3.4606145796703127,3.0569167588947797,1.9713148067949309,0.0,0.6117560090894779,0.15795428441850784,0.8717903657866704,False
v3,test,short_gaps,19496,autoregression,12.93565429714051,11.426646191834896,7.733632712896251,0.0,2.2867222181482396,-0.03322648175757565,0.41990811180552307,False
v3,test,short_gaps,19496,pca_r32_l01,0.8641157290022571,0.7633123518375843,0.5800822456470405,0.0,0.15275552292686326,0.7452788738585138,0.9904184942330873,False
v3,test,short_gaps,19496,pca_r64_l01,0.8285239207890782,0.7318725042320758,0.5431746204436694,0.0,0.14646372069130578,0.7621593648167353,0.9911865992444145,False
v3,test,short_gaps,19496,pca_r96_l01,0.8721404338294586,0.7704009351243695,0.6344857905142469,0.0,0.1541741037269469,0.7382329151874586,0.9902368034873793,False
v3,test,short_gaps,19496,pca_r64_l001,0.8559029433194959,0.7560576282580416,0.5698005846924271,0.0,0.1513036938146852,0.755568558129414,0.9906086995833933,False
v3,test,short_gaps,19496,pca_r64_l1,0.7802000015803436,0.6891858094026472,0.47458292908075356,0.0,0.13792117794980402,0.7655710764758477,0.9921541168639266,False
v3,test,short_gaps,19496,template_1,1.2184157215185067,1.076281496440333,0.6575091398131023,0.0,0.21538750474750903,0.4149558610814222,0.9808766366328038,False
v3,test,short_gaps,19496,dictionary_8,0.9038658746451186,0.7984254462278149,0.48765032595297725,0.0,0.1597824223111683,0.8174105535034328,0.9897206519916845,False
v3,test,short_gaps,19496,dictionary_24,1.1355500472059605,1.0030825132217882,0.6123144235634423,0.0,0.2007387846890097,0.7223838346426634,0.9838265100266805,True
v3,test,short_gaps,19496,dictionary_48,1.4389688130998193,1.2711059781499376,0.7236488644853972,0.0,0.25437615141471,0.629787797691746,0.9743675050486768,False
v3,test,short_gaps,19496,local_pca_8,0.8296798944827886,0.7328936278723401,0.49569724442367813,0.0,0.14666806990072975,0.7628689315895132,0.9911633056825456,False
v3,test,short_gaps,19496,local_pca_16,0.5908913247802806,0.5219609268300724,0.3824735103296735,0.0,0.10445581567410978,0.8739020154863709,0.995509656348679,False
v3,test,short_gaps,19496,local_pca_32,0.6597984920048026,0.5828297319070811,0.4253982025736474,0.0,0.11663699697831349,0.8455700341807222,0.99440500531281,False
v3,test,short_gaps,19496,local_dictionary_8,1.0975519737145318,0.969517103093761,0.6244686090523869,0.0,0.19402161082955618,0.7043527025891029,0.9847905178522663,False
v3,test,short_gaps,19496,local_dictionary_24,1.3184327793695412,1.1646310694081796,0.7084393152356387,0.0,0.23306818970770748,0.6969116831068641,0.9784848408256872,False
v3,test,short_gaps,19599,zero_fill,0.5597283297308661,1.0,0.3562774815312163,0.0,0.0989469243937288,,0.9956365799461852,False
v3,test,short_gaps,19599,linear,0.592687192828766,1.0588836786477247,0.42532275918906115,0.0,0.10477328329290984,0.3173999496799138,0.9951081105001787,False
v3,test,short_gaps,19599,pchip,0.7082919886749696,1.265421010609803,0.5595311742842726,0.0,0.12520951706304406,0.2399130014523176,0.9930226993654027,False
v3,test,short_gaps,19599,autoregression,11.287231973873661,20.165554206092974,6.372055048773483,0.0,1.9953195673879216,-0.3611264671823497,0.4435040291486727,False
v3,test,short_gaps,19599,pca_r32_l01,0.5084386144631909,0.9083667691211257,0.41366585741732675,0.0,0.08988009802600373,0.5150615051200855,0.9963983641640018,False
v3,test,short_gaps,19599,pca_r64_l01,1.0537819662772667,1.8826668408653824,0.6584337581448616,0.0,0.1862840935616873,0.3175529106372215,0.9848051616525353,False
v3,test,short_gaps,19599,pca_r96_l01,0.9224511187117149,1.6480336436700582,0.7592532048555732,0.0,0.16306786033854265,0.4850392002195955,0.9883483280348003,False
v3,test,short_gaps,19599,pca_r64_l001,1.2084695395021048,2.159028720385071,0.7486283364370392,0.0,0.21362925155983067,0.2692630577954202,0.9801500433566641,False
v3,test,short_gaps,19599,pca_r64_l1,0.6136898832011113,1.0964066862511526,0.3964936048478396,0.0,0.10848606948927153,0.5224560334922163,0.9947723180854727,False
v3,test,short_gaps,19599,template_1,0.7686014639373644,1.373168773334969,0.4434328798119841,0.0,0.1358708267950045,0.2870016224550351,0.9918057909831626,False
v3,test,short_gaps,19599,dictionary_8,0.5436949906489899,0.9713551410028048,0.3450050284936228,0.0,0.09611260369626431,0.5664392223673813,0.9958908470562894,False
v3,test,short_gaps,19599,dictionary_24,0.38811008074869335,0.6933900968266304,0.2352888886159112,0.0,0.0686088174860649,0.7211209382837646,0.9979016509551045,True
v3,test,short_gaps,19599,dictionary_48,0.3895976049563836,0.696047679315631,0.2368611730809163,0.0,0.06887177709967414,0.7118208666111253,0.9978851567712327,False
v3,test,short_gaps,19599,local_pca_8,0.4416632315612391,0.7890671386485009,0.28092680220927957,0.0,0.07807576650942916,0.6262106280910038,0.9972821201739921,False
v3,test,short_gaps,19599,local_pca_16,0.3934964368708839,0.7030132583428261,0.26004596387643,0.0,0.06956099972103655,0.776566831203653,0.9978475111400609,False
v3,test,short_gaps,19599,local_pca_32,0.33846868501205957,0.6047017223066149,0.24274349643414078,0.0,0.05983337559783022,0.7987102848353312,0.9984046439933305,False
v3,test,short_gaps,19599,local_dictionary_8,0.5357823586457159,0.9572185829924598,0.33294501584093233,0.0,0.09471383475962715,0.5297773441716002,0.9960052469645999,False
v3,test,short_gaps,19599,local_dictionary_24,0.46598038698497724,0.832511706543484,0.28854684748012094,0.0,0.08237447288425226,0.6689165747206005,0.9969802667731075,False
v3,validation,long_gaps,12000,zero_fill,1.7861589950828036,1.0,0.9061542632027185,0.0,0.5907165628762674,,0.869771671688417,
v3,validation,long_gaps,12000,linear,1.8779020814520038,1.0513633369827455,1.101290807131259,0.0,0.6210577367565703,-0.00613081767999552,0.8559885208736944,
v3,validation,long_gaps,12000,pchip,1.8848437120784303,1.0552496822888109,1.098999674872737,0.0,0.6233534652979196,-0.006049389304696147,0.8548958723737745,
v3,validation,long_gaps,12000,autoregression,1.7857472941793104,0.9997695048959099,0.9061328674025481,0.0,0.5905804056006195,0.05337473108488737,0.869833317142644,
v3,validation,long_gaps,12000,pca_r32_l01,8.465979750465674,4.739768281419541,4.821796827091006,0.0,2.7998596280301036,0.13588645103420344,0.36433741877845716,
v3,validation,long_gaps,12000,pca_r64_l01,3.465113454604265,1.9399804071997675,2.080309685710526,0.0,1.1459785581883482,0.5523955460602131,0.744961359528711,
v3,validation,long_gaps,12000,pca_r96_l01,3.1825939055913417,1.7818088503614995,1.8876134381436735,0.0,1.0525439997880586,0.4171285843891398,0.7359877541449287,
v3,validation,long_gaps,12000,pca_r64_l001,7.482497292826684,4.189155228300271,3.9245401784795186,0.0,2.474603377816681,0.40028026274139417,0.5017962231958006,
v3,validation,long_gaps,12000,pca_r64_l1,1.6573860278750423,0.9279050926808498,1.0640684247509329,0.0,0.5481289070238159,0.5996374366117787,0.8971102982433675,
v3,validation,long_gaps,12000,template_1,1.7269620631447986,0.9668579717141806,1.1691878241160285,0.0,0.5711390178405201,0.4424100096594458,0.8819609607138086,
v3,validation,long_gaps,12000,dictionary_8,1.8290279930349538,1.0240006617944797,1.2215847162265123,0.0,0.6048941513182583,0.526524350113222,0.8756995447563903,
v3,validation,long_gaps,12000,dictionary_24,2.108355201038596,1.180384952763321,1.3974441566912257,0.0,0.6972729421672141,0.47861954951143204,0.84404523299234,
v3,validation,long_gaps,12000,dictionary_48,2.352319635335429,1.3169710209512335,1.5525041859256177,0.0,0.7779565949039614,0.35889353679191316,0.8067626130174386,
v3,validation,long_gaps,12000,local_pca_8,6.163652591662721,3.450786077068679,3.348628135643927,0.0,2.0384364906672885,-0.009436624222671395,0.4063585555760245,
v3,validation,long_gaps,12000,local_pca_16,6.2383614752027725,3.4926126354801754,3.5359956270630906,0.0,2.0631441314890715,-0.018063577005221477,0.39922005707003644,
v3,validation,long_gaps,12000,local_pca_32,4.378957513037422,2.4516056661766665,2.570962162070014,0.0,1.4482040726518621,0.06342241413916593,0.5535511011354508,
v3,validation,long_gaps,12000,local_dictionary_8,2.074662496438217,1.1615217358307115,1.343731855122431,0.0,0.6861301274959937,0.35629269650102013,0.8376831239442557,
v3,validation,long_gaps,12000,local_dictionary_24,2.12305021699132,1.1886121128275586,1.3540757223359061,0.0,0.7021328618825935,0.5100684448199875,0.8458623951311425,
v3,validation,long_gaps,12113,zero_fill,2.3323170464733476,1.0,1.5134127786902614,0.0,0.7713413604406442,,0.7782868894781103,
v3,validation,long_gaps,12113,linear,2.5804214550616575,1.1063767933967057,1.7193681309906184,0.0,0.8533941809785723,-0.012732136496991887,0.7280235252061038,
v3,validation,long_gaps,12113,pchip,2.5605348871661007,1.0978502648419248,1.6878787973706255,0.0,0.846817316843292,-0.011650486292387833,0.7322111547537677,
v3,validation,long_gaps,12113,autoregression,2.3017334836481766,0.9868870474228982,1.4691922351122264,0.0,0.7612267977604287,0.2211686894663195,0.7853353128713172,
v3,validation,long_gaps,12113,pca_r32_l01,8.941614504975389,3.833790315298615,4.661385386486975,0.0,2.9571610374465997,0.015299961395840262,0.25539075569876435,
v3,validation,long_gaps,12113,pca_r64_l01,6.691145350355404,2.86888326802437,3.6838516081446064,0.0,2.2128883229033187,0.16226011877670715,0.40333323668420146,
v3,validation,long_gaps,12113,pca_r96_l01,3.914118538443016,1.6782103206600838,2.387386324749179,0.0,1.2944730318434787,0.3277250551082215,0.6227383177892923,
v3,validation,long_gaps,12113,pca_r64_l001,15.629321735887654,6.701199461505654,7.2554547621247005,0.0,5.168912309221883,0.12906108356540172,0.2201532011154041,
v3,validation,long_gaps,12113,pca_r64_l1,2.8547797130807386,1.224010139357939,1.8112776096656418,0.0,0.9441296460854951,0.30475779310828066,0.7136075210504368,
v3,validation,long_gaps,12113,template_1,2.9507721500398945,1.265167681427232,1.9764795875216783,0.0,0.9758761605776164,-0.22238104404523848,0.6445853322757485,
v3,validation,long_gaps,12113,dictionary_8,2.493690031847018,1.0691899866777028,1.7395920762581552,0.0,0.8247104588934935,0.23810767802289312,0.7534907093206801,
v3,validation,long_gaps,12113,dictionary_24,2.4699317570016097,1.0590034321175787,1.713164348614326,0.0,0.8168531480408846,0.348238297172382,0.7668296764172334,
v3,validation,long_gaps,12113,dictionary_48,2.750807664749615,1.1794312736808483,1.8479019479523953,0.0,0.9097441231872273,0.2367840544831532,0.7161879019158913,
v3,validation,long_gaps,12113,local_pca_8,4.4816877441290295,1.9215602573868353,2.7290314838953913,0.0,1.4821789031014359,-0.09789973441487046,0.43896025756468726,
v3,validation,long_gaps,12113,local_pca_16,3.7948734955618155,1.6270830337153226,2.4787164538327544,0.0,1.2550364407758674,-0.09605580162633359,0.5194523159045238,
v3,validation,long_gaps,12113,local_pca_32,4.841455535937352,2.075813639169694,2.9531191922485087,0.0,1.601160916458396,-0.13564772969497474,0.391958544358696,
v3,validation,long_gaps,12113,local_dictionary_8,2.749441579360727,1.1788455534028297,1.8444637311345133,0.0,0.9092923329111426,0.03867355775909787,0.6975078719137958,
v3,validation,long_gaps,12113,local_dictionary_24,2.5407676328866287,1.0893748929754106,1.7437475285139374,0.0,0.8402799119775343,0.29252143835517475,0.7513325215986083,
v3,validation,long_gaps,12226,zero_fill,2.850089935326636,1.0,1.9224434864496633,0.0,0.9425786478803051,,0.7037922540404321,
v3,validation,long_gaps,12226,linear,2.967768846988279,1.0412895432537137,1.9773004859618817,0.0,0.981497289731986,-0.010285049373055235,0.676540921644982,
v3,validation,long_gaps,12226,pchip,2.96583827664617,1.0406121715265344,1.9779306159666892,0.0,0.9808588136052689,-0.01003876329258805,0.6769975867195557,
v3,validation,long_gaps,12226,autoregression,3.5846047592568775,1.2577163670612599,2.3192212265623304,0.0,1.1854965926815317,0.10548938565433728,0.5770120653163092,
v3,validation,long_gaps,12226,pca_r32_l01,7.48330361814946,2.6256377124786527,4.3996198692651936,0.0,2.474870044851666,-0.06340508510075445,0.2304254539496835,
v3,validation,long_gaps,12226,pca_r64_l01,7.486241137046105,2.6266683883391706,4.337580275009086,0.0,2.4758415379106755,-0.08565448026462275,0.21791747751470994,
v3,validation,long_gaps,12226,pca_r96_l01,5.745562035778955,2.0159230642384913,3.363185519384239,0.0,1.9001660361206385,-0.15381273160580958,0.27704988979995987,
v3,validation,long_gaps,12226,pca_r64_l001,19.039396455393245,6.680279179755507,8.751953274093989,0.0,6.296688516716899,-0.12586621882299515,0.017997602563412953,
v3,validation,long_gaps,12226,pca_r64_l1,3.382530836601431,1.1868154736716314,2.225671914071113,0.0,1.1186669244568301,0.04138058850319039,0.5964380227429671,
v3,validation,long_gaps,12226,template_1,3.2520779722519215,1.141043983188978,2.046867691365829,0.0,1.0755236948462246,0.07852107306870826,0.6229763857158058,
v3,validation,long_gaps,12226,dictionary_8,3.4201809519259516,1.2000256235893063,2.1683153825437276,0.0,1.1311185297045283,0.14867264384502613,0.6076716886406653,
v3,validation,long_gaps,12226,dictionary_24,3.9862397509581773,1.398636478641974,2.553280839795621,0.0,1.318324880914423,0.042567642636294784,0.5117686053347247,
v3,validation,long_gaps,12226,dictionary_48,4.434304122141142,1.555847086500078,2.8010148558654584,0.0,1.4665082431017553,0.013542932577409631,0.4543235549886096,
v3,validation,long_gaps,12226,local_pca_8,3.155705071769627,1.1072299974309288,2.0749910925749733,0.0,1.0436513538709586,0.18572277748630997,0.6517433956699491,
v3,validation,long_gaps,12226,local_pca_16,4.343553113485719,1.5240056321197892,2.64629450138318,0.0,1.4364951680854405,-0.037869275240425423,0.4479522317968886,
v3,validation,long_gaps,12226,local_pca_32,8.05913755217081,2.827678331226832,4.308490145809048,0.0,2.6653092180882245,-0.22973875710593747,0.11513109529618674,
v3,validation,long_gaps,12226,local_dictionary_8,3.288480022034207,1.153816229191143,2.069656383338343,0.0,1.0875625412133394,0.22210428894332804,0.6390681774278485,
v3,validation,long_gaps,12226,local_dictionary_24,3.121894081168932,1.095366866312991,2.007386870796998,0.0,1.0324694197821858,0.2156750050818136,0.6609536883825893,
v3,validation,long_gaps,12339,zero_fill,3.2952777931408455,1.0,1.3471813147046618,0.0,1.0898106926905526,,0.36571021574962803,
v3,validation,long_gaps,12339,linear,3.297243985928254,1.0005966698138473,1.3435950267875343,0.0,1.0904609498336895,0.0009026832944366067,0.36436280752385225,
v3,validation,long_gaps,12339,pchip,3.2969129007996654,1.000496197213547,1.3413523439807118,0.0,1.0903514537195598,0.0005697815743495403,0.3645998009648889,
v3,validation,long_gaps,12339,autoregression,3.2944921316339424,0.9997615795825959,1.3411871980396337,0.0,1.08955085957031,0.02126109305898283,0.3662711527893075,
v3,validation,long_gaps,12339,pca_r32_l01,3.6637374153096505,1.1118144342597633,1.5899271109252673,0.0,1.2116672587439878,0.19420382835530994,0.3342356454968964,
v3,validation,long_gaps,12339,pca_r64_l01,3.386491766461956,1.0276802075718694,1.6013859987441867,0.0,1.1199768788782702,0.23447114898440463,0.38759776255730644,
v3,validation,long_gaps,12339,pca_r96_l01,3.323327293456623,1.008512029053867,1.4633119529532144,0.0,1.09908719296995,0.18290593685864356,0.3763877906726369,
v3,validation,long_gaps,12339,pca_r64_l001,3.9210102942751166,1.1898876332783657,1.9026549550800371,0.0,1.2967522658470183,0.26723147898554267,0.3682815358119425,
v3,validation,long_gaps,12339,pca_r64_l1,3.2837039429412944,0.9964877467315071,1.355302989129827,0.0,1.0859830015231118,0.21341761247210542,0.3965270914870102,
v3,validation,long_gaps,12339,template_1,4.5574346087024065,1.3830198528903248,1.74609419081975,0.0,1.5072298238831914,-0.31608306867591984,-0.07465722170209688,
v3,validation,long_gaps,12339,dictionary_8,2.6775477432484327,0.8125408270045626,1.0511126334197158,0.0,0.8855156815171971,0.6139482080930333,0.6673062248592805,
v3,validation,long_gaps,12339,dictionary_24,3.0490960909385647,0.9252925799716459,1.1798124020948177,0.0,1.0083937475203282,0.3795977193669003,0.5084064796435074,
v3,validation,long_gaps,12339,dictionary_48,3.0880502548795805,0.9371137878898673,1.1887375374095892,0.0,1.0212766263101243,0.3520477645482907,0.4901256836216303,
v3,validation,long_gaps,12339,local_pca_8,3.3584302414780782,1.0191645294574816,1.5010863025447816,0.0,1.1106964018136993,0.11210089023703124,0.34520656788616283,
v3,validation,long_gaps,12339,local_pca_16,3.3779013389181562,1.0250733173237452,1.5356424527728583,0.0,1.1171358620111933,0.09717744471936338,0.33513150904162403,
v3,validation,long_gaps,12339,local_pca_32,3.515241416378228,1.0667511624346935,1.7495386505887862,0.0,1.1625568232614056,0.05715548448634131,0.2852162659552201,
v3,validation,long_gaps,12339,local_dictionary_8,2.895512972338852,0.87868554765425,1.1317958216000328,0.0,0.957600905346256,0.516603563677788,0.5870244483004128,
v3,validation,long_gaps,12339,local_dictionary_24,3.176233816266545,0.9638743728610402,1.1429447407961515,0.0,1.0504405979543623,0.2759949693662144,0.4440903294384896,
v3,validation,long_gaps,12452,zero_fill,2.9343651408435023,1.0,1.2051676136515235,0.0,0.9704500523161161,,0.4229544651499327,
v3,validation,long_gaps,12452,linear,2.937542907145065,1.0010829484910828,1.2286298577995172,0.0,0.9715009997359431,-0.0018077242505886043,0.4208555488074371,
v3,validation,long_gaps,12452,pchip,2.93900431149313,1.0015809793352077,1.238617146871898,0.0,0.9719843137946792,-0.001813564556076295,0.41990457767979267,
v3,validation,long_gaps,12452,autoregression,2.9346699840438393,1.0001038872756816,1.194168276576438,0.0,0.970550869728236,0.009323020946927352,0.4227517741932237,
v3,validation,long_gaps,12452,pca_r32_l01,1.772160083647354,0.6039330480657001,0.7630025135231999,0.0,0.5860868580907901,0.8355717289077529,0.8556111926486921,
v3,validation,long_gaps,12452,pca_r64_l01,1.9482306903691347,0.6639360123427254,0.8143871377403201,0.0,0.6443167379125513,0.7814505544784317,0.8141214658137902,
v3,validation,long_gaps,12452,pca_r96_l01,1.9429601774609688,0.6621398783733004,0.8193897184230929,0.0,0.642573679607956,0.7840367367108001,0.8157877871182591,
v3,validation,long_gaps,12452,pca_r64_l001,1.848238140425095,0.6298596294985316,0.7824471542301124,0.0,0.6112473103986595,0.8126656321186682,0.8381429532431628,
v3,validation,long_gaps,12452,pca_r64_l1,2.1110507875442073,0.7194233458407879,0.8613884170005274,0.0,0.6981644236086277,0.7315115307391115,0.7734491655517423,
v3,validation,long_gaps,12452,template_1,2.4354973960790502,0.8299912516609813,1.0190649367872495,0.0,0.805465053596318,0.5582028841807286,0.6592537168262146,
v3,validation,long_gaps,12452,dictionary_8,1.8835908192976554,0.6419074412655423,0.8131287208195687,0.0,0.6229391099582499,0.7852548360566256,0.8225762247060251,
v3,validation,long_gaps,12452,dictionary_24,1.8245356522538787,0.6217820771035346,0.766656073686619,0.0,0.6034084492543484,0.8095212064693412,0.839128307247223,
v3,validation,long_gaps,12452,dictionary_48,1.8330857431911238,0.624695855902988,0.7624980191961461,0.0,0.6062361260427156,0.8078840812144469,0.8375857019990806,
v3,validation,long_gaps,12452,local_pca_8,2.544296892335665,0.8670689468469798,1.0453400066797964,0.0,0.8414471048293313,0.5526559469744337,0.6303043940724299,
v3,validation,long_gaps,12452,local_pca_16,2.5469075605461704,0.8679586344234056,1.0239027508869678,0.0,0.8423105021844185,0.5524588395412687,0.6294121223295295,
v3,validation,long_gaps,12452,local_pca_32,2.5088437019549876,0.8549868818417752,1.0114614444201722,0.0,0.8297220642129436,0.5853263687442233,0.6469866260110767,
v3,validation,long_gaps,12452,local_dictionary_8,2.368908859103519,0.8072985962553251,0.9136986921810667,0.0,0.7834429649707073,0.5938778822800967,0.683313058883693,
v3,validation,long_gaps,12452,local_dictionary_24,2.5508286388748833,0.8692948956385268,0.987566405950404,0.0,0.8436072769505408,0.507760101220612,0.6197576725208307,
v3,validation,long_gaps,12565,zero_fill,2.8907491161254004,1.0,1.0929074042067033,0.0,0.9560254079934482,,0.47432473687604837,
v3,validation,long_gaps,12565,linear,2.8937027821418235,1.0010217649120592,1.1176573238388368,0.0,0.9570022412103728,-0.003772865652857827,0.47265539549146424,
v3,validation,long_gaps,12565,pchip,2.8925653401133644,1.0006282883484536,1.1070977783097657,0.0,0.956626067618116,-0.00593009410367106,0.4732947262360458,
v3,validation,long_gaps,12565,autoregression,2.8941282655812026,1.0011689528631011,1.097456297677367,0.0,0.9571429566313195,-0.024586693158888864,0.47241586260108476,
v3,validation,long_gaps,12565,pca_r32_l01,3.9035160707799994,1.3503475791119692,1.5965734806063347,0.0,1.2909665952534852,-0.06437367142231597,0.20719196665099926,
v3,validation,long_gaps,12565,pca_r64_l01,3.0354147953498205,1.0500443564671298,1.6861658833780417,0.0,1.0038690843027054,0.5051227239349612,0.6077482980762725,
v3,validation,long_gaps,12565,pca_r96_l01,2.742187220256941,0.9486078210524255,1.3942943237270637,0.0,0.9068931791474207,0.5243066613962487,0.6361527048621032,
v3,validation,long_gaps,12565,pca_r64_l001,6.946113641885548,2.402876681043747,3.43508982999856,0.0,2.297211159352791,0.4055596797013409,0.4450375618472439,
v3,validation,long_gaps,12565,pca_r64_l1,2.5579168710711957,0.8848629778358924,1.0105039395690825,0.0,0.8459514894038563,0.47217735104705233,0.6289189964880244,
v3,validation,long_gaps,12565,template_1,2.7814737006383665,0.9621982361328192,0.9492377318326556,0.0,0.9198859612694545,0.3967233187164955,0.5677565854291269,
v3,validation,long_gaps,12565,dictionary_8,2.2205722688290233,0.7681649910198208,0.7177927006025174,0.0,0.7343852489460077,0.6404698969886592,0.7367679004334488,
v3,validation,long_gaps,12565,dictionary_24,2.078538528797402,0.7190311041531544,0.6832272113080153,0.0,0.6874120047079989,0.6996514149336147,0.7760143003173374,
v3,validation,long_gaps,12565,dictionary_48,2.0270033369618754,0.7012034789372376,0.6549874777036202,0.0,0.6703683420373978,0.7257577487626913,0.7916596873978616,
v3,validation,long_gaps,12565,local_pca_8,2.541122880336457,0.8790534142729194,1.0103138062820871,0.0,0.8403973990283014,0.4859941977476072,0.6362817242465424,
v3,validation,long_gaps,12565,local_pca_16,2.5904289225432287,0.8961099073223261,1.0615640684852141,0.0,0.8567038397547978,0.46102515801750726,0.6198426476759181,
v3,validation,long_gaps,12565,local_pca_32,3.0218870038907304,1.045364672788035,1.4013617078646197,0.0,0.9993951878041186,0.14631448635755806,0.43890991440540605,
v3,validation,long_gaps,12565,local_dictionary_8,3.2674566974137793,1.1303148651631507,1.1115488157950093,0.0,1.0806097301286604,0.0474304769635139,0.35443198622133776,
v3,validation,long_gaps,12565,local_dictionary_24,3.5097088582611122,1.2141174198352194,1.2833421070479456,0.0,1.1607271016499179,0.07447139828332669,0.326332177635182,
v3,validation,long_gaps,12678,zero_fill,2.794640053433825,1.0,1.865414560834512,0.0,0.92424032316577,,0.6436266746936122,
v3,validation,long_gaps,12678,linear,3.2302898136960376,1.1558876105446645,2.066026329611039,0.0,1.0683179387131105,-0.0075645691545546696,0.5299055448967432,
v3,validation,long_gaps,12678,pchip,3.367119547255072,1.2048490978714168,2.1281102143024646,0.0,1.1135701195826648,-0.006882775059846703,0.5024104888097941,
v3,validation,long_gaps,12678,autoregression,3.1724102456230088,1.135176690008794,1.9911002822776622,0.0,1.049176070823977,0.07551096178694727,0.5528685895973937,
v3,validation,long_gaps,12678,pca_r32_l01,7.435950506589127,2.660790071140804,4.0235315828841625,0.0,2.4592094752274485,-0.026751630339058505,0.19044783050067354,
v3,validation,long_gaps,12678,pca_r64_l01,5.878997918904385,2.1036690974498677,3.182426994523289,0.0,1.9442958064609093,0.15809328817175314,0.3595068606070299,
v3,validation,long_gaps,12678,pca_r96_l01,4.245419161127703,1.5191291472085213,2.479568713710472,0.0,1.4040404139465443,0.203826362396995,0.47036589133243567,
v3,validation,long_gaps,12678,pca_r64_l001,11.048787822103781,3.953563826056216,5.0728894701096445,0.0,3.6540431082506957,0.06770151599181119,0.1865448919058891,
v3,validation,long_gaps,12678,pca_r64_l1,2.65922158457725,0.9515435024663789,1.6893218200172726,0.0,0.8794548742258147,0.4052635663994486,0.6967622189268656,
v3,validation,long_gaps,12678,template_1,5.199415524418704,1.8604956005085833,3.036841493638318,0.0,1.7195450550625466,-0.06395555659940033,0.27103653965752217,
v3,validation,long_gaps,12678,dictionary_8,3.319664014273953,1.1878681872447299,2.151696101285642,0.0,1.0978756772574065,0.11850704067680952,0.5358450337398812,
v3,validation,long_gaps,12678,dictionary_24,3.6296763318885943,1.2987992236884836,2.3321827913215634,0.0,1.2004026142292954,0.06854663302913389,0.47773413979356716,
v3,validation,long_gaps,12678,dictionary_48,3.9462581528449254,1.4120810112901967,2.5051062129823456,0.0,1.3051022102110987,0.028285955724179804,0.42484125449557547,
v3,validation,long_gaps,12678,local_pca_8,2.5444600094219982,0.9104786164842853,1.6051455045432366,0.0,0.8415010507349591,0.6033554746025581,0.7635034157912767,
v3,validation,long_gaps,12678,local_pca_16,3.473991802970901,1.243090965758665,1.9568026215782304,0.0,1.1489147959172379,0.5187833372318673,0.6694745502889646,
v3,validation,long_gaps,12678,local_pca_32,3.8287609046806264,1.370037225357934,2.478007860927342,0.0,1.266243647913952,0.28384294844882096,0.5376380640726778,
v3,validation,long_gaps,12678,local_dictionary_8,2.8668563312866717,1.0258409943577933,1.8702838043553331,0.0,0.9481236121419419,0.2196428532407746,0.6329739734818668,
v3,validation,long_gaps,12678,local_dictionary_24,3.270241983154728,1.1701836088467,2.167192854790856,0.0,1.0815308768037608,0.2039481235524725,0.5646721685039765,
v3,validation,long_gaps,12791,zero_fill,3.255495648408749,1.0,2.020482165320548,0.0,1.0766539849928147,,0.6921553813006363,
v3,validation,long_gaps,12791,linear,3.8272558844225024,1.1756292429059838,2.3703680703271317,0.0,1.265745909248813,-0.0026086896431854363,0.5816524477779038,
v3,validation,long_gaps,12791,pchip,4.064691770051126,1.2485631095952787,2.511364529751204,0.0,1.3442704474607774,-0.0030976617031532247,0.5455261122316712,
v3,validation,long_gaps,12791,autoregression,6.3259102511025604,1.9431481206846632,3.7501711725429367,0.0,2.0920981675664416,0.09146888868623991,0.3891439352133552,
v3,validation,long_gaps,12791,pca_r32_l01,12.002880943264003,3.686959602950439,6.479473806805568,0.0,3.969579749024116,-0.2936539921131244,-0.00841117817018304,
v3,validation,long_gaps,12791,pca_r64_l01,8.747235833430551,2.6869136924529773,4.134027346782215,0.0,2.892876334311256,-0.17337127050629228,0.14810771741303427,
v3,validation,long_gaps,12791,pca_r96_l01,4.704858783743913,1.4452050599556467,2.778623965279164,0.0,1.5559857869330267,0.2635323511694789,0.5575624338152358,
v3,validation,long_gaps,12791,pca_r64_l001,17.069403962662197,5.243258110636866,7.050472321794294,0.0,5.645174739163078,-0.17717486622173678,0.005514724657088938,
v3,validation,long_gaps,12791,pca_r64_l1,3.9620760978916585,1.2170423572300821,2.1619255969990037,0.0,1.3103335038168165,-0.0412870173591759,0.5551737601746896,
v3,validation,long_gaps,12791,template_1,3.266467985492379,1.003370404469437,1.9287473545618319,0.0,1.0802827443958718,0.2643070418619564,0.6965668252742023,
v3,validation,long_gaps,12791,dictionary_8,3.3652583000796743,1.0337161107017838,2.006575755965177,0.0,1.1129545699383492,0.1925643504826691,0.6751164717107552,
v3,validation,long_gaps,12791,dictionary_24,3.3221456796621514,1.0204730825814434,1.987745569568888,0.0,1.0986964109392128,0.25326430875787426,0.6871590210358136,
v3,validation,long_gaps,12791,dictionary_48,4.274763419323499,1.313091424776733,2.5502052206881656,0.0,1.4137451151457625,-0.05760876416286718,0.5062416252031725,
v3,validation,long_gaps,12791,local_pca_8,4.638401416036199,1.4247911583919333,2.5703452658227506,0.0,1.5340070784652036,-0.1907305791110832,0.42933633697368484,
v3,validation,long_gaps,12791,local_pca_16,5.847155388060265,1.7960876067883214,3.1619988703422712,0.0,1.9337648792448539,-0.37387407979595644,0.2318174207310165,
v3,validation,long_gaps,12791,local_pca_32,6.391055488192915,1.9631589712972872,3.563967722660812,0.0,2.1136429296216193,0.07053345828774528,0.37569713588699555,
v3,validation,long_gaps,12791,local_dictionary_8,3.4995969397852407,1.0749812986221638,2.145253585548771,0.0,1.1573828989543036,0.1853389018916626,0.6536685198105439,
v3,validation,long_gaps,12791,local_dictionary_24,2.985112664170231,0.9169456778814377,1.9386272837317777,0.0,0.9872332181129877,0.459024854261389,0.7557124473894475,
v3,validation,long_gaps,12904,zero_fill,1.5679423891487823,1.0,0.8219423057285845,0.0,0.5185482039705173,,0.8936813294595479,
v3,validation,long_gaps,12904,linear,1.6269489898677736,1.0376331433650603,0.9332061283589818,0.0,0.5380628028722342,-0.02104498561233646,0.8852726108093546,
v3,validation,long_gaps,12904,pchip,1.6019919461914411,1.0217160766098963,0.8858624999282946,0.0,0.5298090364938651,-0.027612730305116004,0.8887639721235756,
v3,validation,long_gaps,12904,autoregression,1.5693715189055175,1.0009114682826523,0.8203371512363125,0.0,0.5190208442114627,0.09751659295569597,0.8934908964696063,
v3,validation,long_gaps,12904,pca_r32_l01,4.917260270242412,3.136123051633253,2.859351217368388,0.0,1.6262309758549607,-0.017114109422545064,0.4930825672355268,
v3,validation,long_gaps,12904,pca_r64_l01,3.709238859139604,2.36567292574653,2.057414212584919,0.0,1.2267154468275416,0.094763544672879,0.6254972540603324,
v3,validation,long_gaps,12904,pca_r96_l01,2.44956663371263,1.562281019165807,1.5373972551041246,0.0,0.8101180165856582,0.23668693676679312,0.7835452481963897,
v3,validation,long_gaps,12904,pca_r64_l001,8.012930255922935,5.110474920110465,3.415316005988776,0.0,2.6500275912596543,-0.10172306664691846,0.29357934700798644,
v3,validation,long_gaps,12904,pca_r64_l1,1.8571098233717127,1.1844247825839547,1.2230366472649903,0.0,0.6141813437470799,0.36999335877528866,0.8620465118762614,
v3,validation,long_gaps,12904,template_1,1.8292525552778445,1.1666580149484476,0.9302692328316026,0.0,0.6049684182993261,-0.05679428446814328,0.855048523498017,
v3,validation,long_gaps,12904,dictionary_8,2.316528761933834,1.4774323201960569,1.3799395501916396,0.0,0.7661198761256592,0.14550374317054898,0.7927587221917438,
v3,validation,long_gaps,12904,dictionary_24,2.2706932033989857,1.4481993848203305,1.2922382639203587,0.0,0.7509611899897901,-0.019518753892034505,0.7900997721928547,
v3,validation,long_gaps,12904,dictionary_48,2.5788991776680326,1.6447665395844595,1.5702019754783312,0.0,0.8528907350523239,-0.17993478718584824,0.7358545816620168,
v3,validation,long_gaps,12904,local_pca_8,6.635788068875683,4.23216319349474,3.3848224703162195,0.0,2.1945806228968254,0.08752498820724113,0.41835641884233865,
v3,validation,long_gaps,12904,local_pca_16,3.272286649888452,2.086994185841827,1.970592432269034,0.0,1.0822070867651912,0.14294234404735404,0.6789630556991454,
v3,validation,long_gaps,12904,local_pca_32,3.434647155935022,2.1905442315387953,2.2253445471562365,0.0,1.135902776982419,0.12673435784802137,0.6591816678897533,
v3,validation,long_gaps,12904,local_dictionary_8,2.413900592184399,1.5395339834487654,1.620862509981221,0.0,0.7983225820689331,0.15478407395828891,0.7809448772393337,
v3,validation,long_gaps,12904,local_dictionary_24,1.8115071484593508,1.1553403753838156,1.2899005468386047,0.0,0.5990996766299006,0.3666253559002606,0.86709724250868,
v3,validation,long_gaps,13017,zero_fill,2.5837378680051843,1.0,1.1068013271655277,0.0,0.8544909814652433,,0.4691597520822003,
v3,validation,long_gaps,13017,linear,2.5898188676771903,1.0023535668023091,1.128899157531604,0.0,0.8565020830720924,-0.0037501639059414086,0.4652748024322859,
v3,validation,long_gaps,13017,pchip,2.5930510503514994,1.0036045383944097,1.1424950330116346,0.0,0.8575710270156116,-0.003618852733262933,0.4632720314278967,
v3,validation,long_gaps,13017,autoregression,2.5840898152274767,1.0001362163037708,1.1015015175750171,0.0,0.854607377068344,0.007566789980560665,0.46892866868706434,
v3,validation,long_gaps,13017,pca_r32_l01,1.744799005869308,0.6753003187650796,0.7624046474927416,0.0,0.5770380321653644,0.7383556925713989,0.8030997557303569,
v3,validation,long_gaps,13017,pca_r64_l01,1.8370900853974923,0.7110203043994733,0.802423119942236,0.0,0.6075604377480219,0.7044477589745439,0.7788497800635493,
v3,validation,long_gaps,13017,pca_r96_l01,1.8372350832133373,0.7110764237982872,0.810591528271957,0.0,0.6076083912681937,0.7045717998712819,0.7788850320770858,
v3,validation,long_gaps,13017,pca_r64_l001,1.8014265314068334,0.6972172191746577,0.8097954039513411,0.0,0.595765825907021,0.7169056951837246,0.7880039292863424,
v3,validation,long_gaps,13017,pca_r64_l1,1.8696739076236562,0.7236314220479214,0.7725350005502772,0.0,0.618336524044818,0.6959930597671247,0.7714864276573644,
v3,validation,long_gaps,13017,template_1,2.3057675292513804,0.8924154256529068,0.853084861922874,0.0,0.7625609329408752,0.6177960984889364,0.699329568500707,
v3,validation,long_gaps,13017,dictionary_8,1.9283542942507446,0.7463428539442204,0.771928767622018,0.0,0.6377432377763675,0.6725858860170005,0.7553684016439257,
v3,validation,long_gaps,13017,dictionary_24,1.9771666802556707,0.7652350127074514,0.7723427611576412,0.0,0.6538864170599581,0.6460590261142602,0.7381186843391395,
v3,validation,long_gaps,13017,dictionary_48,2.018473911489733,0.7812224051382302,0.7836040732084427,0.0,0.6675474997092042,0.6249193952669798,0.7241917095337423,
v3,validation,long_gaps,13017,local_pca_8,2.1842819328217504,0.84539610611047,0.9023137617771096,0.0,0.7223833484372305,0.5809543165637956,0.674580227732468,
v3,validation,long_gaps,13017,local_pca_16,2.1852662123144966,0.8457770578722315,0.8899762255344087,0.0,0.7227088682820288,0.5838148348199323,0.6746864678263064,
v3,validation,long_gaps,13017,local_pca_32,2.1932285100446984,0.8488587550632662,0.9086852247402506,0.0,0.7253421507393748,0.5775881219369555,0.6712389068407872,
v3,validation,long_gaps,13017,local_dictionary_8,2.412141509572465,0.9335860032251635,0.9471549694440371,0.0,0.7977408201780838,0.36693062779150865,0.5677147358716027,
v3,validation,long_gaps,13017,local_dictionary_24,2.157247169016666,0.834932674761702,0.8072697131456504,0.0,0.7134424407145273,0.5922971743650384,0.6846079900834421,
v3,validation,long_gaps,13130,zero_fill,2.1196826511953755,1.0,1.0203969187287256,0.0,0.701019144180129,,0.540889474384275,
v3,validation,long_gaps,13130,linear,2.121973411944319,1.0010807092975225,1.033228872528744,0.0,0.7017767420869856,0.003874628071659755,0.5394717676443662,
v3,validation,long_gaps,13130,pchip,2.1217507711322416,1.0009756743235596,1.0313586605044394,0.0,0.7017031105594294,0.003015387202519027,0.5396096171018382,
v3,validation,long_gaps,13130,autoregression,2.119851329507891,1.0000795771538822,1.0145838639171048,0.0,0.7010749292884398,0.016624248066565643,0.5407823025589853,
v3,validation,long_gaps,13130,pca_r32_l01,1.2663406464584326,0.5974199230928703,0.5905000110143758,0.0,0.4188028032027224,0.8111423268973904,0.8687162622287711,
v3,validation,long_gaps,13130,pca_r64_l01,1.2205467687249356,0.5758158033876531,0.5992394953457014,0.0,0.40365790169620597,0.8244556038957807,0.8779948658484249,
v3,validation,long_gaps,13130,pca_r96_l01,1.2147273002866947,0.573070360132287,0.6336113461008697,0.0,0.40173329341493413,0.8224246546455655,0.8774566015749001,
v3,validation,long_gaps,13130,pca_r64_l001,1.5128967754622007,0.7137373958356533,0.7113954029527895,0.0,0.5003435783980635,0.8307937098721959,0.8673638393655038,
v3,validation,long_gaps,13130,pca_r64_l1,1.4876639247516428,0.7018333258106766,0.7008830906853011,0.0,0.49199859741689417,0.7128057095400906,0.8073545604376837,
v3,validation,long_gaps,13130,template_1,2.1444356151905004,1.0116776744769627,0.952937957630121,0.0,0.7092054175479835,0.6285170751397314,0.715584920743557,
v3,validation,long_gaps,13130,dictionary_8,1.9502768930521603,0.9200796600152951,0.8387169217509324,0.0,0.6449934558414662,0.6164702859567325,0.7212642819020467,
v3,validation,long_gaps,13130,dictionary_24,2.0111706565177006,0.948807433689906,0.7996795190120276,0.0,0.6651321751570425,0.5924060436099774,0.7037281698347362,
v3,validation,long_gaps,13130,dictionary_48,1.7681206452428657,0.8341440376679737,0.7028063080661922,0.0,0.5847509394089602,0.6528829891766689,0.7543108157223993,
v3,validation,long_gaps,13130,local_pca_8,1.8825499221811943,0.8881281927365625,0.8941128183879476,0.0,0.6225948655944298,0.46621496536263896,0.6662208922937682,
v3,validation,long_gaps,13130,local_pca_16,1.839402853298138,0.8677727546908136,0.8663960906642567,0.0,0.6083253138361872,0.4971183898061929,0.6836362947729689,
v3,validation,long_gaps,13130,local_pca_32,1.8832740380981907,0.8884698079857075,0.8671867851511658,0.0,0.6228343444240243,0.4636730839972848,0.6654762034685948,
v3,validation,long_gaps,13130,local_dictionary_8,1.7213067539169484,0.812058707442,0.7764806061655668,0.0,0.5692687001150126,0.5836773531309644,0.7304565807670222,
v3,validation,long_gaps,13130,local_dictionary_24,1.9442398740412357,0.9172315832017588,0.8565831125265673,0.0,0.6429968994710817,0.40410302628748723,0.6371850744311647,
v3,validation,long_gaps,13243,zero_fill,3.0538648462248354,1.0,1.6523436080832492,0.0,1.0099708650891779,,0.7560107438293799,
v3,validation,long_gaps,13243,linear,3.5397661754357994,1.1591102925892844,1.954656670427968,0.0,1.1706676249401697,-0.037807628365776814,0.6740592276844326,
v3,validation,long_gaps,13243,pchip,3.413961770425835,1.1179151476353477,1.9074507229832267,0.0,1.1290617287535678,-0.047188229850773304,0.6939157214405055,
v3,validation,long_gaps,13243,autoregression,3.1686476657356937,1.0375860836319433,1.760052687036353,0.0,1.047931714490246,0.27000781881093905,0.7445897392204601,
v3,validation,long_gaps,13243,pca_r32_l01,6.158669346443265,2.0166803891326643,3.130989761028783,0.0,2.0367884372206966,0.37883067490312056,0.5740813081187623,
v3,validation,long_gaps,13243,pca_r64_l01,2.717992098662374,0.8900171538443606,1.7319424290176835,0.0,0.8988913948123968,0.6527936060291931,0.8402254048217078,
v3,validation,long_gaps,13243,pca_r96_l01,3.175805663710117,1.0399299980927525,1.9887342005864586,0.0,1.0502989998059242,0.4510801910021985,0.7668821992837676,
v3,validation,long_gaps,13243,pca_r64_l001,5.9189063631567995,1.9381690615659388,3.0941323410447317,0.0,1.9574942837988312,0.4895574555560118,0.6331802464578715,
v3,validation,long_gaps,13243,pca_r64_l1,2.2457484256162914,0.7353791142369868,1.2592108790571588,0.0,0.7427114801744428,0.6791537020393331,0.876651695810584,
v3,validation,long_gaps,13243,template_1,3.2478980792481544,1.0635369418077494,1.6701515894233674,0.0,1.0741413251718714,0.01244853532768499,0.7216215485150935,
v3,validation,long_gaps,13243,dictionary_8,3.062186863584192,1.0027250771656264,1.7138925971741223,0.0,1.0127231136315802,0.29303768046562667,0.7598998460815727,
v3,validation,long_gaps,13243,dictionary_24,2.7711270215413535,0.9074163923681822,1.7462441117095797,0.0,0.9164641187961937,0.47927439667449206,0.8083810432482755,
v3,validation,long_gaps,13243,dictionary_48,3.234302647256838,1.0590850643750847,1.9881956604643811,0.0,1.0696450586699318,0.26573147865378716,0.7360708703896168,
v3,validation,long_gaps,13243,local_pca_8,4.4914873979317,1.4707551329535893,2.518079084004396,0.0,1.4854198339634852,0.07427411849011885,0.568953505998764,
v3,validation,long_gaps,13243,local_pca_16,5.424042644373509,1.776123999422787,2.961800084500534,0.0,1.7938334922026824,0.056618343104759467,0.4859733605708416,
v3,validation,long_gaps,13243,local_pca_32,4.246470655506992,1.390523441388196,2.3464435067712324,0.0,1.4043881630256172,0.18697917200473482,0.6180751089730837,
v3,validation,long_gaps,13243,local_dictionary_8,2.95763350495267,0.9684886705477074,1.6607233173071092,0.0,0.9781453404221356,0.41986714280497456,0.7828760048059242,
v3,validation,long_gaps,13243,local_dictionary_24,3.2364730183772603,1.0597957608956283,1.9681868477877467,0.0,1.0703628414496011,0.38024877064606977,0.7496952185183278,
v3,validation,long_gaps,13356,zero_fill,2.658103996741256,1.0,1.7359087505224198,0.0,0.8790852667905257,,0.7042581655322301,
v3,validation,long_gaps,13356,linear,3.2433254872757415,1.2201650090635834,2.213286667221014,0.0,1.0726290825211244,-0.012488601241843611,0.5794909357899898,
v3,validation,long_gaps,13356,pchip,3.2500969206512944,1.2227124765004687,2.2104778513166563,0.0,1.0748685236125188,-0.012837220097514163,0.5784052030245618,
v3,validation,long_gaps,13356,autoregression,2.5245425596882165,0.9497531183065896,1.6507791771046005,0.0,0.834913973391682,0.31412490844995944,0.7385095144122966,
v3,validation,long_gaps,13356,pca_r32_l01,8.279324325412704,3.1147480819271447,4.578692114471553,0.0,2.7381291485862023,-0.09668678218851656,0.16633966336788902,
v3,validation,long_gaps,13356,pca_r64_l01,6.1011956908119105,2.2953186550608127,3.619056859248271,0.0,2.017780812253405,-0.02753246662659197,0.29058062106607363,
v3,validation,long_gaps,13356,pca_r96_l01,3.838856626099999,1.4442085903359332,2.4936664093357757,0.0,1.269582493936633,0.29042867453447385,0.5797170968641164,
v3,validation,long_gaps,13356,pca_r64_l001,12.292625776557415,4.6245842117643825,6.37042291807028,0.0,4.065403845594145,-0.0611190118616988,0.1107435783880221,
v3,validation,long_gaps,13356,pca_r64_l1,2.8013090580444344,1.0538748903273698,1.848767292658825,0.0,0.926445889127272,0.29048805077460466,0.6891175109213518,
v3,validation,long_gaps,13356,template_1,2.61273097113232,0.9829303045838079,1.7551861299490337,0.0,0.8640795490415495,0.34549841374125906,0.7250239275796034,
v3,validation,long_gaps,13356,dictionary_8,2.742985591574497,1.0319331353992556,1.768668742746812,0.0,0.9071572156424385,0.33435742353545117,0.7042259120679715,
v3,validation,long_gaps,13356,dictionary_24,2.978739207988193,1.120625532951316,1.9183114454147112,0.0,0.9851253956067826,0.1378561980406347,0.6401146451119683,
v3,validation,long_gaps,13356,dictionary_48,2.830877673830765,1.0649988402640844,1.9360039986838522,0.0,0.936224789625153,0.2127809621855689,0.6743297249560183,
v3,validation,long_gaps,13356,local_pca_8,4.787513481947145,1.8011008928982732,2.950987452807802,0.0,1.5833212589501329,0.0039587721805575665,0.3904901937641765,
v3,validation,long_gaps,13356,local_pca_16,4.961758521112528,1.8666532713526158,3.046217988095367,0.0,1.640947389052422,-0.020898447100101865,0.36619722956460593,
v3,validation,long_gaps,13356,local_pca_32,4.859823781925628,1.8283046065479773,2.9666466376512726,0.0,1.6072356428215757,0.08046776981691037,0.4175823035390389,
v3,validation,long_gaps,13356,local_dictionary_8,2.4744103596798857,0.9308929833871916,1.5761154852341204,0.0,0.8183343066543578,0.4542159420245994,0.7589557303244586,
v3,validation,long_gaps,13356,local_dictionary_24,2.964152533818477,1.115137909371652,1.8808769266998426,0.0,0.9803013065682079,0.23065847229294997,0.6557205374739475,
v3,validation,long_gaps,13469,zero_fill,1.8754264699451686,1.0,0.9202077898714691,0.0,0.6202390052078333,,0.8775786823688319,
v3,validation,long_gaps,13469,linear,2.1182774346934403,1.1294910617078855,1.291923290958301,0.0,0.7005544125048383,-0.024480917215699848,0.8444090857498174,
v3,validation,long_gaps,13469,pchip,2.0073193566101275,1.0703268769949776,1.0831860801934092,0.0,0.6638584774345718,-0.03261830249706204,0.8593050515981111,
v3,validation,long_gaps,13469,autoregression,2.13203996510526,1.1368294088157953,1.2203998933023985,0.0,0.7051059416149181,0.11250645803643852,0.8432769497967615,
v3,validation,long_gaps,13469,pca_r32_l01,9.30610695523347,4.9621284035228275,4.9020765216510425,0.0,3.0777055847145327,-0.09310358238594516,0.27285223358120614,
v3,validation,long_gaps,13469,pca_r64_l01,3.564740483431622,1.90076259483308,2.0279502695749985,0.0,1.1789271009555295,0.04548849982431247,0.6642820972694815,
v3,validation,long_gaps,13469,pca_r96_l01,2.831640333180615,1.509864757994699,1.633305155743081,0.0,0.9364770154969981,0.0836876053304013,0.7528405611335701,
v3,validation,long_gaps,13469,pca_r64_l001,5.653405438467527,3.0144639254413503,2.8789412448143694,0.0,1.8696881063506434,-0.20282494287277109,0.41900768295994656,
v3,validation,long_gaps,13469,pca_r64_l1,1.907224768670323,1.0169552361741403,1.181551629452116,0.0,0.630755304025546,0.4286006703736773,0.8786101238868981,
v3,validation,long_gaps,13469,template_1,2.158593459091157,1.1509880518825497,1.0313787165730148,0.0,0.7138876843057346,-0.018986714998138234,0.8376796607593773,
v3,validation,long_gaps,13469,dictionary_8,2.5136579424457968,1.3403127143232056,1.1326092931499274,0.0,0.831314224599236,0.208816809762529,0.8000270033414189,
v3,validation,long_gaps,13469,dictionary_24,2.3409695449001227,1.2482331791811412,1.222790349795224,0.0,0.7742029053227222,0.2692454214180912,0.8236728699245136,
v3,validation,long_gaps,13469,dictionary_48,2.0524663485487644,1.0943997972945172,1.1590900774973483,0.0,0.6787894415736058,0.4633490407191436,0.8660457847925206,
v3,validation,long_gaps,13469,local_pca_8,5.992014388385112,3.1950142990998196,3.0485528274700324,0.0,1.9816724904984748,0.132163127324366,0.49375809669588894,
v3,validation,long_gaps,13469,local_pca_16,4.501215418744112,2.4001023185279626,2.4215849397397613,0.0,1.4886370744407975,0.15285668899256624,0.59842149569418,
v3,validation,long_gaps,13469,local_pca_32,3.400022287854588,1.812932867452806,2.2038189677621047,0.0,1.1244516782175134,0.17084226429822796,0.6999345821116242,
v3,validation,long_gaps,13469,local_dictionary_8,1.697667820419036,0.905216945385585,0.9875860747975044,0.0,0.5614508577032288,0.49166422706623975,0.9020101045861804,
v3,validation,long_gaps,13469,local_dictionary_24,2.2998852934823764,1.2263265610992562,1.3631202980544066,0.0,0.7606155663161459,0.23544029558266522,0.8265100677481263,
v3,validation,long_gaps,13582,zero_fill,2.217695327795171,1.0,0.9882325710809992,0.0,0.7334337901319863,,0.4723911009709147,
v3,validation,long_gaps,13582,linear,2.229906435828578,1.0055062153400247,1.0247939157805694,0.0,0.7374722345181035,-0.0026848626852763596,0.46403886638474895,
v3,validation,long_gaps,13582,pchip,2.229791153754798,1.0054542325124762,1.0302893316535358,0.0,0.737434108555873,-0.0018787624383126032,0.4638834071796964,
v3,validation,long_gaps,13582,autoregression,2.223691077962925,1.002703595075756,0.9935231722556732,0.0,0.7354166981153802,-0.04668627539275294,0.46794959832452726,
v3,validation,long_gaps,13582,pca_r32_l01,2.560842288840028,1.1547313360604918,0.9950933263003946,0.0,0.8469189803910188,0.15666221041157596,0.3861237554209799,
v3,validation,long_gaps,13582,pca_r64_l01,2.483389628417062,1.1198064933861063,0.9988827541434991,0.0,0.8213039206585809,0.20231584637842803,0.42062753331263514,
v3,validation,long_gaps,13582,pca_r96_l01,2.389129355890365,1.0773027863415454,0.9595923034621799,0.0,0.7901302657062291,0.24607018507237116,0.4567215581160717,
v3,validation,long_gaps,13582,pca_r64_l001,2.783814001765523,1.2552734214095973,1.0837765396820498,0.0,0.9206599431163871,0.24372552220009974,0.4073289599977278,
v3,validation,long_gaps,13582,pca_r64_l1,2.5478468316798506,1.1488714431359315,0.989948986446177,0.0,0.8426211369135911,0.11782608658684711,0.37066553974898725,
v3,validation,long_gaps,13582,template_1,2.8013834475254287,1.2631958107205643,1.0883586044197466,0.0,0.9264704911356307,0.36147153733408666,0.4823170946944895,
v3,validation,long_gaps,13582,dictionary_8,2.7834696932010337,1.255118166284976,1.0683215534362769,0.0,0.9205460737618986,0.2005346549014892,0.3810864153437895,
v3,validation,long_gaps,13582,dictionary_24,2.6535703771674775,1.196544152801031,1.0136038387339403,0.0,0.8775859130491267,0.23343555562139615,0.41409961713041155,
v3,validation,long_gaps,13582,dictionary_48,2.566277946407699,1.157182374983442,0.9807227546113155,0.0,0.8487166551580393,0.2517841660790152,0.4344230031467877,
v3,validation,long_gaps,13582,local_pca_8,2.5564601575254438,1.1527553516862354,1.0638115481758044,0.0,0.8454697266821666,-0.05639765683126478,0.30457492588659163,
v3,validation,long_gaps,13582,local_pca_16,2.547978157627011,1.1489306604438791,1.0260382262838268,0.0,0.8426645688882006,-0.05003940149537756,0.30914353894659663,
v3,validation,long_gaps,13582,local_pca_32,2.5304607511779045,1.1410317366243832,1.005080712765113,0.0,0.8368712312533036,-0.059314401162470484,0.312224345060146,
v3,validation,long_gaps,13582,local_dictionary_8,3.057159415380015,1.378529943704863,1.2405406931080116,0.0,1.0110604414218913,-0.0402822229529916,0.20934697401435118,
v3,validation,long_gaps,13582,local_dictionary_24,2.5869690386178843,1.1665123726395026,1.0282349321081905,0.0,0.8555595907008463,0.022151574686910456,0.3229098616006682,
v3,validation,long_gaps,13695,zero_fill,2.530499351787783,1.0,1.0794250908155825,0.0,0.8368839972050779,,0.4786432192365813,
v3,validation,long_gaps,13695,linear,2.5393780949237565,1.003508692120273,1.1177599823746989,0.0,0.839820365491654,-0.0017848586901829837,0.4732353309335645,
v3,validation,long_gaps,13695,pchip,2.5391535602198356,1.0034199607385548,1.1159096589734696,0.0,0.8397461076182441,-0.0023872892205359843,0.4733632941799891,
v3,validation,long_gaps,13695,autoregression,2.5344945385057946,1.0015788135710009,1.0789481710284636,0.0,0.8382052810172189,-0.039915903151926606,0.4760999710089242,
v3,validation,long_gaps,13695,pca_r32_l01,1.5944502173802757,0.6300931143308951,0.7329039590038325,0.0,0.5273148441326359,0.7765071190194892,0.8330391639283669,
v3,validation,long_gaps,13695,pca_r64_l01,1.62081683178594,0.6405126445264023,0.7618241334380648,0.0,0.5360347822116508,0.7680289689989995,0.8269363884225943,
v3,validation,long_gaps,13695,pca_r96_l01,1.4916044239578816,0.5894506247962765,0.712074481568559,0.0,0.4933017950345386,0.8088394396287998,0.8561702918852991,
v3,validation,long_gaps,13695,pca_r64_l001,2.283054074756799,0.9022148427518206,1.044919636824165,0.0,0.7550491639398946,0.5615017944497371,0.6680880193582874,
v3,validation,long_gaps,13695,pca_r64_l1,1.6485354364641158,0.6514664527771703,0.7158728157045774,0.0,0.5452018490451714,0.7758400733909395,0.8271538927612374,
v3,validation,long_gaps,13695,template_1,2.212871330322562,0.8744801016286297,0.9130650970804913,0.0,0.7318384029272704,0.6305768958821366,0.7130427197639153,
v3,validation,long_gaps,13695,dictionary_8,1.2018753190835454,0.47495579014253747,0.5402132080117699,0.0,0.39748290015018295,0.8807199721641853,0.9092821801569092,
v3,validation,long_gaps,13695,dictionary_24,1.3837577450657745,0.5468318907444721,0.6075591722416425,0.0,0.45763485852544433,0.8382345141892864,0.8777402891358884,
v3,validation,long_gaps,13695,dictionary_48,1.3402252450834966,0.5296287644320616,0.5939524524147475,0.0,0.4432378374126904,0.8495278726136697,0.8859671736854141,
v3,validation,long_gaps,13695,local_pca_8,2.309024001449922,0.9124776103256497,0.9901100029460667,0.0,0.7636379098894673,0.4094724124672182,0.598524592766454,
v3,validation,long_gaps,13695,local_pca_16,2.2865388750593985,0.9035919623705779,0.9433938941660257,0.0,0.7562016533110696,0.4300140554849694,0.6090663389711263,
v3,validation,long_gaps,13695,local_pca_32,2.2927122620385445,0.9060315547675428,0.9818614680678185,0.0,0.7582433091477929,0.4240356707434764,0.6061194594090813,
v3,validation,long_gaps,13695,local_dictionary_8,2.270674778553301,0.8973228058521661,0.8754839617199474,0.0,0.7509550965448368,0.45545212288529435,0.6199875008826112,
v3,validation,long_gaps,13695,local_dictionary_24,2.1859947581512205,0.8638590468742179,0.855009995352561,0.0,0.7229498121698643,0.5036667252162308,0.651705227956722,
v3,validation,long_gaps,13808,zero_fill,3.8418115755812705,1.0,1.5118335419815196,0.0,1.2705597516196583,,0.3988641018316235,
v3,validation,long_gaps,13808,linear,3.86766198000129,1.0067287017885849,1.6099086431806857,0.0,1.2791089692928854,-0.008673487644268719,0.38565991850541675,
v3,validation,long_gaps,13808,pchip,3.8560530968431697,1.0037069806734975,1.543721545073946,0.0,1.2752696920634365,-0.013892156858495189,0.39135224158472465,
v3,validation,long_gaps,13808,autoregression,3.864970415289406,1.006028103995348,1.565521913314439,0.0,1.2782188179347251,0.005223731225079655,0.38677456644298663,
v3,validation,long_gaps,13808,pca_r32_l01,4.788264426144826,1.2463558745512802,2.182363272185186,0.0,1.5835696103995764,0.10776282748463978,0.2683704618856177,
v3,validation,long_gaps,13808,pca_r64_l01,4.632872539278911,1.2059083190663644,2.0761477896037577,0.0,1.5321785743490395,-0.07879329084749605,0.17578976768496912,
v3,validation,long_gaps,13808,pca_r96_l01,4.163420291692885,1.08371277710645,1.8250924481385926,0.0,1.3769218369074214,0.11357667421406596,0.3299895538082093,
v3,validation,long_gaps,13808,pca_r64_l001,5.667262963769223,1.4751538049889288,2.4817987962192,0.0,1.8742710520675272,-0.36822476501006524,-0.09968681050093302,
v3,validation,long_gaps,13808,pca_r64_l1,3.898703434181899,1.0148086020049072,1.5751154484321457,0.0,1.2893749653048479,0.16231468585209577,0.39454107501300273,
v3,validation,long_gaps,13808,template_1,5.522441048795042,1.4374575483857484,2.6674191478085745,0.0,1.8263757056407992,-0.23956138780967612,-0.0071483798175567045,
v3,validation,long_gaps,13808,dictionary_8,5.059072025938121,1.316845432528189,2.301239530875519,0.0,1.6731308056744973,-0.25261123520386003,0.032526575789878526,
v3,validation,long_gaps,13808,dictionary_24,5.475582011610701,1.425260428286944,2.4555430137272922,0.0,1.8108785357575876,-0.3233628325801685,-0.05409627261973327,
v3,validation,long_gaps,13808,dictionary_48,5.658806861764204,1.4729527334791321,2.527842466214925,0.0,1.8714744591967432,-0.3195104426629733,-0.06884110510094762,
v3,validation,long_gaps,13808,local_pca_8,4.5217368538779485,1.1769803814997888,2.335498598989893,0.0,1.4954239011795825,0.06151745039144226,0.2614667928805464,
v3,validation,long_gaps,13808,local_pca_16,4.137044112778534,1.076847219440374,1.9614238738440106,0.0,1.3681987356644814,0.06845919143521328,0.3160788869298099,
v3,validation,long_gaps,13808,local_pca_32,4.095481411771628,1.0660287031781295,1.9842499115790944,0.0,1.3544531643294306,0.05499329459641318,0.3196441218513902,
v3,validation,long_gaps,13808,local_dictionary_8,3.9592069940568275,1.030557307709136,1.904415282654133,0.0,1.3093846369127435,0.164979587439289,0.3832840411130857,
v3,validation,long_gaps,13808,local_dictionary_24,3.6501544355730875,0.9501128214547625,1.6745338583397615,0.0,1.207175110438216,0.3163460599153372,0.49185550859291954,
v3,validation,long_gaps,13921,zero_fill,2.287596317498058,1.0,1.4825168605266839,0.0,0.756551369525877,,0.7414517604565095,
v3,validation,long_gaps,13921,linear,2.337405991048942,1.0217738038699768,1.516462326823482,0.0,0.7730243706634959,0.00020077161427512293,0.7284323550565855,
v3,validation,long_gaps,13921,pchip,2.396286010539974,1.0475126193422055,1.5449088673211437,0.0,0.7924971067589842,-0.006356315333097253,0.7139925718744428,
v3,validation,long_gaps,13921,autoregression,2.4990723203923557,1.0924446333807658,1.5338937824045398,0.0,0.8264904835154128,0.021311210956745957,0.6896792000899563,
v3,validation,long_gaps,13921,pca_r32_l01,8.055788699279343,3.5215079853293143,4.329322540989312,0.0,2.6642016890972045,0.04195888292653625,0.25489562228898016,
v3,validation,long_gaps,13921,pca_r64_l01,5.670132354571441,2.478642018786278,3.499632150606957,0.0,1.8752200138771429,0.2215829570357442,0.4357590470003717,
v3,validation,long_gaps,13921,pca_r96_l01,3.1378002066673454,1.3716581822876663,1.912400505093342,0.0,1.037729876331109,0.49652363506914515,0.7006643252744353,
v3,validation,long_gaps,13921,pca_r64_l001,10.9721574696311,4.796369615436057,5.849338049410188,0.0,3.6287000013104524,0.16234371605263687,0.27075233663575465,
v3,validation,long_gaps,13921,pca_r64_l1,2.4982783196033322,1.0920975438252571,1.545244277922265,0.0,0.8262278924368448,0.4137692199191913,0.7336257514984539,
v3,validation,long_gaps,13921,template_1,3.162572441527439,1.38248711861293,1.9271011958788227,0.0,1.0459225229384956,0.03129364256257725,0.5671968712111932,
v3,validation,long_gaps,13921,dictionary_8,2.207496481676092,0.9649851526647101,1.4105858823954218,0.0,0.7300608388206238,0.45778826187795596,0.7770235681466197,
v3,validation,long_gaps,13921,dictionary_24,2.317945118356395,1.0132666767410823,1.5007093549794461,0.0,0.7665882919834,0.35385108608256977,0.7477378581028734,
v3,validation,long_gaps,13921,dictionary_48,2.5045375169076975,1.0948336897337325,1.6662569905964353,0.0,0.8282979273711243,0.3147490062052178,0.7148278320155182,
v3,validation,long_gaps,13921,local_pca_8,2.983854607033137,1.3043623930539354,1.6377165500408484,0.0,0.9868171548230051,0.32872447386000986,0.659910616012599,
v3,validation,long_gaps,13921,local_pca_16,4.8116337594302365,2.103357888201497,2.361024632330472,0.0,1.5912982909218993,0.2688434976806017,0.500666688229064,
v3,validation,long_gaps,13921,local_pca_32,3.7769160367118597,1.6510413169586973,2.185683478874126,0.0,1.24909756948891,0.5028545551282892,0.6634233491929392,
v3,validation,long_gaps,13921,local_dictionary_8,2.076763598429842,0.9078365717519586,1.2794582862851627,0.0,0.6868250016646213,0.44259382017317533,0.7943075233485878,
v3,validation,long_gaps,13921,local_dictionary_24,2.4467323995481047,1.0695647570477356,1.4786164049259223,0.0,0.8091806817410763,0.25808808340713935,0.7163005162199021,
v3,validation,long_gaps,14034,zero_fill,1.8163181619995157,1.0,0.8750315397671409,0.0,0.6006907698025807,,0.7626510509445883,
v3,validation,long_gaps,14034,linear,1.8489183454449973,1.0179484983014173,0.9658934034340696,0.0,0.6114722670640593,0.0008805394083850469,0.7532289049122698,
v3,validation,long_gaps,14034,pchip,1.8686486582162096,1.0288113048206737,1.025106885695299,0.0,0.6179974546743281,0.0021175627682513054,0.7476789036604451,
v3,validation,long_gaps,14034,autoregression,1.8186694721201286,1.001294547491627,0.882745599501782,0.0,0.6014683925318721,0.03318892598348958,0.7619461003527106,
v3,validation,long_gaps,14034,pca_r32_l01,6.390962681888477,3.51863611541103,2.838998681299475,0.0,2.113612236821414,-0.10075106793171337,0.19712351008014714,
v3,validation,long_gaps,14034,pca_r64_l01,4.063936215986296,2.237458337977782,2.2539737985035453,0.0,1.344020571441077,0.018937905628073806,0.3950008223401847,
v3,validation,long_gaps,14034,pca_r96_l01,2.4289503364518907,1.3372934253864155,1.5250860009343172,0.0,0.803299817147296,0.2731312990255145,0.6601880621042656,
v3,validation,long_gaps,14034,pca_r64_l001,9.107672724926928,5.014359772134105,4.168680076280661,0.0,3.012079631590329,-0.22682204137757306,0.04362550454570874,
v3,validation,long_gaps,14034,pca_r64_l1,1.8570055213239043,1.0224010089067201,1.0668041833916801,0.0,0.6141468490871129,0.3948602822638041,0.7688972924717881,
v3,validation,long_gaps,14034,template_1,2.398692330536536,1.3206344464980224,1.0296545259673597,0.0,0.7932929222947023,0.11579695746717805,0.6330866298731831,
v3,validation,long_gaps,14034,dictionary_8,1.9651143424197355,1.081921870040883,0.8602265447410018,0.0,0.6499004809811056,0.2985122549154215,0.7382570587193884,
v3,validation,long_gaps,14034,dictionary_24,1.8851225954750652,1.0378812671232696,0.9468863510675277,0.0,0.6234456973119548,0.3962110270792424,0.7644720587426218,
v3,validation,long_gaps,14034,dictionary_48,2.5095309094410414,1.3816582149233116,1.1934494359741183,0.0,0.8299493367263435,0.23496179991250407,0.6398707341856065,
v3,validation,long_gaps,14034,local_pca_8,3.4975062894602074,1.9256022224707237,1.9938633298130448,0.0,1.1566914813494993,0.07077073347740753,0.4693558102970028,
v3,validation,long_gaps,14034,local_pca_16,5.014520547514117,2.760816167798389,2.2896644193210918,0.0,1.6583967891182252,0.039493794057466405,0.33698872594664087,
v3,validation,long_gaps,14034,local_pca_32,2.457211728220216,1.3528531397358077,1.5678737204983937,0.0,0.8126463939377407,0.13436087216934242,0.6262606428375723,
v3,validation,long_gaps,14034,local_dictionary_8,2.5480484496944977,1.4028645988373798,1.2798178523493509,0.0,0.8426878158044145,0.03684060186780701,0.5920659188807983,
v3,validation,long_gaps,14034,local_dictionary_24,2.229747700523743,1.227619558717124,1.168647129344765,0.0,0.7374197377504937,0.12079056761807416,0.665849320211559,
v3,validation,long_gaps,14147,zero_fill,2.4582594736957475,1.0,1.0947302465779636,0.0,0.8129929031834343,,0.4332186790883655,
v3,validation,long_gaps,14147,linear,2.463293284108192,1.0020477132159187,1.1138538573419505,0.0,0.8146576794957311,-0.001275685969049107,0.4294120053759959,
v3,validation,long_gaps,14147,pchip,2.468356747214513,1.0041074889070132,1.1405994374969342,0.0,0.8163322625147406,-0.0021715313448397405,0.42576826930683975,
v3,validation,long_gaps,14147,autoregression,2.459196968967383,1.0003813654667733,1.08821759657929,0.0,0.8133029506014401,0.0017976381663324253,0.4324991445723954,
v3,validation,long_gaps,14147,pca_r32_l01,2.790649042557927,1.1352133785789769,1.123802592301718,0.0,0.9229204203835973,0.10958147892571607,0.33538193886571505,
v3,validation,long_gaps,14147,pca_r64_l01,2.8780590600377054,1.1707710641752684,1.1583433080751555,0.0,0.9518285664270102,0.05568690425650302,0.294062274330299,
v3,validation,long_gaps,14147,pca_r96_l01,2.8355800222256566,1.1534909363992587,1.166548474649881,0.0,0.9377799451790114,0.07469782629841377,0.3107866874288959,
v3,validation,long_gaps,14147,pca_r64_l001,2.9794115539704995,1.2120004360203895,1.2263062925925499,0.0,0.9853477531398048,0.02647975753710592,0.2623119329674903,
v3,validation,long_gaps,14147,pca_r64_l1,2.7827985728743934,1.1320198712346397,1.08834365951422,0.0,0.9203241215763872,0.08078795876345178,0.32365584278834136,
v3,validation,long_gaps,14147,template_1,5.592277835932178,2.274893230666471,1.6752246707243064,0.0,1.8494720520318764,-0.4041806006617885,-0.23086919475904055,
v3,validation,long_gaps,14147,dictionary_8,3.2776274303429918,1.3333122338853052,1.1556765736478252,0.0,1.0839733838764045,-0.09026045419827812,0.15434446749787453,
v3,validation,long_gaps,14147,dictionary_24,3.170824608835431,1.2898657130235374,1.1660074307662476,0.0,1.0486516707477762,-0.051574005900598616,0.19126993011175442,
v3,validation,long_gaps,14147,dictionary_48,2.9566477427386366,1.202740302387043,1.105499233323976,0.0,0.9778193302133639,0.04452667309419249,0.2752447631699415,
v3,validation,long_gaps,14147,local_pca_8,2.6647593823354607,1.0840024866574647,1.0619368331525336,0.0,0.8812863286857143,-0.01305102210525502,0.3235946974604026,
v3,validation,long_gaps,14147,local_pca_16,2.662796122235397,1.0832038483847066,1.0220580633712733,0.0,0.8806370414377511,-0.012951908029237067,0.32434395243697783,
v3,validation,long_gaps,14147,local_pca_32,2.6496194641996427,1.077843690851806,1.046974235429906,0.0,0.8762792714035578,0.004247649035414877,0.3333473177592591,
v3,validation,long_gaps,14147,local_dictionary_8,3.0297025292828548,1.2324583965613687,1.1454115910788132,0.0,1.0019799298732275,-0.09352481522215632,0.1949895312158196,
v3,validation,long_gaps,14147,local_dictionary_24,2.83588363685674,1.153614444366718,1.0580434935636474,0.0,0.9378803562800424,-0.029652850268644684,0.2662024266304718,
v3,validation,long_gaps,14260,zero_fill,2.5843386803153674,1.0,1.0214133423550968,0.0,0.8546896814599145,,0.47336381920424164,
v3,validation,long_gaps,14260,linear,2.589734185524847,1.0020877701713697,1.0490088115161995,0.0,0.856474077082644,-0.0012597864082743607,0.47002133103906335,
v3,validation,long_gaps,14260,pchip,2.59109044720321,1.0026125704572972,1.0571254410683315,0.0,0.8569226184718536,-0.0012858684999558824,0.4691792608340565,
v3,validation,long_gaps,14260,autoregression,2.5878109505374045,1.0013435817249825,1.0075482096502302,0.0,0.8558380268964552,-0.01780236434881321,0.47116535050621944,
v3,validation,long_gaps,14260,pca_r32_l01,1.8837372776918837,0.7289049581775446,0.8174989076849261,0.0,0.622987546519318,0.6916948298065346,0.770033218101513,
v3,validation,long_gaps,14260,pca_r64_l01,1.8651717939579522,0.7217211150244227,0.7971791430295566,0.0,0.6168475899031183,0.6968533982284038,0.7741259555845662,
v3,validation,long_gaps,14260,pca_r96_l01,1.7486209999046476,0.6766222295954116,0.7798612350770353,0.0,0.5783020378815996,0.7369875179794593,0.803304921886698,
v3,validation,long_gaps,14260,pca_r64_l001,2.3123831347743558,0.8947678384367853,0.979520154208734,0.0,0.7647488388141125,0.5677907596950872,0.6707649356950072,
v3,validation,long_gaps,14260,pca_r64_l1,1.8069374663330076,0.6991875639583379,0.7106815394212491,0.0,0.5975883963202856,0.7227800604244464,0.7909926119758233,
v3,validation,long_gaps,14260,template_1,2.174189534682308,0.841294351720569,0.8367850271773013,0.0,0.7190456014860787,0.6633752335119454,0.73598871668836,
v3,validation,long_gaps,14260,dictionary_8,1.944347042305782,0.7523576755305589,0.7426339838262555,0.0,0.6430323420431352,0.6700891327534715,0.7542111733403261,
v3,validation,long_gaps,14260,dictionary_24,1.9309227487264928,0.7471631963078701,0.7255059230574022,0.0,0.6385926742509451,0.6735547555202733,0.7570742034679165,
v3,validation,long_gaps,14260,dictionary_48,1.8873029655940055,0.7302846875176969,0.6921220835266538,0.0,0.6241667869495537,0.685101624565352,0.7665341494623495,
v3,validation,long_gaps,14260,local_pca_8,2.2268702546482593,0.8616789554751833,0.8440966578129843,0.0,0.7364681119757963,0.5433184027639144,0.6576960218030795,
v3,validation,long_gaps,14260,local_pca_16,2.2286732930007545,0.8623766342919067,0.8396446557816263,0.0,0.7370644108614229,0.5422547467561654,0.6569626319873234,
v3,validation,long_gaps,14260,local_pca_32,2.2063126625064577,0.8537242735682078,0.8673388852116695,0.0,0.7296693274306086,0.5606631219336025,0.6667567287276225,
v3,validation,long_gaps,14260,local_dictionary_8,2.632823160665086,1.018760884832557,1.0125986365658717,0.0,0.8707244161413588,0.25874165907850405,0.4885388014372658,
v3,validation,long_gaps,14260,local_dictionary_24,2.247902879844008,0.8698174496114016,0.8728626526071148,0.0,0.7434239989366441,0.4944630481692975,0.6429041166971128,
v3,validation,long_gaps,14373,zero_fill,1.9335554292531019,1.0,0.8940243812483395,0.0,0.6394633514953064,,0.5705719713072,
v3,validation,long_gaps,14373,linear,1.9361264389336295,1.0013296798434792,0.9063941692347669,0.0,0.6403136330244333,-0.005591304954741773,0.569000871868173,
v3,validation,long_gaps,14373,pchip,1.935651392719096,1.001083994507881,0.9048068546739135,0.0,0.6401565262563186,-0.007759894736255838,0.5692989387756875,
v3,validation,long_gaps,14373,autoregression,1.9370400902642162,1.0018022038356875,0.8980083131067973,0.0,0.6406157948001528,-0.05240820947097588,0.5684356735405829,
v3,validation,long_gaps,14373,pca_r32_l01,1.3476624728086466,0.6969867283966226,0.6533920555630457,0.0,0.4456974692882531,0.7782730428518835,0.8462050937969569,
v3,validation,long_gaps,14373,pca_r64_l01,1.4597788145142978,0.7549712785209289,0.7077936613179701,0.0,0.4827764640456897,0.7558571851502975,0.8275461090535512,
v3,validation,long_gaps,14373,pca_r96_l01,1.5057936154891731,0.7787693037953582,0.7271929195145399,0.0,0.4979944290466462,0.7093221630313237,0.801335570430499,
v3,validation,long_gaps,14373,pca_r64_l001,1.7144311355270996,0.8866728667764926,0.8170252413177294,0.0,0.5669948030688474,0.8166144806914977,0.8489643250421488,
v3,validation,long_gaps,14373,pca_r64_l1,1.5539033961756514,0.8036508147976377,0.6966259166170968,0.0,0.5139052434624312,0.6066095669025288,0.7545288232515254,
v3,validation,long_gaps,14373,template_1,2.400160083481332,1.2413195128357253,1.0443932477563558,0.0,0.793778335954454,0.36330624815784407,0.5462108714630479,
v3,validation,long_gaps,14373,dictionary_8,2.044919672409683,1.0575955783174003,0.8949946729674244,0.0,0.6762936130374615,0.46095383496960046,0.632221063478145,
v3,validation,long_gaps,14373,dictionary_24,1.8298151661001039,0.9463474066564148,0.7837718890957776,0.0,0.6051544843394027,0.5803850798678942,0.7112295376217942,
v3,validation,long_gaps,14373,dictionary_48,1.725120845355949,0.8922013919313048,0.7342161888475905,0.0,0.5705300922931696,0.6333114960170085,0.7463688982487728,
v3,validation,long_gaps,14373,local_pca_8,1.7575597048469136,0.9089781850866451,0.8006095002793076,0.0,0.581258236671627,0.4180764792931721,0.6655678212153371,
v3,validation,long_gaps,14373,local_pca_16,1.7439874544478733,0.9019588619300895,0.7518809306096644,0.0,0.5767696367607075,0.4318943898690096,0.6718316703055113,
v3,validation,long_gaps,14373,local_pca_32,1.7699888001844264,0.915406289060015,0.7649566855067391,0.0,0.5853687735821985,0.4055511766194566,0.6598196561280143,
v3,validation,long_gaps,14373,local_dictionary_8,2.1801232812587203,1.127520446673134,0.8480568350637218,0.0,0.721008003709087,0.09487102066864093,0.4765546380331627,
v3,validation,long_gaps,14373,local_dictionary_24,2.0755634833148857,1.0734440047144855,0.8238984071594846,0.0,0.6864281008972684,0.16327356640735524,0.5226023321105887,
v3,validation,long_gaps,14486,zero_fill,4.1141916583326585,1.0,2.1975414809953406,0.0,1.3606409967505793,,0.5651485748012757,
v3,validation,long_gaps,14486,linear,4.116405755181095,1.0005381608423496,2.199932678845844,0.0,1.361373240455526,-0.0005307237000578734,0.5645119084621416,
v3,validation,long_gaps,14486,pchip,4.1169119064924695,1.0006611865429997,2.201479495308795,0.0,1.3615406342674843,-0.00033476632359671926,0.5643642449350377,
v3,validation,long_gaps,14486,autoregression,3.9566889908124705,0.9617172264687303,2.114145086394384,0.0,1.3085518856146159,0.2740770376733134,0.6086938525564779,
v3,validation,long_gaps,14486,pca_r32_l01,6.713231344346867,1.6317254765587441,3.7537383157638424,0.0,2.220192578848203,0.10517077326803846,0.3264987414489136,
v3,validation,long_gaps,14486,pca_r64_l01,5.139534857927964,1.2492210584109835,2.9186155554736635,0.0,1.6997413860781343,0.33514439694406273,0.5260651361399998,
v3,validation,long_gaps,14486,pca_r96_l01,3.553447174640744,0.8637048221717591,1.9388287364633396,0.0,1.1751921901380642,0.5580851334114743,0.7174902434408189,
v3,validation,long_gaps,14486,pca_r64_l001,9.135344200432773,2.2204469210690627,4.764611940854768,0.0,3.0212311119151645,0.32665921225792366,0.41764694483077003,
v3,validation,long_gaps,14486,pca_r64_l1,3.91266971910092,0.9510178533312644,2.1778644661951967,0.0,1.2939938798842479,0.3483842802547199,0.6250544386072878,
v3,validation,long_gaps,14486,template_1,4.087773468139812,0.9935787653112025,2.1895494893538765,0.0,1.3519040015832444,0.2188135988075654,0.5782069679588614,
v3,validation,long_gaps,14486,dictionary_8,3.8873708286491,0.9448686768823304,1.976756860271691,0.0,1.2856270583115752,0.3274298727628331,0.6263954928037971,
v3,validation,long_gaps,14486,dictionary_24,4.118746106111106,1.0011070091421783,2.1992086651303127,0.0,1.3621472387732045,0.156528231044177,0.5666987522286245,
v3,validation,long_gaps,14486,dictionary_48,4.362239742042035,1.0602908430887008,2.3848412515295587,0.0,1.442675189585722,0.033789163406379934,0.5055401498017382,
v3,validation,long_gaps,14486,local_pca_8,4.302344790600162,1.0457327095801257,2.326251679685806,0.0,1.4228667962977863,0.3871841655879383,0.5991390945641376,
v3,validation,long_gaps,14486,local_pca_16,6.647326660806085,1.6157066108825906,3.5232348090602414,0.0,2.198396653487788,0.12140317503707855,0.3388650573493698,
v3,validation,long_gaps,14486,local_pca_32,5.42832298768636,1.3194142224006826,3.014653675184835,0.0,1.7952490826941552,0.05956595727629552,0.37643942318200746,
v3,validation,long_gaps,14486,local_dictionary_8,3.900705001991219,0.9481096958842316,2.0188005424592936,0.0,1.2900369216368093,0.327879100277054,0.6239746720506472,
v3,validation,long_gaps,14486,local_dictionary_24,4.351251016288291,1.0576199111860785,2.3763057922259883,0.0,1.439041010139485,0.08359984860564681,0.513324051699956,
v3,validation,long_gaps,14599,zero_fill,2.0825415059662995,1.0,1.2182047166939032,0.0,0.6887358649695955,,0.7717930873891302,
v3,validation,long_gaps,14599,linear,2.2815248686898806,1.095548329842892,1.4116127148568811,0.0,0.7545434265703399,0.002624240856588509,0.7264234443845382,
v3,validation,long_gaps,14599,pchip,2.345849176728679,1.1264357372988851,1.475048678765236,0.0,0.7758166918612115,0.001290203301417259,0.7128021872965952,
v3,validation,long_gaps,14599,autoregression,2.034420481285135,0.9768931257584534,1.168842072581288,0.0,0.6728213319521003,0.2136168059137557,0.7836643166652065,
v3,validation,long_gaps,14599,pca_r32_l01,3.747002833840202,1.799245212210833,2.2014833115171877,0.0,1.2392047075244315,0.2335638963387654,0.5623032583447363,
v3,validation,long_gaps,14599,pca_r64_l01,3.64528199001335,1.7504006424697591,2.090777597422651,0.0,1.2055637005347448,0.4943649211608714,0.6676687107348995,
v3,validation,long_gaps,14599,pca_r96_l01,2.460131165191252,1.1813119489542903,1.451233852431714,0.0,0.8136119069619515,0.3499155127352884,0.7261697870412196,
v3,validation,long_gaps,14599,pca_r64_l001,9.329347745335111,4.479789583356368,4.226893398548072,0.0,3.0853917535747315,0.40267724751555084,0.4378536302014791,
v3,validation,long_gaps,14599,pca_r64_l1,1.748511746116251,0.8396047527057288,1.0999134349583788,0.0,0.5782659055873635,0.5854354937935375,0.8490352776728151,
v3,validation,long_gaps,14599,template_1,3.060380180699668,1.4695410256803747,1.7161751094575821,0.0,1.0121256094302795,-0.261409868790834,0.5379278673506719,
v3,validation,long_gaps,14599,dictionary_8,2.857185866355658,1.3719706705340904,1.5651966620389242,0.0,0.9449254064832125,-0.1896317559604373,0.5875660622348499,
v3,validation,long_gaps,14599,dictionary_24,2.4968666507591366,1.1989516864877996,1.3818149304482052,0.0,0.8257610268499299,-0.01766220419733701,0.6765270256671658,
v3,validation,long_gaps,14599,dictionary_48,2.439670633164072,1.1714871594033678,1.5177523564902917,0.0,0.8068452220324529,0.19544153117699017,0.7060913164075174,
v3,validation,long_gaps,14599,local_pca_8,3.7417422706129773,1.7967191817753512,2.1740086198110076,0.0,1.2374649397675104,-0.05374982628118832,0.47132910292283453,
v3,validation,long_gaps,14599,local_pca_16,3.760711661863272,1.8058279516106457,2.2483840050708297,0.0,1.2437384762388308,0.3814671467693913,0.6158954240735397,
v3,validation,long_gaps,14599,local_pca_32,3.291726349106454,1.5806294086701012,2.029105774635521,0.0,1.0886361629767825,0.231676904521056,0.6037792358157653,
v3,validation,long_gaps,14599,local_dictionary_8,2.208381433400547,1.0604261317595483,1.251790101647959,0.0,0.7303535090937747,0.19629894910585852,0.7471870940482507,
v3,validation,long_gaps,14599,local_dictionary_24,2.1222128354609584,1.019049478428643,1.174309272559693,0.0,0.7018559239723667,0.3228095196003385,0.7710688094642135,
v3,test,long_gaps,16000,zero_fill,2.569500894093196,1.0,1.3153529748673056,0.0,0.8497825449160888,,0.6868254091075287,False
v3,test,long_gaps,16000,linear,2.568345789425655,0.9995504556273179,1.3262093703031803,0.0,0.8494005299550184,0.034378192049944564,0.6871644659790809,False
v3,test,long_gaps,16000,pchip,2.571234481710433,1.0006746787367236,1.3388427936062612,0.0,0.8503558751299826,0.02174722405920148,0.6862800714098783,False
v3,test,long_gaps,16000,autoregression,2.73770478694946,1.0654616985123195,1.6169366183604696,0.0,0.9054107536724175,0.1897212470540502,0.6531216557491064,False
v3,test,long_gaps,16000,pca_r32_l01,3.610246867220833,1.4050381829094196,1.8717651853475157,0.0,1.1939769227770436,0.36167061226291747,0.6004408082256136,False
v3,test,long_gaps,16000,pca_r64_l01,3.408880272186029,1.3266702027706665,1.7792033778677745,0.0,1.1273811811748005,0.08677463078546108,0.5262234740792315,False
v3,test,long_gaps,16000,pca_r96_l01,3.031602384677882,1.1798409534112135,1.6240256606334427,0.0,1.0026082479860057,0.2220436524434269,0.6114617833762116,False
v3,test,long_gaps,16000,pca_r64_l001,5.091278132799795,1.981426877298893,2.3642525259753078,0.0,1.6837819743561924,-0.04453836291745826,0.3107762909764668,False
v3,test,long_gaps,16000,pca_r64_l1,2.349120047605145,0.914232041329635,1.3038214284337444,0.0,0.7768984307249283,0.44456080655926705,0.7509583691999177,True
v3,test,long_gaps,16000,template_1,2.894187916215209,1.1263619027603406,1.339203059665174,0.0,0.9571626842242105,-0.022745407781944962,0.6004607691682778,False
v3,test,long_gaps,16000,dictionary_8,3.147436606342687,1.2249213898224585,1.6103089960783292,0.0,1.0409168159654811,-0.05108895403980498,0.5424454065621723,False
v3,test,long_gaps,16000,dictionary_24,2.9623957794582356,1.1529070825654242,1.4404873608116955,0.0,0.9797203146742296,0.051199909803813545,0.592890928884101,False
v3,test,long_gaps,16000,dictionary_48,2.8207289267391698,1.0977730862921669,1.4775016442470859,0.0,0.9328684070097467,0.1886772008898282,0.6377980669210215,False
v3,test,long_gaps,16000,local_pca_8,4.057781818284973,1.5792101211612957,2.379558989417492,0.0,1.3419851957176907,0.03350389813140153,0.4324484844852528,False
v3,test,long_gaps,16000,local_pca_16,3.914782118071661,1.5235574064484725,2.266299233267983,0.0,1.294692490177539,0.11341871296318304,0.4765592446034391,False
v3,test,long_gaps,16000,local_pca_32,3.730375199013382,1.4517898038443264,2.140160320889334,0.0,1.233705634194061,0.13097943869294423,0.501497468509317,False
v3,test,long_gaps,16000,local_dictionary_8,2.741427223752687,1.0669103988462185,1.6082408943535995,0.0,0.9066418339289789,0.2634159625405786,0.6625576711541363,False
v3,test,long_gaps,16000,local_dictionary_24,2.6889024364965155,1.0464687685759524,1.4992852903810683,0.0,0.8892708933356785,0.3161815597194008,0.6796508886555177,False
v3,test,long_gaps,16102,zero_fill,2.38388074942554,1.0,0.9989428200365623,0.0,0.7883944522767825,,0.4411172049916888,False
v3,test,long_gaps,16102,linear,2.38667070327642,1.0011703411974582,1.0129744409455825,0.0,0.7893171427841296,0.002204443328945652,0.4390176637009951,False
v3,test,long_gaps,16102,pchip,2.3865803604547424,1.001132443822894,1.01290068388395,0.0,0.7892872647042672,0.002248980429976181,0.4391037876981041,False
v3,test,long_gaps,16102,autoregression,2.3863054281346097,1.0010171140941735,0.9957164443743283,0.0,0.7891963393859617,-0.013626225787328793,0.4392627827396942,False
v3,test,long_gaps,16102,pca_r32_l01,2.9792351339910352,1.2497416805387442,1.1527358017346863,0.0,0.9852894077158091,-0.013054071582077099,0.23517513999765516,False
v3,test,long_gaps,16102,pca_r64_l01,2.876245679630092,1.2065392450202053,1.141659529256224,0.0,0.9512288472281477,0.03761140342247125,0.27806924211696793,False
v3,test,long_gaps,16102,pca_r96_l01,2.8378712270216746,1.1904417734425414,1.1189988950185443,0.0,0.9385376899406342,0.05305335552232698,0.2922870655948233,False
v3,test,long_gaps,16102,pca_r64_l001,2.8734280665822007,1.2053573012302023,1.1571269018987684,0.0,0.9502970093012061,0.06553746124261069,0.2927828273870436,False
v3,test,long_gaps,16102,pca_r64_l1,2.80106177857269,1.1750007961797926,1.06974186549649,0.0,0.9263641091289511,0.04107759796563094,0.29326591791660533,True
v3,test,long_gaps,16102,template_1,3.395348096882828,1.424294439938335,1.2699418065548573,0.0,1.1229058348560503,0.19890665099356986,0.32927457086284406,False
v3,test,long_gaps,16102,dictionary_8,2.4382275726238003,1.022797626605843,0.9138640543450712,0.0,0.8063679746179067,0.437393368852046,0.5536991796749596,False
v3,test,long_gaps,16102,dictionary_24,2.752378576672865,1.154578968489143,1.0339891794269547,0.0,0.9102636534722904,0.23913527910500615,0.4047416978528017,False
v3,test,long_gaps,16102,dictionary_48,2.5801081105003223,1.0823142521378508,0.98004348227008,0.0,0.8532905520055765,0.2905184408237723,0.45361786328394404,False
v3,test,long_gaps,16102,local_pca_8,2.71168570410801,1.13750895667137,1.0491884345241271,0.0,0.8968057508548594,-0.1752993193808245,0.24562959750624275,False
v3,test,long_gaps,16102,local_pca_16,2.7155750445599023,1.13914047303511,1.0352942381574441,0.0,0.8980920293048307,-0.17909933316016258,0.24318365727074906,False
v3,test,long_gaps,16102,local_pca_32,2.7262354340549444,1.1436123366120157,1.0326289797487482,0.0,0.9016176217402014,-0.2013550330045865,0.23389128257079014,False
v3,test,long_gaps,16102,local_dictionary_8,2.9109046959578437,1.2210781502637262,1.073361970777693,0.0,0.9626912394643173,-0.19207071010792726,0.17180112137937753,False
v3,test,long_gaps,16102,local_dictionary_24,2.8951536424621116,1.2144708342310229,1.0340788393308042,0.0,0.9574820681596946,-0.26447781620414157,0.15301743750723565,False
v3,test,long_gaps,16205,zero_fill,2.9044303455182585,1.0,1.1884260244998082,0.0,0.9605500493188394,,0.42918495861381695,False
v3,test,long_gaps,16205,linear,2.9168921403360115,1.0042906158300482,1.2381146368885472,0.0,0.9646714005660002,-0.0008083241344334611,0.42132647697335657,False
v3,test,long_gaps,16205,pchip,2.9203795294012593,1.0054913294469643,1.2538327347851148,0.0,0.9658247460899466,-0.0015514643912363946,0.4191659782612772,False
v3,test,long_gaps,16205,autoregression,2.9053708499678583,1.0003238171819306,1.179119806110559,0.0,0.960861091928913,0.0056129679182919555,0.4285675260306616,False
v3,test,long_gaps,16205,pca_r32_l01,2.15979589487815,0.7436211710881164,0.8964177764835517,0.0,0.7142853525632232,0.6742953783816393,0.7439170926482426,False
v3,test,long_gaps,16205,pca_r64_l01,2.185536220925587,0.7524836063973867,0.8937619941794149,0.0,0.7227981652366279,0.6652096170241845,0.7370371729966552,False
v3,test,long_gaps,16205,pca_r96_l01,2.3542245716174772,0.8105632745678382,0.9395850690394804,0.0,0.7785865933621768,0.5995147668407731,0.6880762148877166,False
v3,test,long_gaps,16205,pca_r64_l001,1.7256929054957182,0.5941588195284436,0.7618890839267239,0.0,0.5707192834012699,0.8225201970038728,0.855370302174257,False
v3,test,long_gaps,16205,pca_r64_l1,2.6646396666852192,0.9174396868552716,1.048956056436813,0.0,0.8812467364558916,0.41345297564753686,0.5648592016783499,True
v3,test,long_gaps,16205,template_1,2.6353647249749796,0.9073602777362294,1.0342993320323814,0.0,0.8715649595294909,0.5212489907001353,0.6218921652643701,False
v3,test,long_gaps,16205,dictionary_8,2.8344325598647284,0.9758996507657546,1.069555549279513,0.0,0.9374004576732835,0.4237004914629757,0.5495025154626223,False
v3,test,long_gaps,16205,dictionary_24,2.917172507932193,1.0043871468405488,1.0743065202948647,0.0,0.9647641234328974,0.36682717128859066,0.5101391840377731,False
v3,test,long_gaps,16205,dictionary_48,3.0721308723319147,1.0577395588337761,1.1219162168291263,0.0,1.016011785404271,0.28858996520647284,0.45154593236887747,False
v3,test,long_gaps,16205,local_pca_8,2.9557522572735664,1.017670216066466,1.1512164171966464,0.0,0.9775231762329577,0.11253224537622575,0.4099982057212581,False
v3,test,long_gaps,16205,local_pca_16,2.948899524546699,1.0153108092597434,1.1263345659704493,0.0,0.9752568479083971,0.11982969704066111,0.4137467979095203,False
v3,test,long_gaps,16205,local_pca_32,2.9932505117763353,1.030580924894664,1.1545481080849045,0.0,0.9899245582346244,0.06632123003533423,0.38834012823881575,False
v3,test,long_gaps,16205,local_dictionary_8,3.7507494114795055,1.2913890041354157,1.352337895417103,0.0,1.2404437716120804,-0.2821111496017955,0.07402945068518015,False
v3,test,long_gaps,16205,local_dictionary_24,3.6211140025514963,1.2467553260966067,1.3170355047403672,0.0,1.197570889970621,-0.26000179032769594,0.11235611246287419,False
v3,test,long_gaps,16308,zero_fill,2.1403575412805775,1.0,0.9674420878143177,0.0,0.707856721373759,,0.7185409007284108,False
v3,test,long_gaps,16308,linear,2.142682667176384,1.001086325929646,0.9762633239801504,0.0,0.7086256844846616,0.001322402246713978,0.7178060579497244,False
v3,test,long_gaps,16308,pchip,2.143160225407259,1.001309446703472,0.9809310726274986,0.0,0.7087836220240924,0.0016602479980374447,0.7176762724007277,False
v3,test,long_gaps,16308,autoregression,2.140246297582356,0.9999480256470819,0.9567406719891226,0.0,0.7078199309787067,0.0319079272087588,0.7185755475902994,False
v3,test,long_gaps,16308,pca_r32_l01,7.341005457678655,3.429803346447681,3.7269383315248277,0.0,2.427809351773202,0.31620168015963174,0.40903411824091185,False
v3,test,long_gaps,16308,pca_r64_l01,3.4717187923394266,1.6220275002569406,2.0398659410849693,0.0,1.148163068309952,0.2874667854755644,0.5582450605626759,False
v3,test,long_gaps,16308,pca_r96_l01,2.7232277382502192,1.2723237523301412,1.5337888195581897,0.0,0.9006229198503721,0.3126047070158054,0.6404245115066004,False
v3,test,long_gaps,16308,pca_r64_l001,5.854476080151069,2.7352794882336955,3.1884266782955892,0.0,1.9361859705819968,0.2819458878468231,0.42969464854483397,False
v3,test,long_gaps,16308,pca_r64_l1,2.239523867195836,1.046331663753677,1.234332266952704,0.0,0.7406529009742282,0.3384925290169486,0.712874740894181,True
v3,test,long_gaps,16308,template_1,3.539028552316349,1.6534754049545133,1.3324855278738246,0.0,1.1704236790232498,-0.33514840019139985,0.3464064562821178,False
v3,test,long_gaps,16308,dictionary_8,2.778938862044318,1.298352638962216,1.4176362027738167,0.0,0.9190476422027619,0.05800286467184344,0.5712072978274746,False
v3,test,long_gaps,16308,dictionary_24,2.6841422892718585,1.254062574828472,1.5923932094780644,0.0,0.8876966226156163,0.17695752034484036,0.6113894365699897,False
v3,test,long_gaps,16308,dictionary_48,2.570186123790324,1.200820925578901,1.6540534422420836,0.0,0.8500091633372835,0.47069139991115355,0.7053391682976231,False
v3,test,long_gaps,16308,local_pca_8,3.2658382585801182,1.5258377143036415,1.7677018389636232,0.0,1.0800744817954058,-0.1304136872904469,0.44501720125337124,False
v3,test,long_gaps,16308,local_pca_16,4.5673301515478215,2.1339099021816628,2.4962696326476865,0.0,1.5105024670653104,-0.11216805600586241,0.29386601247658,False
v3,test,long_gaps,16308,local_pca_32,3.654399583306306,1.7073780958670466,2.256714811732932,0.0,1.2085790610858191,0.02718872150792677,0.43971389345163,False
v3,test,long_gaps,16308,local_dictionary_8,2.6184877669440554,1.223388016460751,1.1194933941277254,0.0,0.8659834302998534,-0.09310273249339006,0.5834856319691488,False
v3,test,long_gaps,16308,local_dictionary_24,2.499351531503106,1.1677261781261752,1.0627467222076121,0.0,0.8265828239107043,-0.017334138327378425,0.6190988137461414,False
v3,test,long_gaps,16411,zero_fill,2.8444407953577238,1.0,1.1161087435127937,0.0,0.9407103704454131,,0.3967285576171046,False
v3,test,long_gaps,16411,linear,2.8465720055383983,1.0007492545403487,1.1312728662198848,0.0,0.9414152019616223,-0.000283487873184937,0.39514465373233865,False
v3,test,long_gaps,16411,pchip,2.8485904724308497,1.0014588727175824,1.141256381379919,0.0,0.9420827471400028,-0.0012727727148184914,0.393716208470891,False
v3,test,long_gaps,16411,autoregression,2.8449080662392805,1.0001642751300428,1.1143761560236856,0.0,0.9408649057638507,0.0037238508676658345,0.3963730173453579,False
v3,test,long_gaps,16411,pca_r32_l01,2.7172664317984574,0.9552902054538025,1.0034129108485235,0.0,0.8986514030553214,0.3319237697533625,0.4916754576835517,False
v3,test,long_gaps,16411,pca_r64_l01,2.603254593991124,0.9152078673037497,0.9860918177583483,0.0,0.8609455318858669,0.40940387720202726,0.544708020376412,False
v3,test,long_gaps,16411,pca_r96_l01,2.5405596787954323,0.8931666579039925,0.9815631926877574,0.0,0.8402111376263564,0.4512223588321983,0.573141649755805,False
v3,test,long_gaps,16411,pca_r64_l001,2.4283331232358734,0.8537119588493598,0.9849558579502499,0.0,0.8030956930628605,0.527601406158697,0.6244804685036087,False
v3,test,long_gaps,16411,pca_r64_l1,2.6440530920326433,0.929551107672157,0.957208856130874,0.0,0.8744383668462189,0.3774421125428372,0.5242967340689754,True
v3,test,long_gaps,16411,template_1,2.6965170342386293,0.9479954860159109,1.0166673678354594,0.0,0.891789184830607,0.3848650782420324,0.51847510878118,False
v3,test,long_gaps,16411,dictionary_8,3.1689842861945117,1.1140974673709012,1.1466166717176325,0.0,1.048043041242777,0.021958687570841545,0.27095508463024326,False
v3,test,long_gaps,16411,dictionary_24,2.710771688178328,0.9530068942206318,0.9904018791884132,0.0,0.896503468499323,0.3379585750446039,0.4953442729977911,False
v3,test,long_gaps,16411,dictionary_48,2.912442809143535,1.0239069886414207,1.0549840564091986,0.0,0.9631999225865184,0.20269885113475525,0.39994854626375514,False
v3,test,long_gaps,16411,local_pca_8,2.755479747539979,0.968724591503914,1.050915550232429,0.0,0.9112892693332284,0.26776161945148264,0.46141398101698833,False
v3,test,long_gaps,16411,local_pca_16,2.7602645689519267,0.9704067574395723,1.0314367846129784,0.0,0.9128717002737122,0.26226024560779465,0.45851037058104377,False
v3,test,long_gaps,16411,local_pca_32,2.807088609478743,0.9868683553055695,1.0449075061639193,0.0,0.9283572961003579,0.21579546395121166,0.43180916229148314,False
v3,test,long_gaps,16411,local_dictionary_8,2.1718935846771315,0.7635573179170315,0.8007287209825614,0.0,0.7182862873940365,0.6991034931968914,0.7341066651374036,False
v3,test,long_gaps,16411,local_dictionary_24,2.1300517853392074,0.7488472914660637,0.7860328485402848,0.0,0.704448412962085,0.7138470580427269,0.7471524534571139,False
v3,test,long_gaps,16514,zero_fill,2.99931174266703,1.0,1.1397636933628845,0.0,0.9919291219315896,,0.4200166340094225,False
v3,test,long_gaps,16514,linear,3.001704398865623,1.0007977350818709,1.1597590863666554,0.0,0.9927204185908837,-0.00252780033795192,0.4184511216485152,False
v3,test,long_gaps,16514,pchip,3.0027830017738872,1.0011573518875936,1.1659379844219777,0.0,0.9930771329732161,-0.002335469703491594,0.41775525517965884,False
v3,test,long_gaps,16514,autoregression,3.0087702837099943,1.0031535705036627,1.138724087517064,0.0,0.9950572403522373,-0.084855330125516,0.4138322630690182,False
v3,test,long_gaps,16514,pca_r32_l01,2.67952124059576,0.8933787050135349,1.010922442626716,0.0,0.8861683544164564,0.49950410477116347,0.6086460191036448,False
v3,test,long_gaps,16514,pca_r64_l01,2.883327960935575,0.9613298677554869,1.1250582151327795,0.0,0.9535710916093113,0.39705319146857543,0.5339750672432702,False
v3,test,long_gaps,16514,pca_r96_l01,2.759960859111356,0.9201980640589097,1.0856811931039716,0.0,0.912771257685103,0.4391437471158006,0.5692674677434668,False
v3,test,long_gaps,16514,pca_r64_l001,3.074020517140705,1.0249086393424522,1.2236390610571948,0.0,1.016636726683059,0.45927841993933843,0.5570664475781605,False
v3,test,long_gaps,16514,pca_r64_l1,2.810402371974417,0.9370157599807774,1.0904391003401366,0.0,0.9294532200337935,0.3906304880649491,0.5404163361420891,True
v3,test,long_gaps,16514,template_1,3.654801715633949,1.2185467964673948,1.35129664808898,0.0,1.2087120538524545,0.027461140694939646,0.24727697149022695,False
v3,test,long_gaps,16514,dictionary_8,3.695605338084981,1.2321511250440398,1.3418604084736434,0.0,1.2222065835519547,-0.06791551829013434,0.19214346530017157,False
v3,test,long_gaps,16514,dictionary_24,3.5964147976760645,1.199080024431899,1.27259572479543,0.0,1.1894023957604427,-0.03999991542664867,0.2215037882013383,False
v3,test,long_gaps,16514,dictionary_48,3.540437603018579,1.1804166778176823,1.2561469372706973,0.0,1.1708896787410976,-0.007622998809673954,0.24593534543102466,False
v3,test,long_gaps,16514,local_pca_8,2.577814339472696,0.8594686250187742,1.0191791963392807,0.0,0.8525319585426233,0.5402324830486824,0.633475016205724,False
v3,test,long_gaps,16514,local_pca_16,2.5908793689605814,0.8638246341998231,1.01103922116485,0.0,0.8568528109047071,0.5329649139803129,0.6283354896665051,False
v3,test,long_gaps,16514,local_pca_32,2.5938937686457875,0.8648296646680884,0.9711656942395859,0.0,0.857849729894608,0.534068785683658,0.6277109924606092,False
v3,test,long_gaps,16514,local_dictionary_8,2.7757408298530293,0.9254592613253337,1.0289520319555068,0.0,0.917989992469896,0.38006563233953006,0.5431393987848961,False
v3,test,long_gaps,16514,local_dictionary_24,2.6920860754749345,0.8975679443981684,0.9507221838148173,0.0,0.890323782960817,0.4587006471291588,0.5839470619333343,False
v3,test,long_gaps,16616,zero_fill,2.375197143853063,1.0,0.9558078173802352,0.0,0.7855226196732641,,0.4985031618274026,False
v3,test,long_gaps,16616,linear,2.378345096764615,1.001325343843436,0.9770741633504519,0.0,0.7865637072411277,-0.0034240814550392296,0.49652163988395637,False
v3,test,long_gaps,16616,pchip,2.3799976731246626,1.0020211077147947,0.9928732912210304,0.0,0.7871102455000314,-0.0012172738650345954,0.49560139132924275,False
v3,test,long_gaps,16616,autoregression,2.3708697525192326,0.9981780917238683,0.9543588107091029,0.0,0.7840914695113926,0.07439383393760235,0.501232349791471,False
v3,test,long_gaps,16616,pca_r32_l01,2.957670426176329,1.245231552181127,1.1940572795224644,0.0,0.9781575509691236,0.18082217429898684,0.39320453005013606,False
v3,test,long_gaps,16616,pca_r64_l01,2.6960199044583906,1.1350720555704639,1.070148254587883,0.0,0.8916247746096274,0.3368019585754727,0.5053464085405284,False
v3,test,long_gaps,16616,pca_r96_l01,2.621733081928819,1.1037959896144973,1.0314456440610145,0.0,0.8670567173468228,0.33588436060236626,0.5123342677191493,False
v3,test,long_gaps,16616,pca_r64_l001,2.8692706393675507,1.2080136786932127,1.1605179354351993,0.0,0.9489220694882291,0.4528681253195598,0.5634801926041597,False
v3,test,long_gaps,16616,pca_r64_l1,2.399552227818827,1.010253921039268,0.919166126964656,0.0,0.7935773065899525,0.2997085787054157,0.5277206607283815,True
v3,test,long_gaps,16616,template_1,3.2424938238006686,1.365147239332172,1.129127536736674,0.0,1.0723540356799321,0.11266598578349993,0.32539858409693634,False
v3,test,long_gaps,16616,dictionary_8,2.9470405189555637,1.24075617326436,1.0091586599101983,0.0,0.9746420395983943,0.15811971418718887,0.3823596714138265,False
v3,test,long_gaps,16616,dictionary_24,3.0419227792618906,1.2807032827293066,1.0531531292161527,0.0,1.0060213976736736,0.10548711874370213,0.3432303357298894,False
v3,test,long_gaps,16616,dictionary_48,3.065052850049346,1.2904414515576565,1.058554409227398,0.0,1.0136709495625396,0.10304999564477903,0.3391253734155177,False
v3,test,long_gaps,16616,local_pca_8,1.9179406453302232,0.8074869281035448,0.7583728401303661,0.0,0.6342992471158131,0.615702649102095,0.7201583569468408,False
v3,test,long_gaps,16616,local_pca_16,1.9245080589444548,0.8102519253717623,0.7507089157819611,0.0,0.6364712150133327,0.6122756736872613,0.717797949337404,False
v3,test,long_gaps,16616,local_pca_32,1.9946018374247394,0.8397626456341561,0.7508748991899417,0.0,0.6596525533022932,0.567530608982606,0.6905022872429725,False
v3,test,long_gaps,16616,local_dictionary_8,2.5057413032232088,1.0549613996076033,0.9469079794710258,0.0,0.8286960422739374,0.16162785455232237,0.46058577761361186,False
v3,test,long_gaps,16616,local_dictionary_24,2.4154178561863047,1.0169336311460848,0.8958792481776208,0.0,0.7988243699717174,0.2136435714847303,0.49848641366409485,False
v3,test,long_gaps,16719,zero_fill,2.2395896752264193,1.0,0.9273647562323634,0.0,0.7406746649346274,,0.7718160550650598,False
v3,test,long_gaps,16719,linear,2.2460461719409,1.002882892694988,0.9598578379658832,0.0,0.7428099505155302,6.856540192778757e-05,0.7703749421746509,False
v3,test,long_gaps,16719,pchip,2.246965801297134,1.003293516733135,0.9640288824276579,0.0,0.7431140893373989,0.0006260617019964239,0.770113102347668,False
v3,test,long_gaps,16719,autoregression,2.239242903437986,0.9998451628026915,0.9244299696350345,0.0,0.7405599809453915,0.023045331179324478,0.7718969839999904,False
v3,test,long_gaps,16719,pca_r32_l01,17.98211168136604,8.029199223535478,7.5408453422415676,0.0,5.9470244445855105,0.08385799374959964,0.16780004148098562,False
v3,test,long_gaps,16719,pca_r64_l01,5.244421815354684,2.341688691177093,2.7354222324965556,0.0,1.7344294867187993,-0.21204591578130666,0.29919904585220236,False
v3,test,long_gaps,16719,pca_r96_l01,3.5064149503312243,1.565650614091499,2.0609626847024693,0.0,1.1596377439969148,0.08908714523060633,0.5687630611700707,False
v3,test,long_gaps,16719,pca_r64_l001,8.990030907716106,4.014141968576109,4.106060862290069,0.0,2.9731732575751346,-0.2662072532977082,0.08423911819452456,False
v3,test,long_gaps,16719,pca_r64_l1,2.689166459346019,1.2007406933031821,1.5350432785639192,0.0,0.8893582106857066,0.14673715374396587,0.6903145907011325,True
v3,test,long_gaps,16719,template_1,2.0563972025925725,0.9182026624518501,0.9085526828476601,0.0,0.6800894493536068,0.671349127441773,0.8476548527810991,False
v3,test,long_gaps,16719,dictionary_8,2.776950393621792,1.2399371297070505,1.537924629504239,0.0,0.9183900180857734,0.10106048658529154,0.6710146192911841,False
v3,test,long_gaps,16719,dictionary_24,3.0917238828201303,1.3804867547925097,1.7316090953030847,0.0,1.0224915645526333,0.20144966883980667,0.6438107742977786,False
v3,test,long_gaps,16719,dictionary_48,3.7869708290918833,1.690921721501965,1.9387253105340623,0.0,1.252422879504151,0.33971831017152093,0.618092562213656,False
v3,test,long_gaps,16719,local_pca_8,2.688237524238198,1.2003259141505112,1.401628070544945,0.0,0.8890509942757803,0.2003640919879711,0.6970491031655517,False
v3,test,long_gaps,16719,local_pca_16,5.325463140497027,2.3778744827257836,3.0586623261617403,0.0,1.76123138574952,0.07587515231729103,0.410839508210803,False
v3,test,long_gaps,16719,local_pca_32,4.771050870645391,2.1303236585795764,2.851051027234017,0.0,1.5778767620207377,0.08203708449737555,0.45005317270483647,False
v3,test,long_gaps,16719,local_dictionary_8,2.3463657441499044,1.0476766213492614,0.9543182352964491,0.0,0.7759875304777066,0.16553347692351716,0.7510338053258768,False
v3,test,long_gaps,16719,local_dictionary_24,2.899860087099228,1.2948175816206406,1.6259283162649936,0.0,0.9590385784183326,0.0960899423260129,0.651109256418727,False
v3,test,long_gaps,16822,zero_fill,2.3842885925954254,1.0,1.1051044877231564,0.0,0.7885293337269618,,0.4495573311351798,False
v3,test,long_gaps,16822,linear,2.3850485742151957,1.0003187456510636,1.1151991741563507,0.0,0.7887806740228233,0.0037138872810087856,0.44898990809911365,False
v3,test,long_gaps,16822,pchip,2.38516434673451,1.0003673020714876,1.1166611870676575,0.0,0.7888189621846685,0.0032902914227820376,0.44890417773427765,False
v3,test,long_gaps,16822,autoregression,2.388398108514015,1.001723581587964,1.1098150078058657,0.0,0.7898884283681432,-0.04235411664467149,0.4464988315117762,False
v3,test,long_gaps,16822,pca_r32_l01,2.3680595887864007,0.9931933559303916,0.9730653317149335,0.0,0.7831620952138368,0.31750990988829236,0.5045423961252463,False
v3,test,long_gaps,16822,pca_r64_l01,2.394535609897291,1.004297725255948,0.9925733322683911,0.0,0.7919182161595759,0.3033920340186464,0.4937050149848387,False
v3,test,long_gaps,16822,pca_r96_l01,2.3399325460786504,0.9813965278135685,0.9813385093619263,0.0,0.7738599501987868,0.33303859496874144,0.5162370538182744,False
v3,test,long_gaps,16822,pca_r64_l001,2.3833640606627897,0.9996122399211627,0.9971559810191207,0.0,0.7882235735303503,0.3283778198569053,0.5064839414166835,False
v3,test,long_gaps,16822,pca_r64_l1,2.370543761933062,0.9942352487425185,0.9574863812396561,0.0,0.7839836582587982,0.3029115850000791,0.49819583180942645,True
v3,test,long_gaps,16822,template_1,3.000835416611283,1.2585873312192941,1.2336848559429487,0.0,0.9924330297235449,0.11531794533944316,0.3113290925729287,False
v3,test,long_gaps,16822,dictionary_8,1.8479246611221443,0.7750423614242853,0.7667775770716193,0.0,0.6111436368640628,0.6335088177420085,0.7222741247765201,False
v3,test,long_gaps,16822,dictionary_24,2.0424751188693127,0.8566392194352486,0.8288625928074028,0.0,0.6754851529456611,0.5239992422090807,0.646952897950187,False
v3,test,long_gaps,16822,dictionary_48,2.153404593421822,0.9031644072405371,0.8805390822659582,0.0,0.7121716282872871,0.4556779665214835,0.6002224184792825,False
v3,test,long_gaps,16822,local_pca_8,2.637809658788005,1.1063298574593305,1.1096005888756142,0.0,0.8723735453846505,-0.05275771543569217,0.3137459930682162,False
v3,test,long_gaps,16822,local_pca_16,2.6297539612276983,1.102951198690705,1.0819848136505184,0.0,0.8697093738369355,-0.046972011437047705,0.3180941035837876,False
v3,test,long_gaps,16822,local_pca_32,2.626603909048185,1.1016300280114104,1.0919654920255308,0.0,0.8686675920014518,-0.043644839878382156,0.3200458054362685,False
v3,test,long_gaps,16822,local_dictionary_8,2.3416673318216064,0.982124118319325,0.9239642731379983,0.0,0.7744336766555171,0.29853245009679485,0.5029581816169232,False
v3,test,long_gaps,16822,local_dictionary_24,2.3341059985174932,0.9789528020082059,0.9265879032289749,0.0,0.7719330007176728,0.2839207604252439,0.5002381679852058,False
v3,test,long_gaps,16925,zero_fill,3.4138978248379788,1.0,1.3518098222925168,0.0,1.1290405807382047,,0.3803408583287948,False
v3,test,long_gaps,16925,linear,3.4156155619001183,1.0005031600681316,1.3589369378516527,0.0,1.129608668873732,-0.004428746865976074,0.37923664733647366,False
v3,test,long_gaps,16925,pchip,3.4151618719164714,1.000370265058695,1.356407662099614,0.0,1.1294586250151009,-0.007078779616470431,0.3795293326013635,False
v3,test,long_gaps,16925,autoregression,3.419056319489974,1.001511027838755,1.3496944020234445,0.0,1.1307465924867839,-0.04448652996213714,0.37694809988573114,False
v3,test,long_gaps,16925,pca_r32_l01,2.9863437321343596,0.8747607237706622,1.215764480141964,0.0,0.9876403555730006,0.48684933452846735,0.5888129278918695,False
v3,test,long_gaps,16925,pca_r64_l01,3.0768679016126494,0.901277091313849,1.2355434355251111,0.0,1.0175784105830277,0.4403150289861442,0.5553999054879661,False
v3,test,long_gaps,16925,pca_r96_l01,2.966647787118876,0.8689913815038302,1.199327018551871,0.0,0.9811265340295791,0.4959969908228983,0.5955901366872146,False
v3,test,long_gaps,16925,pca_r64_l001,3.2790522813212646,0.9605010019527711,1.3324058336616438,0.0,1.084444609044384,0.33949364921696534,0.4808516750701257,False
v3,test,long_gaps,16925,pca_r64_l1,3.1734672425059127,0.9295729999349126,1.228456955318976,0.0,1.0495256396850685,0.3811937902483719,0.5153070902803952,True
v3,test,long_gaps,16925,template_1,3.1085922425360435,0.9105697950065553,1.2700931948416663,0.0,1.028070250156869,0.5452034618171214,0.6166656599509006,False
v3,test,long_gaps,16925,dictionary_8,2.911384740367007,0.852803712866005,1.1592057179212811,0.0,0.9628499992299313,0.5266152075325918,0.6169357141829871,False
v3,test,long_gaps,16925,dictionary_24,2.972483940411973,0.8707009093199927,1.1721856999661409,0.0,0.9830566603079273,0.5004619269684646,0.5970965021855936,False
v3,test,long_gaps,16925,dictionary_48,3.1048014829179746,0.9094594045342662,1.2074092465332797,0.0,1.0268165742531896,0.43285107778881227,0.5482032615115973,False
v3,test,long_gaps,16925,local_pca_8,3.08523364257969,0.903727586728848,1.1892747519312596,0.0,1.0203451193494748,0.4637864167924569,0.5570193381392388,False
v3,test,long_gaps,16925,local_pca_16,3.081570399687025,0.9026545484949522,1.1664594575816394,0.0,1.0191336156387225,0.46893281056208536,0.559106700701824,False
v3,test,long_gaps,16925,local_pca_32,3.1162200978925223,0.9128041487417439,1.2189569265841638,0.0,1.030592926195621,0.4335168553403544,0.5415504357891602,False
v3,test,long_gaps,16925,local_dictionary_8,3.0714052491485466,0.8996769694752986,1.1850361494749007,0.0,1.015771808093179,0.4513443858254989,0.5587351647669381,False
v3,test,long_gaps,16925,local_dictionary_24,3.1028860833015965,0.908898345090002,1.1190006421351957,0.0,1.026183115372409,0.4171964279789799,0.5417394515467241,False
v3,test,long_gaps,17028,zero_fill,2.7272341241266655,1.0,1.1494827192778543,0.0,0.9019479074360268,,0.4418127274926472,False
v3,test,long_gaps,17028,linear,2.7307001318648116,1.0012708874927472,1.1663909609727274,0.0,0.9030941817506969,-0.005320941421758917,0.43961484834773246,False
v3,test,long_gaps,17028,pchip,2.7298730468998538,1.0009676187129821,1.1640059696071279,0.0,0.9028206491093971,-0.008095470472501977,0.44016244430605156,False
v3,test,long_gaps,17028,autoregression,2.7254400879967102,0.9993421774412089,1.143434412738517,0.0,0.9013545857556612,0.03755886290492217,0.4430074573486711,False
v3,test,long_gaps,17028,pca_r32_l01,3.546904018917853,1.3005498822194697,1.4212264833005366,0.0,1.1730282447840217,-0.039578976799814335,0.20301068887664306,False
v3,test,long_gaps,17028,pca_r64_l01,3.455916779376268,1.2671874221590516,1.425091068971345,0.0,1.1429370437456101,0.04235133079534201,0.2597491663497419,False
v3,test,long_gaps,17028,pca_r96_l01,3.4414972004980866,1.2619001683986877,1.4189760346723066,0.0,1.1381682162803664,0.014345584438706864,0.2459331016176769,False
v3,test,long_gaps,17028,pca_r64_l001,3.7066202273389814,1.3591133209093085,1.4920582049678082,0.0,1.22584941576258,0.1198337408711476,0.28524371277483324,False
v3,test,long_gaps,17028,pca_r64_l1,2.882421201774403,1.056902733899838,1.1939636401900173,0.0,0.9532712092043749,0.16337818429816692,0.40552704311201265,True
v3,test,long_gaps,17028,template_1,3.968460676708504,1.4551228446436784,1.5088235044119294,0.0,1.3124450047887248,-0.1805003955983422,0.07188163440705762,False
v3,test,long_gaps,17028,dictionary_8,3.589746282152039,1.316258934425578,1.3755731685987522,0.0,1.1871969915491247,-0.02167007688928743,0.20786670635014878,False
v3,test,long_gaps,17028,dictionary_24,3.585582242075064,1.3147320981191026,1.3696556391946124,0.0,1.185819864737502,-0.08387285295255702,0.17381176668432088,False
v3,test,long_gaps,17028,dictionary_48,3.6122076106795875,1.3244948714611418,1.382115245267389,0.0,1.1946253777241262,-0.10468444612982178,0.15897467076392374,False
v3,test,long_gaps,17028,local_pca_8,2.657296433708189,0.9743558171996427,1.1102980199952788,0.0,0.8788181904213379,0.24254323489961777,0.48788784236317867,False
v3,test,long_gaps,17028,local_pca_16,2.6531823889569384,0.972847312772078,1.0834489059227839,0.0,0.8774575980095378,0.24496467372188674,0.48979664641030596,False
v3,test,long_gaps,17028,local_pca_32,2.6579073149757777,0.9745798101682641,1.1049507144972142,0.0,0.8790202204106662,0.24168515019884457,0.48752644606528045,False
v3,test,long_gaps,17028,local_dictionary_8,3.2404771039206,1.188191756348857,1.2181931093337148,0.0,1.0716870682715893,-0.16053480785075835,0.2070945109076955,False
v3,test,long_gaps,17028,local_dictionary_24,2.8872199882414615,1.0586623138437108,1.1111942634514183,0.0,0.9548582586527173,0.07270099491713451,0.37637227166768444,False
v3,test,long_gaps,17131,zero_fill,2.6921378237176645,1.0,1.413702460962783,0.0,0.8903408970834481,,0.5068985589124602,False
v3,test,long_gaps,17131,linear,2.899372215077904,1.0769776307641123,1.6851929734281,0.0,0.9588772299133264,-0.029376643345371392,0.41710960142028974,False
v3,test,long_gaps,17131,pchip,2.800536416707769,1.0402648750131274,1.4992971936210344,0.0,0.9261903620235887,-0.04426224668420471,0.4535315865411253,False
v3,test,long_gaps,17131,autoregression,2.406136844819585,0.8937643621443084,1.2777988432369622,0.0,0.7957549639727793,0.5023961639836624,0.642876303069548,False
v3,test,long_gaps,17131,pca_r32_l01,3.5889694026228027,1.3331298906779865,2.0368088032709095,0.0,1.1869400627949975,0.3605255324216722,0.49081290887188056,False
v3,test,long_gaps,17131,pca_r64_l01,3.041167952606244,1.129647942172066,1.8038539849873083,0.0,1.0057717622219482,0.31452059692895423,0.5004775651207799,False
v3,test,long_gaps,17131,pca_r96_l01,2.9512265790494707,1.0962390383765797,1.6692566720082025,0.0,0.9760264488461005,0.26982002811544015,0.48862576822073006,False
v3,test,long_gaps,17131,pca_r64_l001,5.210628599716839,1.9354984554696033,2.601256161595757,0.0,1.723253431146435,0.2053136427004005,0.32055154704459865,False
v3,test,long_gaps,17131,pca_r64_l1,2.54348374189549,0.9447821428336485,1.3900008850306393,0.0,0.841178180598933,0.3926716513601922,0.5955945414143105,True
v3,test,long_gaps,17131,template_1,2.565957308560186,0.9531299942945597,1.4908747987623434,0.0,0.84861061415736,0.4287227433378914,0.6054925628751566,False
v3,test,long_gaps,17131,dictionary_8,2.5580526409780378,0.9501937896498687,1.3969365462119,0.0,0.8459963910799851,0.36107916951565894,0.5835070467131218,False
v3,test,long_gaps,17131,dictionary_24,2.6489000003446526,0.9839392236934945,1.4173117486601197,0.0,0.8760413310988574,0.2982806614246863,0.5476405557264425,False
v3,test,long_gaps,17131,dictionary_48,2.646821185536162,0.9831670437589547,1.4163746811332574,0.0,0.8753538277232293,0.304010652698729,0.5496209912596903,False
v3,test,long_gaps,17131,local_pca_8,3.3288472627163697,1.2365069995262916,1.9413757179848878,0.0,1.100912751208201,0.12340924334011898,0.37367995244027696,False
v3,test,long_gaps,17131,local_pca_16,3.241746225588493,1.2041531444002578,1.932096245025018,0.0,1.0721067908111803,0.2832928858441607,0.46587497478770246,False
v3,test,long_gaps,17131,local_pca_32,3.0454685585564247,1.1312454108871863,1.757920842838198,0.0,1.0071940539508313,0.2215217220340881,0.4549661006024243,False
v3,test,long_gaps,17131,local_dictionary_8,2.3609350292261264,0.8769740569841372,1.3138911794695016,0.0,0.7808058686141676,0.4818888667119396,0.6549380370912838,False
v3,test,long_gaps,17131,local_dictionary_24,2.4438531715283824,0.9077741674286135,1.3464981346542422,0.0,0.808228466577572,0.42194471517079246,0.6231237529666315,False
v3,test,long_gaps,17233,zero_fill,2.522799112071331,1.0,1.1551444508825992,0.0,0.8343373822894135,,0.43380743550228884,False
v3,test,long_gaps,17233,linear,2.526031193594998,1.0012811489857445,1.174297600957047,0.0,0.8354062927805023,-0.003645237960788151,0.4314577997858334,False
v3,test,long_gaps,17233,pchip,2.52696812222032,1.0016525335406379,1.1793890063043293,0.0,0.8357161527978548,-0.0028739715508513193,0.4307758589198727,False
v3,test,long_gaps,17233,autoregression,2.522998980758384,1.0000792249712223,1.1471631578698425,0.0,0.834403482644515,0.00926434469264581,0.4336572196936565,False
v3,test,long_gaps,17233,pca_r32_l01,2.4528159889845242,0.9722597321554678,1.0443204332044682,0.0,0.8111926398319993,0.34156185162060365,0.5127015618903324,False
v3,test,long_gaps,17233,pca_r64_l01,2.5304210795172186,1.0030212343937404,1.06457428469689,0.0,0.8368581110847697,0.28648702721925334,0.4752687949280739,False
v3,test,long_gaps,17233,pca_r96_l01,2.502154183402097,0.9918166577075241,1.0778311843865247,0.0,0.827509713902731,0.30512020555202507,0.4883626785189657,False
v3,test,long_gaps,17233,pca_r64_l001,2.5665273759372615,1.017333232621137,1.0982416857344501,0.0,0.8487991462211466,0.25265323124554345,0.4543729099933125,False
v3,test,long_gaps,17233,pca_r64_l1,2.541986298982665,1.0076055151674683,1.0599196426865711,0.0,0.8406829479052015,0.27588771469297374,0.46867019643063296,True
v3,test,long_gaps,17233,template_1,2.241156072459122,0.8883608931584857,0.9248795079028213,0.0,0.7411927021261363,0.47799544244503744,0.606805880123168,False
v3,test,long_gaps,17233,dictionary_8,2.790231833133239,1.106006348179794,1.1446149352265287,0.0,0.922782441335803,0.19509519986277016,0.3896484308715571,False
v3,test,long_gaps,17233,dictionary_24,2.849270733965734,1.1294084892975704,1.1482680234390918,0.0,0.9423077224959762,0.17612504454844063,0.37140846798681126,False
v3,test,long_gaps,17233,dictionary_48,2.544890599255983,1.008756736546698,1.0491362208062893,0.0,0.8416434549371837,0.32165564306999755,0.4886089161667902,False
v3,test,long_gaps,17233,local_pca_8,2.783507801960079,1.1033410423530292,1.169628342175628,0.0,0.9205586770492995,-0.07534136532236745,0.29161519031533406,False
v3,test,long_gaps,17233,local_pca_16,2.7673939514054013,1.096953751951041,1.1408872154110163,0.0,0.9152295218953823,-0.06509066095818994,0.300054975904535,False
v3,test,long_gaps,17233,local_pca_32,2.7747833713979957,1.0998828079972545,1.1364050440767361,0.0,0.9176733428495588,-0.0786335579835383,0.2941984718325878,False
v3,test,long_gaps,17233,local_dictionary_8,2.9482709233277347,1.1686506901086835,1.2151801630227361,0.0,0.9750489575959956,-0.15471978454555538,0.2133323445030604,False
v3,test,long_gaps,17233,local_dictionary_24,3.0008207723102927,1.1894806677042489,1.2165373534646413,0.0,0.9924281865762267,-0.2935952038921077,0.15640053477136284,False
v3,test,long_gaps,17336,zero_fill,2.2927245442848467,1.0,1.0618854831142366,0.0,0.75824737111895,,0.5183384380329173,False
v3,test,long_gaps,17336,linear,2.2957172255261997,1.0013052947196874,1.0776004137337292,0.0,0.7592371074086883,-0.002377251820494173,0.5165187226813392,False
v3,test,long_gaps,17336,pchip,2.2943202519203942,1.0006959875051389,1.0731058838957135,0.0,0.758775101815053,-0.002474562416428047,0.5173590868597359,False
v3,test,long_gaps,17336,autoregression,2.2976418656503625,1.002144750174099,1.0603924148197046,0.0,0.7598736223001673,-0.04436260805726742,0.5153130088704703,False
v3,test,long_gaps,17336,pca_r32_l01,1.6413927680553462,0.7159136374000542,0.7373863639201801,0.0,0.5428396335067962,0.7056839634263881,0.7938069621415665,False
v3,test,long_gaps,17336,pca_r64_l01,1.623838209981423,0.7082570010554562,0.7545287236281772,0.0,0.537034009126891,0.7144547338454612,0.7993180967383435,False
v3,test,long_gaps,17336,pca_r96_l01,1.6404621749991564,0.7155077477965649,0.7757414894507325,0.0,0.5425318687819859,0.7080264825447148,0.7949299901966197,False
v3,test,long_gaps,17336,pca_r64_l001,1.674103034401482,0.7301806222533693,0.7827303696758063,0.0,0.5536575372656163,0.7170399844046987,0.7965368599766488,False
v3,test,long_gaps,17336,pca_r64_l1,1.8703613481075445,0.815781098854574,0.801682648067456,0.0,0.6185638736150089,0.5871987612401347,0.7194343723841606,True
v3,test,long_gaps,17336,template_1,3.753101233607624,1.6369612489922125,1.5406994638870395,0.0,1.241221563671938,0.17284169470751992,0.3332440776044509,False
v3,test,long_gaps,17336,dictionary_8,2.6219177493482,1.143581663956948,1.0415329375618494,0.0,0.8671177903551902,0.2982462186344635,0.4970224198313234,False
v3,test,long_gaps,17336,dictionary_24,2.5330948768280312,1.1048404759927937,1.0180668081931445,0.0,0.8377423864273452,0.33531538369398806,0.5257096212555421,False
v3,test,long_gaps,17336,dictionary_48,2.3752699428823405,1.0360031905286038,0.9459799821118123,0.0,0.7855466956891584,0.37813149761197,0.5651592787308539,False
v3,test,long_gaps,17336,local_pca_8,2.0253812076808204,0.8833949166416689,0.9055339002235226,0.0,0.6698318732033892,0.470749295360441,0.6555784523711632,False
v3,test,long_gaps,17336,local_pca_16,2.0257532862336998,0.8835572032773691,0.8904025810266695,0.0,0.6699549266182766,0.47053789599602563,0.6554330999164413,False
v3,test,long_gaps,17336,local_pca_32,2.0220408823487093,0.8819379926773673,0.8909380371468549,0.0,0.6687271644375374,0.4742631563941175,0.657141892420037,False
v3,test,long_gaps,17336,local_dictionary_8,2.240499077435779,0.9772212204997535,0.9390370932804853,0.0,0.7409754214455897,0.2974929775367338,0.5609858580945603,False
v3,test,long_gaps,17336,local_dictionary_24,2.3350156012516923,1.018445764482378,0.9810640321881189,0.0,0.7722338235459923,0.2596129362426251,0.5275131590067857,False
v3,test,long_gaps,17439,zero_fill,2.917201394168723,1.0,1.172020443158463,0.0,0.9647736766576688,,0.41985815819682326,False
v3,test,long_gaps,17439,linear,2.92078534226961,1.0012285569683503,1.1947480444807497,0.0,0.9659589560810073,-0.001553405078781902,0.41746567053600114,False
v3,test,long_gaps,17439,pchip,2.9223542949773376,1.0017663850082188,1.2027269178610325,0.0,0.966477838416441,-0.0016598756918041317,0.41643076398540796,False
v3,test,long_gaps,17439,autoregression,2.9154205843159597,0.999389548539116,1.164781580305705,0.0,0.9641847291573306,0.03437855863754853,0.42104844967972865,False
v3,test,long_gaps,17439,pca_r32_l01,3.4373704201659105,1.178310975387907,1.3443940752591332,0.0,1.136803411971075,0.08530248528869405,0.2932714550083424,False
v3,test,long_gaps,17439,pca_r64_l01,3.3940284360225,1.163453590419544,1.3662576519318343,0.0,1.122469398049629,0.1167179330030563,0.3156306501008436,False
v3,test,long_gaps,17439,pca_r96_l01,3.2489284430510543,1.1137141403899744,1.3569755554189193,0.0,1.0744820859696709,0.14255445727229835,0.34831851129095215,False
v3,test,long_gaps,17439,pca_r64_l001,3.5603006296353317,1.2204507500757809,1.4594154226834455,0.0,1.1774587573302207,0.23002971577649778,0.3696295016474437,False
v3,test,long_gaps,17439,pca_r64_l1,2.903944686110324,0.9954556760856834,1.1531156118684522,0.0,0.9603894325669301,0.253990557510963,0.4559746458778628,True
v3,test,long_gaps,17439,template_1,2.574306068782936,0.8824574381216155,1.0590214789830674,0.0,0.8513717070704981,0.5054167499402773,0.6148257353202392,False
v3,test,long_gaps,17439,dictionary_8,3.5784129937359004,1.2266595651876804,1.2865962706800957,0.0,1.1834488587134155,-0.04935379350265889,0.20365587655124617,False
v3,test,long_gaps,17439,dictionary_24,3.75076988528175,1.2857425245919842,1.3374234654321235,0.0,1.240450542685722,-0.08524216527728488,0.16011072401111817,False
v3,test,long_gaps,17439,dictionary_48,3.568069056996147,1.2231137226687405,1.2927699554406828,0.0,1.1800279231895692,-0.016345286675075673,0.22201048572840357,False
v3,test,long_gaps,17439,local_pca_8,2.6781496011541295,0.9180544087588739,1.0692152701905897,0.0,0.885714727310081,0.3995625066877262,0.5536329548763235,False
v3,test,long_gaps,17439,local_pca_16,2.6771645143063427,0.9177167266057815,1.0504650366875528,0.0,0.8853889404577006,0.4010994848911216,0.5542451761745928,False
v3,test,long_gaps,17439,local_pca_32,2.631517968952437,0.9020693511982592,0.9937929858744309,0.0,0.8702927645557423,0.4409870424857477,0.5763619900702891,False
v3,test,long_gaps,17439,local_dictionary_8,2.674770471394818,0.916896062349858,1.0265234504098266,0.0,0.8845971851862117,0.40207725613923473,0.5551914056104703,False
v3,test,long_gaps,17439,local_dictionary_24,2.508993619700436,0.8600687030781402,0.968047996314657,0.0,0.8297716448468903,0.5126093801417408,0.6258840643874422,False
v3,test,long_gaps,17542,zero_fill,2.3297796316634813,1.0,1.0461687177841514,0.0,0.7705021893706543,,0.48435819490510174,False
v3,test,long_gaps,17542,linear,2.3339064618935144,1.0017713393034888,1.0711423606698696,0.0,0.7718670101821107,-0.00421556623357418,0.4816198809414966,False
v3,test,long_gaps,17542,pchip,2.3380253526540336,1.003539270787025,1.0842507900324128,0.0,0.7732292052608326,-0.005026671433570408,0.4790738677646903,False
v3,test,long_gaps,17542,autoregression,2.332938818122527,1.0013560022656691,1.044549167873851,0.0,0.7715469920851441,-0.018375854869455963,0.48221850296130947,False
v3,test,long_gaps,17542,pca_r32_l01,2.4411116688543624,1.0477865097959453,1.0617349762239252,0.0,0.8073217997908124,0.28802732109328777,0.49610149519581476,False
v3,test,long_gaps,17542,pca_r64_l01,2.707478908243387,1.162118026720933,1.1591581935127213,0.0,0.8954144838955835,0.13901709631050146,0.3861447603191296,False
v3,test,long_gaps,17542,pca_r96_l01,2.5360339468785043,1.0885295383356732,1.077796958607008,0.0,0.8387143924822638,0.21418259946569387,0.44848764964672166,False
v3,test,long_gaps,17542,pca_r64_l001,3.217712172099416,1.381122973335441,1.3882857179188288,0.0,1.0641582747450653,-0.00035773869882643647,0.2432465102679608,False
v3,test,long_gaps,17542,pca_r64_l1,2.19902523554357,0.9438769253783237,0.9349803690704335,0.0,0.7272592375004401,0.381687965528685,0.5767414915866912,True
v3,test,long_gaps,17542,template_1,4.4034956097412925,1.8900910411845095,1.661778449508025,0.0,1.4563192853425244,-0.37600208016276365,-0.10812756332557036,False
v3,test,long_gaps,17542,dictionary_8,3.6187407190155234,1.5532545094969834,1.3340917887521082,0.0,1.1967860002172674,-0.2551751953221834,0.04857266065066032,False
v3,test,long_gaps,17542,dictionary_24,3.389225012547996,1.454740597130237,1.2500254440508332,0.0,1.1208808150552207,-0.20382745041269773,0.10911127015077801,False
v3,test,long_gaps,17542,dictionary_48,3.1942104216409075,1.3710354310893411,1.186273574458983,0.0,1.0563858013590763,-0.14559376064724705,0.1699920972491564,False
v3,test,long_gaps,17542,local_pca_8,2.213814227948693,0.9502247327864275,0.9597508282541896,0.0,0.7321502370060874,0.33364049040414145,0.5597391299966749,False
v3,test,long_gaps,17542,local_pca_16,2.2236918819811926,0.9544644702698593,0.9332716776220569,0.0,0.7354169640194285,0.32322642540808555,0.5544709503369815,False
v3,test,long_gaps,17542,local_pca_32,2.218827731819616,0.9523766547119117,0.9274463637136582,0.0,0.7338082975610276,0.32169502750046797,0.5556752131338393,False
v3,test,long_gaps,17542,local_dictionary_8,2.389878111670039,1.02579577878945,0.9277393210908007,0.0,0.7903778934044466,0.18441167088074834,0.4720750520315738,False
v3,test,long_gaps,17542,local_dictionary_24,2.3044108559344134,0.9891110835616009,0.8993619408724803,0.0,0.7621122554149937,0.26548252116760346,0.5172057597786032,False
v3,test,long_gaps,17645,zero_fill,2.3694351884403746,1.0,0.9802019844131415,0.0,0.7836170320373371,,0.45296996730097155,False
v3,test,long_gaps,17645,linear,2.374696106924223,1.0022203259703049,0.9985414561157891,0.0,0.7853569172843426,-0.0009954330829280583,0.449150263889067,False
v3,test,long_gaps,17645,pchip,2.3746822592549868,1.0022144816790983,1.0051767476714732,0.0,0.7853523375982132,-0.00011037093181284664,0.44927017155706894,False
v3,test,long_gaps,17645,autoregression,2.3700331465979985,1.000252363162555,0.9767656595872024,0.0,0.7838147881097739,0.0007554662973362132,0.45252055187415235,False
v3,test,long_gaps,17645,pca_r32_l01,2.793820485058008,1.1791082105507917,1.0116401331192366,0.0,0.923969276402667,0.03684582578608756,0.3017592277392559,False
v3,test,long_gaps,17645,pca_r64_l01,2.7657968372016777,1.1672810679502903,1.009205543898378,0.0,0.9147013260205795,0.046939450742681736,0.31178822345962603,False
v3,test,long_gaps,17645,pca_r96_l01,2.745814934639443,1.1588478756605332,1.0204511868675545,0.0,0.9080929329078798,0.06074661171443664,0.32182610950399687,False
v3,test,long_gaps,17645,pca_r64_l001,2.7227153753739852,1.1490989028343708,1.0370482586265828,0.0,0.9004534717564301,0.09959395598061681,0.34356471696404456,False
v3,test,long_gaps,17645,pca_r64_l1,2.7987218786149493,1.1811768020787867,0.9808623080008146,0.0,0.925590259956332,0.0029948243714140116,0.28607229133774326,True
v3,test,long_gaps,17645,template_1,4.546889331100534,1.9189760299345506,1.4392155731839762,0.0,1.5037423011281048,0.13357337287066787,0.23907710117966952,False
v3,test,long_gaps,17645,dictionary_8,2.8609612089682646,1.2074443829170214,1.0121415976056196,0.0,0.9461739836915901,0.22009518417718307,0.3891962759675388,False
v3,test,long_gaps,17645,dictionary_24,2.722173526001722,1.1488702199082006,0.9984692380075485,0.0,0.900274271920547,0.1815686372178601,0.38368530109756527,False
v3,test,long_gaps,17645,dictionary_48,2.5770132195461364,1.0876065452722492,0.9391071815685278,0.0,0.8522670130306214,0.24223957096312987,0.43548346905085883,False
v3,test,long_gaps,17645,local_pca_8,2.6522571096590957,1.1193625901221134,0.9869667044803931,0.0,0.8771515906451167,-0.07630237260634792,0.30093663609329513,False
v3,test,long_gaps,17645,local_pca_16,2.629230784907873,1.1096445253007756,0.9658641743339221,0.0,0.8695363495326734,-0.06221445494182848,0.31279696920688355,False
v3,test,long_gaps,17645,local_pca_32,2.642388677944672,1.1151977023199198,0.9526463268216692,0.0,0.8738879136267933,-0.08244276018125053,0.3031699080539663,False
v3,test,long_gaps,17645,local_dictionary_8,3.008408201650312,1.2696731340562755,1.0447080983547228,0.0,0.9949374929667225,-0.20554995771947177,0.15170289747741048,False
v3,test,long_gaps,17645,local_dictionary_24,2.9619561733559014,1.2500684499859818,1.0415275268684598,0.0,0.9795749286215292,-0.11546708411088592,0.20000744929042277,False
v3,test,long_gaps,17748,zero_fill,2.2970173777094574,1.0,1.0363824903071073,0.0,0.7596670923266181,,0.5206595889846368,False
v3,test,long_gaps,17748,linear,2.3004946519633402,1.0015138214832968,1.0489266100370094,0.0,0.7608170926911357,-0.0019365776229031276,0.5186092090636332,False
v3,test,long_gaps,17748,pchip,2.2998587454946757,1.0012369814058837,1.047877343338761,0.0,0.760606786394488,-0.002166800187181627,0.5190050158279041,False
v3,test,long_gaps,17748,autoregression,2.298338678640658,1.000575224612588,1.0339649129003294,0.0,0.7601040715354974,0.010064016787125032,0.519857358007775,False
v3,test,long_gaps,17748,pca_r32_l01,2.182128628398048,0.9499835088640146,0.9520661778327889,0.0,0.7216712099369639,0.5163902743523655,0.6544311003320418,False
v3,test,long_gaps,17748,pca_r64_l01,2.0625537764975954,0.8979269362578072,0.9280928996332397,0.0,0.6821255447887169,0.5709337100119889,0.6927654817948854,False
v3,test,long_gaps,17748,pca_r96_l01,2.0822437213921967,0.9064988979180345,0.9190131935197042,0.0,0.6886373819786771,0.5508126821763369,0.6809954863659665,False
v3,test,long_gaps,17748,pca_r64_l001,1.8706807597955784,0.8143955626757104,0.901769605467126,0.0,0.618669509101557,0.6974792862495813,0.7742624468510043,False
v3,test,long_gaps,17748,pca_r64_l1,2.2312215428483078,0.9713559699201058,0.9161477513043887,0.0,0.7379071652833087,0.38854230506382953,0.5926504483158248,True
v3,test,long_gaps,17748,template_1,4.636860931509417,2.01864425428649,1.682267825661228,0.0,1.5334976110956524,-0.29064344926325153,-0.03195173715829655,False
v3,test,long_gaps,17748,dictionary_8,3.137016095234824,1.3656910590563305,1.1677601863863163,0.0,1.037470555849782,0.03962661229846869,0.30568599069394237,False
v3,test,long_gaps,17748,dictionary_24,3.2064766355981975,1.3959305082818467,1.186763557496389,0.0,1.0604424703164888,-0.00038287904636850623,0.27615002659448373,False
v3,test,long_gaps,17748,dictionary_48,2.916331969648494,1.2696168509428543,1.077447468550446,0.0,0.9644861415246354,0.1257505518491537,0.3775546235544906,False
v3,test,long_gaps,17748,local_pca_8,2.1333077121633237,0.9287294614595464,0.9149359394410735,0.0,0.7055252095450394,0.3716441703568295,0.6094568600909227,False
v3,test,long_gaps,17748,local_pca_16,2.126416152739617,0.9257292406120319,0.9056030164762322,0.0,0.7032460404974705,0.37865298638502326,0.6127208893246621,False
v3,test,long_gaps,17748,local_pca_32,2.1119792421627817,0.91944417254205,0.9092024392294012,0.0,0.6984714811116725,0.39315050200755264,0.6195084717414239,False
v3,test,long_gaps,17748,local_dictionary_8,2.208632517957716,0.9615219020067332,0.90033108110722,0.0,0.7304365475058144,0.3388895591416873,0.5819493999147863,False
v3,test,long_gaps,17748,local_dictionary_24,2.2764564355233574,0.9910488521394631,0.913589938219682,0.0,0.7528671998584184,0.2738898832275531,0.5489778506392311,False
v3,test,long_gaps,17850,zero_fill,2.4592055977009153,1.0,1.0335348241142164,0.0,0.813305804286822,,0.4781299467314488,False
v3,test,long_gaps,17850,linear,2.4624233672564433,1.0013084589424066,1.0471636008474854,0.0,0.8143699815393524,-0.0022694563557302994,0.47607120901462135,False
v3,test,long_gaps,17850,pchip,2.4663823498443374,1.0029183213270707,1.0679264962445907,0.0,0.8156792919609027,-0.0030473221917342317,0.4736562303460607,False
v3,test,long_gaps,17850,autoregression,2.4571753297282464,0.9991744212136769,1.0328672175783697,0.0,0.8126343562680094,0.04117191734663384,0.4794541496420827,False
v3,test,long_gaps,17850,pca_r32_l01,2.4649757648469355,1.0023463541037052,1.066914325386841,0.0,0.8152141076982777,0.44389988569766875,0.5818076290587078,False
v3,test,long_gaps,17850,pca_r64_l01,2.44533414550094,0.9943593767788494,1.0905420477032648,0.0,0.8087182526812654,0.4462556568270293,0.5849312951296552,False
v3,test,long_gaps,17850,pca_r96_l01,2.52272919211135,1.0258309408818125,1.1171404061920729,0.0,0.83431425843619,0.37263749021631826,0.5384054018800036,False
v3,test,long_gaps,17850,pca_r64_l001,2.4499511234812847,0.9962368033692334,1.1048869004667965,0.0,0.8102451746243469,0.6179572027883605,0.6898558880377456,False
v3,test,long_gaps,17850,pca_r64_l1,2.4495060009708185,0.9960558008085355,1.0763530486321216,0.0,0.8100979641911406,0.29827509611176556,0.5178357420595264,True
v3,test,long_gaps,17850,template_1,3.239516137033917,1.3173018718168605,1.2503129181323585,0.0,1.0713692583465482,0.10625565266122439,0.31541463833633293,False
v3,test,long_gaps,17850,dictionary_8,2.9067097404678894,1.1819710166508002,1.1668377487311539,0.0,0.9613038883408916,0.15485125942839503,0.3808128700424509,False
v3,test,long_gaps,17850,dictionary_24,2.637359093856626,1.0724435144106148,1.0575499126300532,0.0,0.872224535039911,0.3120805316904604,0.4943107584789876,False
v3,test,long_gaps,17850,dictionary_48,2.5047586884740323,1.0185234983263312,1.0166069301035174,0.0,0.8283710729913245,0.3800580365221576,0.5442256260953134,False
v3,test,long_gaps,17850,local_pca_8,2.45364155376059,0.9977374628841416,1.0364323161673503,0.0,0.81146566971808,0.21593190851742397,0.49426289616757996,False
v3,test,long_gaps,17850,local_pca_16,2.445796960850745,0.9945475738739754,1.0135792209838062,0.0,0.8088713144710813,0.22053606886711835,0.4977323223694944,False
v3,test,long_gaps,17850,local_pca_32,2.480468328176027,1.0086461784630736,1.0186658372209767,0.0,0.8203377914157396,0.18228701886595836,0.4788053544884694,False
v3,test,long_gaps,17850,local_dictionary_8,2.328204133094901,0.9467301698042302,0.9074334071644267,0.0,0.7699811421952292,0.3431440104720693,0.559620202922381,False
v3,test,long_gaps,17850,local_dictionary_24,2.363478866082555,0.9610741242180589,0.9284188439558295,0.0,0.7816471635764214,0.31236419962419437,0.5425168584816916,False
v3,test,long_gaps,17953,zero_fill,2.200632766638699,1.0,0.9321024663585887,0.0,0.7277908784382542,,0.4930781049932267,False
v3,test,long_gaps,17953,linear,2.2088836601432718,1.003749327752297,0.9700648277527526,0.0,0.7305196049766515,0.0016302919442639778,0.4875400827220344,False
v3,test,long_gaps,17953,pchip,2.2113981165456793,1.0048919338429299,0.9863879275564896,0.0,0.731351183267062,0.0025981729443532295,0.4860475040819549,False
v3,test,long_gaps,17953,autoregression,2.2040959376356373,1.0015737160008882,0.9319945966617088,0.0,0.7289362145889531,-0.018488208566380625,0.490664089211092,False
v3,test,long_gaps,17953,pca_r32_l01,2.023460759725285,0.9194904258450941,0.8321467298027375,0.0,0.6691967447413657,0.4509025235290274,0.6178250505756255,False
v3,test,long_gaps,17953,pca_r64_l01,2.164395148795588,0.9835330917577579,0.8486775313406764,0.0,0.7158064128234708,0.36063689321246717,0.5576879916918788,False
v3,test,long_gaps,17953,pca_r96_l01,2.1057262845581426,0.9568730941757635,0.8500183899798615,0.0,0.6964035097641095,0.3981198273349885,0.5828915090524353,False
v3,test,long_gaps,17953,pca_r64_l001,2.419534471049158,1.0994721644287861,0.9099954160540957,0.0,0.8001858123680351,0.2164851216902038,0.45264139826440725,False
v3,test,long_gaps,17953,pca_r64_l1,2.0081395425559645,0.9125282386952943,0.7675639106080334,0.0,0.6641297284397613,0.44568245726543576,0.6186818466393811,True
v3,test,long_gaps,17953,template_1,2.005679999417104,0.911410586001875,0.7946703762045683,0.0,0.6633163110042288,0.5324493711706584,0.6572866423207013,False
v3,test,long_gaps,17953,dictionary_8,2.0536518316888284,0.9332096944214946,0.7451831238573398,0.0,0.6791815032701146,0.4765659764925448,0.6243841006894891,False
v3,test,long_gaps,17953,dictionary_24,2.0685298086229214,0.9399704666682961,0.7387415155182852,0.0,0.6841019316425351,0.4360067135423304,0.6043740250379049,False
v3,test,long_gaps,17953,dictionary_48,2.182427715666764,0.9917273562186655,0.7782545379416685,0.0,0.7217701237536299,0.3448351048814606,0.5482273611782551,False
v3,test,long_gaps,17953,local_pca_8,2.2061972290916034,1.002528573843515,0.82513095629351,0.0,0.7296311514170221,0.22716865403874972,0.5065617273618872,False
v3,test,long_gaps,17953,local_pca_16,2.212959321006775,1.0056013681859806,0.8023786973568862,0.0,0.7318675031107852,0.21931646682217984,0.5026308251418473,False
v3,test,long_gaps,17953,local_pca_32,2.237299118319656,1.0166617312242252,0.8245767306715052,0.0,0.7399171344422354,0.193763943474676,0.48903211365357785,False
v3,test,long_gaps,17953,local_dictionary_8,2.7600041993420588,1.2541866326737277,0.9316280844287955,0.0,0.9127855911191283,-0.22838896284099738,0.21020249595435858,False
v3,test,long_gaps,17953,local_dictionary_24,2.844845583005574,1.2927398092644333,0.9492473996869052,0.0,0.9408442413766633,-0.22063693099077028,0.18803301247345797,False
v3,test,long_gaps,18056,zero_fill,2.284459812140833,1.0,0.987375751164554,0.0,0.7555140678807472,,0.5215293365041386,False
v3,test,long_gaps,18056,linear,2.2875037434556202,1.0013324512423507,1.0072671074177364,0.0,0.7565207535391082,-0.000754781855879448,0.5196688176085638,False
v3,test,long_gaps,18056,pchip,2.2890024251986216,1.0019884845571136,1.014943573152489,0.0,0.7570163959374101,-0.0009086473805333071,0.5187640436573816,False
v3,test,long_gaps,18056,autoregression,2.2882879256791506,1.0016757193617385,0.9815516029551488,0.0,0.7567800974323607,-0.0317027595943806,0.5191888690131353,False
v3,test,long_gaps,18056,pca_r32_l01,1.9966701702676324,0.8740228913882689,0.8094985867264207,0.0,0.6603365900936434,0.5562495444065138,0.691693933263616,False
v3,test,long_gaps,18056,pca_r64_l01,2.0609220793251644,0.9021485378610425,0.8656988359810851,0.0,0.6815859116720644,0.50737555506934,0.66297144909399,False
v3,test,long_gaps,18056,pca_r96_l01,1.9328936730285078,0.8461053518018063,0.8435599804649074,0.0,0.6392444961954533,0.5661247161308715,0.7034965329735312,False
v3,test,long_gaps,18056,pca_r64_l001,2.2997016299539856,1.0066719570780582,0.973905380812286,0.0,0.7605548253135166,0.3931477732738568,0.5828536926515168,False
v3,test,long_gaps,18056,pca_r64_l1,1.91231812219511,0.837098605119703,0.7838341700410568,0.0,0.6324397723712861,0.5695953984610489,0.7075726122897852,True
v3,test,long_gaps,18056,template_1,3.4114929951806445,1.4933477827231447,1.3130849209006406,0.0,1.1282452580858573,-0.12693224298602798,0.18206399395468081,False
v3,test,long_gaps,18056,dictionary_8,2.9308069546545816,1.2829321571247245,1.0798349098846785,0.0,0.9692732928443225,0.10658396364695853,0.364949866579249,False
v3,test,long_gaps,18056,dictionary_24,2.712702681936279,1.1874591391450777,1.0038406752956048,0.0,0.8971420846576678,0.18559535495065835,0.4326926281863415,False
v3,test,long_gaps,18056,dictionary_48,2.7228006596513445,1.191879430393538,1.009521709394179,0.0,0.9004816768800097,0.18617938351127677,0.43152299938947725,False
v3,test,long_gaps,18056,local_pca_8,1.9346547670921324,0.8468762535503358,0.8118731415189951,0.0,0.6398269233114212,0.5442042811969566,0.6936085228026864,False
v3,test,long_gaps,18056,local_pca_16,1.9311505486337202,0.845342316100533,0.7888436836405857,0.0,0.638668011988846,0.547882799082536,0.6951953915264812,False
v3,test,long_gaps,18056,local_pca_32,1.9570884333420957,0.856696372131866,0.8087046028177988,0.0,0.6472461610480243,0.5267276275018655,0.6843711410449733,False
v3,test,long_gaps,18056,local_dictionary_8,2.236740687622594,0.9791114186974821,0.8139443850086983,0.0,0.7397324508486239,0.35166382566536136,0.5774270869070153,False
v3,test,long_gaps,18056,local_dictionary_24,2.1586832400518823,0.9449425324006546,0.8147670560896865,0.0,0.7139173765675533,0.3530942073824398,0.5957740111352624,False
v3,test,long_gaps,18159,zero_fill,2.931665060756945,1.0,1.0856076345264016,0.0,0.9695570847624925,,0.42814310432575964,False
v3,test,long_gaps,18159,linear,2.9346768872522024,1.0010273433127044,1.1025505685644863,0.0,0.9705531527498084,0.0010074979040516734,0.426198657826254,False
v3,test,long_gaps,18159,pchip,2.934632824837586,1.001012313487092,1.1055404580022146,0.0,0.9705385804759032,0.0014887935162737282,0.42625562722552146,False
v3,test,long_gaps,18159,autoregression,2.9264618754828153,0.9982251774447978,1.0746958739382948,0.0,0.9678362929798999,0.0752831364086274,0.43151594838703633,False
v3,test,long_gaps,18159,pca_r32_l01,2.9043794892913795,0.9906928073637032,1.110499260526217,0.0,0.9605332302027216,0.40128410976470913,0.5323753581572069,False
v3,test,long_gaps,18159,pca_r64_l01,2.9338298184514935,1.0007384055305382,1.0900002956879546,0.0,0.9702730110760536,0.3909582348243652,0.523882068454272,False
v3,test,long_gaps,18159,pca_r96_l01,3.0409574539205892,1.0372799726089532,1.1387451774460409,0.0,1.0057021463252547,0.31680455315676265,0.4724280783712021,False
v3,test,long_gaps,18159,pca_r64_l001,2.6163365072430187,0.8924404572217709,1.0990540982162222,0.0,0.865271968028046,0.6304421760059994,0.694270930682832,False
v3,test,long_gaps,18159,pca_r64_l1,3.069565486715144,1.0470382608859805,1.1392283115578454,0.0,1.015163363859401,0.17421518094799895,0.40274725173442155,True
v3,test,long_gaps,18159,template_1,5.52757299737922,1.8854722087358853,1.9233965243275588,0.0,1.8280729381026624,-0.5028720216920585,-0.26092018237453884,False
v3,test,long_gaps,18159,dictionary_8,3.83675488497851,1.3087289323521405,1.3608822249367183,0.0,1.2688874083956707,-0.09169550094476252,0.15683603086767575,False
v3,test,long_gaps,18159,dictionary_24,3.612179257679429,1.232125492789677,1.2850310542600476,0.0,1.1946160008507085,0.028789764866418557,0.25088536671875833,False
v3,test,long_gaps,18159,dictionary_48,3.4773455076365716,1.186133284522869,1.2280783893734797,0.0,1.1500239294817531,0.07990191898730087,0.29516040256637344,False
v3,test,long_gaps,18159,local_pca_8,2.908251343241992,0.9920135086956667,1.110014818027151,0.0,0.9618137255359823,0.1976667898273406,0.45055745264015906,False
v3,test,long_gaps,18159,local_pca_16,2.904949106811089,0.9908871056576436,1.0937771880692806,0.0,0.9607216134901688,0.20016452841805074,0.4521395136989118,False
v3,test,long_gaps,18159,local_pca_32,2.961853582438233,1.010297397914035,1.0651239181305008,0.0,0.9795409998646636,0.1379162567457417,0.4211134753793193,False
v3,test,long_gaps,18159,local_dictionary_8,3.3477350148072103,1.1419227454117278,1.17732422207733,0.0,1.1071592880653764,-0.21853934319912488,0.21344576770660706,False
v3,test,long_gaps,18159,local_dictionary_24,3.0360835178937426,1.0356174579881363,1.1075219556688853,0.0,1.0040902434961207,0.0746298220579455,0.3833704070214944,False
v3,test,long_gaps,18262,zero_fill,1.7629079178914402,1.0,0.8466052790097872,0.0,0.5830269918809281,,0.6005938720715748,False
v3,test,long_gaps,18262,linear,1.7667857311976436,1.0021996686649643,0.8605065045598395,0.0,0.584309458085797,-6.685813589784796e-05,0.5982595183429014,False
v3,test,long_gaps,18262,pchip,1.7701902979657487,1.0041308907858435,0.8717264927194105,0.0,0.5854354127095873,-0.0019117231227644702,0.596229085220678,False
v3,test,long_gaps,18262,autoregression,1.762479014386756,0.999756706802249,0.8396878091807982,0.0,0.5828851453796984,0.027426927446603123,0.6008488826326738,False
v3,test,long_gaps,18262,pca_r32_l01,2.5645036228686324,1.4547008365223955,1.1468728658926053,0.0,0.8481298528043222,0.11422934855175963,0.40020218810379704,False
v3,test,long_gaps,18262,pca_r64_l01,2.5895848918582,1.468928050964524,1.18533679696409,0.0,0.8564247028433609,0.12475466949069233,0.40194539086216013,False
v3,test,long_gaps,18262,pca_r96_l01,2.4853869618353683,1.4098223376340966,1.1376939054026645,0.0,0.8219644765973456,0.12139493775339714,0.4147582092663573,False
v3,test,long_gaps,18262,pca_r64_l001,3.3524380539585374,1.9016523891776975,1.4405869112096592,0.0,1.1087146720654533,0.061921826254447476,0.29035508146863404,False
v3,test,long_gaps,18262,pca_r64_l1,1.9439581875657939,1.1026997881380567,0.8903107765611571,0.0,0.6429037404258681,0.2780328696325098,0.5697512426979043,True
v3,test,long_gaps,18262,template_1,2.798576352349784,1.587477328763192,1.1410182665480006,0.0,0.9255421316679752,0.2942912184890227,0.47242841142875874,False
v3,test,long_gaps,18262,dictionary_8,2.658043905919159,1.507761057139254,1.0616508104136133,0.0,0.8790653936191075,0.11954938597211297,0.39066586215745913,False
v3,test,long_gaps,18262,dictionary_24,2.6188347330470947,1.4855198654841837,1.0377976122950856,0.0,0.8660981785526047,0.07625420505262841,0.3745117121719,False
v3,test,long_gaps,18262,dictionary_48,2.6194270178317436,1.4858558358310396,1.039722996259447,0.0,0.8662940583332932,0.05582673718203794,0.36472109551891635,False
v3,test,long_gaps,18262,local_pca_8,1.8228417284858982,1.0339971305286002,0.8433550116378017,0.0,0.6028482366256012,0.22936726372944735,0.5878196633163659,False
v3,test,long_gaps,18262,local_pca_16,1.8230674131512223,1.0341251489367278,0.8091773063225275,0.0,0.6029228748129972,0.22714450850345305,0.5873475286048886,False
v3,test,long_gaps,18262,local_pca_32,1.8981919087126806,1.0767391135114133,0.8571660937436973,0.0,0.6277679663910967,0.14194079981329366,0.5481045709292512,False
v3,test,long_gaps,18262,local_dictionary_8,1.4808403487970894,0.8399986940714844,0.5980566318571896,0.0,0.4897419117884056,0.5478794171702542,0.7419356031461509,False
v3,test,long_gaps,18262,local_dictionary_24,1.3966570119936144,0.7922461507031591,0.5766299627591877,0.0,0.4619008900737074,0.6100501986185705,0.7737804656569922,False
v3,test,long_gaps,18365,zero_fill,1.785903317407921,1.0,0.8700754245641741,0.0,0.5906320054333261,,0.5702277834608317,False
v3,test,long_gaps,18365,linear,1.7879858813403726,1.001166112360144,0.8768574346188492,0.0,0.5913207487151585,0.006141270048007656,0.5689035917760784,False
v3,test,long_gaps,18365,pchip,1.7881941405108241,1.0012827251512293,0.8816441258020242,0.0,0.5913896239618164,0.006519698844816661,0.5687094063360583,False
v3,test,long_gaps,18365,autoregression,1.7871815908583777,1.0007157573637928,0.8647327686514349,0.0,0.5910547546405066,0.0035714630248664865,0.5693806091409866,False
v3,test,long_gaps,18365,pca_r32_l01,1.8267663213061778,1.0228808600666948,0.8156525481924258,0.0,0.6041461737005573,0.3990847335101213,0.6143241063283252,False
v3,test,long_gaps,18365,pca_r64_l01,1.861064504627692,1.0420858097340122,0.8547055794915176,0.0,0.615489231636811,0.38284292960614186,0.6022199780944046,False
v3,test,long_gaps,18365,pca_r96_l01,1.7903202213784413,1.0024732044156404,0.8240819848218067,0.0,0.5920927591171824,0.41755323776476294,0.6275706799591018,False
v3,test,long_gaps,18365,pca_r64_l001,2.007389895684666,1.1240193554252493,0.9257121932656516,0.0,0.6638818060406896,0.3215020387740793,0.5532310561601524,False
v3,test,long_gaps,18365,pca_r64_l1,1.7215562645513671,0.9639694645116915,0.7475276261811302,0.0,0.5693512180010298,0.4445071359878986,0.6494829180267708,True
v3,test,long_gaps,18365,template_1,1.3284796318263536,0.7438698494353675,0.5854647878438338,0.0,0.43935334095339745,0.6941937137945949,0.8008122211385701,False
v3,test,long_gaps,18365,dictionary_8,1.3300814320180507,0.7447667625975101,0.5919416521574726,0.0,0.4398830865730532,0.7126784932097845,0.8083998543398493,False
v3,test,long_gaps,18365,dictionary_24,1.3845784587385455,0.7752818673007099,0.6267621731463766,0.0,0.4579062840599121,0.6507643663156482,0.7771403563413243,False
v3,test,long_gaps,18365,dictionary_48,1.471188264665916,0.8237782249048141,0.628109590534543,0.0,0.48654978500783586,0.607761690881393,0.7490561841362053,False
v3,test,long_gaps,18365,local_pca_8,1.9675675134483457,1.1017211818073633,0.8358758753591343,0.0,0.6507117910392571,0.07693187192812752,0.48741069221698247,False
v3,test,long_gaps,18365,local_pca_16,1.961350237148492,1.0982398756026819,0.8094839843263687,0.0,0.6486556201740585,0.07812296338184019,0.48985505553795405,False
v3,test,long_gaps,18365,local_pca_32,1.970997562217084,1.1036418058049249,0.8187327747153706,0.0,0.6518461730426203,0.06622306038351398,0.48413380855165467,False
v3,test,long_gaps,18365,local_dictionary_8,1.8555258251424955,1.0389844775223471,0.7333828222022826,0.0,0.6136574855731205,0.26511164401788534,0.564764220527535,False
v3,test,long_gaps,18365,local_dictionary_24,1.9090435084439152,1.0689512079605301,0.7795044135880124,0.0,0.6313567956681042,0.22370336702688284,0.5394031854684235,False
v3,test,long_gaps,18467,zero_fill,1.9760993503701847,1.0,0.9167553096199111,0.0,0.6535334308794754,,0.5757910803381271,False
v3,test,long_gaps,18467,linear,1.9792163544794852,1.001577351922471,0.9296183319915429,0.0,0.6545642830930722,0.0011812643584786153,0.5739514105780624,False
v3,test,long_gaps,18467,pchip,1.9783874404719768,1.0011578821183071,0.9259023295325279,0.0,0.6542901455528065,0.0009471934833375822,0.5744372370418691,False
v3,test,long_gaps,18467,autoregression,1.9808176798119046,1.0023876984934164,0.9126338793851231,0.0,0.6550938716677834,-0.0360023316156731,0.5730152907868594,False
v3,test,long_gaps,18467,pca_r32_l01,1.9365654308595008,0.9799939615873676,0.7550799077064251,0.0,0.6404588159573611,0.4807716629342947,0.6623597734322741,False
v3,test,long_gaps,18467,pca_r64_l01,1.9900838689427947,1.0070768296998782,0.777856576606282,0.0,0.6581583756729865,0.43282161982534445,0.6359071063205651,False
v3,test,long_gaps,18467,pca_r96_l01,1.957727150795364,0.9907027956001407,0.8061749645034085,0.0,0.6474573969904475,0.4475165728429744,0.6462591766238859,False
v3,test,long_gaps,18467,pca_r64_l001,2.2052986256028775,1.1159857044585115,0.8822251757017796,0.0,0.7293339662472191,0.3413271224803131,0.5682195980313978,False
v3,test,long_gaps,18467,pca_r64_l1,1.8914080704726666,0.9571421953649988,0.7499445469524012,0.0,0.6255244227764006,0.46314296138990946,0.6619471874671257,True
v3,test,long_gaps,18467,template_1,2.04394768275297,1.0343344743117673,0.8320449137693073,0.0,0.6759721576738877,0.4910876920300712,0.65438216794015,False
v3,test,long_gaps,18467,dictionary_8,1.9482608427761523,0.9859123947443141,0.771319192516948,0.0,0.6443267098838511,0.43858858432564846,0.6442860424300915,False
v3,test,long_gaps,18467,dictionary_24,1.9754564654012268,0.9996746697129183,0.7508366301024118,0.0,0.6533208166607897,0.436309908403573,0.6393762177011494,False
v3,test,long_gaps,18467,dictionary_48,2.1399497443684234,1.0829160709797028,0.7832902191508259,0.0,0.7077218552218865,0.3343704995672022,0.5751887090846531,False
v3,test,long_gaps,18467,local_pca_8,1.75025109864681,0.8857100723801836,0.7904563903090125,0.0,0.5788411423671298,0.46418578855328135,0.6896553512756933,False
v3,test,long_gaps,18467,local_pca_16,1.7527817329598256,0.8869906933735267,0.7789479407406119,0.0,0.5796780709985655,0.461620068817501,0.6885375356493308,False
v3,test,long_gaps,18467,local_pca_32,1.722463871669655,0.8716484175489375,0.7932613963979707,0.0,0.5696513808414226,0.4899065576669253,0.7015021499346104,False
v3,test,long_gaps,18467,local_dictionary_8,1.6163923858291003,0.8179712146184855,0.727975316477378,0.0,0.5345715342502704,0.5752275514366744,0.743491307116145,False
v3,test,long_gaps,18467,local_dictionary_24,1.7819336431163337,0.901742942622051,0.7526764776500914,0.0,0.5893191590631428,0.45367961532008205,0.6795187764804683,False
v3,test,long_gaps,18570,zero_fill,2.3660883714917347,1.0,1.002706107512713,0.0,0.7825101763711174,,0.4985497476280222,False
v3,test,long_gaps,18570,linear,2.368468032143196,1.0010057361678175,1.0114980205323039,0.0,0.7832971751571789,0.0006134795154119424,0.4970674073070427,False
v3,test,long_gaps,18570,pchip,2.3712868080985396,1.002197059361535,1.0236079228014816,0.0,0.7842293976796101,-0.000898627410387092,0.4953755103221574,False
v3,test,long_gaps,18570,autoregression,2.3626834619193877,0.9985609541835496,0.9973616015849258,0.0,0.7813841083754809,0.05922607414265204,0.5007108499790454,False
v3,test,long_gaps,18570,pca_r32_l01,3.2795187849658722,1.3860508442878878,1.2867630842996791,0.0,1.084598890623051,-0.0060579528658224495,0.25304699311489726,False
v3,test,long_gaps,18570,pca_r64_l01,3.3323211887406106,1.4083671721186393,1.329933488588561,0.0,1.102061644249848,-0.02644659945246275,0.2355100661948439,False
v3,test,long_gaps,18570,pca_r96_l01,3.2987791016087415,1.394190995296164,1.3752378417952265,0.0,1.0909686416242252,-0.05983513842667195,0.22182531331035457,False
v3,test,long_gaps,18570,pca_r64_l001,3.811618499270343,1.6109366603527377,1.4467679672522968,0.0,1.2605743302153196,-0.0696296134771967,0.16186386653003415,False
v3,test,long_gaps,18570,pca_r64_l1,2.7036433178045884,1.1426637104429187,1.0745447785955011,0.0,0.8941459815915636,0.08381506751434997,0.386596918924937,True
v3,test,long_gaps,18570,template_1,3.932874232058121,1.6621839993146932,1.5684184556487637,0.0,1.3006758944649899,-0.34045349970949973,-0.014552597059458819,False
v3,test,long_gaps,18570,dictionary_8,3.2058366336484365,1.3549099316300137,1.2310045908237937,0.0,1.0602308095667805,-0.03408180118298619,0.247935865406276,False
v3,test,long_gaps,18570,dictionary_24,3.2730724856212383,1.3833263901118293,1.2205667341076352,0.0,1.0824669775052287,-0.06355719155328522,0.2234061781606591,False
v3,test,long_gaps,18570,dictionary_48,3.1207873381294826,1.3189648263906293,1.1615571586536524,0.0,1.0321033989262316,-0.009712505082031564,0.2724150157378397,False
v3,test,long_gaps,18570,local_pca_8,2.568509372622657,1.0855509048477774,1.0293304496075402,0.0,0.8494546300122604,0.05156256411854877,0.4123118698813535,False
v3,test,long_gaps,18570,local_pca_16,2.573936666647926,1.0878446881614783,1.019774558458004,0.0,0.8512495387976216,0.04579433975954635,0.40929782924482344,False
v3,test,long_gaps,18570,local_pca_32,2.546214535454763,1.0761282486881356,1.0019743374992534,0.0,0.8420813056788947,0.07295993252148995,0.42413551781433206,False
v3,test,long_gaps,18570,local_dictionary_8,2.5896306858168483,1.0944775846153956,0.986357815262634,0.0,0.8564398477716277,0.1093204182881528,0.4215305640268955,False
v3,test,long_gaps,18570,local_dictionary_24,2.4681182824293133,1.043121766780525,0.9481015466346638,0.0,0.8162533976999802,0.14932441785631692,0.46539714195272336,False
v3,test,long_gaps,18673,zero_fill,3.0442435305986053,1.0,1.179815824359061,0.0,1.006788914035145,,0.39873681694005997,False
v3,test,long_gaps,18673,linear,3.047362826118595,1.0010246537402927,1.1985295434567003,0.0,1.007820524061596,-0.0028903151381826863,0.3966443404956088,False
v3,test,long_gaps,18673,pchip,3.050369922412135,1.0020124512878,1.2140735992566731,0.0,1.0088150276817374,-0.0021122228980050913,0.3947377896221755,False
v3,test,long_gaps,18673,autoregression,3.0451606878754243,1.0003012759221135,1.1745025743458064,0.0,1.007092235293594,0.01178860302696757,0.3981057349074077,False
v3,test,long_gaps,18673,pca_r32_l01,3.749639567078071,1.2317147197289962,1.4175539946394113,0.0,1.2400767250770586,-0.06599485280243123,0.16985831180027064,False
v3,test,long_gaps,18673,pca_r64_l01,3.7698946280822856,1.2383682810491157,1.4691656549132428,0.0,1.246775456853008,-0.047573332938532845,0.17703632985681111,False
v3,test,long_gaps,18673,pca_r96_l01,3.4675439790917726,1.1390494696756182,1.3977674654213348,0.0,1.146782378607023,0.07109809376792182,0.2821311138228855,False
v3,test,long_gaps,18673,pca_r64_l001,4.15468400992058,1.3647672954415784,1.638535837320251,0.0,1.3740325832883082,-0.034892354030669794,0.1455795796443669,False
v3,test,long_gaps,18673,pca_r64_l1,3.131700477247858,1.028728630206551,1.2009888143650103,0.0,1.0357125804425156,0.17207196376507145,0.3869332440425247,True
v3,test,long_gaps,18673,template_1,5.601739560765115,1.8401088823743401,1.9203182063145268,0.0,1.8526012233920857,-0.5642638747439044,-0.3310930310432977,False
v3,test,long_gaps,18673,dictionary_8,4.346445309154743,1.427758740543362,1.5486661317105574,0.0,1.4374516718958374,-0.40529623131046083,-0.10230491942123597,False
v3,test,long_gaps,18673,dictionary_24,4.352558629234441,1.4297668979125906,1.567343124000775,0.0,1.4394734624728147,-0.3820722792136894,-0.0901389864064725,False
v3,test,long_gaps,18673,dictionary_48,4.048300077629857,1.3298213618388866,1.4603539259247744,0.0,1.3388494047465098,-0.302633664888091,4.4103375710406824e-05,False
v3,test,long_gaps,18673,local_pca_8,2.9108261064723018,0.9561738662543634,1.090356196583448,0.0,0.9626652484350161,0.30052546882698666,0.48241141325807596,False
v3,test,long_gaps,18673,local_pca_16,2.9180044258215805,0.9585318639891461,1.0810667561296254,0.0,0.9650392544137155,0.29432982568189753,0.4787622696012501,False
v3,test,long_gaps,18673,local_pca_32,2.9310041390708936,0.9628021246035317,1.0851239819522633,0.0,0.9693385054603199,0.28121751381262233,0.47168213121553254,False
v3,test,long_gaps,18673,local_dictionary_8,3.0552706849096736,1.0036222970338053,1.0276095434771835,0.0,1.0104358025321223,0.19178322788836258,0.4122664261890562,False
v3,test,long_gaps,18673,local_dictionary_24,2.630057295314068,0.8639444475708244,0.9246085629688358,0.0,0.8698096921565234,0.5114672199765673,0.6128190700869717,False
v3,test,long_gaps,18776,zero_fill,2.567255529264429,1.0,1.0873212743592917,0.0,0.849039960298648,,0.4393360441249391,False
v3,test,long_gaps,18776,linear,2.575309487284101,1.0031371859668288,1.1189802428178157,0.0,0.8517035565473735,-0.004802090537323508,0.43368699859603926,False
v3,test,long_gaps,18776,pchip,2.5793980453506937,1.004729765287425,1.1393971318189453,0.0,0.853055720030505,-0.0047309185784275756,0.430844577477254,False
v3,test,long_gaps,18776,autoregression,2.5680310962992388,1.0003020996647856,1.0785271349279717,0.0,0.8492964549860437,0.005858923693629648,0.4387809722285339,False
v3,test,long_gaps,18776,pca_r32_l01,2.4905209546732716,0.9701102700076204,1.0574689637387282,0.0,0.8236623851325805,0.35843899140024227,0.5246824228884583,False
v3,test,long_gaps,18776,pca_r64_l01,2.7076920421542328,1.0547029741640255,1.1425316774735261,0.0,0.8954849713110901,0.23821781801342584,0.4352724901115316,False
v3,test,long_gaps,18776,pca_r96_l01,2.6650780465699704,1.038103927010947,1.164724636012521,0.0,0.8813917169752448,0.2556672957710562,0.4502623939505675,False
v3,test,long_gaps,18776,pca_r64_l001,2.945336176011089,1.1472703602882055,1.2712585479229368,0.0,0.9740783811509133,0.14177363444891095,0.3519434615012392,False
v3,test,long_gaps,18776,pca_r64_l1,2.612550858943014,1.01764348315244,1.0469164643248907,0.0,0.8640199825339252,0.26246615658985806,0.4626129961207262,True
v3,test,long_gaps,18776,template_1,2.317524788268246,0.9027246262985998,0.9154141648384917,0.0,0.766449280873175,0.4931276902921243,0.6122817652933904,False
v3,test,long_gaps,18776,dictionary_8,2.8699469678306047,1.1179046787963889,1.1182311525834925,0.0,0.9491457441029586,0.09499528049125765,0.34292317217505724,False
v3,test,long_gaps,18776,dictionary_24,2.5255448398393434,0.9837528095861043,0.9864596051680186,0.0,0.8352454463946694,0.31997568630814277,0.5023762890523628,False
v3,test,long_gaps,18776,dictionary_48,2.430633474243298,0.9467828373670788,0.9679798273793098,0.0,0.8038564626495858,0.36912477990356607,0.5397861133320411,False
v3,test,long_gaps,18776,local_pca_8,2.8115727671174593,1.0951667004191952,1.078575990353315,0.0,0.9298402918443146,-0.05319142786853656,0.311233425462304,False
v3,test,long_gaps,18776,local_pca_16,2.8059682477172307,1.092983622289129,1.0585997424467772,0.0,0.9279867712754343,-0.0502372915335757,0.31395529832917474,False
v3,test,long_gaps,18776,local_pca_32,2.8247066397568137,1.1002826199253137,1.0658352552005208,0.0,0.9341839119386806,-0.08846657363108784,0.2986763438894505,False
v3,test,long_gaps,18776,local_dictionary_8,2.620935732784007,1.0209095677885085,1.0225278538452394,0.0,0.8667930189036649,0.18619131959578206,0.43396927478405356,False
v3,test,long_gaps,18776,local_dictionary_24,2.77390334455928,1.0804936684094162,1.0501842999460291,0.0,0.917382301329271,-0.013948720875149331,0.33377793494861335,False
v3,test,long_gaps,18879,zero_fill,2.4961035175050323,1.0,1.1382264576304393,0.0,0.8255086442489844,,0.4892179772445974,False
v3,test,long_gaps,18879,linear,2.497657439516982,1.0006225390898464,1.1518750489695797,0.0,0.8260225556490356,5.779053449486642e-05,0.4882405485688763,False
v3,test,long_gaps,18879,pchip,2.4985955996783717,1.0009983889513647,1.1624032961651842,0.0,0.8263328229586587,0.0011442420985324881,0.48768263098638376,False
v3,test,long_gaps,18879,autoregression,2.5000916296723927,1.0015977350856613,1.1382895539747582,0.0,0.8268275883734179,-0.039927713177350305,0.48672773789606544,False
v3,test,long_gaps,18879,pca_r32_l01,2.414440565662157,0.9672838280663532,1.0291306274844256,0.0,0.798501161511023,0.4117799388556643,0.5822132389024132,False
v3,test,long_gaps,18879,pca_r64_l01,2.397709356524013,0.9605808972700904,1.0483593870542358,0.0,0.7929678341969053,0.4140985146095179,0.58549918917286,False
v3,test,long_gaps,18879,pca_r96_l01,2.4437949868874127,0.9790439257623801,1.0798494229784235,0.0,0.8082092238163058,0.395078778561407,0.5709237797225397,False
v3,test,long_gaps,18879,pca_r64_l001,2.374504754626903,0.9512845673164738,1.0376536909230651,0.0,0.785293633460404,0.442654100456867,0.6011530406312007,False
v3,test,long_gaps,18879,pca_r64_l1,2.43906078449481,0.9771472887201252,1.0192194624756585,0.0,0.8066435335429216,0.35730957097914157,0.5562898719564823,True
v3,test,long_gaps,18879,template_1,2.679162840278522,1.0733380332545126,1.1464295337124852,0.0,0.886049824652804,0.2961041967418666,0.49449120952280606,False
v3,test,long_gaps,18879,dictionary_8,2.62165068703337,1.0502972607697887,1.0785281315779787,0.0,0.8670294677964905,0.3207058021964193,0.513540330723721,False
v3,test,long_gaps,18879,dictionary_24,2.7057793707611686,1.0840012650860396,1.1135382117482393,0.0,0.8948524147053606,0.260527959865998,0.47446719505140617,False
v3,test,long_gaps,18879,dictionary_48,2.645142560232315,1.0597086786193282,1.0807757405737475,0.0,0.8747986745859244,0.2790186308488846,0.4915468289073959,False
v3,test,long_gaps,18879,local_pca_8,2.408194104159283,0.9647813431096725,1.0956245249606442,0.0,0.7964353385471801,0.2859394908867968,0.543324683879087,False
v3,test,long_gaps,18879,local_pca_16,2.4072659731234722,0.9644095111606761,1.0652052555781577,0.0,0.7961283880590755,0.2848572941580664,0.5434491075519844,False
v3,test,long_gaps,18879,local_pca_32,2.393636084833082,0.9589490452005088,1.0429684630847431,0.0,0.7916207262073299,0.29686146989293977,0.5499167664348373,False
v3,test,long_gaps,18879,local_dictionary_8,3.030665566146932,1.2141586055598441,1.2247165643775748,0.0,1.0022984243789443,-0.11590569572460638,0.26665111428456356,False
v3,test,long_gaps,18879,local_dictionary_24,2.640741896700772,1.0579456653866313,1.086124905904531,0.0,0.8733432919224077,0.07971099283376462,0.4294872500894894,False
v3,test,long_gaps,18982,zero_fill,2.144349642319324,1.0,0.9633847935040925,0.0,0.7091769846934046,,0.531220194197973,False
v3,test,long_gaps,18982,linear,2.1478722925813956,1.0016427592742112,0.9838570152372098,0.0,0.7103419917620668,-0.005089213864914011,0.5289958470716268,False
v3,test,long_gaps,18982,pchip,2.148801003171127,1.0020758558977296,0.9949444181326433,0.0,0.7106491339196146,-0.0033437917273910233,0.5284835374358484,False
v3,test,long_gaps,18982,autoregression,2.1416174996713027,0.998725887516615,0.9561937361189632,0.0,0.7082734134442774,0.052245026587226226,0.5329323805631213,False
v3,test,long_gaps,18982,pca_r32_l01,3.1853991594975697,1.4854849678582493,1.2586933963832756,0.0,1.0534717503130924,-0.007808751137036331,0.25910719027189527,False
v3,test,long_gaps,18982,pca_r64_l01,3.0099086323604203,1.4036463890771607,1.2011028487936706,0.0,0.9954337137815265,0.10233916610749509,0.339681512203497,False
v3,test,long_gaps,18982,pca_r96_l01,2.9061735101660835,1.3552703592790831,1.1518814868101988,0.0,0.9611265468378873,0.09642939097891247,0.34854738331559604,False
v3,test,long_gaps,18982,pca_r64_l001,3.5915383273239123,1.6748846626706417,1.3770518306237272,0.0,1.187789654781996,0.10066445099066884,0.28942042437792187,False
v3,test,long_gaps,18982,pca_r64_l1,2.2421223086346385,1.0455954870352038,0.8635478433915534,0.0,0.7415122547046576,0.28573219729464594,0.5341548395392469,True
v3,test,long_gaps,18982,template_1,3.2324799499833423,1.5074407112485158,1.1950536053890732,0.0,1.069042258207304,-0.011124530282578931,0.2519112756663039,False
v3,test,long_gaps,18982,dictionary_8,2.703331670511054,1.26067671855376,0.9377958131459767,0.0,0.8940429139371314,0.15242060071748315,0.4031850137652896,False
v3,test,long_gaps,18982,dictionary_24,2.7935055059626124,1.3027285526725776,0.9782115373554889,0.0,0.9238651068583418,0.08902536605674466,0.35984611875627004,False
v3,test,long_gaps,18982,dictionary_48,2.8311916203884575,1.3203031653579809,0.9893666053518775,0.0,0.9363286176897305,0.0641532717593152,0.3423959836906846,False
v3,test,long_gaps,18982,local_pca_8,1.9175045691756063,0.894212646731266,0.8113945062399912,0.0,0.634155028483588,0.44746794522919614,0.6527033113877212,False
v3,test,long_gaps,18982,local_pca_16,1.9031656958078094,0.8875258298592339,0.7822589639717197,0.0,0.6294128918570832,0.4615827079154614,0.6593815593044144,False
v3,test,long_gaps,18982,local_pca_32,1.9383897934271206,0.9039523010485185,0.7849517593730198,0.0,0.6410621671642531,0.4274586956888305,0.643002458216208,False
v3,test,long_gaps,18982,local_dictionary_8,1.6916646489658387,0.7888940383510116,0.6742348465297445,0.0,0.5594654953603735,0.6220221176604791,0.7463854811228247,False
v3,test,long_gaps,18982,local_dictionary_24,1.462463957870294,0.6820081618259306,0.5815308350472684,0.0,0.48366449174000503,0.7518181984385172,0.822279257007023,False
v3,test,long_gaps,19084,zero_fill,2.4014278707891936,1.0,1.0506124210763026,0.0,0.7941976171959448,,0.47192576687877846,False
v3,test,long_gaps,19084,linear,2.4398239381718496,1.0159888489051465,1.139836564200829,0.0,0.8068959228981178,-0.0018508504710239525,0.4489439880755678,False
v3,test,long_gaps,19084,pchip,2.4411792604155944,1.016553230729906,1.1400236446607237,0.0,0.8073441535985308,-0.0032163921973224012,0.44858878151764103,False
v3,test,long_gaps,19084,autoregression,2.4063299427880027,1.0020413155266654,1.0675705411645562,0.0,0.7958188251231674,-0.01683708087066282,0.4685787034301745,False
v3,test,long_gaps,19084,pca_r32_l01,2.7677475998647028,1.1525424658934784,1.1840968270427452,0.0,0.9153464801297387,0.162203197276072,0.38915525790747235,False
v3,test,long_gaps,19084,pca_r64_l01,2.678081379103354,1.1152037550989373,1.153591828141586,0.0,0.8856921649875457,0.22365724186878996,0.4320782811387766,False
v3,test,long_gaps,19084,pca_r96_l01,2.573855328651781,1.0718020557519063,1.1193199987284255,0.0,0.851222638783879,0.25280371428632575,0.4614754616912569,False
v3,test,long_gaps,19084,pca_r64_l001,2.9859940712962314,1.2434244257833689,1.2641023314315363,0.0,0.9875247161203873,0.24350324742344334,0.4092464637538322,False
v3,test,long_gaps,19084,pca_r64_l1,2.4592709770053744,1.024086963810065,1.031001886723623,0.0,0.8133274264593832,0.2507675385767022,0.4817580578628785,True
v3,test,long_gaps,19084,template_1,3.5838988758057297,1.4924032986374622,1.4597140428704578,0.0,1.1852631436732401,0.0655686964623447,0.24827208569250295,False
v3,test,long_gaps,19084,dictionary_8,3.426823410012453,1.4269941028402733,1.326306332077946,0.0,1.13331531622841,-0.19828680025336826,0.10658638499257829,False
v3,test,long_gaps,19084,dictionary_24,3.31815840187554,1.3817439375287488,1.295002279895288,0.0,1.0973777427602747,-0.20139185273405855,0.12273857625638376,False
v3,test,long_gaps,19084,dictionary_48,3.216517775721931,1.3394188577751747,1.2614771017264963,0.0,1.0637632652723574,-0.15548572540614797,0.1629398357058432,False
v3,test,long_gaps,19084,local_pca_8,2.6067887883187644,1.0855161714526458,1.0429876410024397,0.0,0.8621143567953559,0.03605199316183845,0.37872863562510584,False
v3,test,long_gaps,19084,local_pca_16,2.6206028531824423,1.0912686094216189,1.0382466593907773,0.0,0.8666829293233818,0.02019291788047907,0.37036190494998616,False
v3,test,long_gaps,19084,local_pca_32,2.6575156183479347,1.1066397832197148,1.0587224369861905,0.0,0.8788906789273343,-0.026101198539418297,0.34698686703026416,False
v3,test,long_gaps,19084,local_dictionary_8,2.315594899122488,0.9642575266528834,0.8922931835205111,0.0,0.7658110300309752,0.32106431977378685,0.5378608146732572,False
v3,test,long_gaps,19084,local_dictionary_24,2.2717381883349805,0.9459947625195203,0.8998811091968842,0.0,0.7513067862728466,0.36597583428663066,0.5618423096872646,False
v3,test,long_gaps,19187,zero_fill,2.3862495962079615,1.0,0.9797567740644004,0.0,0.7891778747118205,,0.46384974056667977,False
v3,test,long_gaps,19187,linear,2.403941040911842,1.0074139120785999,1.0216422770460503,0.0,0.7950287700893104,-0.007378744955960908,0.45236857481990295,False
v3,test,long_gaps,19187,pchip,2.4046062547200124,1.0076926816629836,1.0260156490296097,0.0,0.7952487688774484,-0.007250298576733202,0.4519416547909718,False
v3,test,long_gaps,19187,autoregression,2.387252669862262,1.0004203557146303,0.97187331160395,0.0,0.7895096101413155,0.009196182540406248,0.46313993001844345,False
v3,test,long_gaps,19187,pca_r32_l01,2.473288989838841,1.0364753937598126,1.0283080252340644,0.0,0.8179634484384662,0.28132315751383713,0.48157197383868705,False
v3,test,long_gaps,19187,pca_r64_l01,2.374735171153479,0.9951746770024477,1.0212203805832936,0.0,0.7853698365638139,0.33896405363421317,0.5231270906705382,False
v3,test,long_gaps,19187,pca_r96_l01,2.3472362565301315,0.9836507715958016,1.034270170402747,0.0,0.7762754253866171,0.3468330927464946,0.5311555629279353,False
v3,test,long_gaps,19187,pca_r64_l001,1.8905747799364967,0.7922787217820165,0.9025456253955116,0.0,0.6252488378353294,0.6380881773213173,0.7258669620563672,False
v3,test,long_gaps,19187,pca_r64_l1,2.4867285043171403,1.0421074594496955,1.0157851921744692,0.0,0.8224081500698452,0.24785219203128722,0.4650838016290548,True
v3,test,long_gaps,19187,template_1,3.619862606981058,1.5169672999561556,1.3639767125347095,0.0,1.1971570297867278,-0.007555326754992439,0.18853901335358064,False
v3,test,long_gaps,19187,dictionary_8,2.174171386960546,0.9111248841762265,0.9278221919210905,0.0,0.719039599691248,0.45726628813785225,0.6060521879798136,False
v3,test,long_gaps,19187,dictionary_24,1.9550811108377912,0.8193112379964992,0.8276643495632329,0.0,0.6465823015295878,0.588220905849061,0.6943021372567677,False
v3,test,long_gaps,19187,dictionary_48,1.8992741193348353,0.7959243334616005,0.7928455152861801,0.0,0.6281258739126482,0.6140921690738604,0.7129270005106555,False
v3,test,long_gaps,19187,local_pca_8,2.525409619156416,1.0583174631730046,1.008544643986941,0.0,0.835200726357277,0.07652405844145424,0.40115897376664694,False
v3,test,long_gaps,19187,local_pca_16,2.52046025952646,1.0562433466858518,1.0059149136323853,0.0,0.8335638795160412,0.07690881017714905,0.40296398420109475,False
v3,test,long_gaps,19187,local_pca_32,2.5268040712024216,1.0589018329087696,0.993782324903149,0.0,0.835661898023394,0.06406030813176462,0.3979068056280227,False
v3,test,long_gaps,19187,local_dictionary_8,2.137822406797435,0.8958922026407853,0.8854358015150156,0.0,0.7070183044509466,0.4663154985245424,0.6157482929189276,False
v3,test,long_gaps,19187,local_dictionary_24,2.2630513102619143,0.9483715843716332,0.9049607017809282,0.0,0.7484338713914874,0.3814158186791781,0.5603077665615275,False
v3,test,long_gaps,19290,zero_fill,3.377577308467826,1.0,1.4022697952149232,0.0,1.1170286990125953,,0.3821286471822372,False
v3,test,long_gaps,19290,linear,3.3797026263892485,1.000629243308834,1.4170713433948536,0.0,1.1177315818472244,-0.0034409677928938518,0.3807416176804658,False
v3,test,long_gaps,19290,pchip,3.3814878888628823,1.0011578063321458,1.4289681096137994,0.0,1.1183220019135007,-0.003577813706408877,0.379631929794501,False
v3,test,long_gaps,19290,autoregression,3.3781218235278345,1.0001612146844554,1.3963083789396535,0.0,1.1172087804418342,-0.0010412560307904285,0.38176585962800275,False
v3,test,long_gaps,19290,pca_r32_l01,2.989615213838635,0.8851359838140366,1.2395445750956768,0.0,0.9887222964490269,0.4785238035308652,0.5814581527116705,False
v3,test,long_gaps,19290,pca_r64_l01,2.9673144818976747,0.8785334015770436,1.246611409898272,0.0,0.9813470226027149,0.4897384405625588,0.5896133531899143,False
v3,test,long_gaps,19290,pca_r96_l01,3.0774598283909254,0.9111441566934724,1.258185011790134,0.0,1.0177741719642375,0.43851243340233986,0.551286548446871,False
v3,test,long_gaps,19290,pca_r64_l001,2.5248268862391647,0.7475260092224224,1.1300766894652354,0.0,0.8350080055597997,0.6644123772119296,0.7231663936837692,False
v3,test,long_gaps,19290,pca_r64_l1,3.345653873033285,0.9905484219844483,1.3207770407504502,0.0,1.1064710151182675,0.2542429317949707,0.4290736552198575,True
v3,test,long_gaps,19290,template_1,5.404666242338977,1.6001606325306295,2.0003796390419515,0.0,1.7874253495668606,-0.26806286163513576,-0.08434909523912955,False
v3,test,long_gaps,19290,dictionary_8,4.277440940556783,1.2664228083937368,1.5755632926455625,0.0,1.4146306220599332,-0.13271597855906941,0.10018028130214938,False
v3,test,long_gaps,19290,dictionary_24,4.030020368528507,1.1931689493605253,1.5056318958541262,0.0,1.3328039592064127,-0.04457540494331501,0.18093154642329828,False
v3,test,long_gaps,19290,dictionary_48,3.992385999538099,1.182026534086697,1.4903743209331222,0.0,1.32035756156923,-0.034508259906995145,0.19150583231779023,False
v3,test,long_gaps,19290,local_pca_8,3.490160095629649,1.0333324086704307,1.3990620932897857,0.0,1.154261956104683,0.01302347193343422,0.325324489033808,False
v3,test,long_gaps,19290,local_pca_16,3.4910251320275294,1.033588520172516,1.3849401804907162,0.0,1.1545480400026589,0.008609335428192111,0.3243026579716459,False
v3,test,long_gaps,19290,local_pca_32,3.4958974619146344,1.0350310718721882,1.407313435829522,0.0,1.1561594116510023,0.007297756613655374,0.32215906123112886,False
v3,test,long_gaps,19290,local_dictionary_8,3.8972584083949156,1.1538620888481848,1.4651641968461688,0.0,1.2888970679460436,-0.3361322423261683,0.10463159657442439,False
v3,test,long_gaps,19290,local_dictionary_24,3.6716427145649733,1.0870640045336355,1.3860727365841217,0.0,1.2142816907276288,-0.09067004197199419,0.23972039613932733,False
v3,test,long_gaps,19393,zero_fill,2.3853334403466437,1.0,0.9377053965965187,0.0,0.7888748846404179,,0.4909732455791965,False
v3,test,long_gaps,19393,linear,2.3879171606938936,1.001083169465345,0.9506246391193676,0.0,0.7897293698274378,-0.0034732504707040137,0.4893052193751792,False
v3,test,long_gaps,19393,pchip,2.3876096388894026,1.000954247529615,0.9582512842495824,0.0,0.7896276665502613,-0.00177217469472271,0.4894988943811461,False
v3,test,long_gaps,19393,autoregression,2.383765385330891,0.999342626490188,0.9384142978726554,0.0,0.7883562991886992,0.03685464426856319,0.4919851515115179,False
v3,test,long_gaps,19393,pca_r32_l01,2.9673414863958945,1.2439944186439074,1.174350328602172,0.0,0.9813559535010362,0.17554311741117234,0.38432984458265057,False
v3,test,long_gaps,19393,pca_r64_l01,3.073695451925506,1.2885810427739728,1.2262342677937834,0.0,1.0165292214681472,0.12735794998309424,0.34600039321355464,False
v3,test,long_gaps,19393,pca_r96_l01,2.922291236471718,1.2251080654145536,1.1640956746992082,0.0,0.9664569837759515,0.13528932548973105,0.36852535070583214,False
v3,test,long_gaps,19393,pca_r64_l001,3.5653086085181234,1.4946793384156816,1.3811212034131877,0.0,1.179114990667087,0.10086323604389243,0.28620158752209285,False
v3,test,long_gaps,19393,pca_r64_l1,2.4684328470096872,1.0348376479604324,0.974056970286582,0.0,0.8163574301563474,0.2518069548955182,0.4929246408268638,True
v3,test,long_gaps,19393,template_1,3.6213148581601224,1.5181587600741733,1.3886863596531518,0.0,1.1976373167193533,0.01949293848288596,0.2296167066276811,False
v3,test,long_gaps,19393,dictionary_8,3.1873919421381403,1.3362458632512773,1.1298103368513803,0.0,1.054130801223587,-0.05962412921111674,0.2332370224276623,False
v3,test,long_gaps,19393,dictionary_24,3.0083562371189303,1.2611889751907168,1.06280931620695,0.0,0.9949203073133434,0.039614060762140815,0.3090085621850072,False
v3,test,long_gaps,19393,dictionary_48,2.990189579638977,1.2535729927990418,1.0552208642775691,0.0,0.9889122500826875,0.0659047469871785,0.3244899692878822,False
v3,test,long_gaps,19393,local_pca_8,2.5315215002494904,1.061286215767638,0.9489116271436632,0.0,0.8372220410341611,0.05805438206133084,0.42446949647854876,False
v3,test,long_gaps,19393,local_pca_16,2.527779252887466,1.0597173586432098,0.9354858165386393,0.0,0.8359844090511105,0.05794246849815101,0.42578799705113674,False
v3,test,long_gaps,19393,local_pca_32,2.5454547146962003,1.067127417761052,0.9388514771958673,0.0,0.8418300185828769,0.04156448384735847,0.4164552503940892,False
v3,test,long_gaps,19393,local_dictionary_8,3.12963116355869,1.3120308928817443,1.0513610653054906,0.0,1.0350282192667504,-0.33933064556632453,0.13250202121506274,False
v3,test,long_gaps,19393,local_dictionary_24,2.9004963764679057,1.2159710367563525,1.0067865504209457,0.0,0.959249011347257,-0.18226185594693736,0.2476339345682839,False
v3,test,long_gaps,19496,zero_fill,3.077605233414349,1.0,1.143165772442887,0.0,1.0178222601556575,,0.37994661653078066,False
v3,test,long_gaps,19496,linear,3.079189599618058,1.0005148048835202,1.1579012603004095,0.0,1.018346240025741,0.00024201707784823732,0.3788019062394613,False
v3,test,long_gaps,19496,pchip,3.080061317939428,1.0007980505421594,1.170139393245022,0.0,1.0186345337621965,0.0010719708981564336,0.37815090527749495,False
v3,test,long_gaps,19496,autoregression,3.0813019273638833,1.0012011592355636,1.1406526506647388,0.0,1.0190448267636054,-0.0432163371703417,0.37724112029988854,False
v3,test,long_gaps,19496,pca_r32_l01,3.3299185694271687,1.0819836583566305,1.244826993050718,0.0,1.101267052600032,0.09381462312660088,0.3042506332093363,False
v3,test,long_gaps,19496,pca_r64_l01,3.358608715869343,1.0913058892037444,1.3044526246528787,0.0,1.1107554266705344,0.08743911994529381,0.29603674510213523,False
v3,test,long_gaps,19496,pca_r96_l01,3.2434020104892336,1.0538720090786131,1.274709816266564,0.0,1.0726543901951775,0.14978970019232685,0.3453741262645509,False
v3,test,long_gaps,19496,pca_r64_l001,3.8762935572928545,1.2595161703024618,1.501563438748805,0.0,1.2819635951598494,-0.11760590205675489,0.1092231634050875,False
v3,test,long_gaps,19496,pca_r64_l1,2.9306369979425977,0.9522459105943545,1.1060521396590244,0.0,0.9692170849451279,0.327986504211438,0.4804505091882399,True
v3,test,long_gaps,19496,template_1,2.8155905356703967,0.9148640979358914,1.065715971956035,0.0,0.9311690438963756,0.4538168882731506,0.5571238746975176,False
v3,test,long_gaps,19496,dictionary_8,3.364042193671303,1.0930713780789798,1.1827012239758194,0.0,1.1125523805478061,0.06226132409773874,0.28374250439322296,False
v3,test,long_gaps,19496,dictionary_24,3.520613508009671,1.14394577634112,1.258699615847716,0.0,1.1643334755710368,-0.009812651663311776,0.22128854027609096,False
v3,test,long_gaps,19496,dictionary_48,3.471156602333699,1.1278758447140855,1.2484689574771242,0.0,1.1479771414418616,0.013927924394593526,0.24147244888147706,False
v3,test,long_gaps,19496,local_pca_8,3.1996899689822733,1.0396687444648258,1.1361951110112785,0.0,1.0581979913043837,0.007299774595819899,0.3136865558939358,False
v3,test,long_gaps,19496,local_pca_16,3.190969639636509,1.03683526561215,1.112776111502781,0.0,1.0553140134544499,0.013150379060891696,0.31833687405510863,False
v3,test,long_gaps,19496,local_pca_32,3.1845331176174554,1.0347438596224632,1.0747593824220651,0.0,1.0531853338831239,0.02137233553891297,0.3224532330724857,False
v3,test,long_gaps,19496,local_dictionary_8,3.072911398048796,0.9984748416351159,1.0439598867432813,0.0,1.0162699200216156,0.23514193767207572,0.4147963842856796,False
v3,test,long_gaps,19496,local_dictionary_24,2.9516226362864044,0.9590647313176754,1.0056264801592119,0.0,0.9761574324653347,0.29394085467425296,0.4641198495943584,False
v3,test,long_gaps,19599,zero_fill,2.883810467218012,1.0,1.0854480308164756,0.0,0.9537306655629805,,0.43540205498117424,False
v3,test,long_gaps,19599,linear,2.8872617509229896,1.0011967789645715,1.107665195915204,0.0,0.954872070361393,-0.0010291156830285488,0.43318049064128017,False
v3,test,long_gaps,19599,pchip,2.8887128908332715,1.0016999812127005,1.1162603548171721,0.0,0.955351989776414,-0.001164552531519062,0.43225964248797233,False
v3,test,long_gaps,19599,autoregression,2.888599008522239,1.0016604909922693,1.079551134079562,0.0,0.955314326742199,-0.03849090305215758,0.4323121926079105,False
v3,test,long_gaps,19599,pca_r32_l01,2.4360952675715257,0.8447487431175069,0.9252863873950323,0.0,0.8056627810069512,0.5552470083800041,0.658608650792961,False
v3,test,long_gaps,19599,pca_r64_l01,2.7358981921609726,0.9487094326279601,0.981482751546432,0.0,0.904813278606142,0.40262708572904016,0.5505546991990482,False
v3,test,long_gaps,19599,pca_r96_l01,2.7684472091034116,0.9599962412835369,1.0064797659464695,0.0,0.9155778541373073,0.3756507000935282,0.5338394100588516,False
v3,test,long_gaps,19599,pca_r64_l001,3.0147579418362698,1.0454077950360523,1.1388292409941891,0.0,0.997037472144462,0.30032032093246824,0.46615081313534,False
v3,test,long_gaps,19599,pca_r64_l1,2.602599395960855,0.9024862852625544,0.9081142561310896,0.0,0.8607288455049179,0.45294269282947885,0.591201866441709,True
v3,test,long_gaps,19599,template_1,2.574221218303048,0.8926457711301596,0.9474532015983831,0.0,0.8513436454119472,0.4965490655953972,0.6149622788569882,False
v3,test,long_gaps,19599,dictionary_8,3.2890254055339936,1.1405137206214835,1.0517160296925245,0.0,1.0877429098520388,0.09484733672541568,0.3281677038908757,False
v3,test,long_gaps,19599,dictionary_24,3.4637105569454585,1.20108814234483,1.13549224049331,0.0,1.1455145933983386,0.017005734191869154,0.26429826348186264,False
v3,test,long_gaps,19599,dictionary_48,3.384821443889089,1.173732283160203,1.1133097947553776,0.0,1.1194244716111372,0.04331491275375458,0.2890270070200509,False
v3,test,long_gaps,19599,local_pca_8,2.505106382276706,0.8686792737434514,0.8892744189980826,0.0,0.8284860619081084,0.5437719311910791,0.6331118797493995,False
v3,test,long_gaps,19599,local_pca_16,2.4998984872556336,0.8668733662192665,0.8705623071806452,0.0,0.8267637125231225,0.5498315151698406,0.6357180575162165,False
v3,test,long_gaps,19599,local_pca_32,2.5142020245936236,0.8718333098426727,0.8996896532615791,0.0,0.8314941628562285,0.5345339730079507,0.6287519251922165,False
v3,test,long_gaps,19599,local_dictionary_8,2.6789888817751066,0.9289753651388557,0.93996267214461,0.0,0.8859922932854937,0.3702765380567034,0.548319392832093,False
v3,test,long_gaps,19599,local_dictionary_24,2.6958515605406337,0.9348227254134699,0.9167259846584105,0.0,0.8915691000919881,0.3552048325920088,0.5401939773924899,False
v3,validation,mixed_damage,12000,zero_fill,1.6534934645691097,1.0,0.8641742873945405,0.6767149135620496,0.7747252235039588,,0.8812143006662833,
v3,validation,mixed_damage,12000,linear,2.325713478077201,1.4065453102248986,1.1612205029446871,0.6767149135620496,0.8760026147103293,-0.33916163811401157,0.7166920464717269,
v3,validation,mixed_damage,12000,pchip,2.2078210959491575,1.3352463394976297,1.1103111791367146,0.6767149135620496,0.8567241426386005,-0.3854017575156457,0.7491269534553376,
v3,validation,mixed_damage,12000,autoregression,7.391452679379809,4.47020374604624,4.747040602971526,0.6767149135620496,1.9605917286796086,0.10779092859293704,0.24811850067614102,
v3,validation,mixed_damage,12000,pca_r32_l01,4.2407547144442725,2.5647242068473415,2.8022070760541276,0.6812384663228647,1.248631457537868,0.34427767771612144,0.5598150094395442,
v3,validation,mixed_damage,12000,pca_r64_l01,1.7949067724311183,1.0855239593576864,1.1859884747952145,0.3523823703464364,0.563709274897292,0.6446468388806222,0.8869928509058896,
v3,validation,mixed_damage,12000,pca_r96_l01,1.4488022642964757,0.8762068283553964,1.0302087249205072,0.28245372808510116,0.45385361273406344,0.6687013253627544,0.9256254757712676,
v3,validation,mixed_damage,12000,pca_r64_l001,5.167336359137201,3.1251023786076932,3.0164076871023657,0.3377220443349984,1.33257757130937,0.3835484420297039,0.6501724357432422,
v3,validation,mixed_damage,12000,pca_r64_l1,0.9802370431263425,0.5928278908449065,0.758807843047806,0.5018174352466102,0.5441837772916978,0.8184464841230676,0.8998487382530422,
v3,validation,mixed_damage,12000,template_1,2.7644240264079776,1.6718687346782888,1.3532566203499685,0.9344774335385587,1.1385506495286526,0.6881052742949398,0.5103266923769725,
v3,validation,mixed_damage,12000,dictionary_8,1.3287226998098158,0.8035850931869711,0.7747795487834965,0.9462598885974217,0.9745710808002911,0.8296948513254119,0.5913234242046264,
v3,validation,mixed_damage,12000,dictionary_24,1.2052145823023432,0.7288898372612648,0.7047626322005445,0.9470581603795958,0.9652179020989888,0.8505077509793925,0.598907731096424,
v3,validation,mixed_damage,12000,dictionary_48,1.2975032921434049,0.7847042156175237,0.7517516285541033,0.944700211856387,0.9705150741792188,0.8280556089243397,0.5951099019324007,
v3,validation,mixed_damage,12000,local_pca_8,4.175262881952383,2.5251160475801644,2.225425688871683,0.6767149135620496,1.2324256125363282,0.35244120658186867,0.4867572552019677,
v3,validation,mixed_damage,12000,local_pca_16,3.187844755062586,1.9279451799304927,1.8394428729917558,0.6767149135620496,1.0317309574187519,0.4174044150976357,0.5779774331440938,
v3,validation,mixed_damage,12000,local_pca_32,2.44606115713612,1.4793291957604129,1.5561170105537552,0.6767149135620496,0.8962547523587212,0.5220521282367433,0.667396092258861,
v3,validation,mixed_damage,12000,local_dictionary_8,1.501358978150654,0.907992084832279,0.9920385834994907,0.6767149135620496,0.7551169154025489,0.7041769340635571,0.7946161648641165,
v3,validation,mixed_damage,12000,local_dictionary_24,1.5478266084451076,0.9360947845345501,1.1217198498600367,0.6767149135620496,0.7609580032502643,0.6743058078250471,0.7909529735043421,
v3,validation,mixed_damage,12113,zero_fill,2.28198795287996,1.0,1.573553976648971,0.6241731717584184,0.831089316884538,,0.8369341798269546,
v3,validation,mixed_damage,12113,linear,2.4338655306922714,1.0665549428605159,1.9906173943347243,0.6241731717584184,0.8575977949568065,0.26132847337788656,0.7506036219582157,
v3,validation,mixed_damage,12113,pchip,2.5622768487954004,1.1228266326128957,2.10817563563013,0.6241731717584184,0.880665404503086,0.21851324877332962,0.7183691675077815,
v3,validation,mixed_damage,12113,autoregression,6.643289664306635,2.9111852478986746,4.731395628646075,0.6241731717584184,1.7673634987784033,-0.09266554825496917,0.24052411485744252,
v3,validation,mixed_damage,12113,pca_r32_l01,4.2751002351357785,1.8734105189908787,3.055633153235413,0.6335815250956854,1.2323216213360406,0.007080958552941386,0.5216399998283585,
v3,validation,mixed_damage,12113,pca_r64_l01,3.66871067916923,1.6076818786616165,2.434958849959048,0.45277429728242335,1.0165661104806538,0.1228838347710727,0.6689120472845232,
v3,validation,mixed_damage,12113,pca_r96_l01,2.5973687296076453,1.1382044003911862,1.910152309576504,0.2864703096193292,0.7061029887675978,0.32305730621810225,0.8258229143071006,
v3,validation,mixed_damage,12113,pca_r64_l001,7.852605180825759,3.4411247311430624,4.65721493153214,0.4479101422290298,2.010484403051383,0.11057006618293243,0.4223661515195262,
v3,validation,mixed_damage,12113,pca_r64_l1,2.5745039133380065,1.1281847084638987,1.8036880827442507,0.5160392989484555,0.814805144293749,0.22409649391565875,0.7498066173643495,
v3,validation,mixed_damage,12113,template_1,3.1582594126042345,1.3839947790339493,2.1236161763563404,0.9215450914621232,1.1914613624471901,0.09634598999057906,0.41153718367131703,
v3,validation,mixed_damage,12113,dictionary_8,2.265386209654062,0.9927248769192906,1.6762950128744865,0.9004156806231594,1.0396273565433134,0.3490769759037204,0.5370646479215826,
v3,validation,mixed_damage,12113,dictionary_24,2.316336141813129,1.0150518712817131,1.706408241792694,0.8987207751856495,1.045254113784184,0.32404514143122537,0.531411675168413,
v3,validation,mixed_damage,12113,dictionary_48,2.419754236486655,1.060371170423064,1.7506662990387265,0.8971325868069833,1.0585341792916974,0.2859655087258767,0.5182532784479618,
v3,validation,mixed_damage,12113,local_pca_8,2.9574631276455854,1.2960029538776263,2.1321506386296347,0.6241731717584184,0.9549368557831346,0.2100545172943984,0.629907452553244,
v3,validation,mixed_damage,12113,local_pca_16,2.632155143245685,1.153448308052547,1.8971324390669704,0.6241731717584184,0.8934526751337747,0.24734617999100605,0.6926152015925933,
v3,validation,mixed_damage,12113,local_pca_32,2.369312819428441,1.0382670147045578,1.756223202084294,0.6241731717584184,0.8462241673107519,0.3580376087444037,0.7428118518409211,
v3,validation,mixed_damage,12113,local_dictionary_8,2.1209609475786784,0.9294356461882023,1.4695420953474227,0.6241731717584184,0.8039884003476941,0.44105955892555543,0.7973165060206507,
v3,validation,mixed_damage,12113,local_dictionary_24,2.5029053312996297,1.096809178217117,1.7100830100216493,0.6241731717584184,0.869928780224011,0.320446477437275,0.715483577539283,
v3,validation,mixed_damage,12226,zero_fill,2.8560276424314477,1.0,1.9961005985805307,0.6873333741536057,0.9760667690632528,,0.7925992118163967,
v3,validation,mixed_damage,12226,linear,3.6372852751909863,1.2735469437174016,2.712664149910738,0.6873333741536057,1.1268388217016077,-0.16466228798787763,0.5320759097698902,
v3,validation,mixed_damage,12226,pchip,3.5864253091249303,1.255739004707835,2.4479562322108483,0.6873333741536057,1.116603499633838,-0.18219385670408345,0.5460004124899712,
v3,validation,mixed_damage,12226,autoregression,6.2868972671499135,2.2012732558140202,5.0415522064802545,0.6873333741536057,1.7068151034177252,-0.011947403644880944,0.2562921657704461,
v3,validation,mixed_damage,12226,pca_r32_l01,6.051863836979775,2.1189794339061745,3.9939212126243158,0.731059766938689,1.6703626410881995,-0.033706925642889,0.3288849094794049,
v3,validation,mixed_damage,12226,pca_r64_l01,5.031710530354737,1.7617863551457247,3.5039434611398335,0.4469375628709106,1.3302821279210284,0.01987222591947411,0.5318161084084028,
v3,validation,mixed_damage,12226,pca_r96_l01,4.723875856533239,1.6540021484216514,3.154688767740732,0.3369532961000293,1.2252057471152484,-0.03710558207726582,0.5806209808759469,
v3,validation,mixed_damage,12226,pca_r64_l001,6.958494091345535,2.436423929504232,4.924672316630158,0.41331766927032826,1.7850614915048544,-0.013144028861124986,0.4191466580476482,
v3,validation,mixed_damage,12226,pca_r64_l1,3.0866255542475804,1.080740784294306,2.112013644157358,0.6150522672233212,0.9747306257173824,0.22230786555444682,0.678568888913185,
v3,validation,mixed_damage,12226,template_1,3.2848023124945547,1.1501297339328531,2.331571079799455,1.0370758677911138,1.2971801524241424,0.27412596085170116,0.34294560428170157,
v3,validation,mixed_damage,12226,dictionary_8,3.1077398481969776,1.088133672806905,2.127710908573653,1.034234544562014,1.2674448548544508,0.33117502681577876,0.3738584507277658,
v3,validation,mixed_damage,12226,dictionary_24,3.0249099623149585,1.0591318926240274,2.0985552283833058,1.0214950394130977,1.245036696580059,0.26516396101766354,0.38021921838138123,
v3,validation,mixed_damage,12226,dictionary_48,3.0078440324574554,1.0531564848219608,2.1062253651251837,1.0119492413287547,1.2351048722926723,0.252676076854759,0.39084954788670717,
v3,validation,mixed_damage,12226,local_pca_8,2.6793946506666906,0.9381543129553247,1.8383176928454708,0.6873333741536057,0.9442445129044298,0.39333994391211236,0.7462513331990249,
v3,validation,mixed_damage,12226,local_pca_16,3.535067308578515,1.237756685565191,2.286778239996968,0.6873333741536057,1.1063201498820667,0.109623085311372,0.5536391448594882,
v3,validation,mixed_damage,12226,local_pca_32,5.350025243106709,1.873240007772482,3.5956825598444073,0.6873333741536057,1.4939289141860908,-0.05648613437583128,0.3058189125552291,
v3,validation,mixed_damage,12226,local_dictionary_8,2.922812559069358,1.0233838481272728,2.1162448716418987,0.6873333741536057,0.9883458644319013,0.3166213830106467,0.6828328910240176,
v3,validation,mixed_damage,12226,local_dictionary_24,2.7032133147549393,0.9464941006150727,1.8607075249313643,0.6873333741536057,0.9484780484231402,0.3921199334005536,0.7360012928835242,
v3,validation,mixed_damage,12339,zero_fill,4.3374102277330735,1.0,2.0700139166668055,0.2521132905930533,1.1114895454144051,,0.33804597007952425,
v3,validation,mixed_damage,12339,linear,4.344067785344008,1.0015349153668627,2.076198304860738,0.2521132905930533,1.11311335881247,-0.023601904129096175,0.3305037468755792,
v3,validation,mixed_damage,12339,pchip,4.340440198163772,1.0006985667187587,2.0938171108897423,0.2521132905930533,1.1122285563015146,-0.005980686817484925,0.3338528891216071,
v3,validation,mixed_damage,12339,autoregression,4.396915371227334,1.0137190490108106,2.1642986465331178,0.2521132905930533,1.1260073670701511,0.03890124412112852,0.27471817301775875,
v3,validation,mixed_damage,12339,pca_r32_l01,4.210131059487897,0.9706554922033053,2.1097731392871224,0.17007417936150912,1.0653368579745985,0.2997052278934281,0.43575711924068294,
v3,validation,mixed_damage,12339,pca_r64_l01,4.044843655433697,0.9325480973810759,1.9477639506060123,0.12180729893175923,1.018065428521112,0.3649831023225944,0.4953880397469718,
v3,validation,mixed_damage,12339,pca_r96_l01,4.043423359806945,0.9322206449262284,1.9002109551415267,0.10665159752910232,1.016116716827634,0.3637109513724065,0.49750760085095674,
v3,validation,mixed_damage,12339,pca_r64_l001,4.4784107382145635,1.0325079951119087,2.215058701736869,0.1171604435716622,1.1253349857715742,0.31026150811567016,0.4283307269831183,
v3,validation,mixed_damage,12339,pca_r64_l1,4.2437012390009246,0.9783951750440895,1.9781614139734374,0.13963945860782342,1.0695059572619932,0.25131319683948267,0.4173490545553541,
v3,validation,mixed_damage,12339,template_1,5.214179386154684,1.2021411654391403,2.176253419638382,0.206143718320773,1.3187374444911113,0.3131888471461272,0.3865268957901074,
v3,validation,mixed_damage,12339,dictionary_8,4.408819736960727,1.0164636281740351,1.9892098503874254,0.1915740667841952,1.1177041429582892,0.18222415344503629,0.3489042463260935,
v3,validation,mixed_damage,12339,dictionary_24,3.756438859407214,0.8660557019460201,1.7466403778623383,0.18974550752900166,0.9569118059177445,0.5107123678715763,0.5807114699809217,
v3,validation,mixed_damage,12339,dictionary_48,3.8599755906165627,0.889926335751267,1.7966819307858173,0.1888598844579908,0.9821670046228761,0.4571375649463613,0.544850615902132,
v3,validation,mixed_damage,12339,local_pca_8,3.961108832041715,0.9132428394055707,1.9282816693543818,0.2521132905930533,1.019920335390335,0.40914507009078,0.4918820810286624,
v3,validation,mixed_damage,12339,local_pca_16,3.973032518422331,0.9159918729888774,1.881209028647386,0.2521132905930533,1.0228148678355162,0.4031111339090078,0.4874335317821013,
v3,validation,mixed_damage,12339,local_pca_32,3.984031832290144,0.9185277903428514,1.9474025446922822,0.2521132905930533,1.0254854432811935,0.39823461903850904,0.48300465000174325,
v3,validation,mixed_damage,12339,local_dictionary_8,4.187710990972393,0.9654864933449193,1.8601199057910414,0.2521132905930533,1.0750098840625795,0.2769986398159369,0.3964777680636988,
v3,validation,mixed_damage,12339,local_dictionary_24,3.997982858390736,0.9217442318063289,1.7699929449733889,0.2521132905930533,1.0288732795329747,0.3880053011015093,0.48342430385544505,
v3,validation,mixed_damage,12452,zero_fill,2.776744185957637,1.0,1.214262925068493,0.39393813922872856,0.7920746941314325,,0.7309128223233147,
v3,validation,mixed_damage,12452,linear,2.912066419245305,1.0487341376177215,1.2652935389099857,0.39393813922872856,0.821885777236604,-0.23581752475969558,0.6796604402383827,
v3,validation,mixed_damage,12452,pchip,2.9019531847184155,1.045092017980618,1.265557375777259,0.39393813922872856,0.8196470715108977,-0.2507304736902244,0.6839569327504739,
v3,validation,mixed_damage,12452,autoregression,9.982806097475926,3.5951479246667004,6.168266475572498,0.39393813922872856,2.524681000182095,0.3754656718995144,0.2928620547192915,
v3,validation,mixed_damage,12452,pca_r32_l01,1.16962057988301,0.4212201418473967,0.6258563170640017,0.1006307794849853,0.30821163666203094,0.9089394577246219,0.9582079448592971,
v3,validation,mixed_damage,12452,pca_r64_l01,0.9598402378766245,0.34567110745406926,0.5498179363155932,0.08948467467329643,0.2551232407175796,0.9380630632913609,0.9712877001550487,
v3,validation,mixed_damage,12452,pca_r96_l01,0.9651033739618502,0.34756654172267853,0.5422083590508358,0.0857200268915627,0.25515232798111265,0.9372728031881942,0.9712826809855599,
v3,validation,mixed_damage,12452,pca_r64_l001,1.25160562613906,0.4507457447713748,0.7173468285817723,0.0881852800065439,0.32434224762687375,0.8914706422627973,0.9531154613908766,
v3,validation,mixed_damage,12452,pca_r64_l1,1.0146495975995955,0.3654098215927894,0.5500364699176203,0.10486651556977447,0.27322936761368727,0.9308779094711316,0.9674964257198977,
v3,validation,mixed_damage,12452,template_1,2.544325978586539,0.9162983005253175,1.173967660375396,0.15749937575356218,0.6541065225630195,0.4968152925876627,0.8013825760107649,
v3,validation,mixed_damage,12452,dictionary_8,2.127737676681519,0.7662706876066474,0.978853516834413,0.1373330021967596,0.5483026606694802,0.6492937442590568,0.8598097082797418,
v3,validation,mixed_damage,12452,dictionary_24,2.0504530767241715,0.7384378752258073,0.9582132653892528,0.12769375600847413,0.5273129555646305,0.6733514223069896,0.8705073313914162,
v3,validation,mixed_damage,12452,dictionary_48,1.6392543040168166,0.5903512150333267,0.7958943823183066,0.10464916014388376,0.42215417607344313,0.8064270797381629,0.9195499348475293,
v3,validation,mixed_damage,12452,local_pca_8,1.176482701705029,0.42369142525071546,0.6534022467815404,0.39393813922872856,0.4816586194142111,0.9177093880049036,0.8959308435297451,
v3,validation,mixed_damage,12452,local_pca_16,0.9026743850875358,0.3250837400335543,0.5182476489968734,0.39393813922872856,0.4431866077468143,0.9455246389146386,0.9220333009482676,
v3,validation,mixed_damage,12452,local_pca_32,0.9141378054245946,0.32921210749175617,0.497229540523456,0.39393813922872856,0.4446527289913579,0.9437884506723727,0.9224470313800257,
v3,validation,mixed_damage,12452,local_dictionary_8,2.2036709097344294,0.7936168268141821,1.024008655263441,0.39393813922872856,0.6700734260836021,0.6198894169885335,0.7889906699641605,
v3,validation,mixed_damage,12452,local_dictionary_24,1.5524757275324106,0.5590992988779758,0.7748256773588218,0.39393813922872856,0.5441730967522067,0.8275140984098374,0.8851700320581729,
v3,validation,mixed_damage,12565,zero_fill,3.6409752658379024,1.0,1.429387725560646,0.30384530717160896,0.9566063207635537,,0.5068777809997365,
v3,validation,mixed_damage,12565,linear,4.014947876864553,1.1027122086039736,1.5964960883457389,0.30384530717160896,1.0459635514171945,-0.1346502776099733,0.3019815806987885,
v3,validation,mixed_damage,12565,pchip,3.8945782850088793,1.0696524971071493,1.4787578603589733,0.30384530717160896,1.0171212310491753,-0.18950910557624603,0.35210254264898605,
v3,validation,mixed_damage,12565,autoregression,6.549449411872329,1.798817331533038,3.718022565596537,0.30384530717160896,1.6635826767669968,0.0586635298993118,0.13747234146790208,
v3,validation,mixed_damage,12565,pca_r32_l01,3.7650667985986987,1.034081948846263,1.8015233286237229,0.2569497192338496,0.9735911414425193,0.20785837896003323,0.4803979611698191,
v3,validation,mixed_damage,12565,pca_r64_l01,3.0009637662628026,0.8242197617819266,1.4560105439839306,0.2249108596136073,0.7812072767519914,0.5648021275194111,0.6946793774798267,
v3,validation,mixed_damage,12565,pca_r96_l01,3.0496329976205145,0.8375868482915109,1.436750121558445,0.20213909297472443,0.7871294609928198,0.5447952596844552,0.6890431545899556,
v3,validation,mixed_damage,12565,pca_r64_l001,3.29637049652321,0.9053537186731238,1.795292611762267,0.22158189176559628,0.8515624049256819,0.6439653392399216,0.7164443312597729,
v3,validation,mixed_damage,12565,pca_r64_l1,3.224542541604393,0.8856260496629121,1.2502614752023278,0.2347907998763978,0.8375774366519603,0.46627088221437557,0.6382791769693632,
v3,validation,mixed_damage,12565,template_1,1.3646836917024658,0.37481267848942923,0.7288887960931261,0.28907965970897803,0.4412954879712508,0.926989325693487,0.913763500610177,
v3,validation,mixed_damage,12565,dictionary_8,2.0319354207381313,0.5580744916899399,0.8513540312391712,0.26442742723447704,0.5688579303172892,0.878067817258654,0.8703795108750713,
v3,validation,mixed_damage,12565,dictionary_24,2.1764797253779293,0.5977738288417219,0.8674255390838402,0.26133804949679285,0.6000795591369015,0.8576730489481877,0.8527833067023127,
v3,validation,mixed_damage,12565,dictionary_48,2.299741738319249,0.6316279486699579,0.8737495929150173,0.26076874175191705,0.6279339691147275,0.8264129082052252,0.8328723044451961,
v3,validation,mixed_damage,12565,local_pca_8,2.9557527151043246,0.8118024702988784,1.193108837366896,0.30384530717160896,0.7953499101496039,0.6436772575714607,0.7391097726089609,
v3,validation,mixed_damage,12565,local_pca_16,2.9656876505047394,0.8145311170693278,1.2897719386005604,0.30384530717160896,0.7976580094528865,0.6374058472829046,0.7355328770428908,
v3,validation,mixed_damage,12565,local_pca_32,2.9405072883351178,0.8076152881138606,1.2691550628609733,0.30384530717160896,0.7918101363768134,0.6529276377998819,0.7444612328368918,
v3,validation,mixed_damage,12565,local_dictionary_8,3.282115805352632,0.9014386436918884,1.1988247088460884,0.30384530717160896,0.8716763203771044,0.4366701059678023,0.6209122590983733,
v3,validation,mixed_damage,12565,local_dictionary_24,2.836344246850944,0.7790067330210804,1.0627710032818491,0.30384530717160896,0.7676945293782867,0.6836019310498088,0.7644993701915025,
v3,validation,mixed_damage,12678,zero_fill,2.888949663679235,1.0,1.9862954706641534,0.5767594965054457,0.9129554654873162,,0.7481603452722767,
v3,validation,mixed_damage,12678,linear,3.2792609989876578,1.1351049276543435,2.2996443846610513,0.5767594965054457,0.9919464908583704,-0.1699267733189056,0.5871140339042722,
v3,validation,mixed_damage,12678,pchip,3.2375285860051033,1.1206593962879692,2.191124437439023,0.5767594965054457,0.9833413731170126,-0.19344620714538252,0.603714791773617,
v3,validation,mixed_damage,12678,autoregression,4.357480661919918,1.5083269593456428,3.6556114326450535,0.5767594965054457,1.2241683521666933,0.07329199751116464,0.37637000793028824,
v3,validation,mixed_damage,12678,pca_r32_l01,3.2343232435476352,1.1195498780094868,2.2485342205322345,0.5553574908570925,0.9710553531956474,0.4568622912177339,0.6603792662600761,
v3,validation,mixed_damage,12678,pca_r64_l01,2.4317564956370488,0.8417441557427741,1.7273105757617773,0.41269983664582777,0.727506743163997,0.6265931643960756,0.8044589221074568,
v3,validation,mixed_damage,12678,pca_r96_l01,2.208464984014745,0.7644525661974132,1.5576772563612011,0.3155035603855292,0.6309940092256436,0.6525391740058752,0.8526496444474413,
v3,validation,mixed_damage,12678,pca_r64_l001,4.8410531822739244,1.6757139257693328,3.004243059440772,0.39985949867550546,1.270681662381945,0.3712117225139628,0.6000626506213809,
v3,validation,mixed_damage,12678,pca_r64_l1,2.133876232004202,0.7386339259669185,1.485307755313635,0.48584333527425905,0.7112525909429387,0.677052996313999,0.8144396518957513,
v3,validation,mixed_damage,12678,template_1,3.0411361900444125,1.052678843206759,2.185583556673563,0.8224355707115386,1.100980056187783,0.32864652399687305,0.4566535147060653,
v3,validation,mixed_damage,12678,dictionary_8,2.7142061988092627,0.9395131500327262,1.916661047852534,0.8199270137193587,1.0443634397042958,0.3990929872006471,0.5073421799440239,
v3,validation,mixed_damage,12678,dictionary_24,2.5392402416593938,0.8789492851272226,1.7847787576662801,0.8194452331088029,1.0161230964994339,0.47807869722784935,0.5407876353838045,
v3,validation,mixed_damage,12678,dictionary_48,2.5876827010465884,0.895717476001653,1.8005955643338691,0.8166114460055601,1.021607665872311,0.4572212981148146,0.5346258272226091,
v3,validation,mixed_damage,12678,local_pca_8,2.0959006507918847,0.7254888090097911,1.4302647774014452,0.5767594965054457,0.7657746196714833,0.7119244890597581,0.7822585564949267,
v3,validation,mixed_damage,12678,local_pca_16,2.007163082907922,0.6947726047783368,1.421675958026058,0.5767594965054457,0.7507694550229227,0.7178432944356178,0.824263824903303,
v3,validation,mixed_damage,12678,local_pca_32,2.3829833164550274,0.8248614873476778,1.6047528439391003,0.5767594965054457,0.8165622388496034,0.6286616542605618,0.7403064251718748,
v3,validation,mixed_damage,12678,local_dictionary_8,2.61255590124929,0.9043272487905024,1.8401712379578345,0.5767594965054457,0.8593319021662527,0.4566560542808752,0.7263965362863473,
v3,validation,mixed_damage,12678,local_dictionary_24,2.338990319932286,0.8096334627559603,1.6012439258242643,0.5767594965054457,0.8085731440659515,0.5844891018007273,0.7843540664291078,
v3,validation,mixed_damage,12791,zero_fill,3.33786777426256,1.0,2.165433834665614,0.7361452970935163,1.0974404811581473,,0.7920472140304812,
v3,validation,mixed_damage,12791,linear,3.5750768022564263,1.0710660349768568,2.33880021185184,0.7361452970935163,1.1431814876290847,0.06407005735330595,0.690743982056074,
v3,validation,mixed_damage,12791,pchip,3.6447947866089665,1.0919530170467031,2.39350373254703,0.7361452970935163,1.1568593668037566,0.06020924982706091,0.6676514179719967,
v3,validation,mixed_damage,12791,autoregression,4.488324573895936,1.34466817664386,3.5536637063936096,0.7361452970935163,1.3293256268953548,0.16468259108419311,0.5009908854991241,
v3,validation,mixed_damage,12791,pca_r32_l01,4.394142119577586,1.3164518239636949,3.2016330444546717,0.7010438388249554,1.291327367632871,0.166162003037056,0.588391802078553,
v3,validation,mixed_damage,12791,pca_r64_l01,2.582575333154833,0.7737200835420766,1.7764023552581567,0.4365780550548751,0.771714864917423,0.6386037791109443,0.8557869158405181,
v3,validation,mixed_damage,12791,pca_r96_l01,2.805400558209278,0.8404768396881986,2.006987688564204,0.31734981428632847,0.7657078368009578,0.577876089007379,0.8586204101302917,
v3,validation,mixed_damage,12791,pca_r64_l001,4.890275540489403,1.465089653400012,3.1949284900712422,0.42083026817268665,1.2886831112870454,0.2907841707645864,0.6673841655424715,
v3,validation,mixed_damage,12791,pca_r64_l1,2.6600377518333946,0.7969272397020223,1.7868452613756391,0.5426122402460182,0.8475044797134886,0.6316683573730638,0.8375757653630873,
v3,validation,mixed_damage,12791,template_1,4.153147369122052,1.2442516151016836,2.755885041978069,1.0868801997987152,1.4783491975925978,0.0833083957319662,0.3441116508407167,
v3,validation,mixed_damage,12791,dictionary_8,3.4253066166347663,1.0261960174235853,2.210677643342944,0.8908246734210267,1.2154282784166321,0.2749139705741008,0.5854749010548022,
v3,validation,mixed_damage,12791,dictionary_24,3.280638447103709,0.9828545253948848,2.1493857058304284,0.8554771284086855,1.1656598286772655,0.33795866368236366,0.6255119252747077,
v3,validation,mixed_damage,12791,dictionary_48,4.044826197875388,1.2117994095104672,2.451652888179735,0.7626311672648889,1.2521160446988373,0.016962304709365817,0.5704451809188094,
v3,validation,mixed_damage,12791,local_pca_8,2.2231184129905333,0.6660295024663432,1.6306189477398925,0.7361452970935163,0.9038426285404676,0.7522968873186227,0.8236899609714854,
v3,validation,mixed_damage,12791,local_pca_16,3.0968573538062585,0.9277950965239933,2.1893362027918473,0.7361452970935163,1.0523537293347893,0.430851545586195,0.7404195069473127,
v3,validation,mixed_damage,12791,local_pca_32,4.437692972646214,1.329499330939387,2.9721224337303322,0.7361452970935163,1.3186585844137007,0.0989604731743732,0.4978050355636828,
v3,validation,mixed_damage,12791,local_dictionary_8,3.61632177770876,1.0834227184172145,2.405567373059719,0.7361452970935163,1.1512610389379598,0.2742616867417914,0.6388936069632707,
v3,validation,mixed_damage,12791,local_dictionary_24,3.079770279065487,0.9226759378585346,1.9684799609503976,0.7361452970935163,1.0492149877500272,0.49254730522164547,0.7235969632695407,
v3,validation,mixed_damage,12904,zero_fill,2.0031325574730747,1.0,1.0978068180916696,0.6695283465180232,0.8191673800526054,,0.8508251082123004,
v3,validation,mixed_damage,12904,linear,2.009186972181975,1.0030224733187592,1.102217109886483,0.6695283465180232,0.8200935690156468,-0.03584765642840397,0.8485359948040788,
v3,validation,mixed_damage,12904,pchip,2.0055341992867888,1.001198943027886,1.100231437515142,0.6695283465180232,0.8195345678484325,-0.006338917931984409,0.8496554653384353,
v3,validation,mixed_damage,12904,autoregression,2.95901434075997,1.4771934736524512,1.7149984611226585,0.6695283465180232,0.9836090741082852,0.07823349899182466,0.5337514190934719,
v3,validation,mixed_damage,12904,pca_r32_l01,2.865347459464909,1.4304332725136808,1.9786707484140442,0.39847258127445695,0.81363082974847,0.30923109112292085,0.7531212546260375,
v3,validation,mixed_damage,12904,pca_r64_l01,2.3839676598664314,1.1901197706425257,1.709043058913088,0.22753303607999562,0.6354069090406624,0.4296753176055667,0.8481606151648788,
v3,validation,mixed_damage,12904,pca_r96_l01,2.0332897064762085,1.0150549941842975,1.4831304162931254,0.1790986729546724,0.5370877518079551,0.5567799816000651,0.8907559631106042,
v3,validation,mixed_damage,12904,pca_r64_l001,4.789416183788952,2.3909631771103244,2.750279975315765,0.20813985035016766,1.2141957302340194,0.031127468242711183,0.6063303320940158,
v3,validation,mixed_damage,12904,pca_r64_l1,1.62647732839859,0.8119668977126355,1.174299317956119,0.35479042511646874,0.5323046699324014,0.6318156993110361,0.8908975819613857,
v3,validation,mixed_damage,12904,template_1,2.170971884126028,1.0837884272944376,1.1243007666290161,0.852926928382735,0.9882239150071147,-0.16450162557670486,0.5192738169700452,
v3,validation,mixed_damage,12904,dictionary_8,1.3533887733490513,0.6756361521357994,0.7653221819329715,0.7345282028974613,0.7875847726040299,0.7651655346697839,0.736888636197339,
v3,validation,mixed_damage,12904,dictionary_24,1.4031048107368058,0.7004552971306123,0.8570439773296415,0.7057695478694109,0.7681293401183186,0.7154869650918719,0.7493817331925748,
v3,validation,mixed_damage,12904,dictionary_48,1.5661925667920353,0.781871654448953,0.952741540520599,0.6938581980127113,0.7775983515172022,0.624982897459072,0.7410709103336256,
v3,validation,mixed_damage,12904,local_pca_8,6.530769149324041,3.2602780704450836,3.3826689938906545,0.6695283465180232,1.7566831100050109,0.23716401366512413,0.312390395927891,
v3,validation,mixed_damage,12904,local_pca_16,2.9935587286853385,1.4944386568513834,1.9304103598589526,0.6695283465180232,0.9901204776426059,0.4774603764368487,0.5725888503874557,
v3,validation,mixed_damage,12904,local_pca_32,2.0184854563834005,1.0076644447982481,1.4261799654741292,0.6695283465180232,0.8215194245839031,0.619902828650994,0.7047783111747512,
v3,validation,mixed_damage,12904,local_dictionary_8,2.1993954934398334,1.097978007114188,1.161085580827081,0.6695283465180232,0.8500501322874588,0.38801304892105937,0.6879820771067803,
v3,validation,mixed_damage,12904,local_dictionary_24,1.7014592849887147,0.849399246515709,0.9916169518125832,0.6695283465180232,0.775362286303219,0.6055647142338286,0.7782906123829972,
v3,validation,mixed_damage,13017,zero_fill,2.7515225508172314,1.0,1.1920654090958847,0.32233239509042844,0.7553703123934786,,0.6682668571288657,
v3,validation,mixed_damage,13017,linear,3.27528828617981,1.1903548765053786,1.5235788268401689,0.32233239509042844,0.8762842700665713,-0.2503838234742859,0.4364848574059152,
v3,validation,mixed_damage,13017,pchip,3.137356399551627,1.1402255811495343,1.353414530590889,0.32233239509042844,0.8441518588085369,-0.3751152328867021,0.4896831744258507,
v3,validation,mixed_damage,13017,autoregression,6.977829657258997,2.535988540303443,3.871831079371277,0.32233239509042844,1.772155807900264,-0.10354552390303087,0.08866000311960404,
v3,validation,mixed_damage,13017,pca_r32_l01,2.027498505169055,0.7368642152567009,0.9236224674109585,0.1259858040372949,0.5213466056009792,0.6804562065225679,0.8444335097349807,
v3,validation,mixed_damage,13017,pca_r64_l01,2.0782392984637568,0.7553052028763121,1.041820289236298,0.1035869621478072,0.5291521793506274,0.6590666234468525,0.8388640468842128,
v3,validation,mixed_damage,13017,pca_r96_l01,1.8383428525678007,0.6681184030353643,0.8845235321404927,0.09172253245370772,0.4680878515288917,0.7413576651796219,0.8752142907780549,
v3,validation,mixed_damage,13017,pca_r64_l001,2.7217082800097407,0.9891644461359637,1.3175329365949153,0.09904477104947741,0.6871519101314694,0.42425278980077147,0.73005979278894,
v3,validation,mixed_damage,13017,pca_r64_l1,1.626385573186328,0.5910856782559438,0.769882738297159,0.11802807646263613,0.4223512634030669,0.8053431792854325,0.8998165503937107,
v3,validation,mixed_damage,13017,template_1,0.9306874858346594,0.3382445423019467,0.4429006703750209,0.1474205981984457,0.27296653731353376,0.9409375570391489,0.9594690056705463,
v3,validation,mixed_damage,13017,dictionary_8,1.267387451125188,0.46061314334812936,0.6097845002538735,0.12853617098604958,0.34041281556790765,0.8887567985884566,0.9365542780574705,
v3,validation,mixed_damage,13017,dictionary_24,1.6275380702673916,0.5915045362008737,0.7198050429015947,0.10740990483604314,0.41996528762975033,0.8069640483331274,0.9012319472710353,
v3,validation,mixed_damage,13017,dictionary_48,1.716370544769422,0.6237893795417528,0.7689919123514605,0.10149212828323824,0.4402014899810087,0.7794556772768929,0.8905361802907071,
v3,validation,mixed_damage,13017,local_pca_8,1.7719300295843432,0.6439816490175816,0.8393038417379626,0.32233239509042844,0.5418837873343874,0.7624790493558163,0.8411467886186904,
v3,validation,mixed_damage,13017,local_pca_16,1.685581426274743,0.612599531766188,0.764114618412735,0.32233239509042844,0.5243840040033507,0.7944891254796126,0.8657234198554472,
v3,validation,mixed_damage,13017,local_pca_32,1.6775416313701634,0.6096775877311693,0.7331018695673306,0.32233239509042844,0.5227701764907698,0.797559748894795,0.8676079762027157,
v3,validation,mixed_damage,13017,local_dictionary_8,1.44677212480779,0.5258078384195265,0.7191327193237147,0.32233239509042844,0.477730453223352,0.8496775276110138,0.883902226201724,
v3,validation,mixed_damage,13017,local_dictionary_24,1.5675102189194299,0.5696883052816931,0.7449905921964807,0.32233239509042844,0.5009716109900727,0.8202095363210317,0.8650217187539331,
v3,validation,mixed_damage,13130,zero_fill,2.330100275475326,1.0,1.1566081849065262,0.2853431065763642,0.6447226933355701,,0.6750327251604008,
v3,validation,mixed_damage,13130,linear,3.16451754065279,1.3581035863391109,1.669867841332707,0.2853431065763642,0.8379842477695709,-0.24076920170278787,0.3241902399482971,
v3,validation,mixed_damage,13130,pchip,2.9171595914284234,1.2519459450445072,1.4889001793790153,0.2853431065763642,0.7798689957663804,-0.31271266905991807,0.39403547398071437,
v3,validation,mixed_damage,13130,autoregression,5.216199166746798,2.238615746132525,3.0275938289230955,0.2853431065763642,1.3329957819285698,0.2995208357941712,0.3729360007284449,
v3,validation,mixed_damage,13130,pca_r32_l01,1.7895353508114153,0.7680078705824629,0.9357256834201758,0.09716412100248635,0.45716857995413757,0.6572917181090626,0.8389923487949443,
v3,validation,mixed_damage,13130,pca_r64_l01,1.8403915631068244,0.7898336318300275,0.9230316531716075,0.09203199129986236,0.4686476166117546,0.641269125507907,0.8314237903992712,
v3,validation,mixed_damage,13130,pca_r96_l01,1.8241597877836389,0.7828675044517222,0.915755804693259,0.09059223651389228,0.46439902233395186,0.6446826475531064,0.8339332027024436,
v3,validation,mixed_damage,13130,pca_r64_l001,1.9197491011364913,0.8238911953026891,1.027962794028368,0.09244300493676157,0.48821244407151015,0.6380951173152613,0.8228277710148121,
v3,validation,mixed_damage,13130,pca_r64_l1,1.8107441098603074,0.7771099505539206,0.9012915069364182,0.09527713532388574,0.46199027445977475,0.6327968317001149,0.8328059545307711,
v3,validation,mixed_damage,13130,template_1,2.82420247664344,1.2120519045333018,1.26552944472609,0.14259069835066265,0.7194225652355195,0.29245003860632346,0.6322150898923198,
v3,validation,mixed_damage,13130,dictionary_8,1.996691925073799,0.8569124453952893,0.9471148433264243,0.12037933579099418,0.512600381080204,0.5662073265144624,0.7957843145932681,
v3,validation,mixed_damage,13130,dictionary_24,1.9667968998671943,0.8440825146316847,0.9351007891966305,0.10299441980683906,0.5017100633706071,0.5996571519320385,0.8094207400120226,
v3,validation,mixed_damage,13130,dictionary_48,1.8241933237681591,0.78288189695872,0.8465959253289544,0.09775094066326856,0.46576616843169216,0.6546993509244812,0.8359601012636357,
v3,validation,mixed_damage,13130,local_pca_8,1.6122010859657772,0.6919020193827916,0.8384069128176752,0.2853431065763642,0.48865265454160967,0.7213731372120327,0.830673669705901,
v3,validation,mixed_damage,13130,local_pca_16,1.5936672785041104,0.6839479378967981,0.804366130783027,0.2853431065763642,0.4848379704624559,0.730232608003039,0.8358279276755416,
v3,validation,mixed_damage,13130,local_pca_32,1.6045770079753732,0.6886300237220689,0.7788028215159233,0.2853431065763642,0.4870817245072276,0.7258571154648521,0.8341720116779189,
v3,validation,mixed_damage,13130,local_dictionary_8,1.8128204087183475,0.7780010275946357,0.9416226425021378,0.2853431065763642,0.5307793892784878,0.6248950564934311,0.7875283777093744,
v3,validation,mixed_damage,13130,local_dictionary_24,1.7195046556121591,0.7379530716811709,0.8910680863039231,0.2853431065763642,0.5110043167461776,0.6726608492322755,0.8094544209477185,
v3,validation,mixed_damage,13243,zero_fill,3.1659824079106977,1.0,1.6703263260845211,0.8502366814667335,1.1420097642115816,,0.8088917115519502,
v3,validation,mixed_damage,13243,linear,3.6406899502896457,1.1499400442632965,2.1023548290894816,0.8502366814667335,1.2272469069988898,-0.1575732802232342,0.6481973021780122,
v3,validation,mixed_damage,13243,pchip,3.4894389677768,1.1021662530587333,1.853787474899934,0.8502366814667335,1.1994717724771775,-0.2205409693070039,0.7036808781730426,
v3,validation,mixed_damage,13243,autoregression,5.359023436185206,1.6926889495010633,3.795995567088713,0.8502366814667335,1.5724715499663209,0.06131328500642117,0.3764730072820979,
v3,validation,mixed_damage,13243,pca_r32_l01,2.9081483112521056,0.9185611088632857,1.8369053946638396,0.45004330506540136,0.847622087325453,0.5474197998414864,0.8383505763782829,
v3,validation,mixed_damage,13243,pca_r64_l01,2.248838464768009,0.7103130008394669,1.618084849993338,0.29384249218854036,0.6301004678746538,0.7323027084276272,0.9130549208307983,
v3,validation,mixed_damage,13243,pca_r96_l01,2.455915096827368,0.7757197546931668,1.7081480638485385,0.2512123445686019,0.6604039291306586,0.6663028928471342,0.9040596792459328,
v3,validation,mixed_damage,13243,pca_r64_l001,5.720224937458203,1.806777233873863,3.2287342524051326,0.27885197948864016,1.4553210498909188,0.6886061989735612,0.7662677460591296,
v3,validation,mixed_damage,13243,pca_r64_l1,2.397620352310069,0.7573069093243358,1.4829032826541906,0.44063686243780303,0.7357392550140016,0.6641780517893624,0.8924951613184209,
v3,validation,mixed_damage,13243,template_1,3.110540870579096,0.9824883621611186,1.911430676652107,1.1410747721909222,1.3510699242521977,0.355224711221388,0.49344617811775987,
v3,validation,mixed_damage,13243,dictionary_8,2.4378511701205294,0.7700141239032726,1.8225014641415944,0.9900607544156902,1.1359583726189781,0.6529149226938062,0.6770676119187353,
v3,validation,mixed_damage,13243,dictionary_24,3.1673197249335807,1.0004224019121337,2.0844093030715305,0.9199077684989123,1.191778313543543,0.3744410434042712,0.6362661159739512,
v3,validation,mixed_damage,13243,dictionary_48,3.1461793768140094,0.9937450596544039,2.076767434096987,0.890787010903803,1.167287645382817,0.3768882949486521,0.654575779200304,
v3,validation,mixed_damage,13243,local_pca_8,3.961743433947144,1.2513472671383499,2.480218712318473,0.8502366814667335,1.287899143326467,0.2133509398026123,0.5552065272871533,
v3,validation,mixed_damage,13243,local_pca_16,2.434569605818703,0.7689776164692367,1.5018227279719982,0.8502366814667335,1.0238000715242725,0.6383360268533529,0.8173155712267911,
v3,validation,mixed_damage,13243,local_pca_32,2.908373258920405,0.9186321603219854,1.8918476527726678,0.8502366814667335,1.0983559085878296,0.5142293601901178,0.7193964710247858,
v3,validation,mixed_damage,13243,local_dictionary_8,3.4348751048617028,1.084931835464131,2.2287546310830635,0.8502366814667335,1.1895877227970661,0.292272600190344,0.6439473149727912,
v3,validation,mixed_damage,13243,local_dictionary_24,3.005708059740913,0.9493761090493382,1.9401130980863257,0.8502366814667335,1.1146136426489037,0.38600511646574454,0.7387897450449749,
v3,validation,mixed_damage,13356,zero_fill,2.9884303856830976,1.0,2.040113421641451,0.545307140452034,0.9148467881117323,,0.7591108845021051,
v3,validation,mixed_damage,13356,linear,3.8839250768668623,1.2996538569122706,2.8769739408605606,0.545307140452034,1.105250881138952,-0.13783212985005386,0.47522896833665007,
v3,validation,mixed_damage,13356,pchip,3.745218108270282,1.2532392008235445,2.635180457226294,0.545307140452034,1.074914439616453,-0.12886702447342174,0.5060128242365053,
v3,validation,mixed_damage,13356,autoregression,5.377752770276233,1.7995241903709203,4.198094202026649,0.545307140452034,1.4443991618410341,0.20552621159170786,0.35964142074107613,
v3,validation,mixed_damage,13356,pca_r32_l01,5.670351784202509,1.897434790975188,3.3097342142046764,0.6159406995387935,1.5379294834458774,0.05269900871066953,0.3701889840394782,
v3,validation,mixed_damage,13356,pca_r64_l01,4.303124648904734,1.4399280202477003,2.6472743590118406,0.4339764894969932,1.154932780661755,0.15740661999427447,0.5731555157838861,
v3,validation,mixed_damage,13356,pca_r96_l01,3.227127443629919,1.0798737220349404,2.028926269517827,0.3103081322687697,0.8609122556811235,0.38361281993939106,0.7424765774813159,
v3,validation,mixed_damage,13356,pca_r64_l001,8.652760127733984,2.895419672209005,4.944252739075305,0.42321277495173326,2.201659794639862,-0.08013673014806597,0.2613378407376434,
v3,validation,mixed_damage,13356,pca_r64_l1,2.88124686774359,0.9641338414797949,1.9399752449427146,0.5052307061412766,0.8707200507806185,0.39048072991212784,0.7115039186877112,
v3,validation,mixed_damage,13356,template_1,3.5248688949159885,1.1795051046873462,2.415552427619933,0.8440544606778282,1.2018506488744336,0.11848624826978751,0.40210668740877,
v3,validation,mixed_damage,13356,dictionary_8,3.2444615550549227,1.0856741286658085,2.187854371319186,0.7965826816432527,1.1192824239395174,0.2745856219238454,0.4815805507632592,
v3,validation,mixed_damage,13356,dictionary_24,3.1138286610533137,1.041961250284086,2.1212111199468278,0.7950718407347972,1.0948178332871854,0.30224559125168804,0.5013028158975895,
v3,validation,mixed_damage,13356,dictionary_48,3.123994677033009,1.0453630414144393,2.171142586833615,0.7931427911162561,1.0953160231362982,0.29723192212249294,0.5011686816675324,
v3,validation,mixed_damage,13356,local_pca_8,4.525995881859322,1.5145060442238698,2.835337917682141,0.545307140452034,1.2486251660333043,0.17540427048549123,0.4412846830038748,
v3,validation,mixed_damage,13356,local_pca_16,3.8980253269458665,1.30437213649695,2.6521194753955233,0.545307140452034,1.1083489864132101,0.17201000401932065,0.506278887684488,
v3,validation,mixed_damage,13356,local_pca_32,4.059551461749605,1.35842262921633,2.4736844222527465,0.545307140452034,1.1440158497594386,0.20073002516110558,0.4933106924692668,
v3,validation,mixed_damage,13356,local_dictionary_8,2.5730156928107464,0.8609923473999895,1.7574178064408192,0.545307140452034,0.8321961876891613,0.5057182129589881,0.7819963360884338,
v3,validation,mixed_damage,13356,local_dictionary_24,2.5527082784284705,0.8541970027670464,1.6979349547635882,0.545307140452034,0.8282782486948779,0.5146510962116856,0.7929627825126405,
v3,validation,mixed_damage,13469,zero_fill,2.39272942703486,1.0,1.2231566317992404,0.7058178531515346,0.9082206759101209,,0.8458368876625305,
v3,validation,mixed_damage,13469,linear,2.407887800739082,1.0063351808745908,1.2226293697110187,0.7058178531515346,0.9107210840990132,-0.02924399971575931,0.840019630245834,
v3,validation,mixed_damage,13469,pchip,2.417280547354895,1.0102607173392186,1.2279149051654605,0.7058178531515346,0.9122748993598365,-0.03455364330260041,0.8362739529546255,
v3,validation,mixed_damage,13469,autoregression,2.3298971971665745,0.9737403531053869,1.2189025674992493,0.7058178531515346,0.8979526566298012,0.3365879917407072,0.8574686004511362,
v3,validation,mixed_damage,13469,pca_r32_l01,3.6463487855797765,1.5239285914991392,2.4294864249056087,0.4697072907874447,1.0187379923029254,0.44703295869362486,0.7271320451108466,
v3,validation,mixed_damage,13469,pca_r64_l01,2.3193820368747162,0.9693457232015414,1.6180067263185878,0.24524643808918017,0.6265840059355847,0.5285786375235887,0.8788703171480293,
v3,validation,mixed_damage,13469,pca_r96_l01,2.05846069948666,0.8602981499824509,1.4453815856342485,0.1901897634566252,0.5465712809864335,0.6075689944278552,0.9074661720674952,
v3,validation,mixed_damage,13469,pca_r64_l001,4.658054495047705,1.9467535453100109,2.8373308885073683,0.23653028288492833,1.1868200763926502,0.04796647592146989,0.6557025260143442,
v3,validation,mixed_damage,13469,pca_r64_l1,1.7252997120554896,0.7210592608431833,1.1171500763496232,0.373896261609196,0.5631182887002262,0.6934317053655974,0.9086349272492674,
v3,validation,mixed_damage,13469,template_1,2.9936770078171713,1.251155677692744,1.3954239139170754,0.9475476957895625,1.1840027862106894,0.07115996375757513,0.4445443949203509,
v3,validation,mixed_damage,13469,dictionary_8,2.347439419952707,0.9810718225928797,1.217008397589092,0.7068266769493238,0.9015448927762921,0.39363077791170825,0.7192332119979331,
v3,validation,mixed_damage,13469,dictionary_24,1.854129046419279,0.7749012594027272,1.1078967914410214,0.601523002558501,0.7443639633892389,0.6713060396411545,0.8199256578450882,
v3,validation,mixed_damage,13469,dictionary_48,2.228968277314267,0.9315588516318243,1.3222843662047248,0.5632484735737964,0.779704760871924,0.5412378992299542,0.7980295843454362,
v3,validation,mixed_damage,13469,local_pca_8,2.631920276335549,1.0999656904780502,1.8333447805797143,0.7058178531515346,0.9486729866106989,0.49980607234931873,0.67998518141945,
v3,validation,mixed_damage,13469,local_pca_16,2.6134999844844735,1.0922672471676829,1.9296669680904532,0.7058178531515346,0.9454848226013455,0.5395522237749427,0.6826172455458323,
v3,validation,mixed_damage,13469,local_pca_32,2.360537713790005,0.9865460286143813,1.692142340047659,0.7058178531515346,0.9029403678274027,0.5751577905796146,0.7194787877315101,
v3,validation,mixed_damage,13469,local_dictionary_8,1.9540812110603292,0.8166745428804641,0.915480702892383,0.7058178531515346,0.8400563971704006,0.645606813569133,0.7879137107059125,
v3,validation,mixed_damage,13469,local_dictionary_24,2.5498721023862205,1.0656750711450464,1.365990214626796,0.7058178531515346,0.9345630785940542,0.3554128894104601,0.707186556511218,
v3,validation,mixed_damage,13582,zero_fill,2.872230571556034,1.0,1.4061758860104816,0.23768304044013047,0.754035264090566,,0.45230175826066127,
v3,validation,mixed_damage,13582,linear,2.895097105439302,1.0079612459075247,1.426782282862424,0.23768304044013047,0.7594811413728452,-0.04122798162102641,0.42752154682792803,
v3,validation,mixed_damage,13582,pchip,2.881388064843584,1.003188286267209,1.422176317464488,0.23768304044013047,0.756215726327317,-0.01983901114538173,0.44174913131261795,
v3,validation,mixed_damage,13582,autoregression,4.999158928557017,1.7405144900497027,2.903707185112249,0.23768304044013047,1.2708016271399403,-0.19781467481332593,-0.04519297210882716,
v3,validation,mixed_damage,13582,pca_r32_l01,2.6876519857156618,0.935736849378225,1.3117973523084832,0.11297663714240681,0.6807591811913669,0.45843378763000403,0.6110626320403594,
v3,validation,mixed_damage,13582,pca_r64_l01,2.426105338223981,0.8446763857504781,1.1792758511324979,0.09927136713589857,0.6140953293847357,0.566260924215923,0.6872385627555393,
v3,validation,mixed_damage,13582,pca_r96_l01,2.4167015210159315,0.8414023389865531,1.1824835540053031,0.09673670323133443,0.6113926770068544,0.567675492137795,0.6893000598045502,
v3,validation,mixed_damage,13582,pca_r64_l001,2.9936741510633236,1.0422819744034328,1.359066456820834,0.09529774952999194,0.7540851178218761,0.43337176590767107,0.5743602328118986,
v3,validation,mixed_damage,13582,pca_r64_l1,3.0111683282963626,1.0483727727558652,1.354091012174901,0.11491246802193328,0.760970097594942,0.26127327771382336,0.4895087694014353,
v3,validation,mixed_damage,13582,template_1,2.1751352417299064,0.757298269599409,1.0743998517474174,0.11893328941233795,0.5558434036315895,0.6588660623412276,0.7467132839197144,
v3,validation,mixed_damage,13582,dictionary_8,2.3689840186583875,0.8247889435195962,1.1081356698006224,0.09864511272444723,0.5998983327732045,0.6415481042459881,0.7274949138738056,
v3,validation,mixed_damage,13582,dictionary_24,2.4954590360323086,0.8688226706954069,1.1642673045240302,0.09667742498046526,0.6308483211135275,0.5797904023747271,0.6876380985594359,
v3,validation,mixed_damage,13582,dictionary_48,2.265267361632084,0.7886788003948001,1.0821857362181033,0.09575628445730788,0.5738562107505468,0.6436907804318238,0.736708621014026,
v3,validation,mixed_damage,13582,local_pca_8,2.6342433754600494,0.917142029455158,1.2545022056851578,0.23768304044013047,0.6976136366592957,0.49652942614960305,0.5717885592042835,
v3,validation,mixed_damage,13582,local_pca_16,2.5747363318208847,0.8964239700387349,1.2478171942425833,0.23768304044013047,0.6835873021280564,0.5169806351093051,0.5890475594146987,
v3,validation,mixed_damage,13582,local_pca_32,2.5584360704244804,0.8907488471715712,1.222564973259197,0.23768304044013047,0.6797514960512236,0.5229471770704384,0.5939416345697802,
v3,validation,mixed_damage,13582,local_dictionary_8,1.7137914506546175,0.5966761400099467,0.8859046146333835,0.23768304044013047,0.4863434712236449,0.8036190687600765,0.8118641523688761,
v3,validation,mixed_damage,13582,local_dictionary_24,1.3650846775362595,0.47526987946400256,0.7233571573475681,0.23768304044013047,0.41161682671336186,0.8798606689768927,0.871432923591301,
v3,validation,mixed_damage,13695,zero_fill,2.4109883187769734,1.0,1.0835768873224745,0.36030095383972716,0.696424633994334,,0.7390266366476289,
v3,validation,mixed_damage,13695,linear,3.7590513896936586,1.559132974812802,1.8139390341265544,0.36030095383972716,1.0024257768790505,-0.2836682945725591,0.3043902639235556,
v3,validation,mixed_damage,13695,pchip,3.331251261007319,1.3816953135207095,1.396169541664206,0.36030095383972716,0.9029287978583261,-0.40775443827311775,0.3880054596043174,
v3,validation,mixed_damage,13695,autoregression,9.184005379936131,3.8092284846054,5.2241104199929005,0.36030095383972716,2.3223534194697177,-0.012353091371214271,0.13590957669944012,
v3,validation,mixed_damage,13695,pca_r32_l01,1.5389143129101188,0.6382918991871213,0.8353558205552749,0.10929657609096552,0.3990178086296514,0.8180811204083197,0.9153897765358832,
v3,validation,mixed_damage,13695,pca_r64_l01,1.219104008043208,0.5056449251739326,0.6963556326135694,0.09324748451592285,0.3178679937249132,0.8738785080882938,0.9443253142347067,
v3,validation,mixed_damage,13695,pca_r96_l01,1.2152574417149027,0.5040494938322093,0.6571917147902451,0.09197950946634813,0.31659853344461547,0.871023108148391,0.9442100401881324,
v3,validation,mixed_damage,13695,pca_r64_l001,1.9054791438011194,0.790331138878232,1.0598603982826909,0.09107060127859344,0.48446223948052153,0.823923109993644,0.899711007851104,
v3,validation,mixed_damage,13695,pca_r64_l1,1.4481463411158122,0.6006442792930727,0.7129223380906503,0.10927044316780861,0.3771793565018549,0.8025061921524281,0.918458737405895,
v3,validation,mixed_damage,13695,template_1,2.510303463007123,1.0411927106642014,1.2820891230117146,0.12853037634049247,0.6397960779136478,0.40575584582106133,0.7672916560811253,
v3,validation,mixed_damage,13695,dictionary_8,1.4386149876402852,0.5966909820492429,0.7473873114642998,0.09617215530898363,0.37151289803609844,0.8007579675686832,0.9211793895459769,
v3,validation,mixed_damage,13695,dictionary_24,1.2088086654157777,0.5013747499319998,0.6084532987684926,0.09590478606999765,0.3161471482406624,0.8651054003764931,0.9437248738847666,
v3,validation,mixed_damage,13695,dictionary_48,1.0558748934492,0.43794276613700706,0.5377119841824997,0.09650751183274878,0.28001978593246113,0.8995155619305399,0.9561921818249098,
v3,validation,mixed_damage,13695,local_pca_8,1.3094671381420215,0.5431246298224611,0.7329447140953792,0.36030095383972716,0.47840593680609744,0.8505287625624219,0.869612596665036,
v3,validation,mixed_damage,13695,local_pca_16,1.1818864046213717,0.4902082666335395,0.6437235256048468,0.36030095383972716,0.45717250118910885,0.8708787130037999,0.8908707557166076,
v3,validation,mixed_damage,13695,local_pca_32,1.1436946590930819,0.47436756544438424,0.6285709532174032,0.36030095383972716,0.4510604957559254,0.8789754006650577,0.8962863547924319,
v3,validation,mixed_damage,13695,local_dictionary_8,1.1617692478390829,0.48186432044947264,0.6432035575011509,0.36030095383972716,0.4539382836143482,0.8750251741640679,0.9009925039642134,
v3,validation,mixed_damage,13695,local_dictionary_24,1.167393573235249,0.4841971087721548,0.5984381678900652,0.36030095383972716,0.45483921712088415,0.8733255433530991,0.8955299573601281,
v3,validation,mixed_damage,13808,zero_fill,4.910898769405883,1.0,2.0242517529431434,0.32861237737964344,1.268284228344014,,0.43409430066278326,
v3,validation,mixed_damage,13808,linear,5.6144252634949385,1.1432581951132679,2.5398901317418034,0.32861237737964344,1.4392177227984986,-0.07263951923364718,0.1776311163982093,
v3,validation,mixed_damage,13808,pchip,5.693113089520034,1.159281295918218,2.5028418288730974,0.32861237737964344,1.4584094090088968,-0.07747145184993279,0.16361710598695103,
v3,validation,mixed_damage,13808,autoregression,7.2690456558024135,1.4801864174206583,3.88155347418345,0.32861237737964344,1.844905420418728,-0.027553671503104067,0.09053209253114254,
v3,validation,mixed_damage,13808,pca_r32_l01,4.285523532921359,0.8726556449543386,2.0467384534958226,0.21220638059962582,1.0909051623173602,0.4888966149076495,0.616899261442849,
v3,validation,mixed_damage,13808,pca_r64_l01,4.891309089040186,0.9960109785834441,2.1584222853271826,0.15326451959178802,1.23179885733763,0.24048418831534812,0.4760274703870573,
v3,validation,mixed_damage,13808,pca_r96_l01,4.800647768863802,0.9775497305648148,2.068919271027452,0.12961759403313142,1.2067059969950498,0.2704548873337448,0.5005139316084093,
v3,validation,mixed_damage,13808,pca_r64_l001,7.623803472665816,1.552425295377884,3.262876080176675,0.14946713172092152,1.9114373803142974,-0.45516970662765815,-0.10087479740267781,
v3,validation,mixed_damage,13808,pca_r64_l1,4.247137119925554,0.8648390690487333,1.7551156839061668,0.17964157991718177,1.075936806171041,0.5252102633975066,0.6389484846700997,
v3,validation,mixed_damage,13808,template_1,4.863660254112414,0.9903808818891243,1.9483535282622255,0.3934290483358237,1.2741906084979326,0.21531780663286887,0.40721222672027435,
v3,validation,mixed_damage,13808,dictionary_8,5.152032706338957,1.0491017934304205,2.0202049997513796,0.3873398734193431,1.341499246885132,0.07044310612237739,0.3211680579925212,
v3,validation,mixed_damage,13808,dictionary_24,4.602333992585835,0.9371673513731624,1.9135095293813524,0.38250870718948177,1.2087227723264233,0.3506466130950702,0.4899974021549835,
v3,validation,mixed_damage,13808,dictionary_48,4.772641527828638,0.9718468557245435,1.9516675453314476,0.38054924174733695,1.2487587095309778,0.2729395074834339,0.4430842570846773,
v3,validation,mixed_damage,13808,local_pca_8,3.8485482570285745,0.7836749315633253,1.7426904139079222,0.32861237737964344,1.01338279740383,0.6877500982161479,0.747109294765304,
v3,validation,mixed_damage,13808,local_pca_16,4.316114442723194,0.8788848325711577,2.3456154002585556,0.32861237737964344,1.1249620910610239,0.4771980007783058,0.5937438026734883,
v3,validation,mixed_damage,13808,local_pca_32,4.0995453183209465,0.8347851403210468,1.9911151709141905,0.32861237737964344,1.0731397635989017,0.5887246130478538,0.6786038284720461,
v3,validation,mixed_damage,13808,local_dictionary_8,5.151264572366916,1.0489453792976702,2.208850800008324,0.32861237737964344,1.3265396270237515,0.04852988158982691,0.3109927396425782,
v3,validation,mixed_damage,13808,local_dictionary_24,5.860126031845664,1.1932899265513912,2.604594029721484,0.32861237737964344,1.4991845393334198,-0.21344239819191405,0.07893755729754737,
v3,validation,mixed_damage,13921,zero_fill,2.509761037765696,1.0,1.6632554617250346,0.5333916961907219,0.8126538696673455,,0.7825044825174658,
v3,validation,mixed_damage,13921,linear,3.588639048509262,1.4298728024338256,2.491585975122575,0.5333916961907219,1.0351911280037762,-0.18220002456462336,0.44907455513326905,
v3,validation,mixed_damage,13921,pchip,3.432032490868747,1.3674738109426143,2.2451713555736506,0.5333916961907219,1.0014504338039205,-0.18507387853450072,0.48157308120393,
v3,validation,mixed_damage,13921,autoregression,3.370109121308593,1.3428007968076587,2.401390027218447,0.5333916961907219,0.988219232160987,0.1279882385641031,0.5137223567117679,
v3,validation,mixed_damage,13921,pca_r32_l01,3.9130471184519253,1.5591313513797707,2.71704393797404,0.49877211072680283,1.0909726746064714,0.0982571011129227,0.5395347588826782,
v3,validation,mixed_damage,13921,pca_r64_l01,2.5363835426282657,1.0106075855278518,1.8126771399276294,0.32847063516597597,0.7093851143688897,0.52564851915284,0.7976485838136897,
v3,validation,mixed_damage,13921,pca_r96_l01,1.9249076740070736,0.7669685061812556,1.3731229773911666,0.2499833157579863,0.5386699143382986,0.702768914508104,0.8817770507858793,
v3,validation,mixed_damage,13921,pca_r64_l001,5.455779318680038,2.1738242153671417,3.7211395338958178,0.3125521850985273,1.397114459347479,0.391154867876918,0.5933995379338755,
v3,validation,mixed_damage,13921,pca_r64_l1,2.0339383152626005,0.8104111445898073,1.4530654600029103,0.3980946302173039,0.6380681335783744,0.5987989869023727,0.825187982986905,
v3,validation,mixed_damage,13921,template_1,2.1268573665299058,0.847434211674324,1.4719324583234934,0.8092965739447425,0.9469667505561837,0.5659264338679527,0.5716440168547254,
v3,validation,mixed_damage,13921,dictionary_8,2.0596815034285276,0.8206683713849309,1.363597691494613,0.746569158304026,0.8875095252139314,0.605982019376045,0.621745254342832,
v3,validation,mixed_damage,13921,dictionary_24,1.9479078642771506,0.7761328010778537,1.2863084344158966,0.7100917585317781,0.8425333684317072,0.6320056462356313,0.6647306285074641,
v3,validation,mixed_damage,13921,dictionary_48,1.8347786385162987,0.7310571050021968,1.2040790551043332,0.6992017704530297,0.8177583456248511,0.6820438725689499,0.6884518000097438,
v3,validation,mixed_damage,13921,local_pca_8,2.2897967457958366,0.9123564798959181,1.4612420066406595,0.5333916961907219,0.7709883940653482,0.5090201114780344,0.7390402159350574,
v3,validation,mixed_damage,13921,local_pca_16,2.863061774796943,1.140770667691045,1.7287533882867103,0.5333916961907219,0.8826353738160245,0.19647609995725224,0.6224112398976304,
v3,validation,mixed_damage,13921,local_pca_32,2.0500325419038585,0.8168237975870767,1.5055533382939457,0.5333916961907219,0.7275916585877268,0.6415598029885476,0.7709149135933165,
v3,validation,mixed_damage,13921,local_dictionary_8,2.042349510383177,0.8137625374092865,1.416665738753744,0.5333916961907219,0.7262399760943622,0.5820937507067843,0.8030179719856293,
v3,validation,mixed_damage,13921,local_dictionary_24,2.3886795414006317,0.9517557669662221,1.6478351052036722,0.5333916961907219,0.7895168805583007,0.4116238914245377,0.731268557942694,
v3,validation,mixed_damage,14034,zero_fill,2.3303017724042046,1.0,1.1600333645234917,0.43885980243573064,0.7210788463900423,,0.7135828403156937,
v3,validation,mixed_damage,14034,linear,2.332568667959134,1.0009727905551866,1.1770979479322745,0.43885980243573064,0.7215367923594393,0.015310302880682991,0.7108290177060457,
v3,validation,mixed_damage,14034,pchip,2.332838673378388,1.0010886577027172,1.1781069711110543,0.43885980243573064,0.7215913476874726,0.015040857475315694,0.710591980821138,
v3,validation,mixed_damage,14034,autoregression,2.289895214935853,0.9826603756016271,1.1240345378686505,0.43885980243573064,0.7129423621643198,0.2568799660577821,0.7284217588914628,
v3,validation,mixed_damage,14034,pca_r32_l01,2.9907558446752462,1.2834199759414173,1.5358182517165684,0.409952029371095,0.8465197324280653,0.4433568279885506,0.608523795938648,
v3,validation,mixed_damage,14034,pca_r64_l01,2.5306268692192186,1.0859653025145906,1.6235531449042067,0.2787890221637308,0.6878372870090445,0.5444236716793524,0.7361312434195278,
v3,validation,mixed_damage,14034,pca_r96_l01,2.2540683193640842,0.9672860167970996,1.396497420117386,0.20140888724142286,0.596306710419345,0.6223499520707205,0.8014526724368276,
v3,validation,mixed_damage,14034,pca_r64_l001,5.045089645186616,2.1649941243367494,2.940517737126553,0.2743779750706893,1.2889476964278748,0.16050468792505423,0.4374147275672209,
v3,validation,mixed_damage,14034,pca_r64_l1,1.734899507954664,0.7444956393629415,0.9684043988626467,0.3479927101961751,0.5492244644693621,0.6732425071669932,0.808579143670893,
v3,validation,mixed_damage,14034,template_1,4.390014274781349,1.8838823051883578,2.072024144872117,0.6180307991634777,1.2500414084017306,-0.025545738185818418,0.16919359071925952,
v3,validation,mixed_damage,14034,dictionary_8,2.8916260384475208,1.2408805042722815,1.3039001717544576,0.6114967484264727,0.9344258011698259,0.26648156870994655,0.3922739520231486,
v3,validation,mixed_damage,14034,dictionary_24,1.8328730059385605,0.7865389056660932,0.9703243220811831,0.5955521086753826,0.7365314898272203,0.6404422626561561,0.6151242262155032,
v3,validation,mixed_damage,14034,dictionary_48,2.759969530875486,1.1843828827491245,1.2642557270249701,0.5722597347253391,0.8849311368398879,0.28792368670337626,0.45315069694215654,
v3,validation,mixed_damage,14034,local_pca_8,1.7615616344114795,0.7559371302344469,1.0927807113055596,0.43885980243573064,0.6119675381882691,0.6864074308239082,0.7564573272745975,
v3,validation,mixed_damage,14034,local_pca_16,1.8395877586053195,0.789420400563568,1.2057095624453722,0.43885980243573064,0.6261515398906777,0.6674602197796335,0.7398620168713912,
v3,validation,mixed_damage,14034,local_pca_32,1.9642282846196664,0.8429072611454717,1.371785301538254,0.43885980243573064,0.6493824781575592,0.6293826849948111,0.714904260507282,
v3,validation,mixed_damage,14034,local_dictionary_8,2.1327320167714676,0.9152170942096906,1.1991842720797996,0.43885980243573064,0.6817951831502909,0.6050037202881018,0.6836444358399801,
v3,validation,mixed_damage,14034,local_dictionary_24,1.966584688274944,0.8439184622195912,1.1447335305588426,0.43885980243573064,0.6498280651962095,0.6635648833112894,0.7159050623816803,
v3,validation,mixed_damage,14147,zero_fill,3.1957709117777426,1.0,1.5840059196003116,0.2388274329397421,0.8317350036758083,,0.4135222918342863,
v3,validation,mixed_damage,14147,linear,3.213603845905418,1.0055801666076731,1.5974839843688096,0.2388274329397421,0.8360183841910603,-0.00884293887377524,0.3924175136003247,
v3,validation,mixed_damage,14147,pchip,3.2124438362543843,1.0052171838773534,1.598830426267678,0.2388274329397421,0.8357397001293821,-0.0020779646432085145,0.3933415824291766,
v3,validation,mixed_damage,14147,autoregression,4.83784753355811,1.5138280143074814,2.7932664576529707,0.2388274329397421,1.2313698393157286,-0.255241059135648,-0.08405172017066892,
v3,validation,mixed_damage,14147,pca_r32_l01,3.387529000765493,1.0600037031068286,1.4685549524917845,0.10628093365256866,0.8531114846511191,0.2536025400981325,0.4507547973971041,
v3,validation,mixed_damage,14147,pca_r64_l01,3.2635592381424483,1.0212118854060777,1.4497120332294635,0.09871718856234604,0.8214695349885824,0.3101435646576607,0.4924090049111556,
v3,validation,mixed_damage,14147,pca_r96_l01,3.275465325870438,1.0249374615054503,1.4761440833207706,0.09665334876921784,0.8241966220358197,0.3054842035268263,0.48914893501919393,
v3,validation,mixed_damage,14147,pca_r64_l001,4.4287539362970865,1.385817087193356,1.907391666587407,0.09507741968320492,1.1110090336117653,0.12960805400764377,0.29712823965073976,
v3,validation,mixed_damage,14147,pca_r64_l1,3.4345508492572616,1.0747174763370915,1.5360039335360478,0.10824637501329555,0.8650107911785899,0.18531909702518057,0.41504922259830884,
v3,validation,mixed_damage,14147,template_1,7.452134805979971,2.3318739082691318,2.8150442833606086,0.11377873186678157,1.866288046562553,-0.42978640822294695,-0.23838994076006903,
v3,validation,mixed_damage,14147,dictionary_8,4.572447210491376,1.430780658788779,1.7979906829379309,0.09143526891371906,1.146534986893941,-0.08697045093467397,0.14782891882059399,
v3,validation,mixed_damage,14147,dictionary_24,3.8398388366206575,1.2015375765732321,1.5592412126170139,0.08991912770673313,0.9638997624926238,0.1259432742853156,0.3378867780064044,
v3,validation,mixed_damage,14147,dictionary_48,3.852190977115869,1.2054027286245537,1.5790948987906301,0.08966200592327028,0.9669528315074915,0.1469264058645991,0.34827864639213924,
v3,validation,mixed_damage,14147,local_pca_8,3.3556114502337495,1.0500162692722836,1.4645439951321713,0.2388274329397421,0.8701905806276237,0.26591502525433197,0.3830148549229737,
v3,validation,mixed_damage,14147,local_pca_16,3.2869131239688283,1.0285196325729071,1.4585876928785904,0.2388274329397421,0.8536457119828507,0.32450286136566553,0.424090700150428,
v3,validation,mixed_damage,14147,local_pca_32,3.289639621540654,1.0293727905892647,1.4630656073103339,0.2388274329397421,0.8543018706990719,0.31698219735078514,0.4194709265347103,
v3,validation,mixed_damage,14147,local_dictionary_8,4.874916513911315,1.5254274003011992,1.8961800625456273,0.2388274329397421,1.2404734267224866,-0.1468961453923641,-0.006348976067976998,
v3,validation,mixed_damage,14147,local_dictionary_24,5.15380623441587,1.6126957709709273,2.0181051498996796,0.2388274329397421,1.3090382166588161,-0.12637942701609306,-0.0024748264376932335,
v3,validation,mixed_damage,14260,zero_fill,2.331455700994632,1.0,0.9485689491155636,0.37578114809516117,0.6871070583730081,,0.7654213987154096,
v3,validation,mixed_damage,14260,linear,4.215239001527515,1.8079858861265237,2.1543274411535687,0.37578114809516117,1.1148545843784528,-0.2944795993851951,0.2562826190344659,
v3,validation,mixed_damage,14260,pchip,3.620327426702707,1.5528184495026964,1.4246097261893391,0.37578114809516117,0.9754788165784153,-0.4124729805206745,0.3378769459448691,
v3,validation,mixed_damage,14260,autoregression,9.893148831170983,4.243335537943279,5.621227444679752,0.37578114809516117,2.4999070715810556,-0.23877473880716693,0.012938263682617168,
v3,validation,mixed_damage,14260,pca_r32_l01,2.2853184965741176,0.9802109881818334,1.0436665940077343,0.11919624617137435,0.5828698829554494,0.5796638028066341,0.8280912913911558,
v3,validation,mixed_damage,14260,pca_r64_l01,2.0810687395298006,0.8926048814232186,0.9547860270192916,0.09718363507682029,0.5287081533410778,0.6286468097675442,0.854986830328746,
v3,validation,mixed_damage,14260,pca_r96_l01,2.1754620881909728,0.93309175347526,0.9118944716028741,0.09556373246385463,0.5516804839302691,0.592295512189342,0.8415944957082504,
v3,validation,mixed_damage,14260,pca_r64_l001,2.394238862585456,1.0269287387978419,1.2373710041856167,0.09551646004659764,0.6056623772373102,0.5933759840808387,0.8246067142030316,
v3,validation,mixed_damage,14260,pca_r64_l1,2.175697742314446,0.9331928294353876,0.889093463850475,0.11316962062755402,0.554851957248899,0.5797864830572174,0.8350894328323066,
v3,validation,mixed_damage,14260,template_1,1.4784514720334998,0.6341323454710168,0.784128557611472,0.1416771530209411,0.3942480968945673,0.796054779300211,0.9165583234320199,
v3,validation,mixed_damage,14260,dictionary_8,1.0730962876734174,0.46026878709967306,0.4902415510256471,0.1227590390196237,0.2934261371637878,0.8863033595943016,0.953262473884097,
v3,validation,mixed_damage,14260,dictionary_24,1.4109447262690882,0.6051775831156299,0.6122781575301601,0.11803069112630678,0.370787479671885,0.7997743771133763,0.9245643356477736,
v3,validation,mixed_damage,14260,dictionary_48,1.3250066926523638,0.5683173358546324,0.6015819133677859,0.11628091581141553,0.3498626075246073,0.8264967110473096,0.9331961854915523,
v3,validation,mixed_damage,14260,local_pca_8,2.1147253940327255,0.9070407784846839,0.8350506324427127,0.37578114809516117,0.6417863527453386,0.5953870509566292,0.7505826877252626,
v3,validation,mixed_damage,14260,local_pca_16,1.9934647720443113,0.8550300875087915,0.7866007784986861,0.37578114809516117,0.6170531716522409,0.610919793686336,0.7725675978512255,
v3,validation,mixed_damage,14260,local_pca_32,2.0046695998969764,0.8598360239234895,0.781894739738298,0.37578114809516117,0.6193177836189423,0.6071507972707969,0.7705235406086864,
v3,validation,mixed_damage,14260,local_dictionary_8,1.913294797658029,0.8206438564720703,0.7827097652365487,0.37578114809516117,0.6009819595722612,0.6775669963944835,0.7852273296343618,
v3,validation,mixed_damage,14260,local_dictionary_24,1.9824455472239169,0.8503037593114797,0.7884177568873629,0.37578114809516117,0.6148303839608783,0.656994765405691,0.7739799362984577,
v3,validation,mixed_damage,14373,zero_fill,2.207106808624641,1.0,1.0605414518727543,0.2703959608639122,0.6107387995007575,,0.6572364441256524,
v3,validation,mixed_damage,14373,linear,3.5204399137994407,1.5950473715375848,1.8075440657095636,0.2703959608639122,0.9182254223992667,-0.1576680895834073,0.22618123300393037,
v3,validation,mixed_damage,14373,pchip,3.9037352941901666,1.7687115453296889,2.1413057873719006,0.2703959608639122,1.010441081962438,-0.1394084845801516,0.18659828625322059,
v3,validation,mixed_damage,14373,autoregression,5.703826588496866,2.5843002097624836,3.2861718483326303,0.2703959608639122,1.4497919546097073,0.20213349307417322,0.29060711977524817,
v3,validation,mixed_damage,14373,pca_r32_l01,1.5452836405948627,0.7001399454509437,0.7302349601918241,0.12581851893262272,0.40507376068178114,0.765026889644687,0.8654385948780733,
v3,validation,mixed_damage,14373,pca_r64_l01,1.776006924818394,0.8046764741417807,0.8795650415923262,0.12313696871985526,0.45973098743895924,0.6696157813367479,0.8219912150610773,
v3,validation,mixed_damage,14373,pca_r96_l01,1.8065451405460158,0.8185127849212539,0.8746275572662348,0.12149012093863527,0.4667040742748347,0.6502478180521232,0.814982978980376,
v3,validation,mixed_damage,14373,pca_r64_l001,2.693165196620745,1.220224225713386,1.149449753407991,0.12293847107085601,0.6837327141931931,0.45985492979468906,0.6758593744820277,
v3,validation,mixed_damage,14373,pca_r64_l1,1.381950922059623,0.6261368578355236,0.7020558959019881,0.12565942327185656,0.36628563912238254,0.7808627804512216,0.8825622202086667,
v3,validation,mixed_damage,14373,template_1,1.9449172962605152,0.8812066949639337,0.9427552409293736,0.1571361292371826,0.5094776575061941,0.5893425665238359,0.7780774833195878,
v3,validation,mixed_damage,14373,dictionary_8,1.6378559695904251,0.7420827860211511,0.7227052881742301,0.13626700274697856,0.43019636633225905,0.6959561933170615,0.8394520544766451,
v3,validation,mixed_damage,14373,dictionary_24,1.6964030235379834,0.7686093925808227,0.7375226411146651,0.13118455312352315,0.44271350943231963,0.6610942459527209,0.8274296425196105,
v3,validation,mixed_damage,14373,dictionary_48,1.6539833800837451,0.7493898227401261,0.7298038665935984,0.12690636415784592,0.43136696968399973,0.6947474244597623,0.8403196971492858,
v3,validation,mixed_damage,14373,local_pca_8,0.9019403296351566,0.4086527784295137,0.5305399081924209,0.2703959608639122,0.34552550493733003,0.9160024706893606,0.9129973023331649,
v3,validation,mixed_damage,14373,local_pca_16,0.9803836964067294,0.44419404288714764,0.5408171965289512,0.2703959608639122,0.35863123704517996,0.9071636732549218,0.9133821316405637,
v3,validation,mixed_damage,14373,local_pca_32,0.9847293886918964,0.446162997116361,0.5147018666628842,0.2703959608639122,0.3593745959759721,0.9059509599615639,0.9127047948921143,
v3,validation,mixed_damage,14373,local_dictionary_8,1.56700474304891,0.7099813823805787,0.6843505071727645,0.2703959608639122,0.47118291959642356,0.7077150830880445,0.8013168170142904,
v3,validation,mixed_damage,14373,local_dictionary_24,1.3133811080092008,0.5950691207498174,0.6351818129944061,0.2703959608639122,0.41994639313014187,0.8069566350904803,0.8616858638715158,
v3,validation,mixed_damage,14486,zero_fill,4.9707911277303785,1.0,2.7906246669828736,0.6790643980105793,1.4059181005041932,,0.6105880894384289,
v3,validation,mixed_damage,14486,linear,5.579914387892366,1.122540506030095,3.223956529037227,0.6790643980105793,1.5421651059851351,-0.07386170196270726,0.3677938554472953,
v3,validation,mixed_damage,14486,pchip,5.579065076406935,1.1223696456049421,3.099171583254769,0.6790643980105793,1.541973045655824,-0.0692700227812524,0.3670030685370565,
v3,validation,mixed_damage,14486,autoregression,4.832418344697228,0.9721628248949719,3.0124281348818815,0.6790643980105793,1.3754361560030772,0.3354606122331815,0.587502961551619,
v3,validation,mixed_damage,14486,pca_r32_l01,3.7189651615285744,0.7481636355190452,2.302908118075899,0.46069473488044677,1.0312097402402474,0.6640374475777833,0.7805643854742543,
v3,validation,mixed_damage,14486,pca_r64_l01,3.3984032899509695,0.6836745303966638,2.0706577959708365,0.3083226819395537,0.9005237387253304,0.7291785512030867,0.8382113588597866,
v3,validation,mixed_damage,14486,pca_r96_l01,3.3691908060319733,0.6777977025098453,2.131129973104928,0.22509156193039773,0.8700373503560912,0.7417032139537122,0.8526052805687788,
v3,validation,mixed_damage,14486,pca_r64_l001,6.398792218924923,1.2872784340561414,3.431946495514285,0.2900430310639278,1.6241616348713073,0.6239074945631097,0.7072326398010104,
v3,validation,mixed_damage,14486,pca_r64_l1,4.0618333192543785,0.8171402126705287,2.4622097329396935,0.4243602999050313,1.0954369811699964,0.6122605212148695,0.7679631834185308,
v3,validation,mixed_damage,14486,template_1,5.090332279127892,1.0240487174628268,3.127540583105363,0.8648895104744535,1.523400609899249,0.1368322254146742,0.41247932218634986,
v3,validation,mixed_damage,14486,dictionary_8,4.704029492196943,0.9463341692139785,2.829426470861921,0.7932459500974697,1.404601378586848,0.33117931587540134,0.5241617112829658,
v3,validation,mixed_damage,14486,dictionary_24,4.826875753913116,0.9710477929731534,2.895498458640973,0.7765251537108889,1.4217858325645452,0.2652148348042659,0.5070798079907816,
v3,validation,mixed_damage,14486,dictionary_48,4.755403917495689,0.9566694305393126,2.9094682938019423,0.7519626347297832,1.3940853515607396,0.3041789210389551,0.5343947664098428,
v3,validation,mixed_damage,14486,local_pca_8,5.1026983615499155,1.0265364668178614,3.056011202701673,0.6790643980105793,1.435149326260299,0.26339941896004415,0.4959323313953028,
v3,validation,mixed_damage,14486,local_pca_16,4.321726186595232,0.8694242175024754,2.5875819714568085,0.6790643980105793,1.264768854415329,0.5053087443104288,0.6489811728294552,
v3,validation,mixed_damage,14486,local_pca_32,4.299415521475421,0.8649358645327948,2.6316870256210194,0.6790643980105793,1.2600074572196442,0.5030057464575921,0.6620668784184859,
v3,validation,mixed_damage,14486,local_dictionary_8,4.297751851723227,0.8646011754039531,2.5161684098384596,0.6790643980105793,1.2596526760548044,0.556912162840814,0.7391792073638916,
v3,validation,mixed_damage,14486,local_dictionary_24,4.367932112911033,0.8787197049064892,2.463753327916793,0.6790643980105793,1.2746508784928499,0.4811776920390959,0.6846977485403215,
v3,validation,mixed_damage,14599,zero_fill,2.35294274662439,1.0,1.3990903213092911,0.5501416306486022,0.7935748537269055,,0.7881817385656235,
v3,validation,mixed_damage,14599,linear,2.5869881894116196,1.0994692468072158,1.7258758558975518,0.5501416306486022,0.8378672738993985,-0.012805717532071489,0.6699791224109789,
v3,validation,mixed_damage,14599,pchip,2.61568809280784,1.1116666976110632,1.7263034393268462,0.5501416306486022,0.8434179496788373,-0.022535282046972204,0.6583489298314539,
v3,validation,mixed_damage,14599,autoregression,2.2587186433922315,0.9599547828491214,1.32704263761789,0.5501416306486022,0.7762750445476054,0.2826470363507966,0.7951714838995477,
v3,validation,mixed_damage,14599,pca_r32_l01,2.831503874954684,1.2033883438162079,1.8880470525604127,0.3943711866864918,0.8042987507454502,0.5938528759533341,0.7573134167076436,
v3,validation,mixed_damage,14599,pca_r64_l01,2.3531881598066238,1.000104300532848,1.5391040356175245,0.2735864319817527,0.6451859011130859,0.7275901136748983,0.8466537877275996,
v3,validation,mixed_damage,14599,pca_r96_l01,1.9317550703512814,0.8209953570364776,1.2799779506306206,0.1793448771779081,0.5132096566205465,0.7604265377554046,0.8943899485267139,
v3,validation,mixed_damage,14599,pca_r64_l001,4.049494403778178,1.7210339731333104,2.630019307198863,0.2614783914656903,1.0435507044545993,0.6900182337337325,0.7583132647654759,
v3,validation,mixed_damage,14599,pca_r64_l1,1.3144942517045552,0.5586596841722445,0.9471304776200368,0.3540995387037212,0.47491396506480127,0.8297065777560101,0.903314568990597,
v3,validation,mixed_damage,14599,template_1,2.295328246877639,0.9755138539476123,1.4300092624471483,0.8079647088582639,0.9702008916430872,0.6978110952994546,0.5421564664374663,
v3,validation,mixed_damage,14599,dictionary_8,2.18920111740926,0.9304098540221434,1.320424457542948,0.8019074516533128,0.9499485166221708,0.6365862377577779,0.5328732557939888,
v3,validation,mixed_damage,14599,dictionary_24,1.9105331017506724,0.8119760263999567,1.2102580597699277,0.7987815922231268,0.9090144805640733,0.7275266711756174,0.576808462569772,
v3,validation,mixed_damage,14599,dictionary_48,2.2607437062417755,0.9608154339858518,1.4057749199162757,0.7892933649056199,0.9505170416532631,0.6628995864709076,0.5493630169727362,
v3,validation,mixed_damage,14599,local_pca_8,4.01899382870432,1.7080712373771536,2.397095911391191,0.5501416306486022,1.1372155853705233,0.34858488081748956,0.47127533463444143,
v3,validation,mixed_damage,14599,local_pca_16,2.1987159813188275,0.9344536684852102,1.5631827020066424,0.5501416306486022,0.7654324420342953,0.6019074010271082,0.7075210729529682,
v3,validation,mixed_damage,14599,local_pca_32,1.7174712903914127,0.7299248113263079,1.263928749529611,0.5501416306486022,0.6841758198696667,0.7514964233810092,0.7795790704163286,
v3,validation,mixed_damage,14599,local_dictionary_8,1.4814594656093378,0.6296198527289663,1.0492593997469473,0.5501416306486022,0.6487757391249522,0.7897867627031853,0.8211482848800149,
v3,validation,mixed_damage,14599,local_dictionary_24,2.55271788170145,1.0849043757497558,1.579416400500799,0.5501416306486022,0.8312718339293743,0.5302284655993404,0.6508402418881442,
v3,test,mixed_damage,16000,zero_fill,3.048418770596791,1.0,1.5486074967777679,0.5380225117515071,0.9231359714377759,,0.7083343165715652,False
v3,test,mixed_damage,16000,linear,3.2772723235364105,1.0750728722533147,1.8487752455204942,0.5380225117515071,0.9709060597545197,-0.004812223434014608,0.5788610765695817,False
v3,test,mixed_damage,16000,pchip,3.3526612299941267,1.0998033676776546,1.9838191960896898,0.5380225117515071,0.9868624736499743,0.009039333319616273,0.5479648414109028,False
v3,test,mixed_damage,16000,autoregression,4.760331556814149,1.5615740208430142,2.8812844391933616,0.5380225117515071,1.2991049774284897,-0.25261675327111655,0.20185003563079806,False
v3,test,mixed_damage,16000,pca_r32_l01,2.786765400125732,0.9141675110405402,1.6768759886225233,0.23874870589466807,0.7340417036787493,0.563838097645111,0.7928804688947081,False
v3,test,mixed_damage,16000,pca_r64_l01,2.7292158124786456,0.8952890064852688,1.5372222125561925,0.1955217350260599,0.7080806002893264,0.6007088808861368,0.8119761503752683,False
v3,test,mixed_damage,16000,pca_r96_l01,2.8011177263237603,0.918875632620312,1.5515915157107991,0.17937005695214192,0.7214943163623334,0.5940542023937662,0.8079536610490715,False
v3,test,mixed_damage,16000,pca_r64_l001,3.3547155309017223,1.100477258327919,1.8849225850229248,0.19066240003772922,0.8587563156643825,0.5585024202112374,0.7632210092168126,False
v3,test,mixed_damage,16000,pca_r64_l1,2.175609763593577,0.7136846763240656,1.2324200310445195,0.26028300081421385,0.5994521692312325,0.7007858901752878,0.8611541632513143,True
v3,test,mixed_damage,16000,template_1,3.7428794045075797,1.227810116053981,1.774051054689918,0.7906836499075522,1.2089989596292554,0.315420924872161,0.3695470264192033,False
v3,test,mixed_damage,16000,dictionary_8,2.722552060359807,0.8931030364397116,1.2838066413430371,0.7873162687450072,1.0219556413693989,0.5784607503067152,0.5284087228765554,False
v3,test,mixed_damage,16000,dictionary_24,2.6414753995793325,0.8665067362323743,1.289773579153684,0.7869946861041086,1.0083340786268569,0.5958864467208799,0.5398224546025914,False
v3,test,mixed_damage,16000,dictionary_48,2.227650418239739,0.7307560364495559,1.1451068095676118,0.7860026558668685,0.9430478848967004,0.7028503538604223,0.5998154049405944,False
v3,test,mixed_damage,16000,local_pca_8,2.9597088591571374,0.9708996964933768,1.9212187368718125,0.5380225117515071,0.9049136657108598,0.5546549699751139,0.6459401022671213,False
v3,test,mixed_damage,16000,local_pca_16,3.0634625278765313,1.0049349378847956,2.055443588834356,0.5380225117515071,0.9262432863108466,0.5514750507501105,0.6341681718689299,False
v3,test,mixed_damage,16000,local_pca_32,2.258263733482973,0.7407983953073715,1.4806765313615182,0.5380225117515071,0.7681869253815873,0.6952438450664379,0.7589188627740825,False
v3,test,mixed_damage,16000,local_dictionary_8,2.4536140154361075,0.8048808907431578,1.5949362802794993,0.5380225117515071,0.8047610314565244,0.6345849230296386,0.7283491421786694,False
v3,test,mixed_damage,16000,local_dictionary_24,2.2963449563000995,0.7532905184974118,1.564970397888969,0.5380225117515071,0.7752105966121364,0.7018485017833211,0.7495228947190731,False
v3,test,mixed_damage,16102,zero_fill,3.097662776895177,1.0,1.3929602788188427,0.2386202015021607,0.8081463623563153,,0.42186864231468785,False
v3,test,mixed_damage,16102,linear,3.127994040844914,1.0097916610471518,1.4379420063394668,0.2386202015021607,0.8154155661392566,-0.02564057511499894,0.3859755573858434,False
v3,test,mixed_damage,16102,pchip,3.1153523332454003,1.0057106139771461,1.4226125609714548,0.2386202015021607,0.8123851522188973,-0.015819530813039828,0.40016302902917344,False
v3,test,mixed_damage,16102,autoregression,4.566985163421893,1.4743325830965481,2.588750683684407,0.2386202015021607,1.1648886076410288,-0.16697691182028054,-0.009480181388757695,False
v3,test,mixed_damage,16102,pca_r32_l01,2.90502517711822,0.9378119525424777,1.303826452151294,0.11328829168796914,0.7344932281509824,0.43785951190708494,0.5821233038939388,False
v3,test,mixed_damage,16102,pca_r64_l01,2.5863142413222504,0.8349244019113478,1.2160335647152654,0.10117303702554545,0.6539572380028412,0.5649170067984043,0.674261162852504,False
v3,test,mixed_damage,16102,pca_r96_l01,2.60662141646921,0.8414800461533312,1.234688496987626,0.09804216730990106,0.6585333708020369,0.5563287640216984,0.6688301887334103,False
v3,test,mixed_damage,16102,pca_r64_l001,2.1480523833350964,0.6934429400633835,1.1099908933709501,0.09743188999106328,0.5452363959421664,0.7580666701817933,0.8056469245388892,False
v3,test,mixed_damage,16102,pca_r64_l1,3.287828463713548,1.0613900545394346,1.4363415365526455,0.114466590500008,0.8293956765288296,0.21157043706896014,0.4373791673777954,True
v3,test,mixed_damage,16102,template_1,5.183802394931383,1.6734560112857626,2.0168566607937235,0.11419464615604982,1.3006588120991063,0.32881809315561955,0.4067808578094714,False
v3,test,mixed_damage,16102,dictionary_8,3.106746332388582,1.0029323900461848,1.2718174169353096,0.09511125610558731,0.7821271092100235,0.5046028008116034,0.6032765999851696,False
v3,test,mixed_damage,16102,dictionary_24,2.907342287532822,0.9385599714785237,1.2036682165920944,0.09612407939814119,0.7327702895723307,0.5166071898275795,0.6224782635048154,False
v3,test,mixed_damage,16102,dictionary_48,2.356925872984563,0.7608723230186265,1.0153692774795888,0.0950483318567424,0.5963751101223586,0.6742420974476607,0.7460579746721989,False
v3,test,mixed_damage,16102,local_pca_8,2.910476561923731,0.9395717905875265,1.3263131825235366,0.2386202015021607,0.76342025721344,0.4487370692762848,0.5258180423505048,False
v3,test,mixed_damage,16102,local_pca_16,2.798805698197465,0.903521751648751,1.31496016827471,0.2386202015021607,0.7368602031905618,0.500418847176077,0.5658847104269497,False
v3,test,mixed_damage,16102,local_pca_32,2.8493786577402944,0.9198479185640276,1.2799360662498125,0.2386202015021607,0.7488763559351711,0.4742542182211001,0.5464189405258699,False
v3,test,mixed_damage,16102,local_dictionary_8,3.298173317557657,1.0647296220098734,1.328561717996315,0.2386202015021607,0.8563016860722648,0.48226863721596297,0.5225746875438919,False
v3,test,mixed_damage,16102,local_dictionary_24,3.212089331124313,1.0369396420690526,1.3159913006549355,0.2386202015021607,0.8355990321169529,0.5903173592222787,0.605404906316782,False
v3,test,mixed_damage,16205,zero_fill,3.306547645966385,1.0,1.4016481807657377,0.3244775389399729,0.8843268073156682,,0.5953767599798152,False
v3,test,mixed_damage,16205,linear,5.196437980108201,1.5715599883906919,2.7056399560576185,0.3244775389399729,1.3365593135982388,-0.1232575445261107,0.15244568863108574,False
v3,test,mixed_damage,16205,pchip,5.384061755152493,1.6283030918125259,2.71202481006926,0.3244775389399729,1.3821949501256117,-0.13043518901585185,0.13453854015198266,False
v3,test,mixed_damage,16205,autoregression,8.772894419418265,2.6531885696914745,5.193601702111307,0.3244775389399729,2.21561167617162,0.5042604686674336,0.4816970248594692,False
v3,test,mixed_damage,16205,pca_r32_l01,2.029549743287181,0.6137972170952996,0.9206315978408132,0.10912061504261547,0.5182712724702095,0.8137634804172733,0.8810889218926939,False
v3,test,mixed_damage,16205,pca_r64_l01,2.092537608255423,0.6328466522501446,0.8859238281584387,0.10362481482943071,0.5326692909119266,0.7877256977600618,0.8696233051408276,False
v3,test,mixed_damage,16205,pca_r96_l01,2.076213356194844,0.6279097047724657,0.8961822991668467,0.10206784720776639,0.5283777993743136,0.7867149818809605,0.8704185177689929,False
v3,test,mixed_damage,16205,pca_r64_l001,2.9894432671743973,0.9040980464386112,1.1850991559627595,0.1034639232630964,0.7540450417129112,0.6629628676653312,0.777337798165385,False
v3,test,mixed_damage,16205,pca_r64_l1,1.8920131352028235,0.572201987626238,0.8231108583765486,0.11100047929970831,0.48505993829702976,0.8198670254490471,0.8903294643581002,True
v3,test,mixed_damage,16205,template_1,2.829934085973362,0.8558576463961021,1.1336958182514736,0.1668940153572642,0.7257035860281105,0.5397625744150826,0.7360501222368875,False
v3,test,mixed_damage,16205,dictionary_8,2.4863567473495785,0.7519494692243898,1.0653245007718426,0.13974954156649136,0.6361465481028843,0.6603999402997996,0.8018086992218363,False
v3,test,mixed_damage,16205,dictionary_24,2.2678703601136423,0.6858725785730589,0.8816640740952751,0.13817035227937224,0.5825376417031494,0.7274184592200081,0.8368012435921559,False
v3,test,mixed_damage,16205,dictionary_48,2.1535174521725087,0.6512888011154344,0.8299474578220908,0.13092948971956198,0.5531034818404772,0.761094677938488,0.8551018792871586,False
v3,test,mixed_damage,16205,local_pca_8,1.459478027349069,0.4413902909064285,0.7811327693263334,0.3244775389399729,0.4814925500113459,0.8978985061256917,0.8946322940585887,False
v3,test,mixed_damage,16205,local_pca_16,1.6035057722174488,0.48494863643460423,0.7460386179284715,0.3244775389399729,0.5093203719592169,0.8794923269106937,0.8954272376921446,False
v3,test,mixed_damage,16205,local_pca_32,1.601673985951686,0.484394648873591,0.7159082519202343,0.3244775389399729,0.5089600092604578,0.8807895594177529,0.8968704054301101,False
v3,test,mixed_damage,16205,local_dictionary_8,1.998268879635468,0.6043369379761185,0.7250325422709771,0.3244775389399729,0.5901463597314076,0.7982127705270367,0.8461164637821815,False
v3,test,mixed_damage,16205,local_dictionary_24,1.9222998210472049,0.581361597311986,0.7537554845695946,0.3244775389399729,0.5741581718669865,0.818207573810587,0.8602588196217812,False
v3,test,mixed_damage,16308,zero_fill,2.7091491342312484,1.0,1.2443839252194036,0.4253517996265579,0.792675506322937,,0.7006932848230552,False
v3,test,mixed_damage,16308,linear,3.048554743184857,1.1252812570061481,1.505983368749848,0.4253517996265579,0.8662977376412714,-0.024116724825168728,0.5273165651668961,False
v3,test,mixed_damage,16308,pchip,3.0944034424436513,1.14220490977944,1.4971012784989646,0.4253517996265579,0.8763987023000145,-0.03988423442552958,0.5104721640569843,False
v3,test,mixed_damage,16308,autoregression,2.929756697056398,1.0814305717015278,1.5239930542559887,0.4253517996265579,0.8402877708570322,0.1291645093419725,0.5667038174439752,False
v3,test,mixed_damage,16308,pca_r32_l01,3.6034166080983896,1.3300916374693783,2.235924593190192,0.43902533481722256,0.996109931203941,0.3408941631574515,0.5472117235630017,False
v3,test,mixed_damage,16308,pca_r64_l01,3.1904429129537513,1.17765495913132,1.9467786794734527,0.2627480574422731,0.8372004727872134,0.4563527917561344,0.6834513478476577,False
v3,test,mixed_damage,16308,pca_r96_l01,2.6701835824318794,0.9856170517499304,1.523247496613656,0.21839539825681836,0.7002378441280264,0.5528475367937938,0.7620355437474456,False
v3,test,mixed_damage,16308,pca_r64_l001,6.4873006887198,2.3945897280994997,3.772405095015877,0.2519603653906092,1.6400710848119686,0.20222217433334888,0.41148368261439294,False
v3,test,mixed_damage,16308,pca_r64_l1,1.7881549467656408,0.6600430091394913,0.9568523032564524,0.33213984597221463,0.5506956551081056,0.75509768050175,0.8487510055594978,True
v3,test,mixed_damage,16308,template_1,1.9859141748497187,0.7330398130382897,1.0721008042168003,0.6240744705727558,0.7820601512263546,0.7514292976023734,0.6673624935419699,False
v3,test,mixed_damage,16308,dictionary_8,2.091389935082112,0.771972981722015,0.9582112420774186,0.6170232851748577,0.7939095460631193,0.6991212090362662,0.6465213560309715,False
v3,test,mixed_damage,16308,dictionary_24,2.0015463175995523,0.7388099430589352,0.8746871939821452,0.6168061590747168,0.7791395586472257,0.722161464783807,0.6599925823332131,False
v3,test,mixed_damage,16308,dictionary_48,2.096742448152866,0.7739486991172378,0.9819433666994433,0.6154594846891852,0.7936539136052249,0.7090829171477584,0.651652592985254,False
v3,test,mixed_damage,16308,local_pca_8,2.2729433853436656,0.8389879156610693,1.3943928204051848,0.4253517996265579,0.7017894063864883,0.6296535062741035,0.7244445527553734,False
v3,test,mixed_damage,16308,local_pca_16,2.583718520404582,0.9537011040692454,1.540023756019473,0.4253517996265579,0.7660557948986529,0.5526407836944975,0.6678845019445172,False
v3,test,mixed_damage,16308,local_pca_32,1.8917674448360022,0.6982884112700619,1.1960584553617255,0.4253517996265579,0.6271286932831555,0.7213657461173977,0.798983072826312,False
v3,test,mixed_damage,16308,local_dictionary_8,1.5856462327568317,0.5852930769744341,0.7029253384369609,0.4253517996265579,0.5716279535862467,0.8121883300213002,0.854707909977582,False
v3,test,mixed_damage,16308,local_dictionary_24,1.618805152524286,0.5975326836274889,0.7273854558487576,0.4253517996265579,0.5774075912820622,0.8052738689616811,0.8559349291962601,False
v3,test,mixed_damage,16411,zero_fill,3.7132320032127333,1.0,1.6147590344444818,0.23929079519944682,0.9567847583080992,,0.38161088460822656,False
v3,test,mixed_damage,16411,linear,3.739543634211067,1.007085910865674,1.667129647459011,0.23929079519944682,0.9631682051365777,0.003928116367157277,0.35076993669159456,False
v3,test,mixed_damage,16411,pchip,3.7619648802323975,1.0131241131654312,1.7296545239634726,0.23929079519944682,0.9686098618029124,0.011232542139882975,0.330198840343597,False
v3,test,mixed_damage,16411,autoregression,4.341770514344378,1.1692699272730134,2.4792230975622003,0.23929079519944682,1.1098950532943983,0.18382225197462213,0.27998820505108024,False
v3,test,mixed_damage,16411,pca_r32_l01,2.734343737147154,0.736378371936191,1.180963011713997,0.10216092941178063,0.6907056403305085,0.6804243593953865,0.7408445236806047,False
v3,test,mixed_damage,16411,pca_r64_l01,2.6197070486047718,0.7055058898388707,1.1377498881791288,0.10049180579519319,0.6621151743649479,0.7153837073700448,0.7668293376514451,False
v3,test,mixed_damage,16411,pca_r96_l01,2.596681401006963,0.6993049178613895,1.1253454703816603,0.09928898574246268,0.6562501827943549,0.7209836173984581,0.7713139708205988,False
v3,test,mixed_damage,16411,pca_r64_l001,2.159104163302751,0.5814622305944439,1.012297769092967,0.10037007120248935,0.5484548212871073,0.8139736949353185,0.8450024020661793,False
v3,test,mixed_damage,16411,pca_r64_l1,2.878502637074217,0.7752013972150681,1.1699037398399508,0.10266018769962743,0.7264581949311099,0.6430056189855996,0.7106454394073218,True
v3,test,mixed_damage,16411,template_1,4.570563997078853,1.230885652478581,1.7571929266708128,0.1263622774693084,1.1491727086501695,0.0828661518051296,0.2684717954804963,False
v3,test,mixed_damage,16411,dictionary_8,2.517008815233683,0.6778485193103841,0.9825529754274492,0.10271975008854042,0.6370637518057873,0.7485345387175614,0.7893154252592618,False
v3,test,mixed_damage,16411,dictionary_24,2.3172255469611147,0.6240454528443747,0.9310722977426107,0.10030575339314116,0.587391101500191,0.8000383401068699,0.8281430529933407,False
v3,test,mixed_damage,16411,dictionary_48,2.55453491808979,0.6879545678480568,1.0183291572551953,0.09904300405199738,0.6457936685541805,0.7320624030357751,0.7791390788741376,False
v3,test,mixed_damage,16411,local_pca_8,2.807015244779288,0.7559493299504649,1.235428170200452,0.23929079519944682,0.7390126797978115,0.6550664183998395,0.6966051935331217,False
v3,test,mixed_damage,16411,local_pca_16,2.6119993153623837,0.7034301420171027,1.1556886210065414,0.23929079519944682,0.6928853482657373,0.7131036334964296,0.7434617560852618,False
v3,test,mixed_damage,16411,local_pca_32,2.6258644894516037,0.7071641328038953,1.0963968512848703,0.23929079519944682,0.6961530716628835,0.7100613232939709,0.7415091363523836,False
v3,test,mixed_damage,16411,local_dictionary_8,2.426809759924641,0.6535572670452414,0.963106375824399,0.23929079519944682,0.6494375874975038,0.7737428935441046,0.7957795216405625,False
v3,test,mixed_damage,16411,local_dictionary_24,2.948743087626889,0.7941176541286946,1.2127955791572098,0.23929079519944682,0.7727381132551924,0.6088070737609169,0.6624646407746304,False
v3,test,mixed_damage,16514,zero_fill,3.512418879640777,1.0,1.356929741303039,0.3207010813689283,0.9313909000764988,,0.5614734029465592,False
v3,test,mixed_damage,16514,linear,4.447647587515022,1.2662634326717586,2.0133853000391633,0.3207010813689283,1.1544562252581352,-0.18990069091637024,0.20516461415379636,False
v3,test,mixed_damage,16514,pchip,4.152740009647125,1.1823020408294342,1.632181637614999,0.3207010813689283,1.083627799961546,-0.27675345805876594,0.2608861594385526,False
v3,test,mixed_damage,16514,autoregression,8.39890774746039,2.391203337433195,4.7288477260577455,0.3207010813689283,2.122563148415998,-0.07411597831804322,0.05733123579321058,False
v3,test,mixed_damage,16514,pca_r32_l01,2.8655949293880734,0.8158465796884523,1.2870787759074378,0.11644892817002504,0.7252171912784927,0.6131113764506854,0.7597310051534079,False
v3,test,mixed_damage,16514,pca_r64_l01,3.1837460186675623,0.9064254941577957,1.435452106706143,0.09916225437061876,0.8017066172297501,0.5033887424873374,0.7000627659708774,False
v3,test,mixed_damage,16514,pca_r96_l01,3.2972134520379512,0.9387301358473409,1.3981643183806494,0.09401103951147713,0.8293140117572493,0.4735573315211692,0.6806431346927085,False
v3,test,mixed_damage,16514,pca_r64_l001,2.9003121152107987,0.825730704279616,1.5449132619916415,0.098777387131708,0.7313585367642469,0.634997382043865,0.7675586342026998,False
v3,test,mixed_damage,16514,pca_r64_l1,3.157607333789258,0.8989837038207111,1.3031907266569873,0.11662016331792355,0.7974368318158574,0.488095263047464,0.694168524979925,True
v3,test,mixed_damage,16514,template_1,1.5493758277663732,0.44111362592517195,0.7704753763633653,0.19926745426414047,0.4327368015463039,0.8986697875865636,0.9193243375587549,False
v3,test,mixed_damage,16514,dictionary_8,1.932791938455831,0.550273758536881,0.8846231796594224,0.15831623403405196,0.5069297983165864,0.8597876548217352,0.8950951125609787,False
v3,test,mixed_damage,16514,dictionary_24,2.1972304204160698,0.6255604743363598,0.9584788043339101,0.1573708862662869,0.5700496391798552,0.8082138487937907,0.8620222746135563,False
v3,test,mixed_damage,16514,dictionary_48,2.387285820113399,0.6796700228298375,0.9399593650628848,0.15020214832776585,0.6142853503944974,0.750906278995785,0.8334127305049989,False
v3,test,mixed_damage,16514,local_pca_8,2.673266656663666,0.7610899349615918,1.1646822043493952,0.3207010813689283,0.7369316611590306,0.6525312545664532,0.7398594967063443,False
v3,test,mixed_damage,16514,local_pca_16,2.572532118816483,0.7324104006295462,1.082803905557281,0.3207010813689283,0.7141716905010667,0.6800357724362338,0.7704854310516317,False
v3,test,mixed_damage,16514,local_pca_32,2.5539118968152277,0.7271091473794897,1.0606567680493069,0.3207010813689283,0.7099825583492506,0.6870738928337566,0.7761851913776648,False
v3,test,mixed_damage,16514,local_dictionary_8,2.9106730852561427,0.8286805147664574,1.1889382402968414,0.3207010813689283,0.7911524648851869,0.5595900651284177,0.7106272334700424,False
v3,test,mixed_damage,16514,local_dictionary_24,2.646805279661027,0.7535562728588117,1.0625145111966248,0.3207010813689283,0.7309375803680798,0.6660392427133748,0.770499631922087,False
v3,test,mixed_damage,16616,zero_fill,2.9269838303876012,1.0,1.183421608174101,0.2704326611880986,0.7771840880266733,,0.5432227692798357,False
v3,test,mixed_damage,16616,linear,3.623372417688473,1.2379202030674197,1.8518772752613264,0.2704326611880986,0.9429287831281573,-0.008642775138423158,0.2857812440733499,False
v3,test,mixed_damage,16616,pchip,3.819883559752907,1.3050579644804752,1.994891176199028,0.2704326611880986,0.9902183399896489,-0.024022897230104992,0.2509551731324121,False
v3,test,mixed_damage,16616,autoregression,5.886352149769813,2.0110641161247282,3.362234977663725,0.2704326611880986,1.4947020814082579,0.3333635441689112,0.37785060860135106,False
v3,test,mixed_damage,16616,pca_r32_l01,1.650551227593775,0.5639085568078466,0.9017986032391712,0.1316943697886688,0.431890499752385,0.8731045898420696,0.9001257243961986,False
v3,test,mixed_damage,16616,pca_r64_l01,1.85454729430255,0.6336035324311868,0.9754237933162192,0.11636688483506619,0.4771310384146433,0.869185175647376,0.8929436784120633,False
v3,test,mixed_damage,16616,pca_r96_l01,1.8356249773996025,0.6271387488862632,1.020343699409532,0.11471098925041368,0.472155841822606,0.8680390365620528,0.8933068391104492,False
v3,test,mixed_damage,16616,pca_r64_l001,2.9264225765490015,0.9998082483979676,1.6136337196242758,0.11352066382674605,0.7398164135982772,0.7488810660164293,0.7928803685047231,False
v3,test,mixed_damage,16616,pca_r64_l1,1.3392754204191433,0.4575616054024432,0.6761006244773216,0.14642892132893398,0.3636000624623674,0.8942394165873614,0.9188800720728156,True
v3,test,mixed_damage,16616,template_1,4.140742507823058,1.4146789827925788,1.7023114162724453,0.16857937290494,1.0479752379776242,0.5678827004667859,0.6429262444260878,False
v3,test,mixed_damage,16616,dictionary_8,2.4072137651813548,0.8224212720924335,1.013330911195236,0.1540340650816183,0.6200088461749014,0.7598879133217834,0.8148217349147844,False
v3,test,mixed_damage,16616,dictionary_24,2.2662074069545555,0.7742466437385329,0.9375721109426012,0.15391981041714575,0.5858255730120551,0.7739806843877007,0.8276469645125435,False
v3,test,mixed_damage,16616,dictionary_48,1.8159482461494416,0.6204162207172041,0.7873608111461696,0.15030534260475445,0.47674308286317996,0.8320050635455885,0.8738413628670425,False
v3,test,mixed_damage,16616,local_pca_8,1.2572546437536247,0.42953931986263644,0.6267303687684357,0.2704326611880986,0.4090917228140292,0.9118046773358044,0.8925940784468105,False
v3,test,mixed_damage,16616,local_pca_16,1.2424065580138715,0.42446649179108986,0.6460719702183213,0.2704326611880986,0.40624664759809326,0.9084147900892667,0.8941122129964367,False
v3,test,mixed_damage,16616,local_pca_32,1.187914031276323,0.4058491949779632,0.6080928608012244,0.2704326611880986,0.39592826917119084,0.9149437996972445,0.9005934732154712,False
v3,test,mixed_damage,16616,local_dictionary_8,3.1534121608698724,1.0773589276891518,1.2792602975237208,0.2704326611880986,0.8307005936211747,0.6874359194357342,0.6901961486987779,False
v3,test,mixed_damage,16616,local_dictionary_24,2.9368080774077776,1.003356440482582,1.2081493883897214,0.2704326611880986,0.779496995146819,0.6844533860709718,0.6956488862570972,False
v3,test,mixed_damage,16719,zero_fill,2.9024096914265964,1.0,1.3014653520549255,0.5433311498737892,0.8962460980819749,,0.7330951772817378,False
v3,test,mixed_damage,16719,linear,2.917601259770522,1.0052341226632475,1.3454453202180001,0.5433311498737892,0.8993236412494303,0.011497289715808585,0.7223696588590958,False
v3,test,mixed_damage,16719,pchip,2.9199343206094333,1.0060379584710604,1.3508018936932387,0.5433311498737892,0.8997967656997775,-0.007661283719320432,0.72205456714832,False
v3,test,mixed_damage,16719,autoregression,2.9666859791007303,1.022145835532454,1.3292288152914957,0.5433311498737892,0.9093045685763265,-0.21595749876292647,0.7063816281135746,False
v3,test,mixed_damage,16719,pca_r32_l01,4.413727042226535,1.5207112404786292,2.7272004987379463,0.6668438631164655,1.278456038301747,0.4885184371044595,0.5094344481261108,False
v3,test,mixed_damage,16719,pca_r64_l01,2.768037477728595,0.9537032231890203,1.8268056134882582,0.32801116000162117,0.7614091087579913,0.5876273505687786,0.7797099899421884,False
v3,test,mixed_damage,16719,pca_r96_l01,2.440439483321673,0.8408321852460963,1.5828047449370901,0.256273996347319,0.658639235935194,0.6776565371534475,0.835934742199477,False
v3,test,mixed_damage,16719,pca_r64_l001,7.250422543630187,2.498069988205714,4.021865356777501,0.30758045308453363,1.8369082905791752,0.44259103946668077,0.5407716177484527,False
v3,test,mixed_damage,16719,pca_r64_l1,2.0457166470591535,0.7048338672179805,1.2090886259950009,0.4601880872556677,0.678304537746293,0.7183829286257942,0.8353276493504456,True
v3,test,mixed_damage,16719,template_1,2.6717396136807054,0.9205246321953564,1.3073455627985704,0.7917927896913122,1.0168035051823552,0.676257963132559,0.5752189528726059,False
v3,test,mixed_damage,16719,dictionary_8,2.386643978705158,0.8222974123036613,1.0309579605577852,0.7691751516957059,0.9542839491891707,0.6251042456483025,0.5865272577052925,False
v3,test,mixed_damage,16719,dictionary_24,2.938204571611618,1.0123328144509562,1.1907788122841025,0.7626082305663138,1.0415317987389918,0.49255132207770724,0.516599811892972,False
v3,test,mixed_damage,16719,dictionary_48,2.7906234116975783,0.9614850101764673,1.211976037686401,0.7531748158714723,1.009228157271066,0.5809111916244378,0.5617996328796523,False
v3,test,mixed_damage,16719,local_pca_8,1.9993062653866194,0.6888435741144172,1.2478321805930594,0.5433311498737892,0.7256616213481407,0.7290826226032574,0.801819110234551,False
v3,test,mixed_damage,16719,local_pca_16,3.0029508225886112,1.0346405717493992,1.9982850537994994,0.5433311498737892,0.9167144020642833,0.5183910921837626,0.6341665641035827,False
v3,test,mixed_damage,16719,local_pca_32,1.8798102234606278,0.6476722528226747,1.2013113994022033,0.5433311498737892,0.7054173211907395,0.7622180591058626,0.8293979632612493,False
v3,test,mixed_damage,16719,local_dictionary_8,1.3389215766805425,0.4613137768370784,0.7986491417043479,0.5433311498737892,0.6235403988941053,0.8906414067861397,0.8816125545582307,False
v3,test,mixed_damage,16719,local_dictionary_24,1.600872569669861,0.5515667117563261,1.0136990770210068,0.5433311498737892,0.6610088908568568,0.834130644947505,0.8494010466489005,False
v3,test,mixed_damage,16822,zero_fill,3.1041699629679522,1.0,1.6242113541599696,0.23584301528784332,0.8089422135145604,,0.42637925724448317,False
v3,test,mixed_damage,16822,linear,3.1033623298739577,0.999739823172175,1.618899130704454,0.23584301528784332,0.8087485188696503,0.02613181447530528,0.4259233084471158,False
v3,test,mixed_damage,16822,pchip,3.1035736488389567,0.9998078990080732,1.62475476355508,0.23584301528784332,0.8087991991089509,0.030555797890956506,0.4248029614652603,False
v3,test,mixed_damage,16822,autoregression,5.03007835044791,1.6204262042528634,2.873994700189435,0.23584301528784332,1.278084923076947,-0.17853701349355633,-0.03312383363124954,False
v3,test,mixed_damage,16822,pca_r32_l01,2.501165614474243,0.8057437718657756,1.2510262651370485,0.09471133529587539,0.631980171095741,0.5969813392729842,0.7002815260766297,False
v3,test,mixed_damage,16822,pca_r64_l01,2.4550716183977244,0.7908947150723624,1.2556462543961098,0.08726254384628011,0.6195561881722209,0.6135973482816983,0.7130910550298224,False
v3,test,mixed_damage,16822,pca_r96_l01,2.5265374209197202,0.8139172310346218,1.2703928951297692,0.08509882387485719,0.6369859931093917,0.5852525205813517,0.69417245921846,False
v3,test,mixed_damage,16822,pca_r64_l001,2.2570474519082744,0.7271017627366869,1.2293813622681937,0.08610311944768538,0.5703874455055183,0.6866915093086595,0.7633098603319199,False
v3,test,mixed_damage,16822,pca_r64_l1,2.860883094369247,0.9216257899853865,1.3691208067522118,0.09372304294569776,0.7209547580870095,0.43102958815876063,0.5910139110561277,True
v3,test,mixed_damage,16822,template_1,2.332337813540513,0.7513563501241161,1.2007098602319104,0.11381680574811803,0.5934071987014647,0.6635372250408734,0.7425503402758046,False
v3,test,mixed_damage,16822,dictionary_8,2.5933030981605985,0.8354256142859829,1.2057936626096075,0.08571968826059052,0.6536168092459521,0.5670575082153188,0.6796708941967298,False
v3,test,mixed_damage,16822,dictionary_24,2.063420080565452,0.6647252261253696,1.0195667866895297,0.08427481306018672,0.5222688538139191,0.7492482255564017,0.8069319781788605,False
v3,test,mixed_damage,16822,dictionary_48,1.9391810492301713,0.6247019565178982,0.986740230491172,0.08232658537732153,0.49130490415778016,0.7856242664255121,0.8326421101806211,False
v3,test,mixed_damage,16822,local_pca_8,2.2254368399427933,0.7169184891586972,1.1859732621813968,0.23584301528784332,0.601399308201064,0.6977307076464054,0.7369706237944684,False
v3,test,mixed_damage,16822,local_pca_16,2.416411097248535,0.7784403322227116,1.2636819834860284,0.23584301528784332,0.6458217395693837,0.6322853430202511,0.6817584827797972,False
v3,test,mixed_damage,16822,local_pca_32,2.396614173828884,0.7720628066181784,1.244754487614308,0.23584301528784332,0.6411946085286059,0.6386494831356604,0.6874154497829017,False
v3,test,mixed_damage,16822,local_dictionary_8,2.26208579108489,0.7287248501438592,1.0707813435757547,0.23584301528784332,0.6098852886060359,0.6849100290221771,0.7266169696243923,False
v3,test,mixed_damage,16822,local_dictionary_24,2.958851386774731,0.9531860117432875,1.3175749720979204,0.23584301528784332,0.7741580283976133,0.4254742072033525,0.5138792163163349,False
v3,test,mixed_damage,16925,zero_fill,4.057778797743427,1.0,1.6823071045730482,0.32953761447120683,1.0634405943001322,,0.527989282172697,False
v3,test,mixed_damage,16925,linear,5.302850074776668,1.3068356702257005,2.596922854028843,0.32953761447120683,1.3635694084330083,-0.13749176190311074,0.15593541672004402,False
v3,test,mixed_damage,16925,pchip,5.103842667896005,1.2577922361697749,2.3119907784536164,0.32953761447120683,1.3152503461534049,-0.1615865142113588,0.17287677972611581,False
v3,test,mixed_damage,16925,autoregression,9.865164418141607,2.4311735335666222,5.439528048227275,0.32953761447120683,2.4868453232363215,-0.34124342931583534,-0.16666551926626613,False
v3,test,mixed_damage,16925,pca_r32_l01,3.0124830844641655,0.742397068598081,1.559800389342925,0.12898056490505994,0.7634049599504494,0.669199451232561,0.7805894267661752,False
v3,test,mixed_damage,16925,pca_r64_l01,3.2237101453789774,0.7944519171847703,1.5413791443445792,0.10649688095166572,0.8124973417727995,0.6091285089026326,0.7473835803908769,False
v3,test,mixed_damage,16925,pca_r96_l01,3.131838329212174,0.7718110043242924,1.427725975371735,0.10111857350496864,0.7890574206346496,0.6358219107452969,0.7634145263902954,False
v3,test,mixed_damage,16925,pca_r64_l001,2.8299658673833323,0.6974174809521667,1.621994546674677,0.10624914289400772,0.7149318156317586,0.717798397869965,0.8114439764611576,False
v3,test,mixed_damage,16925,pca_r64_l1,3.321996092298859,0.8186735299978047,1.4512744099630648,0.11596529658494951,0.8380549388103019,0.5753743557369533,0.7275406369777775,True
v3,test,mixed_damage,16925,template_1,2.735673993401169,0.6741801684513966,1.154739000098864,0.19532131286701182,0.709584756524586,0.7634944524827969,0.820614868558592,False
v3,test,mixed_damage,16925,dictionary_8,2.9242207969774783,0.7206456888689122,1.1890041895663508,0.19008100297840116,0.7538662466277888,0.7308063535808162,0.79633015497636,False
v3,test,mixed_damage,16925,dictionary_24,2.5155452575613,0.619931588917617,1.037498680835599,0.16021257736083114,0.6477359122362365,0.8422412171011525,0.8644472382703396,False
v3,test,mixed_damage,16925,dictionary_48,2.866314978645596,0.7063753648275711,1.1720645637168317,0.15013210214544828,0.7311744096925197,0.7338896899419433,0.8088234151679512,False
v3,test,mixed_damage,16925,local_pca_8,2.785333568928945,0.6864182863979421,1.2028777016829522,0.32953761447120683,0.7659556400533689,0.7519543095354193,0.8159871988932537,False
v3,test,mixed_damage,16925,local_pca_16,2.9779792224909287,0.7338939284090631,1.221628130546895,0.32953761447120683,0.8099878795334796,0.6961999295206982,0.7799325922389737,False
v3,test,mixed_damage,16925,local_pca_32,2.9610114097546854,0.7297123764857105,1.205748221289498,0.32953761447120683,0.8060906493289091,0.7048437223534154,0.7862019321395715,False
v3,test,mixed_damage,16925,local_dictionary_8,2.033012932861998,0.5010162047257425,0.8994509339982844,0.32953761447120683,0.600107655730138,0.8745081670638297,0.8904074145886046,False
v3,test,mixed_damage,16925,local_dictionary_24,2.582230203190962,0.6363654432387904,1.0852430047443962,0.32953761447120683,0.7201058261005047,0.7952301077934629,0.8431739473516464,False
v3,test,mixed_damage,17028,zero_fill,3.5248231354317725,1.0,1.6166553785242608,0.2505669110932902,0.9139931205326972,,0.4390034966781284,False
v3,test,mixed_damage,17028,linear,3.6316460753980735,1.0303059007110198,1.6895316693510067,0.2505669110932902,0.9397675866596192,0.0008953833599672586,0.35664472045009493,False
v3,test,mixed_damage,17028,pchip,3.655510483472465,1.0370762852544329,1.6819245638150413,0.2505669110932902,0.9455327053042503,-0.014025101445336337,0.3427702680638033,False
v3,test,mixed_damage,17028,autoregression,4.300388540414337,1.220029594445896,2.508323114169154,0.2505669110932902,1.1021314081289675,0.3165517390562229,0.39696811579764935,False
v3,test,mixed_damage,17028,pca_r32_l01,3.1559201026138743,0.8953414061801687,1.3744543662137025,0.11569271018127648,0.7968925485094706,0.5318527756512805,0.6442723870216744,False
v3,test,mixed_damage,17028,pca_r64_l01,3.237698603004491,0.9185421448409468,1.4531130468440785,0.10881393839041531,0.8162528461557474,0.5362655681015769,0.6421049118485229,False
v3,test,mixed_damage,17028,pca_r96_l01,3.1990787707756048,0.9075856143300461,1.4576321605190592,0.10745756628899777,0.8065091409090813,0.5518718921337697,0.6535367109531505,False
v3,test,mixed_damage,17028,pca_r64_l001,4.846816239065247,1.3750523225817222,1.9469807106938006,0.10794972191972882,1.2162037450660965,0.2459957249010139,0.38519717981854895,False
v3,test,mixed_damage,17028,pca_r64_l1,2.504887563239236,0.7106420569190913,1.151143633000581,0.12570249369890626,0.6379399686834984,0.7325036120271141,0.7879012780650531,True
v3,test,mixed_damage,17028,template_1,2.38841463930019,0.6775984347389452,1.237636652689114,0.14619927058353327,0.6136539074475742,0.7417845995312389,0.7970416281179769,False
v3,test,mixed_damage,17028,dictionary_8,2.640020538964293,0.7489795764294155,1.1986963259079029,0.12050439812884264,0.6702391408892443,0.6815136658002399,0.7566813665091761,False
v3,test,mixed_damage,17028,dictionary_24,1.9348880185047694,0.5489319447138036,0.9284383734084423,0.11897553798331233,0.49724989465368363,0.836190833337906,0.8691447439305662,False
v3,test,mixed_damage,17028,dictionary_48,1.6285271778079387,0.462016707005202,0.8307799446743009,0.11306013392631784,0.4215921961082952,0.8904043787655536,0.9089122559068347,False
v3,test,mixed_damage,17028,local_pca_8,2.1620380139543696,0.6133748931177312,1.1053901434968778,0.2505669110932902,0.592461234375626,0.8108198795479967,0.834160422419787,False
v3,test,mixed_damage,17028,local_pca_16,2.2601848407218896,0.6412193616191266,1.1239605130029935,0.2505669110932902,0.6149284596729285,0.7982684783254651,0.82574107471983,False
v3,test,mixed_damage,17028,local_pca_32,2.2189379542226333,0.6295175300904353,1.0947138490894677,0.2505669110932902,0.6054668807370999,0.8104124621381051,0.8348736678818004,False
v3,test,mixed_damage,17028,local_dictionary_8,1.9790059177521637,0.5614482888117295,0.8757518844361528,0.2505669110932902,0.5510343158847152,0.8376121037730455,0.8521082733778413,False
v3,test,mixed_damage,17028,local_dictionary_24,2.0881556338011777,0.592414300964746,0.9323037539490424,0.2505669110932902,0.5756599802073971,0.8076284850668074,0.8262845824908509,False
v3,test,mixed_damage,17131,zero_fill,2.775518967978385,1.0,1.4841611987486851,0.4255995283151998,0.8070211397145836,,0.6973540495965499,False
v3,test,mixed_damage,17131,linear,2.984137342385374,1.0751637357963872,1.5845576855778636,0.4255995283151998,0.8522800323159142,-0.0010999586403833991,0.5776670922097159,False
v3,test,mixed_damage,17131,pchip,3.0843582398043643,1.111272621585047,1.685223518231365,0.4255995283151998,0.8742957926590436,0.009151565809904944,0.5364785802305341,False
v3,test,mixed_damage,17131,autoregression,4.131572710254906,1.4885766438354535,2.4826239938499484,0.4255995283151998,1.11206220143184,0.10962492051636626,0.3643499051130001,False
v3,test,mixed_damage,17131,pca_r32_l01,3.4571487320969774,1.2455864189662065,2.078910627577968,0.24748532589679073,0.8968908850110108,0.6611182628350253,0.7477931326936792,False
v3,test,mixed_damage,17131,pca_r64_l01,3.0345237174802797,1.0933175930303756,1.6997490555070789,0.1640872054812093,0.7750888399479533,0.6822637318672465,0.792396732684113,False
v3,test,mixed_damage,17131,pca_r96_l01,2.5571828725716093,0.9213350375458591,1.4550996606982252,0.13942548637630636,0.6533938435939035,0.7363456112906525,0.8382654322208838,False
v3,test,mixed_damage,17131,pca_r64_l001,5.799326530599029,2.089456637661931,2.9295542050881815,0.16125568487473918,1.4582146435598073,0.5860286876649828,0.6475452688997744,False
v3,test,mixed_damage,17131,pca_r64_l1,1.6383108273379745,0.5902718901363795,1.0556373171905895,0.21278943204617762,0.4584793140665442,0.807441952026254,0.8976160048561955,True
v3,test,mixed_damage,17131,template_1,2.4500278970117537,0.8827278520803227,1.33434697621318,0.6194105769540441,0.8572367904630392,0.749000922612859,0.6636470769539492,False
v3,test,mixed_damage,17131,dictionary_8,1.55583467089026,0.5605563099514643,0.9507129557173003,0.6129209579444026,0.709564260367607,0.8568266316118944,0.7389054937745223,False
v3,test,mixed_damage,17131,dictionary_24,1.591438502185409,0.5733841204279613,0.9531497224698706,0.6127309641931634,0.7143294505799823,0.8564219349865376,0.7382236548680049,False
v3,test,mixed_damage,17131,dictionary_48,1.717875929496001,0.6189386378963415,1.0511133543871451,0.610883451830658,0.7309572740997694,0.8151304785140253,0.7190761502677646,False
v3,test,mixed_damage,17131,local_pca_8,1.2987038652315812,0.46791388573270065,0.8752011412880503,0.4255995283151998,0.5246222514283049,0.8847107859881499,0.8729610831162832,False
v3,test,mixed_damage,17131,local_pca_16,2.023845220390681,0.7291772254991277,1.2986384566628422,0.4255995283151998,0.6525418498854122,0.7528484642210453,0.7760871523963221,False
v3,test,mixed_damage,17131,local_pca_32,1.3978195737418233,0.5036245797159723,1.0419116637233468,0.4255995283151998,0.5403080104363842,0.8661824416698317,0.8618203445833725,False
v3,test,mixed_damage,17131,local_dictionary_8,1.5929093614803749,0.5739140607064949,1.1074493087383508,0.4255995283151998,0.5730611121110701,0.8627401261290754,0.8322716241422097,False
v3,test,mixed_damage,17131,local_dictionary_24,1.5683658390373678,0.565071201865979,1.1312744119447293,0.4255995283151998,0.5688143250762498,0.8669010564222567,0.8349116823402434,False
v3,test,mixed_damage,17233,zero_fill,3.268782284356112,1.0,1.6759712572987473,0.24301991942391044,0.8503976217435147,,0.42255033839202083,False
v3,test,mixed_damage,17233,linear,3.279499728469285,1.0032787268104288,1.7179539878653605,0.24301991942391044,0.8529726947410954,0.005434736673520424,0.40802939048186826,False
v3,test,mixed_damage,17233,pchip,3.2778487726755534,1.002773659280654,1.7147289661039673,0.24301991942391044,0.8525759788386419,0.013667027090526198,0.4093792514600342,False
v3,test,mixed_damage,17233,autoregression,5.755306758587597,1.760688310791333,3.2042861504884814,0.24301991942391044,1.457940244488696,-0.09760018404459342,0.01061796049734882,False
v3,test,mixed_damage,17233,pca_r32_l01,2.9812275553060044,0.9120300148387673,1.5203827141686443,0.11697242233217889,0.753863214976268,0.47793893327444376,0.6072143106284132,False
v3,test,mixed_damage,17233,pca_r64_l01,2.853465517449051,0.8729445001905747,1.5184539131586763,0.10664905751209458,0.7208014541681214,0.5242616305180271,0.6426345065527508,False
v3,test,mixed_damage,17233,pca_r96_l01,2.869043545568775,0.8777101978616243,1.4644869541186734,0.10311094770400507,0.7241757762888147,0.5138806453549289,0.6371027378575521,False
v3,test,mixed_damage,17233,pca_r64_l001,3.5435150597035845,1.0840474376841496,1.796309856650926,0.10247860890405264,0.891418355683435,0.4478805399657194,0.5561039216318532,False
v3,test,mixed_damage,17233,pca_r64_l1,3.0720538538237756,0.939815988518462,1.4940148735517378,0.11970069916654962,0.7767093544848325,0.4013085216317607,0.5630946159937659,True
v3,test,mixed_damage,17233,template_1,3.0716670528039858,0.9396976566792199,1.5474640874945285,0.13035980231879973,0.7782208737799986,0.4913436322207618,0.6057606205519559,False
v3,test,mixed_damage,17233,dictionary_8,2.628185543499723,0.8040258771830152,1.2727506607665082,0.10653698071370485,0.6650945033863055,0.6077575189708073,0.7018609848211178,False
v3,test,mixed_damage,17233,dictionary_24,3.329387300824374,1.0185405484967012,1.5721943656133708,0.10465531883856678,0.8384923536960789,0.3568260199964643,0.5186166222165063,False
v3,test,mixed_damage,17233,dictionary_48,2.787797361566139,0.8528550142076172,1.3462596700416705,0.10100878917014819,0.7037780083902265,0.5599260759137703,0.6669290800209347,False
v3,test,mixed_damage,17233,local_pca_8,2.770349118721704,0.8475171723672659,1.4120945933787565,0.24301991942391044,0.7314674658757123,0.548592053481491,0.615309531561271,False
v3,test,mixed_damage,17233,local_pca_16,2.824453425570652,0.8640689956893277,1.440057927668275,0.24301991942391044,0.7442873005336149,0.543728168186984,0.6052118736676164,False
v3,test,mixed_damage,17233,local_pca_32,2.863374080870216,0.8759757707247384,1.4450008760244601,0.24301991942391044,0.7535246904361949,0.5261990176060507,0.5922166757022459,False
v3,test,mixed_damage,17233,local_dictionary_8,2.5524185838290774,0.7808469215109735,1.2081112751196141,0.24301991942391044,0.6801066481455358,0.6395130144995789,0.6810641300702446,False
v3,test,mixed_damage,17233,local_dictionary_24,2.583041945864462,0.7902153527405305,1.2335546866022462,0.24301991942391044,0.6872947835830401,0.6167390769003229,0.6701851891532071,False
v3,test,mixed_damage,17336,zero_fill,2.303941578950633,1.0,1.1733665744487602,0.3205617059202919,0.6542908331141555,,0.7228010507481353,False
v3,test,mixed_damage,17336,linear,4.212323103762829,1.8283115953319438,2.222515495099543,0.3205617059202919,1.0978690450149333,-0.22400383669627102,0.21228897427723073,False
v3,test,mixed_damage,17336,pchip,4.375535971240772,1.8991523097706673,2.2206069421236987,0.3205617059202919,1.1370661850008954,-0.23061901924716335,0.1910534257486974,False
v3,test,mixed_damage,17336,autoregression,8.031530505325437,3.4859957295373465,4.639001741797443,0.3205617059202919,2.0317307795250428,0.08350768892557628,0.20107051048128805,False
v3,test,mixed_damage,17336,pca_r32_l01,1.6265544329619925,0.7059877072502997,0.9006789721340813,0.12512592612453877,0.4243028682598199,0.7917345333811155,0.8944893648482248,False
v3,test,mixed_damage,17336,pca_r64_l01,1.6200199629201042,0.7031514938230198,0.9065489463418017,0.10609735758350376,0.4178302899767354,0.7949158509464407,0.8978175806797009,False
v3,test,mixed_damage,17336,pca_r96_l01,1.5799240332454283,0.6857483052869032,0.8567953887219787,0.10204749017696137,0.40715209877558023,0.8029605820397616,0.9022603355750759,False
v3,test,mixed_damage,17336,pca_r64_l001,2.641406863446268,1.1464730215291914,1.4171986930035754,0.10508327580972218,0.6681442415884362,0.6043878296436147,0.780424981169049,False
v3,test,mixed_damage,17336,pca_r64_l1,1.494168012090321,0.6485268661937442,0.8002152306326586,0.11313951773207775,0.38927386772069356,0.8023373859297623,0.9047454571788195,True
v3,test,mixed_damage,17336,template_1,1.848947947669055,0.802515117814397,0.9280114943452749,0.1841424734124724,0.49543133170163933,0.6796118907398374,0.8432162747230786,False
v3,test,mixed_damage,17336,dictionary_8,1.6793463502734651,0.7289014468146151,0.8158077609197554,0.1621482752203015,0.44823160248989774,0.7117346360527003,0.8669118555559623,False
v3,test,mixed_damage,17336,dictionary_24,1.3561867491702706,0.5886376467010799,0.6718737676142257,0.13768555625170534,0.3643146120311184,0.8177445109137783,0.9134826328632615,False
v3,test,mixed_damage,17336,dictionary_48,1.6164250609599904,0.7015911669497354,0.7720738684067878,0.12841427579843134,0.42280191661787986,0.7345452630639696,0.8823517506823574,False
v3,test,mixed_damage,17336,local_pca_8,1.1236637220737393,0.48771363490281294,0.6082814828987531,0.3205617059202919,0.41863000294431574,0.8723645977357768,0.893838496217963,False
v3,test,mixed_damage,17336,local_pca_16,1.1617506791164198,0.5042448514018129,0.6112033048849754,0.3205617059202919,0.4250780626812399,0.8628693069405204,0.8900540205418431,False
v3,test,mixed_damage,17336,local_pca_32,1.1397514321639062,0.4946963250183732,0.5946968638663039,0.3205617059202919,0.4213394145948126,0.8680486543847868,0.8942799374015168,False
v3,test,mixed_damage,17336,local_dictionary_8,1.3805404843851494,0.5992081123054946,0.6925756169888384,0.3205617059202919,0.46417191983172423,0.8135020920524041,0.8552428449737485,False
v3,test,mixed_damage,17336,local_dictionary_24,1.4320438775266509,0.6215625824066677,0.6961903197289689,0.3205617059202919,0.4738239900466391,0.7959602984357371,0.8488294606541757,False
v3,test,mixed_damage,17439,zero_fill,3.75211884534913,1.0,1.6241672531348588,0.26477202108498704,0.9724312050495373,,0.4295248476998522,False
v3,test,mixed_damage,17439,linear,3.7637902453257333,1.0031106157501035,1.6442053572948006,0.26477202108498704,0.9752461342544049,0.020813481031737704,0.4142810284044623,False
v3,test,mixed_damage,17439,pchip,3.779158709324458,1.0072065585046286,1.6701669902872387,0.26477202108498704,0.9789536473163685,0.0061190122820698415,0.4011303606215525,False
v3,test,mixed_damage,17439,autoregression,5.08351219643486,1.3548377346138794,2.775771217976713,0.26477202108498704,1.2964774293866295,0.1041307328582502,0.21626247324166978,False
v3,test,mixed_damage,17439,pca_r32_l01,2.8575060398401315,0.7615713034735295,1.2308421308741986,0.1394264221026179,0.7270203176075916,0.6631950147746255,0.7359601753148882,False
v3,test,mixed_damage,17439,pca_r64_l01,2.928296875762288,0.780438199443497,1.247998437308481,0.13262412105546348,0.7432513014992468,0.6638216322320826,0.7331969045708134,False
v3,test,mixed_damage,17439,pca_r96_l01,2.8602351602444878,0.7622986579409231,1.2861621935913936,0.13157120770117514,0.7263181944032001,0.686417995047994,0.7495382348438151,False
v3,test,mixed_damage,17439,pca_r64_l001,3.955496810073237,1.0542034975720986,1.70222181450006,0.13126962973600148,0.9970089878564585,0.5304081071599998,0.6111147266663115,False
v3,test,mixed_damage,17439,pca_r64_l1,2.3402818549384183,0.6237227421085746,1.011916546551962,0.14978625265389547,0.602777839610885,0.8424368649214657,0.8557772407097413,True
v3,test,mixed_damage,17439,template_1,2.163664010825027,0.576651246936636,1.0186194410300746,0.1594449329715109,0.5625156804199876,0.8177435953938132,0.8487110116816582,False
v3,test,mixed_damage,17439,dictionary_8,2.1132393111863865,0.5632122537391941,0.9060550476477065,0.13667132216140282,0.5446309611140202,0.8263944321289929,0.8588028356781497,False
v3,test,mixed_damage,17439,dictionary_24,2.332116468063031,0.6215465352206963,0.9747037617452003,0.13546160340785274,0.5976001438346015,0.7856185516306602,0.8287190541889223,False
v3,test,mixed_damage,17439,dictionary_48,2.239167060515136,0.5967740236401772,0.9148391987329607,0.13181841517902881,0.5741575645892346,0.8043877815448691,0.8430817806528962,False
v3,test,mixed_damage,17439,local_pca_8,1.713446923352956,0.45666115439728877,0.8483016661163332,0.26477202108498704,0.49921586678442165,0.9156679296675417,0.9135913707681198,False
v3,test,mixed_damage,17439,local_pca_16,1.77062662073073,0.47190046310112954,0.8556914270281998,0.26477202108498704,0.5115345771109806,0.9181374667501649,0.9164589489457359,False
v3,test,mixed_damage,17439,local_pca_32,1.7797915176931272,0.474343055497625,0.8291724277332576,0.26477202108498704,0.5135185727954392,0.9194510910519648,0.9176402558386767,False
v3,test,mixed_damage,17439,local_dictionary_8,1.9277257529125644,0.5137699077154876,0.8022207671224275,0.26477202108498704,0.5458760118884453,0.86092123649123,0.8656108032550985,False
v3,test,mixed_damage,17439,local_dictionary_24,2.568332153678505,0.6845018133852646,0.9788617480003039,0.26477202108498704,0.691370622335639,0.7293523398857261,0.7605180619521011,False
v3,test,mixed_damage,17542,zero_fill,2.9076617759051113,1.0,1.4021185917002565,0.26052163222612057,0.7694385053370938,,0.5198434171355472,False
v3,test,mixed_damage,17542,linear,3.226334091033604,1.1095974496653052,1.4934730540453276,0.26052163222612057,0.8451074073687341,-0.0023465107767590906,0.33888551444594833,False
v3,test,mixed_damage,17542,pchip,3.374237815774503,1.1604643441461322,1.6267116213719615,0.26052163222612057,0.8804669801541792,0.008978206662573781,0.3017270360463523,False
v3,test,mixed_damage,17542,autoregression,5.322134174980005,1.8303828248123202,3.0804270058968877,0.26052163222612057,1.3542337545028122,-0.024760123735651812,0.11603326915486331,False
v3,test,mixed_damage,17542,pca_r32_l01,1.95713991874054,0.6730975160036665,1.0324780028610883,0.12068472552993849,0.5030450219768652,0.8202955311022148,0.8582016771652067,False
v3,test,mixed_damage,17542,pca_r64_l01,2.0135777716346537,0.6925075634038822,1.1158058872421996,0.11894620513167306,0.5164009124549916,0.8101642616713989,0.8512476235062106,False
v3,test,mixed_damage,17542,pca_r96_l01,2.119506898493469,0.7289385980368017,1.122107396891261,0.11567091745567624,0.5415836679323525,0.7954343901139336,0.8400463357131155,False
v3,test,mixed_damage,17542,pca_r64_l001,3.251677542684961,1.1183135430780158,1.6275705444062094,0.11787838018152257,0.8208926745209678,0.7717241679688902,0.7931684981169291,False
v3,test,mixed_damage,17542,pca_r64_l1,1.6919372572098064,0.5818892937377944,0.9042714129815891,0.12404462894549781,0.43970570640259177,0.813377526175186,0.8667676787344151,True
v3,test,mixed_damage,17542,template_1,1.9616613795867275,0.6746525320937962,0.9483495539058573,0.15555784520484756,0.513023453181829,0.8260727396876673,0.8604131065776728,False
v3,test,mixed_damage,17542,dictionary_8,1.2902854607462522,0.44375362754996006,0.7231429664808044,0.13523660335110213,0.3481352694627404,0.9127946467421504,0.9283181050418744,False
v3,test,mixed_damage,17542,dictionary_24,1.0444681839933683,0.35921240656274095,0.6014355655005714,0.13401916324171345,0.2915830530391963,0.9412141487432715,0.9490326039377465,False
v3,test,mixed_damage,17542,dictionary_48,1.283936420793622,0.44157007236302503,0.737199448384447,0.13317214859482127,0.3459150049199906,0.9141262614925872,0.9299947273617689,False
v3,test,mixed_damage,17542,local_pca_8,1.3465121595902378,0.46309105506987275,0.8459532452473405,0.26052163222612057,0.4206518608652823,0.8939712797270163,0.8788220107499326,False
v3,test,mixed_damage,17542,local_pca_16,1.2698427771433847,0.43672300116408885,0.7703576114806457,0.26052163222612057,0.40547606984950835,0.9025367269264353,0.8878551175938431,False
v3,test,mixed_damage,17542,local_pca_32,1.3160758748403942,0.45262343981900016,0.7606388017776042,0.26052163222612057,0.414587786331446,0.8957912696933621,0.8822987002002443,False
v3,test,mixed_damage,17542,local_dictionary_8,0.8877605821692507,0.30531769187387836,0.4985775635318432,0.26052163222612057,0.3359865756358352,0.9583883727215646,0.92456176654529,False
v3,test,mixed_damage,17542,local_dictionary_24,1.4433257636777483,0.49638708863532205,0.8027940815491628,0.26052163222612057,0.44026001358305195,0.8809598534521031,0.8674141119979811,False
v3,test,mixed_damage,17645,zero_fill,3.0790741475412453,1.0,1.405014559015888,0.23745983922024105,0.8033720042224519,,0.4332721101314525,False
v3,test,mixed_damage,17645,linear,3.1427389107703982,1.0206765930856168,1.4456385625810502,0.23745983922024105,0.8186351251438216,-0.03343124331014235,0.368336943780252,False
v3,test,mixed_damage,17645,pchip,3.1111646237191226,1.0104221186759996,1.428640790101849,0.23745983922024105,0.8110623028056665,-0.021309153380761572,0.39796089155514486,False
v3,test,mixed_damage,17645,autoregression,5.121120114040725,1.6632012964449487,2.8913256449042484,0.23745983922024105,1.3007612879355983,-0.26230956289135987,-0.09789803338338492,False
v3,test,mixed_damage,17645,pca_r32_l01,3.0948250122992453,1.0051154548423518,1.3685473251148568,0.1101799215887966,0.7810264113481025,0.32430166175316144,0.515345366038119,False
v3,test,mixed_damage,17645,pca_r64_l01,2.797276425104281,0.9084797218469097,1.259265720805245,0.0946342376507,0.705296479436136,0.4549279944679555,0.6090359320984785,False
v3,test,mixed_damage,17645,pca_r96_l01,2.8376825953783116,0.9216025530415713,1.2605595896868032,0.09129694432910503,0.7149068773610686,0.4323059699784811,0.5956192535335827,False
v3,test,mixed_damage,17645,pca_r64_l001,2.773492855190644,0.900755461639461,1.3493993224445748,0.09089618255652389,0.698936440146911,0.5429944124116476,0.6530339041702422,False
v3,test,mixed_damage,17645,pca_r64_l1,3.408447283055888,1.1069714854959434,1.4154979262833285,0.10792579001850239,0.8584955053623544,0.11252561319940016,0.3872327869706806,True
v3,test,mixed_damage,17645,template_1,6.070043744776767,1.9713860251218442,2.4021081325194547,0.11907679716553185,1.5218845290841625,0.12040174518282294,0.23257734045595382,False
v3,test,mixed_damage,17645,dictionary_8,3.1507772038378583,1.0232872132533315,1.3516231141473125,0.09619176345025367,0.793181482171615,0.4874068106480117,0.5966761810796968,False
v3,test,mixed_damage,17645,dictionary_24,3.107190594195099,1.0091314613765654,1.3350424572725572,0.0955929481754426,0.7822924471052844,0.455973330041745,0.5816176509616916,False
v3,test,mixed_damage,17645,dictionary_48,2.8002360566723885,0.909440930127805,1.2101317866202752,0.09451908991979503,0.7060156623827973,0.5292061849740359,0.6434381403038875,False
v3,test,mixed_damage,17645,local_pca_8,3.0587917079659714,0.99341281222751,1.4069944247044248,0.23745983922024105,0.7985148065846575,0.3793833243360779,0.47721498128433915,False
v3,test,mixed_damage,17645,local_pca_16,2.902442185051038,0.94263471614308,1.3386330022112576,0.23745983922024105,0.7611659750918891,0.4324659087457631,0.5240208855213204,False
v3,test,mixed_damage,17645,local_pca_32,2.887616014723868,0.9378195770406296,1.2767897820210532,0.23745983922024105,0.7576333990265054,0.4355918676210868,0.5276110578879012,False
v3,test,mixed_damage,17645,local_dictionary_8,3.238959556490714,1.0519264562294295,1.3570045320989308,0.23745983922024105,0.8417491697805551,0.4072687555241899,0.4787299421474524,False
v3,test,mixed_damage,17645,local_dictionary_24,2.9346389603052474,0.9530913578838838,1.2553006367743555,0.23745983922024105,0.7688430210379019,0.46575667105720875,0.5379138227553776,False
v3,test,mixed_damage,17748,zero_fill,2.6552576934357686,1.0,1.2413997558535494,0.2828920196350477,0.7181056607555997,,0.6250413120495898,False
v3,test,mixed_damage,17748,linear,4.177805283677432,1.5734085975932393,2.08362004182698,0.2828920196350477,1.079770676171595,-0.126289938986971,0.20082748708547307,False
v3,test,mixed_damage,17748,pchip,4.381639119777522,1.6501747196174785,2.169682020576672,0.2828920196350477,1.129136279351464,-0.13548249797668716,0.17573186998056867,False
v3,test,mixed_damage,17748,autoregression,8.218582125812617,3.095210738351421,4.527536323078413,0.2828920196350477,2.0728228123190573,-0.05717453072700572,0.0783973545278915,False
v3,test,mixed_damage,17748,pca_r32_l01,1.8467436541529838,0.6955044923581001,0.9915496780828373,0.11807409598037293,0.47563014164619355,0.7815205438837876,0.8640654388316795,False
v3,test,mixed_damage,17748,pca_r64_l01,2.044761925272998,0.7700804070083231,1.037572352299367,0.10984486592555634,0.5221374190286971,0.7347073669578974,0.8368711713001709,False
v3,test,mixed_damage,17748,pca_r96_l01,2.0100694337551053,0.7570148233538032,1.0582304760305783,0.10851264511642376,0.513383630970119,0.7404388532843259,0.8412277678113166,False
v3,test,mixed_damage,17748,pca_r64_l001,2.894283916129017,1.0900199718031738,1.2582211074534708,0.10944562514141486,0.7312897237117294,0.5226076061559088,0.7017005383987767,False
v3,test,mixed_damage,17748,pca_r64_l1,1.517039049940443,0.5713340191766741,0.8228544015313047,0.117130046757548,0.39585344485408847,0.8259227722299544,0.8965391954533148,True
v3,test,mixed_damage,17748,template_1,1.6862733300065222,0.6350695580979826,0.7793758603437234,0.18279926096634672,0.4572165303933496,0.7756433787413906,0.8594039752690755,False
v3,test,mixed_damage,17748,dictionary_8,1.728077209511633,0.6508133706885485,0.783877013790094,0.1647491171580628,0.46052856291025324,0.7615356216328183,0.8568104904222096,False
v3,test,mixed_damage,17748,dictionary_24,1.8817917429082995,0.7087039979435504,0.8442647327737246,0.1552600268701659,0.49388291266970136,0.7121106954672446,0.8345376235406018,False
v3,test,mixed_damage,17748,dictionary_48,2.1185073048226695,0.7978537488319745,0.956391765795278,0.14651943588327584,0.5482980699947971,0.6378411249123902,0.7971792548816653,False
v3,test,mixed_damage,17748,local_pca_8,0.7854805743651426,0.2958208449247616,0.5300375975142945,0.2828920196350477,0.33702727581596953,0.9567754665528392,0.9364973640243353,False
v3,test,mixed_damage,17748,local_pca_16,1.009343844427218,0.3801302777212476,0.6249532009847962,0.2828920196350477,0.37242393668716595,0.9310762338158752,0.9261871758155248,False
v3,test,mixed_damage,17748,local_pca_32,0.9784303046588364,0.3684878899240839,0.5741451792826066,0.2828920196350477,0.36723155864800805,0.9364079302743696,0.9294958893816665,False
v3,test,mixed_damage,17748,local_dictionary_8,1.6329138844346334,0.6149737889740282,0.7866125170783629,0.2828920196350477,0.4916061797552835,0.7882660168111187,0.8431888557252213,False
v3,test,mixed_damage,17748,local_dictionary_24,1.9672187798692977,0.7408767837233217,0.925283278761485,0.2828920196350477,0.5629369497037607,0.6754883494968221,0.7781786099771781,False
v3,test,mixed_damage,17850,zero_fill,3.1628397522373684,1.0,1.4280793951490156,0.2561451091731332,0.828692873318905,,0.4728143365375881,False
v3,test,mixed_damage,17850,linear,3.224745396952596,1.0195728046833343,1.4370879016165339,0.2561451091731332,0.8434726443943923,0.006399534336100127,0.4167282153275319,False
v3,test,mixed_damage,17850,pchip,3.244689349271554,1.0258785153361898,1.4361153387257333,0.2561451091731332,0.8482394903407294,-0.011237063992761575,0.4030830761679619,False
v3,test,mixed_damage,17850,autoregression,4.097022559371232,1.2953620418084824,2.238960914989928,0.2561451091731332,1.0538544908541854,-0.027325573103081813,0.1783448249274141,False
v3,test,mixed_damage,17850,pca_r32_l01,2.8207751607764657,0.8918489021712438,1.3173618121235537,0.11688167346631828,0.7142168959574622,0.541521299472893,0.6662951001075208,False
v3,test,mixed_damage,17850,pca_r64_l01,3.3019336972109636,1.0439775505145974,1.5490586454654205,0.11348323352073544,0.8327643275986043,0.3951921695183496,0.5569635930476801,False
v3,test,mixed_damage,17850,pca_r96_l01,3.495410864526006,1.1051495296444847,1.6004570255203354,0.11159974291786696,0.8805081860471419,0.34130431096819186,0.5148775541962755,False
v3,test,mixed_damage,17850,pca_r64_l001,3.665203122820043,1.1588330139797018,1.7756740535430184,0.11323667068389295,0.922837068682203,0.4337953184514093,0.5574132982761382,False
v3,test,mixed_damage,17850,pca_r64_l1,2.7226505091696773,0.86082467733109,1.2464455891296322,0.12597886450944606,0.6915058708006501,0.5142895781364708,0.6653486578976494,True
v3,test,mixed_damage,17850,template_1,3.913582130435077,1.2373633939774025,1.9178735991795564,0.13986135720350104,0.9877228571391761,0.19342441415666228,0.4113949174334533,False
v3,test,mixed_damage,17850,dictionary_8,3.322339601825583,1.0504293173485586,1.562592843499493,0.11627277382184091,0.8381799776465803,0.3747954566407429,0.5528791655354162,False
v3,test,mixed_damage,17850,dictionary_24,3.436364759430503,1.0864808300830433,1.5769309693634128,0.11774959440573336,0.8666233778506592,0.32870154701804016,0.5219158891449737,False
v3,test,mixed_damage,17850,dictionary_48,3.2559814718158857,1.029448763413521,1.5094287097344607,0.11612136702635145,0.8217237188910187,0.3889240686837431,0.5661364312241759,False
v3,test,mixed_damage,17850,local_pca_8,2.650314313219039,0.8379540289210755,1.3297446768330787,0.2561451091731332,0.7074744126624585,0.5700651178282427,0.6475866441463637,False
v3,test,mixed_damage,17850,local_pca_16,2.6869341937693347,0.8495321939306657,1.2860094747139568,0.2561451091731332,0.7160556069514874,0.5456712559673422,0.6348204887285047,False
v3,test,mixed_damage,17850,local_pca_32,2.6839954966341564,0.8486030614530877,1.245268102003497,0.2561451091731332,0.7153664524324306,0.54578742917218,0.635522098999702,False
v3,test,mixed_damage,17850,local_dictionary_8,3.135571055012901,0.9913784132739645,1.392473473517851,0.2561451091731332,0.822190693944175,0.37985556666120746,0.502355008530534,False
v3,test,mixed_damage,17850,local_dictionary_24,2.3102476754124015,0.7304346272295806,1.0850609278210723,0.2561451091731332,0.6285598159706118,0.684433693824125,0.735257949035276,False
v3,test,mixed_damage,17953,zero_fill,2.8060496451630055,1.0,1.2457069559727376,0.24654663734431173,0.7410167540660874,,0.4951747606378868,False
v3,test,mixed_damage,17953,linear,2.8504426064189943,1.0158204475578372,1.3003391377488653,0.24654663734431173,0.7515318405711232,0.04008809885879283,0.4465660869568918,False
v3,test,mixed_damage,17953,pchip,2.853188214253149,1.016798907735435,1.3080820537151774,0.24654663734431173,0.7521827259607489,0.054490171947253266,0.44325098794727397,False
v3,test,mixed_damage,17953,autoregression,5.215466650945324,1.8586508830788535,3.1075871494739102,0.24654663734431173,1.325539301871828,-0.04634353543119514,0.08380901214751672,False
v3,test,mixed_damage,17953,pca_r32_l01,1.9043340735903536,0.6786530227193216,0.903454986059088,0.10964329178457037,0.48777639826932845,0.7656861763198929,0.8260214456816452,False
v3,test,mixed_damage,17953,pca_r64_l01,1.990604462418153,0.7093974498453741,0.9425668065016819,0.10554994127261332,0.5080365376463368,0.7495901798640988,0.8141812317518584,False
v3,test,mixed_damage,17953,pca_r96_l01,2.079992664073186,0.7412529809152246,0.9638559425550624,0.10228771799424499,0.5293457720021789,0.7245524923327138,0.7975750410084077,False
v3,test,mixed_damage,17953,pca_r64_l001,3.231201330450748,1.151512531512266,1.446516025059712,0.1031002076579944,0.8139451313737889,0.6291654878638776,0.6933287887780957,False
v3,test,mixed_damage,17953,pca_r64_l1,1.884601351212701,0.6716208155694348,0.8246092002811977,0.11245775267775987,0.4835689871319242,0.7411114730924488,0.8160253541147745,True
v3,test,mixed_damage,17953,template_1,2.434102698678422,0.8674481946084824,1.0401292606088517,0.13532356510548693,0.6224720353561307,0.6684318993455102,0.7472900600241519,False
v3,test,mixed_damage,17953,dictionary_8,1.8711909696993505,0.6668417192564146,0.7601809228654162,0.11051859482541437,0.4798809124484139,0.7866828640846004,0.8401624003973313,False
v3,test,mixed_damage,17953,dictionary_24,1.0760972442264443,0.3834918765893513,0.5570976672682901,0.10507531922230268,0.28761928174202567,0.9235363223325082,0.9391065928242582,False
v3,test,mixed_damage,17953,dictionary_48,1.0103017167569786,0.3600441348208183,0.5325588053357703,0.10239798051346811,0.27133809111980656,0.9330095138416942,0.9461181643390256,False
v3,test,mixed_damage,17953,local_pca_8,1.1362271455715427,0.4049205428457551,0.6350614185917292,0.24654663734431173,0.37104504377168185,0.9143663532079752,0.8991592519626446,False
v3,test,mixed_damage,17953,local_pca_16,1.3076085646561724,0.465996233142273,0.685445615690867,0.24654663734431173,0.404785346213659,0.8874586829804579,0.8752213778361527,False
v3,test,mixed_damage,17953,local_pca_32,1.2898238845413925,0.4596582554285014,0.6334729276319739,0.24654663734431173,0.4012032152569522,0.889630129729316,0.8778520625731844,False
v3,test,mixed_damage,17953,local_dictionary_8,0.9883604382789049,0.3522248581676431,0.4590462964948088,0.24654663734431173,0.3435690452570708,0.9381233384209591,0.9118575099100779,False
v3,test,mixed_damage,17953,local_dictionary_24,1.4475948289515688,0.5158835416354428,0.6403176953201093,0.24654663734431173,0.43353989541002275,0.8736487073345255,0.8585596560370491,False
v3,test,mixed_damage,18056,zero_fill,2.4381001939944023,1.0,1.0942199347159633,0.30598529091050786,0.677713874441095,,0.6849074186263678,False
v3,test,mixed_damage,18056,linear,2.9551319607510704,1.212063379524039,1.2898856439102686,0.30598529091050786,0.7959746336746655,-0.3276165540965718,0.4490064984957539,False
v3,test,mixed_damage,18056,pchip,2.8486555802993494,1.168391515375881,1.2152101798173998,0.30598529091050786,0.7713317861406352,-0.43566368092420216,0.4924764773803898,False
v3,test,mixed_damage,18056,autoregression,8.494772116852523,3.484176793790956,4.9094444469383065,0.30598529091050786,2.1442591711803827,0.09603584788195146,0.18910929439946716,False
v3,test,mixed_damage,18056,pca_r32_l01,1.5863581951126227,0.6506534058855273,0.8460779890162027,0.10810490424260732,0.4101701154719624,0.815853496645564,0.9000163127615552,False
v3,test,mixed_damage,18056,pca_r64_l01,1.7573954148270552,0.7208052479368656,0.8708080140738601,0.09792973776518951,0.44946441371484985,0.7665414574620675,0.8782618291783396,False
v3,test,mixed_damage,18056,pca_r96_l01,1.8497124927021165,0.7586695974424599,0.9069968073106075,0.09451600974431143,0.47139655858470686,0.7413182598535777,0.8661252060635,False
v3,test,mixed_damage,18056,pca_r64_l001,1.8691723274566494,0.7666511540669444,0.965844060672505,0.09734989248057149,0.47670484927910256,0.7765961845118442,0.8750595274921859,False
v3,test,mixed_damage,18056,pca_r64_l1,1.7435629164847588,0.7151317738210893,0.8128258549221531,0.11572427423823792,0.4500620275626142,0.7285708342361571,0.8666632516396389,True
v3,test,mixed_damage,18056,template_1,2.835130308359338,1.1628440518330263,1.1994854114694278,0.1442418851533637,0.7224113131929525,0.570186047440279,0.739025318602032,False
v3,test,mixed_damage,18056,dictionary_8,1.9306064293251695,0.7918486836926121,0.8724818912624172,0.14114501766534143,0.5016267240892328,0.6318722131630757,0.827449973238858,False
v3,test,mixed_damage,18056,dictionary_24,1.6586278597874984,0.6802952002846633,0.774561292501472,0.14589920270159173,0.4380600014194445,0.7293657118277573,0.8691150338734533,False
v3,test,mixed_damage,18056,dictionary_48,1.6310472636803153,0.6689828694070725,0.7553494636008781,0.13807559649622866,0.42911888151594163,0.7400507976360838,0.8747850619034304,False
v3,test,mixed_damage,18056,local_pca_8,1.6786342284474085,0.6885009207506189,0.8189513784186544,0.30598529091050786,0.5137009007388837,0.7959316671823569,0.8188031254209917,False
v3,test,mixed_damage,18056,local_pca_16,1.221963049645701,0.5011947633061492,0.5846952177909419,0.30598529091050786,0.4255583588433585,0.8676111608064748,0.881081902263048,False
v3,test,mixed_damage,18056,local_pca_32,1.2304757099855097,0.5046862770514733,0.5991904886678816,0.30598529091050786,0.42708865053611567,0.864579613377063,0.8808819187064553,False
v3,test,mixed_damage,18056,local_dictionary_8,2.1259145468338208,0.8719553659322262,0.9497462721868596,0.30598529091050786,0.6084774869625144,0.5989886615503367,0.7299795219554337,False
v3,test,mixed_damage,18056,local_dictionary_24,2.053560560427374,0.8422789865181762,0.9390593704327869,0.30598529091050786,0.5927434072359331,0.598453704711628,0.7430907478213826,False
v3,test,mixed_damage,18159,zero_fill,3.763640811676998,1.0,1.4450141887916943,0.2654933975987212,0.9753939371431033,,0.43951477632178104,False
v3,test,mixed_damage,18159,linear,3.989839307372559,1.0601009785508122,1.6661638866207806,0.2654933975987212,1.0300521485943939,-0.005799004225709663,0.306147484147828,False
v3,test,mixed_damage,18159,pchip,4.037579938990918,1.0727856724435556,1.654323345075171,0.2654933975987212,1.0416139197859493,-0.020943512790737917,0.2868782327904118,False
v3,test,mixed_damage,18159,autoregression,5.977103030376312,1.5881172857494448,3.163061225419669,0.2654933975987212,1.5162260261555123,-0.10042524204695917,0.04183747104977552,False
v3,test,mixed_damage,18159,pca_r32_l01,3.4163978784754097,0.9077374939382528,1.2820614958295955,0.13353465934568834,0.8638303885438758,0.5269763217210742,0.636816257106363,False
v3,test,mixed_damage,18159,pca_r64_l01,3.8240662250176216,1.016055042541028,1.4333877600436948,0.12294891847546213,0.9633998728991902,0.4411793219503721,0.5660023961978586,False
v3,test,mixed_damage,18159,pca_r96_l01,3.9168326512662226,1.040703097679761,1.5235322439111045,0.12174027116464997,0.9862773577439381,0.4172596936354209,0.5476327402012371,False
v3,test,mixed_damage,18159,pca_r64_l001,4.598887671996576,1.2219252320062417,1.9085276323793536,0.12112526997972578,1.1556880468214867,0.359099868925442,0.4807038407805761,False
v3,test,mixed_damage,18159,pca_r64_l1,2.892437654835594,0.7685211739285995,1.1203836584035596,0.1473822522474787,0.7370557353108516,0.6476323208399879,0.7317927621111612,True
v3,test,mixed_damage,18159,template_1,2.878737433779599,0.7648810228776574,1.5127539779613417,0.2033848173553256,0.7461404849123522,0.6615383138367681,0.7295357755262537,False
v3,test,mixed_damage,18159,dictionary_8,3.416811291607071,0.9078473378772329,1.5294178435478805,0.1618817889340628,0.8684643453490537,0.4984443312234671,0.6216842016658312,False
v3,test,mixed_damage,18159,dictionary_24,3.4018925483142097,0.9038834252619338,1.4888012579044272,0.15899789291500213,0.8642944325990315,0.5145032684416782,0.6317253090229424,False
v3,test,mixed_damage,18159,dictionary_48,3.6244232614071623,0.9630098733551028,1.5596169975727059,0.15408960105876982,0.9183067997388623,0.45295093672057074,0.586087501810179,False
v3,test,mixed_damage,18159,local_pca_8,2.5376346682211905,0.6742499603968516,1.0693478089392605,0.2654933975987212,0.684511270537498,0.7405320712651262,0.7772175685673339,False
v3,test,mixed_damage,18159,local_pca_16,2.592669119088231,0.6888726232971719,1.0542803676807524,0.2654933975987212,0.6972819696687198,0.7286263788798029,0.7697698355221604,False
v3,test,mixed_damage,18159,local_pca_32,2.5904403339407565,0.6882804347066561,1.0374895997201627,0.2654933975987212,0.6967640510887988,0.7301643971636775,0.7714127944765452,False
v3,test,mixed_damage,18159,local_dictionary_8,3.014971319434675,0.8010783893299498,1.1789665064598256,0.2654933975987212,0.7963727621041132,0.6031266705793501,0.6701024911026412,False
v3,test,mixed_damage,18159,local_dictionary_24,2.91410659571478,0.7742786151838746,1.176480765835018,0.2654933975987212,0.7725492870084435,0.6371885369012491,0.6938944838143755,False
v3,test,mixed_damage,18262,zero_fill,2.2945998296473995,1.0,1.2180115122029402,0.23583896673757124,0.6174285713594506,,0.560067223994365,False
v3,test,mixed_damage,18262,linear,2.308113832097472,1.0058894811528636,1.2208221915097113,0.23583896673757124,0.6205687781884734,-0.027240808176171756,0.5483084760419736,False
v3,test,mixed_damage,18262,pchip,2.314578803671984,1.0087069535029358,1.2235948268755343,0.23583896673757124,0.622071906609543,-0.04906256138429325,0.5433676184806752,False
v3,test,mixed_damage,18262,autoregression,2.2740809144100878,0.9910577369647653,1.202720605627324,0.23583896673757124,0.6126655020666814,0.1779358993158808,0.5729507271977125,False
v3,test,mixed_damage,18262,pca_r32_l01,2.696526180608549,1.1751618499086665,1.347213822683678,0.11058980307986686,0.6825826420151438,0.34744385466901917,0.5665969607250884,False
v3,test,mixed_damage,18262,pca_r64_l01,2.806625217717455,1.2231436529604973,1.4336063300422253,0.10696843455459568,0.7092592439736627,0.3391232627012941,0.5532055023144311,False
v3,test,mixed_damage,18262,pca_r96_l01,2.941080023707715,1.2817398422624553,1.4928191056816464,0.10315741400130003,0.7420231417720453,0.30178882871649315,0.5248952125255917,False
v3,test,mixed_damage,18262,pca_r64_l001,3.7244113516513213,1.6231202075107076,1.815285522981478,0.10740231776411104,0.936892095715462,0.324285898799702,0.4815110041547435,False
v3,test,mixed_damage,18262,pca_r64_l1,2.121383697021055,0.9245113982890159,1.0216263060468538,0.10919583287180122,0.5407821152469365,0.4710218843441321,0.6834936403534317,True
v3,test,mixed_damage,18262,template_1,3.8824980009598087,1.6920152920766207,1.8284094709784773,0.13010617180109205,0.978765324483094,0.0032936031385771255,0.3004499668988456,False
v3,test,mixed_damage,18262,dictionary_8,3.982544131814175,1.7356159799010158,1.7793329001185763,0.10531657700163392,1.0008443773483728,-0.0261496778749153,0.2807025129396936,False
v3,test,mixed_damage,18262,dictionary_24,3.161154600962411,1.3776496276687038,1.4865655423936237,0.10529164549360787,0.7968372391189391,0.17973022031709301,0.462391497949375,False
v3,test,mixed_damage,18262,dictionary_48,2.350162271461328,1.0242144364764756,1.1771290247046962,0.10320508603880456,0.59597777060917,0.4657507031902945,0.6663391558488237,False
v3,test,mixed_damage,18262,local_pca_8,1.639703334375952,0.7145922845413606,0.8759927823982021,0.23583896673757124,0.4692365673517792,0.7059299266724178,0.7659487555646559,False
v3,test,mixed_damage,18262,local_pca_16,1.60429121504546,0.699159476226399,0.849691712080761,0.23583896673757124,0.4615226549253647,0.7183900991571978,0.7755514782142695,False
v3,test,mixed_damage,18262,local_pca_32,1.5857816687194428,0.6910929078919711,0.8199862859223684,0.23583896673757124,0.4575070883552175,0.7253670735962023,0.7803848432024124,False
v3,test,mixed_damage,18262,local_dictionary_8,2.1598467604213054,0.941273825838817,0.8778010444001977,0.23583896673757124,0.5862613699313263,0.4318334493349592,0.5991659663873825,False
v3,test,mixed_damage,18262,local_dictionary_24,2.5127648369954705,1.095077583694232,0.9842182041033187,0.23583896673757124,0.668407033528156,0.3189446993304809,0.49373499550039446,False
v3,test,mixed_damage,18365,zero_fill,2.2835855893633767,1.0,1.188654929820623,0.24016042228911677,0.6164372722781383,,0.5465293740051592,False
v3,test,mixed_damage,18365,linear,2.301959639468092,1.008046140328744,1.2002257298866943,0.24016042228911677,0.6206938460430478,0.025077623800686344,0.5247807668770819,False
v3,test,mixed_damage,18365,pchip,2.313019561738837,1.0128893668415844,1.2119936529638509,0.24016042228911677,0.6232583192133211,0.03274039670964791,0.5135120464656934,False
v3,test,mixed_damage,18365,autoregression,4.2919958977418196,1.8794985910461766,2.619591078881451,0.24016042228911677,1.0979066505384212,-0.1509016326669783,0.05024813441315314,False
v3,test,mixed_damage,18365,pca_r32_l01,1.8787401890591333,0.8227150310503111,0.9744388311712638,0.09725194573856219,0.47903117149585056,0.6778311447587476,0.7820080205790075,False
v3,test,mixed_damage,18365,pca_r64_l01,1.8128317548198611,0.7938532119241681,0.9828205308126927,0.0918615475389678,0.4618534081574929,0.700765010424508,0.7979534040402649,False
v3,test,mixed_damage,18365,pca_r96_l01,1.883518956447476,0.8248076906863682,0.9497148622932524,0.08883737245992043,0.47867165419527974,0.677101783861722,0.7834884574441909,False
v3,test,mixed_damage,18365,pca_r64_l001,2.531228228959866,1.108444649830501,1.2450448100201823,0.09082444641455832,0.6388883190785855,0.615399675171202,0.7113967069036975,False
v3,test,mixed_damage,18365,pca_r64_l1,1.8264433686435244,0.7998138441365381,0.8709368638304374,0.0957905207373673,0.46593539900994757,0.6518087514435796,0.7761658014088834,True
v3,test,mixed_damage,18365,template_1,1.6378645750568894,0.7172337146835372,0.879237324844012,0.11639930439460167,0.42469344364343353,0.7953421172775578,0.8508489235131357,False
v3,test,mixed_damage,18365,dictionary_8,1.7051841634201401,0.7467134892436921,0.8584554312516545,0.09413523455015242,0.43593109166874267,0.800841113742559,0.854513447052255,False
v3,test,mixed_damage,18365,dictionary_24,1.0634202151407934,0.4656800341069135,0.5567900954117154,0.08898626999096089,0.27946834544292026,0.8936563100899644,0.9260386358276246,False
v3,test,mixed_damage,18365,dictionary_48,1.135952794907355,0.4974426183973417,0.591653462525713,0.08877422703944132,0.2967113183565999,0.8828850945233221,0.9186104486842792,False
v3,test,mixed_damage,18365,local_pca_8,1.3702374169622615,0.6000376878119377,0.7964583569781621,0.24016042228911677,0.4140279282061412,0.8156813717600679,0.8183830514304833,False
v3,test,mixed_damage,18365,local_pca_16,1.3764877285911765,0.6027747481866519,0.7428117394914695,0.24016042228911677,0.4153217046364029,0.8282923084545962,0.8210842156267396,False
v3,test,mixed_damage,18365,local_pca_32,1.379725634278933,0.6041926524258616,0.7278022183183661,0.24016042228911677,0.41599265711651295,0.8255287831117105,0.8198480310048019,False
v3,test,mixed_damage,18365,local_dictionary_8,1.2014747774365802,0.5261352072954402,0.6532854812889232,0.24016042228911677,0.3798599303795729,0.8780088395995775,0.8537436537854366,False
v3,test,mixed_damage,18365,local_dictionary_24,1.5056683611679982,0.6593439581074567,0.7143516729903814,0.24016042228911677,0.44245004240123176,0.8088806094718101,0.8021794889880234,False
v3,test,mixed_damage,18467,zero_fill,2.089030927825346,1.0,1.026348457069915,0.28800293147995093,0.5920428376354253,,0.7140687749099821,False
v3,test,mixed_damage,18467,linear,3.7834433005819816,1.8110997066570464,2.0175559167233823,0.28800293147995093,0.9861106852438765,-0.22719509172209643,0.21274256520444917,False
v3,test,mixed_damage,18467,pchip,3.9161617554657115,1.874630817238491,2.0415293001101587,0.28800293147995093,1.0179792551633837,-0.2339614070205255,0.19276377023095295,False
v3,test,mixed_damage,18467,autoregression,7.243099672666795,3.467205571823088,4.036634380395538,0.28800293147995093,1.83212100781276,-0.058911355670543654,0.11746639710052381,False
v3,test,mixed_damage,18467,pca_r32_l01,2.0482671577551073,0.9804867560708288,0.9745872927037815,0.11825895195148946,0.5247127812722974,0.6650671574096993,0.8209251043005906,False
v3,test,mixed_damage,18467,pca_r64_l01,2.177159542690082,1.0421863619589762,1.1169276579149825,0.10433609899261181,0.5535856978385002,0.6383564765110031,0.8042870928001984,False
v3,test,mixed_damage,18467,pca_r96_l01,2.122144340093333,1.0158510876152789,1.0214425658326738,0.09757600767547495,0.5388826843164958,0.6458943478601284,0.8106060625093391,False
v3,test,mixed_damage,18467,pca_r64_l001,2.568936995587841,1.2297266456758833,1.4241706394284905,0.10441992788306728,0.6501437392697508,0.5852686009394693,0.7575541855119285,False
v3,test,mixed_damage,18467,pca_r64_l1,1.8271975759882848,0.8746627690621955,0.8957926278153323,0.11094339069682883,0.46925989073134505,0.7009905078422612,0.8454411997141518,True
v3,test,mixed_damage,18467,template_1,1.0630773355512961,0.5088853981965435,0.5868812584292356,0.18033719372071233,0.3179972457574091,0.8670397106597008,0.9195131921463611,False
v3,test,mixed_damage,18467,dictionary_8,1.0037518645519896,0.4804868377879318,0.545190793070709,0.17001929272857572,0.30011624873647635,0.889636636006053,0.9297843371932056,False
v3,test,mixed_damage,18467,dictionary_24,1.347171843873591,0.6448788411553003,0.635894251317922,0.15075344557477768,0.36706360120010045,0.8491314431966729,0.906987316877936,False
v3,test,mixed_damage,18467,dictionary_48,0.953963294471662,0.45665350462988374,0.48116427458790606,0.14131759346675649,0.27495521232418,0.9206536555263978,0.9458810258889551,False
v3,test,mixed_damage,18467,local_pca_8,1.388056171665307,0.6644497949631868,0.7359487060194998,0.28800293147995093,0.44517449274230014,0.7698920804217408,0.831749037220827,False
v3,test,mixed_damage,18467,local_pca_16,1.2559553890616748,0.6012143584533275,0.6746745732304775,0.28800293147995093,0.41994116160992895,0.8062384384219552,0.8553318847052562,False
v3,test,mixed_damage,18467,local_pca_32,1.248678044039773,0.597730759946015,0.6366747998549184,0.28800293147995093,0.41858259234160355,0.8081197944942581,0.8566691378488676,False
v3,test,mixed_damage,18467,local_dictionary_8,1.0329961933602403,0.49448583053558515,0.4945826743504844,0.28800293147995093,0.3800712485518692,0.8680487489722917,0.8929423470646299,False
v3,test,mixed_damage,18467,local_dictionary_24,1.0588949291179033,0.5068833184869116,0.5246835524146658,0.28800293147995093,0.38449998366606675,0.861041039739081,0.8923501349429395,False
v3,test,mixed_damage,18570,zero_fill,3.049237396075118,1.0,1.3654265388077858,0.25173446909865893,0.8003281491679177,,0.4875678490888389,False
v3,test,mixed_damage,18570,linear,3.111825083083414,1.0205256852381703,1.4111399073227404,0.25173446909865893,0.8152457065086594,0.002828664454860087,0.4340933824037635,False
v3,test,mixed_damage,18570,pchip,3.1187924027763727,1.0228106236630785,1.4017560371766224,0.25173446909865893,0.8169080309160182,-0.0074758105442438855,0.4294611719564309,False
v3,test,mixed_damage,18570,autoregression,4.440188667290541,1.456163653576403,2.355537235738853,0.25173446909865893,1.136492109660278,-0.11277780054775559,0.09897666601891844,False
v3,test,mixed_damage,18570,pca_r32_l01,3.359539460543599,1.1017638262169722,1.3700262153732377,0.14434527830075097,0.8514340394837331,0.3464114445798498,0.5220877699688318,False
v3,test,mixed_damage,18570,pca_r64_l01,3.6135959227825905,1.1850818592982943,1.4577658890389422,0.13827953682804303,0.913266594009234,0.31767526130147267,0.4887345454762662,False
v3,test,mixed_damage,18570,pca_r96_l01,3.6365941953582275,1.1926241623689704,1.542771539742655,0.13693718085682277,0.9187659595290156,0.3339267765220433,0.4970701661887302,False
v3,test,mixed_damage,18570,pca_r64_l001,6.162576020547765,2.0210220524253173,2.4277104682913575,0.13786995158776677,1.5464165242240793,-0.09092212511468382,0.10304320793019807,False
v3,test,mixed_damage,18570,pca_r64_l1,2.2574844798263998,0.7403439570602678,0.9943851463719281,0.15415153318735206,0.5837741753247376,0.6841393244816119,0.7693855787607011,True
v3,test,mixed_damage,18570,template_1,2.714776194566547,0.8903131642229369,1.294962676348129,0.16430384834941802,0.6970897586269669,0.6392587981872913,0.7225746163270654,False
v3,test,mixed_damage,18570,dictionary_8,1.9776482398926911,0.6485714239364431,0.9045874525874571,0.1503307756817451,0.5153932171475233,0.7730478143913878,0.8280944654708507,False
v3,test,mixed_damage,18570,dictionary_24,1.7313423741105864,0.567795205561599,0.7928437656253264,0.1510532293576183,0.45687816947473536,0.8269020778515643,0.8653354522700744,False
v3,test,mixed_damage,18570,dictionary_48,1.6169611376992437,0.5302837817024496,0.7484919995146445,0.14753067116572957,0.42873672026437104,0.8515295051714029,0.8827221642311667,False
v3,test,mixed_damage,18570,local_pca_8,1.6567391344334315,0.5433290095962793,0.8074869209132218,0.25173446909865893,0.48058156198694507,0.8567611364186878,0.8703069580339128,False
v3,test,mixed_damage,18570,local_pca_16,1.7970145833347702,0.5893324624864665,0.8407446237527392,0.25173446909865893,0.5111149000410519,0.8252187767885957,0.8484798184223725,False
v3,test,mixed_damage,18570,local_pca_32,1.7452094320093308,0.5723429190051615,0.7969653102495606,0.25173446909865893,0.4997692971236882,0.8363638091726335,0.8559690168435292,False
v3,test,mixed_damage,18570,local_dictionary_8,1.7978172889620196,0.5895957104803035,0.8365819673148915,0.25173446909865893,0.5112912971387067,0.8094532896141229,0.824469713907032,False
v3,test,mixed_damage,18570,local_dictionary_24,1.8003795589575835,0.5904360091067279,0.8427774650417571,0.25173446909865893,0.5118544837340283,0.8070971061876329,0.8262654068136114,False
v3,test,mixed_damage,18673,zero_fill,3.9856548219131285,1.0,1.7354194391485676,0.24536030389952135,1.024343373226977,,0.38079374631098495,False
v3,test,mixed_damage,18673,linear,3.990632282071562,1.0012488437611475,1.7462212113902702,0.24536030389952135,1.02555385011151,0.020092287715109885,0.3733475506948362,False
v3,test,mixed_damage,18673,pchip,3.996380355635975,1.0026910342721798,1.75716594775071,0.24536030389952135,1.026951834552688,0.019572302931773394,0.3670034857916511,False
v3,test,mixed_damage,18673,autoregression,5.924765212761388,1.4865224103670571,3.0976354186602872,0.24536030389952135,1.5001222451706329,-0.23370523022965825,-0.08702862944454835,False
v3,test,mixed_damage,18673,pca_r32_l01,3.4639881409093967,0.8691139337667656,1.533512201284096,0.1215179980610981,0.8739534168847544,0.5144683592862553,0.6130330866157712,False
v3,test,mixed_damage,18673,pca_r64_l01,3.4306565115367573,0.8607510346041533,1.6258344069489454,0.11728511326277244,0.8651495920881788,0.5353806223503093,0.627162338565439,False
v3,test,mixed_damage,18673,pca_r96_l01,3.338201634055502,0.8375541242814282,1.548105880207781,0.1133927006551599,0.8417414507302288,0.566481625362719,0.651219591547934,False
v3,test,mixed_damage,18673,pca_r64_l001,4.136437944427324,1.0378314553696897,1.8697402590298324,0.11730187817936677,1.0403279178780673,0.5831097812054971,0.6350036679147077,False
v3,test,mixed_damage,18673,pca_r64_l1,3.3128427984826936,0.8311915974932614,1.4432761685502329,0.12047812359443308,0.8363855301769924,0.5673793306636665,0.6543950946446692,True
v3,test,mixed_damage,18673,template_1,4.24208830976775,1.0643391109648408,1.834768211472132,0.14565838876323667,1.0698585981662698,0.24133593904822498,0.40667817728627037,False
v3,test,mixed_damage,18673,dictionary_8,3.3050314243913173,0.8292317252914768,1.4196188273445212,0.12124265040443268,0.8345556235345579,0.5604936210444075,0.6510225505332996,False
v3,test,mixed_damage,18673,dictionary_24,3.3572428060660897,0.8423315505417003,1.4022080952400073,0.11910744644491525,0.847196775248449,0.5463509484926261,0.6407292088184239,False
v3,test,mixed_damage,18673,dictionary_48,2.799543406959636,0.7024048825221261,1.225867542719932,0.11728946142348161,0.709039647774823,0.7151266725833128,0.764481139672967,False
v3,test,mixed_damage,18673,local_pca_8,2.887424976272136,0.7244543507373179,1.3152809796937008,0.24536030389952135,0.7599444130389212,0.7097159245088133,0.7472204411340333,False
v3,test,mixed_damage,18673,local_pca_16,2.768448681810333,0.6946032221830659,1.2444289062835487,0.24536030389952135,0.7317501829843618,0.7384278074892979,0.7695116912241734,False
v3,test,mixed_damage,18673,local_pca_32,2.810491167129725,0.7051516733656025,1.272340166686131,0.24536030389952135,0.7416993065529986,0.7274631816129556,0.7608212007953776,False
v3,test,mixed_damage,18673,local_dictionary_8,2.6998785324095476,0.6773989853726461,1.1049045857376327,0.24536030389952135,0.7155578798527985,0.7593548112103199,0.7865708393392965,False
v3,test,mixed_damage,18673,local_dictionary_24,1.11927108996686,0.2808248932680041,0.6351108559180212,0.24536030389952135,0.3670654704698966,0.9645038232845685,0.9502002358458901,False
v3,test,mixed_damage,18776,zero_fill,3.331396542766365,1.0,1.558736032211627,0.24185357832982204,0.8651445047439972,,0.427333519651315,False
v3,test,mixed_damage,18776,linear,3.3389169946482724,1.0022574472253196,1.5865572087791562,0.24185357832982204,0.8669545834923804,0.03394969497638286,0.41513028273092833,False
v3,test,mixed_damage,18776,pchip,3.3434665735840015,1.0036231144094343,1.5972744066548212,0.24185357832982204,0.868049754800151,0.036930134834227746,0.4097311560400523,False
v3,test,mixed_damage,18776,autoregression,6.018292295509058,1.8065373540045508,3.358408612975694,0.24185357832982204,1.5226875798741466,-0.12716975683130102,-0.011976869250680982,False
v3,test,mixed_damage,18776,pca_r32_l01,3.2336492219254636,0.9706587553939968,1.5827274394511637,0.11500569779761549,0.8160454164884109,0.42812359778421744,0.5669541345415674,False
v3,test,mixed_damage,18776,pca_r64_l01,3.2891068151410727,0.9873057058556663,1.6181548133982524,0.1052845863244148,0.8285716739957533,0.40756074556982724,0.5534061345328227,False
v3,test,mixed_damage,18776,pca_r96_l01,3.4219597171116223,1.0271847476524227,1.6269954696768765,0.10018483628194644,0.860971955366697,0.3481345845034987,0.5130027390061378,False
v3,test,mixed_damage,18776,pca_r64_l001,3.7727816967174874,1.1324925292696018,1.837400610834861,0.101928058517763,0.9483446653176948,0.34792404747891936,0.48660536103431634,False
v3,test,mixed_damage,18776,pca_r64_l1,3.2967927046569097,0.9896128132255547,1.5120225543633303,0.11384521767014036,0.8315367227787676,0.33901402785572327,0.5186645335797303,True
v3,test,mixed_damage,18776,template_1,2.3579398602036603,0.7077932122261392,1.2032870953787715,0.11876912576160979,0.6005972008577127,0.7068826273108862,0.7728218340551547,False
v3,test,mixed_damage,18776,dictionary_8,2.7931705671249523,0.8384383339743535,1.2806467532924457,0.0996137091580715,0.7049222112597141,0.5635919616111739,0.6753832732149296,False
v3,test,mixed_damage,18776,dictionary_24,2.781251499627814,0.8348605348909575,1.285336131409032,0.1005184312724455,0.7020914839590023,0.5725009970469765,0.6809083570082347,False
v3,test,mixed_damage,18776,dictionary_48,2.9528435221751463,0.8863680694472741,1.3366305979019555,0.09671840921912904,0.7441270736020119,0.5150314849554749,0.6402117617809099,False
v3,test,mixed_damage,18776,local_pca_8,2.6652062093308957,0.800026708053713,1.3250793719352534,0.24185357832982204,0.7062542671782616,0.6057565516896136,0.6645794757586966,False
v3,test,mixed_damage,18776,local_pca_16,2.9657067046326326,0.8902292676842167,1.4134763736814429,0.24185357832982204,0.7775286794616904,0.5095933462855543,0.5826167832549431,False
v3,test,mixed_damage,18776,local_pca_32,2.956306435620754,0.8874075474563171,1.4170166178055164,0.24185357832982204,0.7752880529824373,0.5130406980402921,0.5853836618383153,False
v3,test,mixed_damage,18776,local_dictionary_8,2.4291065961067426,0.7291556453647611,1.1758093496499527,0.24185357832982204,0.650862704200806,0.6863097498445155,0.7252572319190559,False
v3,test,mixed_damage,18776,local_dictionary_24,2.4272396891844403,0.7285952476761832,1.1414980788585485,0.24185357832982204,0.6504272542440982,0.6875364262245106,0.7255851101583684,False
v3,test,mixed_damage,18879,zero_fill,2.7447751845362913,1.0,1.324236181353979,0.30805395153627585,0.7482166033936524,,0.6534821451007504,False
v3,test,mixed_damage,18879,linear,4.387560671424429,1.5985136765092378,2.233105503705365,0.30805395153627585,1.1367208100850636,-0.17236559394759843,0.19792656516227988,False
v3,test,mixed_damage,18879,pchip,4.54027890473032,1.6541532910635686,2.229835966089001,0.30805395153627585,1.1736053182553499,-0.17972111210558483,0.17782563205741797,False
v3,test,mixed_damage,18879,autoregression,8.574206202722886,3.1238282286392183,4.762593138652937,0.30805395153627585,2.1642041054777548,-0.13844577323407142,0.03578673923868053,False
v3,test,mixed_damage,18879,pca_r32_l01,2.4334643440430686,0.8865805686938923,1.345890967168966,0.13054420048282353,0.6213581665354359,0.5918206777885995,0.7809857070545106,False
v3,test,mixed_damage,18879,pca_r64_l01,2.5397065311127647,0.9252876320877363,1.3805650288082953,0.10902432237441219,0.643642166075939,0.5718281058298087,0.7687668922039606,False
v3,test,mixed_damage,18879,pca_r96_l01,2.3017436868063132,0.8385909708649508,1.227960763189984,0.10325481818855917,0.5840562559559228,0.64180940983743,0.8073707314464716,False
v3,test,mixed_damage,18879,pca_r64_l001,2.615275162050704,0.9528194428399186,1.4546993643449269,0.10826101643730776,0.6621683551239028,0.6122828258739258,0.7755385207729211,False
v3,test,mixed_damage,18879,pca_r64_l1,2.2029318401413462,0.8025909927167731,1.174170639117943,0.11787214950718618,0.5624342376419555,0.6499421671962632,0.814781728733931,True
v3,test,mixed_damage,18879,template_1,2.0767451453214583,0.756617575465405,1.049033089620809,0.18602385259230694,0.5495420539307883,0.6710333361144363,0.8193396498747257,False
v3,test,mixed_damage,18879,dictionary_8,1.6510296850751924,0.6015172733915988,0.8401537169724083,0.17733295212935465,0.4470461147677587,0.7982559926579316,0.881506267808379,False
v3,test,mixed_damage,18879,dictionary_24,1.301134442738,0.47404044238975324,0.7035001251198275,0.14668634623098356,0.3549387359670385,0.8846523171684876,0.9277968479305044,False
v3,test,mixed_damage,18879,dictionary_48,1.6724798564424208,0.6093321835117703,0.8226932063602997,0.13567795327985757,0.43827192438733376,0.7932220838526376,0.8866747101739849,False
v3,test,mixed_damage,18879,local_pca_8,1.742661895244349,0.6349015048891001,0.977087821566804,0.30805395153627585,0.5279872771308828,0.7732048468085054,0.8475404305555354,False
v3,test,mixed_damage,18879,local_pca_16,1.7738299883326165,0.6462569314697049,0.9645450324457925,0.30805395153627585,0.5344349459572233,0.7626948282208718,0.8408376601262676,False
v3,test,mixed_damage,18879,local_pca_32,1.7171752888250633,0.6256160061849171,0.896969493465371,0.30805395153627585,0.5227421405678995,0.7811637128193185,0.8517711018783815,False
v3,test,mixed_damage,18879,local_dictionary_8,0.7442125363887041,0.27113788429067026,0.4127130793184396,0.30805395153627585,0.3515422143191715,0.962465489457464,0.9367806553584997,False
v3,test,mixed_damage,18879,local_dictionary_24,1.1520898769882575,0.41973924985878003,0.6116645546303341,0.30805395153627585,0.41463610857259003,0.9221098926867849,0.928500347118257,False
v3,test,mixed_damage,18982,zero_fill,2.736175811742591,1.0,1.3067133740431514,0.2512805529680748,0.7260245698865996,,0.5255546925286141,False
v3,test,mixed_damage,18982,linear,2.7428469998642235,1.0024381430802078,1.3215031534071375,0.2512805529680748,0.7275961452431602,-0.006493028335782958,0.519714369119978,False
v3,test,mixed_damage,18982,pchip,2.743207908053331,1.002570045492165,1.3231270941220297,0.2512805529680748,0.7276811789558604,-0.009850856218106023,0.5194281806214602,False
v3,test,mixed_damage,18982,autoregression,3.0419280624128113,1.1117443730618668,1.913331411404691,0.2512805529680748,0.7984537823738485,0.31821463937221245,0.46349275767964687,False
v3,test,mixed_damage,18982,pca_r32_l01,2.252764228797052,0.8233258327659624,1.1149583097868192,0.132516906256119,0.5776221530552527,0.7178879238740417,0.7843698001198106,False
v3,test,mixed_damage,18982,pca_r64_l01,2.5401300987613187,0.9283504692425387,1.21789631851428,0.12019833155299081,0.6456089907141468,0.7090563109937702,0.7684853156069881,False
v3,test,mixed_damage,18982,pca_r96_l01,2.6248343802474943,0.9593076471850737,1.2334269163180729,0.11807438670734283,0.6660930366545078,0.7022663039937403,0.7620420947930849,False
v3,test,mixed_damage,18982,pca_r64_l001,4.110773427368206,1.502379127001409,1.9371307549511578,0.11988515317749493,1.0342281216093727,0.6350674293968385,0.6748051301360883,False
v3,test,mixed_damage,18982,pca_r64_l1,1.7411592172319654,0.6363477119268413,0.8273617405157447,0.14069125181282294,0.4561075698781016,0.7779118843199737,0.843498862520098,True
v3,test,mixed_damage,18982,template_1,2.336763809595958,0.8540254612176186,1.339714064128994,0.1531152986203578,0.6027089638618831,0.7175912714076612,0.7842711851212005,False
v3,test,mixed_damage,18982,dictionary_8,2.138816928773977,0.7816811038219896,0.9864112687689505,0.12806667534906002,0.5488939990354792,0.7311769491127196,0.8046494021414494,False
v3,test,mixed_damage,18982,dictionary_24,2.6553344173705162,0.9704546052833537,1.1499503962729896,0.1253804153625917,0.6748427870817331,0.6177592092786244,0.7220982177526972,False
v3,test,mixed_damage,18982,dictionary_48,2.539325206299485,0.9280563023040037,1.1043804418620908,0.11879482436530214,0.6451674035564173,0.6527499564933408,0.7464723244744962,False
v3,test,mixed_damage,18982,local_pca_8,1.6597290023470086,0.6065871188627953,0.7824084645435615,0.2512805529680748,0.4810034502040316,0.7998824059222608,0.8184595730104509,False
v3,test,mixed_damage,18982,local_pca_16,1.6613441765485129,0.6071774223785901,0.7811537913933986,0.2512805529680748,0.4813518215304411,0.7946266256191583,0.8211314375473905,False
v3,test,mixed_damage,18982,local_pca_32,1.6096585201696973,0.5882876799296579,0.7467022891905161,0.2512805529680748,0.47024789314081605,0.8086193955005893,0.8315873944537975,False
v3,test,mixed_damage,18982,local_dictionary_8,1.7989359412729249,0.6574635787483388,0.7378811072418192,0.2512805529680748,0.5113278831448702,0.7746093114965329,0.7942651088413659,False
v3,test,mixed_damage,18982,local_dictionary_24,1.6776261203016303,0.613128042833329,0.7382281282780097,0.2512805529680748,0.4848684192655662,0.8084179525474298,0.8173147219781663,False
v3,test,mixed_damage,19084,zero_fill,3.1274645682818116,1.0,1.508960675202851,0.24073002735270052,0.815869889171085,,0.4490026134560978,False
v3,test,mixed_damage,19084,linear,3.138231576414959,1.003442727454803,1.5375518910891173,0.24073002735270052,0.8184498158961243,0.022751517472626197,0.4347055583836953,False
v3,test,mixed_damage,19084,pchip,3.1363275964546418,1.0028339339996741,1.5351293075625474,0.24073002735270052,0.8179935430415018,0.03259887049915624,0.4357098331035827,False
v3,test,mixed_damage,19084,autoregression,4.409675917584724,1.4099842928060229,2.580093008227978,0.24073002735270052,1.1267904055647715,-0.26337958519320653,-0.022810787244939047,False
v3,test,mixed_damage,19084,pca_r32_l01,2.6703200521403025,0.8538290342989694,1.2156439774968668,0.12016046497932828,0.6776423854541253,0.5768658351359159,0.681168496189215,False
v3,test,mixed_damage,19084,pca_r64_l01,2.6481526646660316,0.8467410603218736,1.2820168358645838,0.11629248004971861,0.6715454028358543,0.596996498175159,0.6938544418508086,False
v3,test,mixed_damage,19084,pca_r96_l01,2.8040673893891177,0.8965944547629634,1.3122826586997527,0.11151991046776255,0.7092841585313573,0.5490963837534899,0.6592750998079655,False
v3,test,mixed_damage,19084,pca_r64_l001,3.204003897009194,1.0244732840472857,1.599297422666291,0.11450323837784503,0.8086371963848846,0.7184326199899844,0.7518219352401159,False
v3,test,mixed_damage,19084,pca_r64_l1,2.8811659071552627,0.9212465382903243,1.2849265039854028,0.1195319766676319,0.7295304734144455,0.43464122076331974,0.5978263156990994,True
v3,test,mixed_damage,19084,template_1,3.4565319059870396,1.1052185661965832,1.5269658677091034,0.13382189262986227,0.87379335734028,0.3081577366120982,0.4864204317847766,False
v3,test,mixed_damage,19084,dictionary_8,2.0205714796664487,0.6460733400975105,0.9229960264128345,0.11808879693137662,0.5179215411051634,0.7657915296734782,0.8188815126844098,False
v3,test,mixed_damage,19084,dictionary_24,2.0826582390837474,0.6659254465120712,0.9642467736244738,0.11580420253739591,0.5326011958247493,0.7488576639853245,0.8085669783072669,False
v3,test,mixed_damage,19084,dictionary_48,2.3158182683587434,0.7404778592363155,1.0480846998317408,0.11509819984935683,0.5895829132844954,0.6805712972589859,0.7610731925810499,False
v3,test,mixed_damage,19084,local_pca_8,2.6940955794269366,0.8614312074867206,1.2278079293184128,0.24073002735270052,0.712715545560001,0.535603410066572,0.6152753844116952,False
v3,test,mixed_damage,19084,local_pca_16,2.5822904136872844,0.825681748684354,1.1544262348504057,0.24073002735270052,0.6863621480157053,0.5747287043564484,0.6479283929876789,False
v3,test,mixed_damage,19084,local_pca_32,2.629019838115506,0.8406233806063086,1.1714949254083016,0.24073002735270052,0.6973615230031048,0.5579551182649451,0.6341476577797674,False
v3,test,mixed_damage,19084,local_dictionary_8,2.210807852144103,0.7069010068301723,1.0639411034308008,0.24073002735270052,0.5998403720022364,0.7076815047899325,0.7508068418243952,False
v3,test,mixed_damage,19084,local_dictionary_24,4.668992018353842,1.4929000525556475,1.7794271742133476,0.24073002735270052,1.1902927858958265,0.050918096952853015,0.17094498872565456,False
v3,test,mixed_damage,19187,zero_fill,3.1013970433629403,1.0,1.3767899029447568,0.24104815930769138,0.8097154919771504,,0.44380225633930365,False
v3,test,mixed_damage,19187,linear,3.147751304807319,1.014946251897537,1.3808935043175894,0.24104815930769138,0.8208190080454922,-0.030597477398279956,0.39715366121492096,False
v3,test,mixed_damage,19187,pchip,3.1397138680395082,1.012354698266888,1.3858184524427826,0.24104815930769138,0.8188927890658216,-0.013239725319249667,0.40376156397860985,False
v3,test,mixed_damage,19187,autoregression,5.59898779768143,1.8053115158742383,2.9724549233972892,0.24104815930769138,1.4190716063938145,-0.29151992507335944,-0.12925030500135218,False
v3,test,mixed_damage,19187,pca_r32_l01,2.7635603673969467,0.8910695176262673,1.3798964732555845,0.12008621631402018,0.7006058268775502,0.48878766752469316,0.6291615587960109,False
v3,test,mixed_damage,19187,pca_r64_l01,2.5252852672646573,0.8142412054815183,1.3181606172554519,0.10711772586274056,0.6397840841337612,0.5835127637581825,0.6967161638507702,False
v3,test,mixed_damage,19187,pca_r96_l01,2.5197249237799837,0.8124483542577213,1.279704213718051,0.10322568619954534,0.6378110430355015,0.5853240258368306,0.6987761434921075,False
v3,test,mixed_damage,19187,pca_r64_l001,2.27315025684212,0.732943968495331,1.2654319039881927,0.10387012713574334,0.5771182255314615,0.6951775161219926,0.7683919161530419,False
v3,test,mixed_damage,19187,pca_r64_l1,2.9697958908600333,0.9575671380791,1.4077129991897062,0.11571086156058608,0.7508546249780785,0.3744993396974131,0.5593458101168318,True
v3,test,mixed_damage,19187,template_1,3.0613855903077387,0.9870988936612205,1.3308695566186177,0.1276805118275351,0.7752667455887353,0.44228141123464326,0.5813770819459798,False
v3,test,mixed_damage,19187,dictionary_8,1.586920464456483,0.5116792343155574,0.8127478495443663,0.10502357062188049,0.4095550799574549,0.8596475996785669,0.8883455498261171,False
v3,test,mixed_damage,19187,dictionary_24,1.6064142906257532,0.5179647327205383,0.8130012364330861,0.10536747710818967,0.4143595548862738,0.8560247286176458,0.8857103990113966,False
v3,test,mixed_damage,19187,dictionary_48,2.2378880131484657,0.7215741750762279,1.0611433455957944,0.10313080875593125,0.5683134156823908,0.7099583842609802,0.779480651117837,False
v3,test,mixed_damage,19187,local_pca_8,2.578576556322954,0.8314242002136315,1.2288347913130615,0.24104815930769138,0.6855937337174772,0.5663064524919404,0.6387454633006807,False
v3,test,mixed_damage,19187,local_pca_16,2.349473992096621,0.7575534377723576,1.1807532837384884,0.24104815930769138,0.6320399149837584,0.6536147610298292,0.7058745852339121,False
v3,test,mixed_damage,19187,local_pca_32,2.3714459425080876,0.7646379710018217,1.180167571186018,0.24104815930769138,0.6371478971176191,0.6455910177915163,0.6998516387851047,False
v3,test,mixed_damage,19187,local_dictionary_8,2.2068906352041746,0.7115795250811148,1.042865422691493,0.24104815930769138,0.5990580889162731,0.7063253142836575,0.7508299814779468,False
v3,test,mixed_damage,19187,local_dictionary_24,2.906133735120671,0.9370402094565295,1.2807137017948298,0.24104815930769138,0.7631012593764513,0.49465857540611946,0.5638257897268358,False
v3,test,mixed_damage,19290,zero_fill,4.150274703146661,1.0,1.8631213075287323,0.29988103970679086,1.0774306729789365,,0.48278118499865313,False
v3,test,mixed_damage,19290,linear,5.449662207916893,1.3130846986550215,2.581761403307153,0.29988103970679086,1.3930126468833655,-0.07655330666033465,0.14641159177200605,False
v3,test,mixed_damage,19290,pchip,5.591352340016413,1.347224639317767,2.5664460540901586,0.29988103970679086,1.4276762272973824,-0.0843112681755759,0.13040624126178513,False
v3,test,mixed_damage,19290,autoregression,9.714709674436238,2.340738955681831,5.3431402815050415,0.29988103970679086,2.4459726289890726,-0.04009280324115776,0.05066203273495915,False
v3,test,mixed_damage,19290,pca_r32_l01,3.1413634012554836,0.7569049342381505,1.530255477157774,0.11888470511735777,0.7937319925284148,0.6601737641773432,0.7570200509993124,False
v3,test,mixed_damage,19290,pca_r64_l01,3.362339459463486,0.810148652790193,1.5873364171206923,0.10759337317700017,0.847015777964735,0.6039203172114637,0.7200838730640817,False
v3,test,mixed_damage,19290,pca_r96_l01,3.26087826990284,0.7857017916020119,1.5456391459114753,0.1054711968232306,0.8215910513872765,0.6285226243707819,0.7372382855313439,False
v3,test,mixed_damage,19290,pca_r64_l001,4.249567987569992,1.023924508984441,1.9570674193768722,0.10726979425417117,1.0674569725628775,0.38523010260839036,0.5629119051929652,False
v3,test,mixed_damage,19290,pca_r64_l1,2.9261145085990643,0.7050411642343911,1.4097355293560412,0.11549304577668762,0.7400264257011192,0.7117293509825902,0.7920982422962167,True
v3,test,mixed_damage,19290,template_1,3.1328885727805496,0.754862942061462,1.4011987568515334,0.1913453527097624,0.8048364146487043,0.6618271004189077,0.7475267482348844,False
v3,test,mixed_damage,19290,dictionary_8,2.839513977883077,0.6841749476800199,1.2556448907299296,0.17673381189082535,0.7302123935273601,0.7587885899149316,0.8065717447427532,False
v3,test,mixed_damage,19290,dictionary_24,2.613334848129926,0.6296775599332121,1.20934760785455,0.17494575103382684,0.67493561107348,0.8051871167930633,0.8388617626679056,False
v3,test,mixed_damage,19290,dictionary_48,2.2513981028232526,0.5424696589640884,1.099070916529398,0.16581313399277672,0.5852992476323404,0.8557860086750779,0.8808298443571179,False
v3,test,mixed_damage,19290,local_pca_8,2.509003346170292,0.6045391029822705,1.1686682251023082,0.29988103970679086,0.6911958550552129,0.8208274588735119,0.8522540659125648,False
v3,test,mixed_damage,19290,local_pca_16,2.765310443859913,0.6662957615223171,1.2645528874704466,0.29988103970679086,0.7498279561237321,0.7744478946307093,0.8205606090745976,False
v3,test,mixed_damage,19290,local_pca_32,2.7518389820336426,0.663049841001428,1.2364145753029923,0.29988103970679086,0.7467239848445653,0.7784042353344737,0.823409795061061,False
v3,test,mixed_damage,19290,local_dictionary_8,2.32720651620984,0.5607355374441588,1.200417771820611,0.29988103970679086,0.6502316769200387,0.8400670312179821,0.8631567328083181,False
v3,test,mixed_damage,19290,local_dictionary_24,2.333077419404916,0.5621501192766879,1.1266808012920668,0.29988103970679086,0.6515452696556995,0.8626623191177054,0.8832126260539515,False
v3,test,mixed_damage,19393,zero_fill,3.0815113672383645,1.0,1.2786357213890573,0.25050454291927804,0.8076586607583366,,0.47777005220038243,False
v3,test,mixed_damage,19393,linear,3.0855754620128035,1.0013188641189668,1.298436380063508,0.25050454291927804,0.8086278432522076,-0.014313083269112023,0.4740525972719602,False
v3,test,mixed_damage,19393,pchip,3.0902186300119485,1.0028256468128454,1.29212620992649,0.25050454291927804,0.8097352604254704,-0.08856656997218999,0.4710536237877104,False
v3,test,mixed_damage,19393,autoregression,2.9982807750226765,0.9729903341910179,1.2928050019939739,0.25050454291927804,0.7878362574251441,0.23409657550005847,0.5159716337498995,False
v3,test,mixed_damage,19393,pca_r32_l01,3.4200562975778688,1.109863274865316,1.3278664648138254,0.1245990458242197,0.8634834578578587,0.33905323420184397,0.5120673342798042,False
v3,test,mixed_damage,19393,pca_r64_l01,3.766492877006883,1.2222875167851144,1.4488678962696588,0.1188809129186035,0.9486325244921303,0.2803917186012088,0.45551469154181135,False
v3,test,mixed_damage,19393,pca_r96_l01,3.8221043684932483,1.2403343401970313,1.4833629904808492,0.11512597577908967,0.9620060959442216,0.292093717569154,0.45997857344195686,False
v3,test,mixed_damage,19393,pca_r64_l001,5.85849781875637,1.9011767670377693,2.2465917056739153,0.1193465749221073,1.4691760183551383,-0.012839718463139742,0.16456100464735052,False
v3,test,mixed_damage,19393,pca_r64_l1,2.4479491644179916,0.7943988753193637,0.9641898796564958,0.13056220497323287,0.6249076157764657,0.6078252493806836,0.7249014995835016,True
v3,test,mixed_damage,19393,template_1,3.389845818334182,1.1000594884620352,1.690250099792038,0.15918490154007917,0.8613634600610176,0.42609347057681085,0.5652668017713924,False
v3,test,mixed_damage,19393,dictionary_8,1.1238648847061614,0.36471223071079034,0.5912093877773907,0.12963828343503406,0.3077299492915142,0.9352094697253288,0.9435378708952933,False
v3,test,mixed_damage,19393,dictionary_24,1.9489566605246247,0.6324677822854408,0.9146539213261902,0.12275390252767016,0.5015264121528078,0.8013904427248846,0.8485749492050425,False
v3,test,mixed_damage,19393,dictionary_48,2.425170439690709,0.7870068127849013,1.0597473699687368,0.11658734397663953,0.6167120880718233,0.6809456312205937,0.7644426531636476,False
v3,test,mixed_damage,19393,local_pca_8,2.2869267914594404,0.7421445254991784,0.9689215852615709,0.25050454291927804,0.6210536430053223,0.6710760667717574,0.729321461372353,False
v3,test,mixed_damage,19393,local_pca_16,2.3041844724643545,0.7477449205483067,0.9671595235327304,0.25050454291927804,0.625027698060943,0.6643517513282932,0.7258924985111153,False
v3,test,mixed_damage,19393,local_pca_32,2.2685564629181907,0.7361830584292992,0.9430044704691841,0.25050454291927804,0.6168283956962746,0.6770153380140571,0.7345890133391302,False
v3,test,mixed_damage,19393,local_dictionary_8,2.410512548455298,0.7822500913295632,0.9697043130091798,0.25050454291927804,0.6496084703789083,0.6251143376059362,0.6976563884384949,False
v3,test,mixed_damage,19393,local_dictionary_24,1.8615810154523984,0.6041129801577654,0.7749920892536116,0.25050454291927804,0.5248078081212642,0.7978220882347835,0.8208718122973985,False
v3,test,mixed_damage,19496,zero_fill,3.9999289711858474,1.0,1.6586836554551796,0.24884942141752958,1.0286010612911798,,0.3789699076320248,False
v3,test,mixed_damage,19496,linear,4.032594008580071,1.0081664043610603,1.7386430331414315,0.24884942141752958,1.036541875544998,0.027116753816550616,0.3411803063569815,False
v3,test,mixed_damage,19496,pchip,4.047806007848104,1.0119694717099095,1.7767596027526777,0.24884942141752958,1.0402410776855044,0.030985641378063176,0.32856249459655196,False
v3,test,mixed_damage,19496,autoregression,5.514747064618044,1.3787112482107657,3.1144782278986956,0.24884942141752958,1.3995831009806752,0.0025935775560431942,0.1062712094884698,False
v3,test,mixed_damage,19496,pca_r32_l01,3.316310883760491,0.8290924433033905,1.4336829825031585,0.10129166731255441,0.8348584425575035,0.5692581164891277,0.6558894805731454,False
v3,test,mixed_damage,19496,pca_r64_l01,3.258034765946492,0.8145231551400753,1.463636554959887,0.09625548918508037,0.8198234308408235,0.5899313832685419,0.6714975223934996,False
v3,test,mixed_damage,19496,pca_r96_l01,3.1891860011001953,0.7973106582826911,1.4263792433923523,0.09255647161597276,0.802317263313874,0.6082805451309269,0.6865045744436535,False
v3,test,mixed_damage,19496,pca_r64_l001,4.690586761295891,1.1726675136196947,1.9382388624938796,0.09472816831013302,1.1762282291639654,0.311877350097525,0.42470519021368625,False
v3,test,mixed_damage,19496,pca_r64_l1,3.0021284555729224,0.7505454414813996,1.291947202695637,0.10353963233943547,0.7571980460774216,0.6762368102455751,0.7339187303566808,True
v3,test,mixed_damage,19496,template_1,3.7539615655814003,0.9385070566561771,1.4618687827496712,0.1302405878191758,0.9469248451102992,0.4716311916671219,0.5725731505911374,False
v3,test,mixed_damage,19496,dictionary_8,3.234299664245615,0.808589274345727,1.2487513784553599,0.10949797981316033,0.8154960695753976,0.5941526936224306,0.6748816665500825,False
v3,test,mixed_damage,19496,dictionary_24,2.6676990594850345,0.6669366078003504,1.055044262292541,0.10734919357414384,0.6749757408785437,0.7520139409898143,0.7925864612598509,False
v3,test,mixed_damage,19496,dictionary_48,2.836848791152332,0.7092247916370624,1.0656605783563093,0.10475521544311832,0.7164284634255389,0.7057749614424136,0.7591940239382808,False
v3,test,mixed_damage,19496,local_pca_8,2.7965035011487704,0.6991382900281099,1.1626096702595357,0.24884942141752958,0.7394813363954377,0.7238982345579795,0.7550876697599308,False
v3,test,mixed_damage,19496,local_pca_16,2.7605408273134664,0.6901474619173192,1.157046992213103,0.24884942141752958,0.7309871825723976,0.7319270644078276,0.7612133888411289,False
v3,test,mixed_damage,19496,local_pca_32,2.7111110216514422,0.6777897910641365,1.1009707494193401,0.24884942141752958,0.7193318727218992,0.7459357116275694,0.7729752202537242,False
v3,test,mixed_damage,19496,local_dictionary_8,3.4020004703200843,0.8505152203519012,1.3112237862290723,0.24884942141752958,0.8839717797445397,0.5518950094795726,0.6031097056815898,False
v3,test,mixed_damage,19496,local_dictionary_24,2.7687272391243627,0.6921941012126338,1.037670508480465,0.24884942141752958,0.7329197194597273,0.7301988634064545,0.7599184625892207,False
v3,test,mixed_damage,19599,zero_fill,3.523166644003483,1.0,1.3343941174712453,0.2840472397140202,0.9227318718503792,,0.5216430468145111,False
v3,test,mixed_damage,19599,linear,3.743475824159139,1.062531580937458,1.4347423382601967,0.2840472397140202,0.9754439297667644,-0.166354139050552,0.3914013751050735,False
v3,test,mixed_damage,19599,pchip,3.688048305401421,1.0467992797554924,1.354507962300381,0.2840472397140202,0.9621571733223865,-0.24240029076147995,0.4225161705826415,False
v3,test,mixed_damage,19599,autoregression,6.308597525908893,1.7906043520950912,3.525303322088777,0.2840472397140202,1.6009498208044561,0.05849980515096973,0.17904591360430328,False
v3,test,mixed_damage,19599,pca_r32_l01,3.1515624394624875,0.8945255101192915,1.2793041318892402,0.11612937536176055,0.7958735879192529,0.4734800587396713,0.6682253916016555,False
v3,test,mixed_damage,19599,pca_r64_l01,3.3375868746151527,0.94732586103919,1.378149073352097,0.0999013663508863,0.8399847614162768,0.38370346311892334,0.6228362146605178,False
v3,test,mixed_damage,19599,pca_r96_l01,3.258806045648822,0.9249650598263329,1.2526940878241486,0.09283895108995735,0.819645613426527,0.4077112145908753,0.6398077303544594,False
v3,test,mixed_damage,19599,pca_r64_l001,3.988087045611215,1.1319609455314974,1.7988502416531078,0.10173604632795946,1.0018761035617334,0.23926527048683982,0.5020761390986488,False
v3,test,mixed_damage,19599,pca_r64_l1,3.0378762452196457,0.8622573247820073,1.1693757474952329,0.10518100287423,0.7662668322683949,0.5083999030078877,0.6917190679442445,True
v3,test,mixed_damage,19599,template_1,3.4167086087836847,0.9697834232732101,1.3481290989916341,0.14770975496694763,0.8660676320668639,0.3357276624875002,0.5904063083198079,False
v3,test,mixed_damage,19599,dictionary_8,2.7962602016949267,0.7936780982115141,1.0176506496641715,0.11365133908490614,0.7076731466008794,0.6121733076094306,0.7458769475594547,False
v3,test,mixed_damage,19599,dictionary_24,2.949979977670004,0.8373092378956707,1.0329880771966997,0.10921987559244554,0.745038446450096,0.5475190312257217,0.7117992518108509,False
v3,test,mixed_damage,19599,dictionary_48,2.951353139169842,0.8376989899677661,1.04200670775692,0.10852025864850226,0.7452824569477312,0.5446195807639882,0.7110225770189914,False
v3,test,mixed_damage,19599,local_pca_8,2.3009921670675255,0.6531034150723104,0.9087779269532772,0.2840472397140202,0.637613101180068,0.8564176180195877,0.8766165647533524,False
v3,test,mixed_damage,19599,local_pca_16,2.4422111005432345,0.693186371044906,0.9483300435529669,0.2840472397140202,0.6696378487405481,0.8137827055683488,0.848669401731223,False
v3,test,mixed_damage,19599,local_pca_32,2.4223035146167655,0.687535890117371,0.9492187163298851,0.2840472397140202,0.6651032266104472,0.8184795329414344,0.8519835448608022,False
v3,test,mixed_damage,19599,local_dictionary_8,2.848923829878986,0.8086259089469768,1.0022137414856598,0.2840472397140202,0.7634874550495927,0.5985247616209033,0.7185709283077855,False
v3,test,mixed_damage,19599,local_dictionary_24,2.831730734745528,0.8037458970512235,1.0506905540665123,0.2840472397140202,0.7594793228727394,0.6158868676562931,0.7306345934303802,False
v3,validation,severe_4x,12000,zero_fill,1.6534934645691097,1.0,0.8641742873945405,1.0327717373862404,1.0820496338121943,,0.43690959770743015,
v3,validation,severe_4x,12000,linear,2.2661079583040276,1.3704970759558226,1.0983436743455597,1.0327717373862404,1.1493070521472317,-0.3655117861265837,0.30144162216677095,
v3,validation,severe_4x,12000,pchip,2.163340335983889,1.308345259500401,1.0462764281935653,1.0327717373862404,1.1368625503015906,-0.424570739331816,0.32163930974142413,
v3,validation,severe_4x,12000,autoregression,3.4762026294171604,2.1023382939847526,2.239151336031015,1.0327717373862404,1.3248407131595972,0.04386152648896759,0.19791336670801923,
v3,validation,severe_4x,12000,pca_r32_l01,5.153697237733757,3.1168537089300075,3.107189795015104,0.8887050141075444,1.5493455120171493,0.1826230552928753,0.42769026818336037,
v3,validation,severe_4x,12000,pca_r64_l01,1.6993365884643648,1.0277250106381288,1.2828798333365785,0.6866034768771268,0.7889514345711532,0.602113169649441,0.7891307011089415,
v3,validation,severe_4x,12000,pca_r96_l01,1.91637783319752,1.158987243833417,1.4205851436515957,0.5885151396124424,0.7444694017749576,0.5261043032500642,0.799802738012628,
v3,validation,severe_4x,12000,pca_r64_l001,4.34184355318895,2.6258607283460944,2.9262160287488603,1.4329823679782738,1.7616253582348633,0.34807425777972395,0.5442978584302065,
v3,validation,severe_4x,12000,pca_r64_l1,1.2905335647451333,0.7804890629437343,0.9849509954254696,0.6520528089204958,0.7090076633070693,0.6875653111453239,0.8123297019463124,
v3,validation,severe_4x,12000,template_1,2.3221094993573272,1.4043656954897337,1.6899093558936047,1.0194477517094758,1.145133679532332,0.3553329059949844,0.5375715132184844,
v3,validation,severe_4x,12000,dictionary_8,1.3482382009788407,0.8153876806100249,1.0200460407943996,0.8801838364401482,0.916467403796233,0.7442212374735399,0.6707010945317501,
v3,validation,severe_4x,12000,dictionary_24,1.8202973463422312,1.1008796740642635,1.308840759658305,0.8811599349644157,0.9669580166008362,0.6493276674682416,0.6437590011346076,
v3,validation,severe_4x,12000,dictionary_48,1.605963169885644,0.9712546219855476,1.2313802774613687,0.8725002091294873,0.9353464240254159,0.6808772072564493,0.6615042558015884,
v3,validation,severe_4x,12000,local_pca_8,3.83820976247354,2.3212730166271047,2.101270467096833,1.0327717373862404,1.3858913220357525,0.3403626951541366,0.27540992708747153,
v3,validation,severe_4x,12000,local_pca_16,4.824938475575972,2.9180269405136845,2.894857677544587,1.0327717373862404,1.5668298650509709,0.21640784492636608,0.21275791378041786,
v3,validation,severe_4x,12000,local_pca_32,2.4999262820897767,1.5119057532781008,1.6815195939446472,1.0327717373862404,1.1792183146856257,0.4486076135257382,0.35967701027443827,
v3,validation,severe_4x,12000,local_dictionary_8,1.44921978468578,0.8764593363926224,1.0926118465649026,1.0327717373862404,1.0635876758488696,0.6941449805620895,0.46542412935427496,
v3,validation,severe_4x,12000,local_dictionary_24,1.4526334372642589,0.8785238456583838,1.070339950270382,1.0327717373862404,1.063878688638156,0.674146795848368,0.4635665191705878,
v3,validation,severe_4x,12113,zero_fill,2.28198795287996,1.0,1.573553976648971,0.9823094143101235,1.1090943884179714,,0.4526848897872361,
v3,validation,severe_4x,12113,linear,2.33886308568388,1.024923502655718,1.8218548779916184,0.9823094143101235,1.1164748462014602,0.26407070716099545,0.423524523019928,
v3,validation,severe_4x,12113,pchip,2.430819219295521,1.0652200053149843,1.975722361382473,0.9823094143101235,1.1286844903063853,0.18984456616595616,0.39965105818524654,
v3,validation,severe_4x,12113,autoregression,2.7872685310452767,1.2214212294712743,2.1265976279279752,0.9823094143101235,1.1790579567442223,-0.1798842518175475,0.29818939435978714,
v3,validation,severe_4x,12113,pca_r32_l01,3.788945341626283,1.6603704401000376,2.849725132802879,0.9211850873592339,1.301077348763014,0.06225472447666909,0.4730187888108118,
v3,validation,severe_4x,12113,pca_r64_l01,2.634245231872477,1.1543642150029558,2.008763575914689,0.8005904328894683,1.0171474684182684,0.3074809975121117,0.6280737932771154,
v3,validation,severe_4x,12113,pca_r96_l01,2.462602277225891,1.0791477992326772,1.830899285059749,0.6890881435729646,0.9078493480470293,0.3558778807478841,0.6969659403277148,
v3,validation,severe_4x,12113,pca_r64_l001,6.236253954962916,2.732816335464223,4.054500396488852,1.2850501372867233,1.9946987745788212,0.1461819762018574,0.3593381259753469,
v3,validation,severe_4x,12113,pca_r64_l1,2.27951386514586,0.9989158191080818,1.6550139106147217,0.7112708000637946,0.8938951185242272,0.34841248790433055,0.6861280974598263,
v3,validation,severe_4x,12113,template_1,3.292981405013947,1.4430318971921272,2.182254639440167,0.9267637142593219,1.2177615546768494,0.0963459899905791,0.41153718367131686,
v3,validation,severe_4x,12113,dictionary_8,2.415374201884946,1.0584517761527388,1.7581022025604631,0.8958240642946219,1.0568687196049755,0.2800797770311443,0.5221963230622749,
v3,validation,severe_4x,12113,dictionary_24,2.3943534818475776,1.0492401937643046,1.728817803237334,0.8951746933398731,1.0533575654181269,0.29942459808843075,0.5291678254073986,
v3,validation,severe_4x,12113,dictionary_48,2.356893013668469,1.0328244768750754,1.716395729714372,0.8939581425538529,1.0470900775319625,0.309691186404998,0.534577724869581,
v3,validation,severe_4x,12113,local_pca_8,2.6005844464650165,1.139613573850368,1.9718250387313532,0.9823094143101235,1.152090931872085,0.3801755385610266,0.39381394986544604,
v3,validation,severe_4x,12113,local_pca_16,2.5885065677569385,1.1343208733815355,1.7907445505135986,0.9823094143101235,1.150389690304857,0.36309799316815267,0.39154408352651765,
v3,validation,severe_4x,12113,local_pca_32,2.764950871912753,1.21164130968495,1.9342584735219486,0.9823094143101235,1.175769165953865,0.2921000764616685,0.3604954738455766,
v3,validation,severe_4x,12113,local_dictionary_8,2.9873582912266126,1.3091034452905184,2.085987015265092,0.9823094143101235,1.209294379529723,0.2158211274598676,0.3237389757229936,
v3,validation,severe_4x,12113,local_dictionary_24,2.4962477124686466,1.093891713721925,1.8092652231735742,0.9823094143101235,1.1375749816945973,0.33395380593363644,0.39698658702737155,
v3,validation,severe_4x,12226,zero_fill,2.8560276424314477,1.0,1.9961005985805307,1.0569752407266702,1.2478692786849352,,0.34363159233435975,
v3,validation,severe_4x,12226,linear,3.3182537057150663,1.1618422932664991,2.3721507473955192,1.0569752407266702,1.317401740836148,-0.1259109878406209,0.21274377301159225,
v3,validation,severe_4x,12226,pchip,3.2458155841499843,1.1364790508073286,2.279752910318444,1.0569752407266702,1.3060740000797462,-0.13252671336379837,0.22762007022029881,
v3,validation,severe_4x,12226,autoregression,3.1193323583232915,1.0921926356663978,2.269641207761256,1.0569752407266702,1.286666823966115,-0.05127084923005653,0.2619142811781305,
v3,validation,severe_4x,12226,pca_r32_l01,5.358218768423466,1.8761088614190742,3.5530590282187267,0.9640966302581717,1.632726689035341,-0.1329877009334714,0.31097999019757616,
v3,validation,severe_4x,12226,pca_r64_l01,4.205830811862684,1.472615583048803,2.744763047130336,0.6369832795538279,1.2189962134498402,-0.07492578785437917,0.549807428537431,
v3,validation,severe_4x,12226,pca_r96_l01,3.939839234392331,1.3794821786242208,2.4592277579859214,0.6106250766510013,1.14878408427081,-0.028957256999256036,0.585343805826588,
v3,validation,severe_4x,12226,pca_r64_l001,6.579077281020518,2.3035761920775712,4.03162408761696,0.8832046313806693,1.8537970186724917,-0.1747541083890278,0.387720992655111,
v3,validation,severe_4x,12226,pca_r64_l1,2.812196997780383,0.9846532841629817,1.9081323149535654,0.7431528926433537,1.0060005989681293,0.2979126661718266,0.6537212692888585,
v3,validation,severe_4x,12226,template_1,2.904311069805527,1.0169057983391834,2.1170635897926315,1.0394602021338588,1.2410223977505748,0.39425180557966233,0.40304133389281954,
v3,validation,severe_4x,12226,dictionary_8,2.9141147534493768,1.0203384274560023,2.0142735073099356,1.0325896313504979,1.237075305859037,0.38455075373201625,0.405778547551726,
v3,validation,severe_4x,12226,dictionary_24,2.872467677014055,1.0057562589165319,1.988559610715595,1.0328624707161749,1.2311870239401927,0.36190420467259965,0.40463459587867756,
v3,validation,severe_4x,12226,dictionary_48,2.709054213056111,0.9485392132793882,1.8704494769287279,1.0329786275517776,1.2079074727591508,0.40802376672604257,0.4281977307774269,
v3,validation,severe_4x,12226,local_pca_8,3.2907073515580043,1.1521973046299008,2.2707707404260926,1.0569752407266702,1.3130761774892368,0.14446009170335053,0.2678273634984908,
v3,validation,severe_4x,12226,local_pca_16,5.100506727672238,1.7858744263868462,3.2381396267093043,1.0569752407266702,1.6350290282527824,-0.04580275531093196,0.09957445409455656,
v3,validation,severe_4x,12226,local_pca_32,5.0328140160153625,1.7621727259371802,3.36982112090598,1.0569752407266702,1.621865569576412,-0.22035936030289655,0.029460324044126344,
v3,validation,severe_4x,12226,local_dictionary_8,2.8293853931397086,0.990671571627697,2.0005441816709237,1.0569752407266702,1.2440702249961209,0.36647058382720504,0.3663149491983504,
v3,validation,severe_4x,12226,local_dictionary_24,3.283041114235805,1.1495130738443498,2.3579940809348345,1.0569752407266702,1.3118762529865555,0.26960177792049583,0.3026684201377994,
v3,validation,severe_4x,12339,zero_fill,4.3374102277330735,1.0,2.0700139166668055,0.39000631130226276,1.1482242084648973,,0.1960382650283333,
v3,validation,severe_4x,12339,linear,4.3588389191160894,1.004940434558392,2.0532238697914487,0.39000631130226276,1.1532847264887334,-0.02057272839292845,0.17541847627590862,
v3,validation,severe_4x,12339,pchip,4.363534107265561,1.006022921089053,2.057091407077405,0.39000631130226276,1.1543938817650106,-0.029124299967050883,0.17108170775154752,
v3,validation,severe_4x,12339,autoregression,4.311998674910143,0.9941413074879449,2.0642694218210167,0.39000631130226276,1.1422266197886473,0.1571988314904255,0.22182523816650676,
v3,validation,severe_4x,12339,pca_r32_l01,3.7747519852751785,0.8702778356401937,1.9124905528698544,0.20423172047982957,0.9641839647174175,0.49349458901782545,0.5674301183497705,
v3,validation,severe_4x,12339,pca_r64_l01,3.971554574539697,0.9156511295947699,1.9433132307453862,0.16467023684552595,1.0056089586069423,0.40255799223695105,0.5123205757781186,
v3,validation,severe_4x,12339,pca_r96_l01,3.9794367120448593,0.9174683746998707,1.908849748211334,0.16947240984464904,1.0083008606886852,0.3986368014867167,0.5084742033653854,
v3,validation,severe_4x,12339,pca_r64_l001,3.782852685006838,0.8721454707741416,2.1283991194182796,0.2506776533438044,0.9763632688692513,0.490731683457657,0.5583234472425208,
v3,validation,severe_4x,12339,pca_r64_l1,4.239507576619689,0.9774283164438995,1.9722626394513418,0.17454862274955582,1.0732669989852317,0.24180843417535486,0.4070681496156289,
v3,validation,severe_4x,12339,template_1,5.27221473625559,1.215521350170073,2.3174123678182115,0.2155336609550195,1.3344724990202286,-0.17589649829039541,0.054910460977363754,
v3,validation,severe_4x,12339,dictionary_8,3.596903441728467,0.8292744409394661,1.649608100038896,0.1969868652683815,0.9192310558777526,0.5822495589730424,0.6293498080912074,
v3,validation,severe_4x,12339,dictionary_24,3.699525380652956,0.8529341672591793,1.6905859287055032,0.19388232651910012,0.9437406751242063,0.5333638274160294,0.5965011787321657,
v3,validation,severe_4x,12339,dictionary_48,3.5337079794635375,0.8147045803667072,1.6377685556852863,0.19193255738070014,0.9027618623862245,0.608527199980696,0.6493793573685294,
v3,validation,severe_4x,12339,local_pca_8,3.877237782226868,0.8939061741119395,1.8727803232617584,0.39000631130226276,1.0402687952748524,0.44849089679500675,0.45927770795406836,
v3,validation,severe_4x,12339,local_pca_16,4.007069510143085,0.9238391804681477,2.083518073805277,0.39000631130226276,1.0705775281930863,0.385184407355098,0.40640872456147925,
v3,validation,severe_4x,12339,local_pca_32,3.976806615242082,0.9168619997745846,1.9973705342100287,0.39000631130226276,1.0635014309424773,0.39918926805086546,0.41841145177832745,
v3,validation,severe_4x,12339,local_dictionary_8,3.2279764947920526,0.7442174766298596,1.4884303961676673,0.39000631130226276,0.8909758026233073,0.6928445050571489,0.6684456117399354,
v3,validation,severe_4x,12339,local_dictionary_24,2.8459108974861422,0.6561313659680154,1.393447925643836,0.39000631130226276,0.8054805506367124,0.7635126336464506,0.7332872436568517,
v3,validation,severe_4x,12452,zero_fill,2.776744185957637,1.0,1.214262925068493,0.6860265782184398,0.9607872834484833,,0.48978371540045484,
v3,validation,severe_4x,12452,linear,3.349853319553313,1.2063960866449148,1.4879365069324901,0.6860265782184398,1.0689072765227894,-0.29062964413750214,0.2039552866705908,
v3,validation,severe_4x,12452,pchip,3.2244262455219284,1.1612255323440592,1.3296307985846212,0.6860265782184398,1.0445217686560604,-0.421882175079668,0.24250924187593462,
v3,validation,severe_4x,12452,autoregression,3.4855630751122493,1.2552697842095801,1.6966367864488303,0.6860265782184398,1.0956914751915077,-0.3033718120320357,0.15923330310039993,
v3,validation,severe_4x,12452,pca_r32_l01,2.2969342991143806,0.8272041445986568,0.9957026968325569,0.3966264911740088,0.6908145453449845,0.5758299263288763,0.7644691389572279,
v3,validation,severe_4x,12452,pca_r64_l01,2.1575500732513095,0.77700714533313,0.9526365333005324,0.40149703237184,0.6648787635556973,0.6329044509075936,0.7848789642483484,
v3,validation,severe_4x,12452,pca_r96_l01,2.1527696654559794,0.7752855579360967,0.9401249299697633,0.3971747041168177,0.6614677531993564,0.6343913877974786,0.787602930279947,
v3,validation,severe_4x,12452,pca_r64_l001,2.275889998682894,0.8196253764363209,1.1303214547626004,0.4008024061224928,0.6887177314314133,0.5871600366628671,0.7658261066712969,
v3,validation,severe_4x,12452,pca_r64_l1,2.1483107893226054,0.7736797650236912,0.9209901533597992,0.41729668226874067,0.6720903521387299,0.6306880734615546,0.782204368146689,
v3,validation,severe_4x,12452,template_1,2.0620297040536886,0.7426070123714117,0.9401717230266603,0.2917392250195661,0.5878266714998243,0.7165621162247328,0.8370533033760486,
v3,validation,severe_4x,12452,dictionary_8,1.7362464344390613,0.6252813792568611,0.8023115246353999,0.25675104943086485,0.5002104683193435,0.7777128243161283,0.8906254348907663,
v3,validation,severe_4x,12452,dictionary_24,1.6351706163305706,0.5888805402384003,0.7339750883708474,0.28014507936610167,0.4905992462607903,0.8150696128826002,0.9009017117783572,
v3,validation,severe_4x,12452,dictionary_48,1.750791123907302,0.63051941650271,0.805348949063786,0.28248733250285607,0.5161307946466478,0.7844140928704468,0.8885828677399246,
v3,validation,severe_4x,12452,local_pca_8,2.1927331379381307,0.7896777632693254,0.9532575676458731,0.6860265782184398,0.8612333309179168,0.617047964688602,0.5964758600762781,
v3,validation,severe_4x,12452,local_pca_16,2.2286983192208263,0.8026300479862887,0.9583890446491112,0.6860265782184398,0.8669841113174038,0.6023528715078758,0.588666729497049,
v3,validation,severe_4x,12452,local_pca_32,2.2250568564994495,0.8013186334383472,0.9560965638761831,0.6860265782184398,0.8663993379566207,0.6037308656704815,0.5894961135846759,
v3,validation,severe_4x,12452,local_dictionary_8,2.2897711416353093,0.8246244480190091,0.9289116843851358,0.6860265782184398,0.8768743806625534,0.5756164075060529,0.5752484256051844,
v3,validation,severe_4x,12452,local_dictionary_24,2.054362934077804,0.7398459478071437,0.8200504328371117,0.6860265782184398,0.8396388381040788,0.6721073289281098,0.6242757082248523,
v3,validation,severe_4x,12565,zero_fill,3.6409752658379024,1.0,1.429387725560646,0.4739622504815921,1.0193841311567433,,0.35791051691945697,
v3,validation,severe_4x,12565,linear,3.874021827635566,1.0640066314056742,1.4914863781696073,0.4739622504815921,1.0717289869709494,-0.13788483150426406,0.20691581647012403,
v3,validation,severe_4x,12565,pchip,3.8077230110727185,1.0457975495739718,1.4428470235434787,0.4739622504815921,1.05677450741266,-0.1929140269540676,0.23820411545472436,
v3,validation,severe_4x,12565,autoregression,4.388232557584534,1.2052354759885093,2.248916864785718,0.4739622504815921,1.189174824265458,-0.029264552892533033,0.119025560551899,
v3,validation,severe_4x,12565,pca_r32_l01,3.082168014750635,0.8465226456410249,1.3798845039538894,0.2835933230940313,0.8180058551404372,0.5384799687326847,0.6585831889180566,
v3,validation,severe_4x,12565,pca_r64_l01,3.154012080928407,0.8662547396356921,1.4334666258479163,0.2866862894450682,0.8359361382224072,0.49944880823645094,0.6383300912069936,
v3,validation,severe_4x,12565,pca_r96_l01,3.192356329881187,0.8767860523069293,1.3898251515393092,0.28054287444104714,0.8430489125388559,0.47962716415732554,0.6304740096890336,
v3,validation,severe_4x,12565,pca_r64_l001,3.8931413991954105,1.0692578539940938,2.3639481330919785,0.5256304403351855,1.0983186113109897,0.3507141285469123,0.4812987878421737,
v3,validation,severe_4x,12565,pca_r64_l1,3.119165089647932,0.8566839546849034,1.1777160220531562,0.25864553685906677,0.8190182218109953,0.5384348396055947,0.6625040812139683,
v3,validation,severe_4x,12565,template_1,3.68123242536892,1.0110566967891097,1.5217336644177428,0.5408887833728281,1.0588874559315078,0.305627622243691,0.47152861232566395,
v3,validation,severe_4x,12565,dictionary_8,2.317768433177196,0.6365790108282443,0.9609868073219516,0.2786100097126372,0.6391597791492463,0.8169807191691548,0.8208058598703524,
v3,validation,severe_4x,12565,dictionary_24,2.561344420391673,0.7034775666904256,0.9944946458273158,0.2709930671084805,0.6920099293084817,0.7592317560576871,0.7828091343797283,
v3,validation,severe_4x,12565,dictionary_48,2.4859764475206645,0.6827776257767474,0.9683529193132319,0.2654798631288139,0.6725544710063858,0.7847148882056889,0.8008816407119124,
v3,validation,severe_4x,12565,local_pca_8,2.783724351293233,0.7645545899232059,1.2386857522890857,0.4739622504815921,0.8336187860469617,0.7108364337236501,0.6904715788059194,
v3,validation,severe_4x,12565,local_pca_16,2.893547507510541,0.7947177050774733,1.3277645747316549,0.4739622504815921,0.8566730853074911,0.6553065447997872,0.6537593429079593,
v3,validation,severe_4x,12565,local_pca_32,2.859187989573577,0.7852808055029695,1.1546651669153947,0.4739622504815921,0.8494321332125887,0.6968005367471671,0.6777367135289593,
v3,validation,severe_4x,12565,local_dictionary_8,3.0366521042237364,0.8340216240180659,1.1943214262603243,0.4739622504815921,0.8870900188717489,0.596255676759492,0.6131456917985917,
v3,validation,severe_4x,12565,local_dictionary_24,2.968680101602068,0.815352998812224,1.143655361340386,0.4739622504815921,0.872591856513961,0.6147828274390423,0.6269867210068137,
v3,validation,severe_4x,12678,zero_fill,2.888949663679235,1.0,1.9862954706641534,0.9089305072388303,1.138484468606015,,0.3366911931752348,
v3,validation,severe_4x,12678,linear,3.1911501814908787,1.104605670915974,2.1853809686347265,0.9089305072388303,1.1878488825833136,-0.18645505063635404,0.22170677759836924,
v3,validation,severe_4x,12678,pchip,3.1849023283853444,1.102442998030363,2.118298642813812,0.9089305072388303,1.186800395132748,-0.17776321539831838,0.2239227288102277,
v3,validation,severe_4x,12678,autoregression,3.056591362915505,1.0580285981939779,2.1949619836133993,0.9089305072388303,1.1655221674396423,-0.20142944238045832,0.26621359027821995,
v3,validation,severe_4x,12678,pca_r32_l01,3.5884331511321506,1.2421238058409385,2.5927712201264836,0.6599860559484041,1.1014358921096805,0.18399170090106873,0.5207423380087024,
v3,validation,severe_4x,12678,pca_r64_l01,2.9863278227447183,1.0337071151809087,2.0907717073750662,0.6583882963503794,0.9817166437058904,0.337974171082731,0.6171695701923396,
v3,validation,severe_4x,12678,pca_r96_l01,2.5615084645474973,0.8866573539690119,1.8373209679355118,0.5669772319128901,0.8434776722208821,0.4944237361192897,0.7188561365566011,
v3,validation,severe_4x,12678,pca_r64_l001,5.039766129960129,1.744497729857194,3.6261202300080093,0.9541247113958197,1.56234103427628,0.16545632658813153,0.3912648326332513,
v3,validation,severe_4x,12678,pca_r64_l1,2.566401525389432,0.8883510701674807,1.7808603529742917,0.5882137002817236,0.857917068672286,0.4632844818373393,0.7067888768854419,
v3,validation,severe_4x,12678,template_1,2.620641882773876,0.9071261835127808,1.9428049030054266,0.8284179029412215,1.035673307758399,0.46881809398197727,0.5276976563649776,
v3,validation,severe_4x,12678,dictionary_8,2.553261738973732,0.8838027782464074,1.8079806686840971,0.8266709590141722,1.0237772775629819,0.477729699016233,0.5372350568022192,
v3,validation,severe_4x,12678,dictionary_24,2.6572066139925448,0.9197829395921171,1.8436585369662652,0.8186569389467729,1.034218749368673,0.43588920537147063,0.5246097043615353,
v3,validation,severe_4x,12678,dictionary_48,2.6094801486542574,0.9032625875976469,1.8045562655743552,0.814639769782583,1.023595255822948,0.45241138216972754,0.5336812194038457,
v3,validation,severe_4x,12678,local_pca_8,2.1240180541637357,0.735221551578951,1.5223925316171991,0.9089305072388303,1.0278549477934333,0.6770847792139781,0.5272532442186966,
v3,validation,severe_4x,12678,local_pca_16,2.761466018085072,0.9558719740960092,1.8094890213461516,0.9089305072388303,1.1185373980638786,0.3993872284625168,0.39249469457035885,
v3,validation,severe_4x,12678,local_pca_32,3.117786197686658,1.0792109799919418,2.0025511588259515,0.9089305072388303,1.175609171326907,0.3459657685852446,0.345752537134568,
v3,validation,severe_4x,12678,local_dictionary_8,2.685178550786435,0.9294653294051216,1.908838427680116,0.9089305072388303,1.1068678741849989,0.4126426538822292,0.4051651291219785,
v3,validation,severe_4x,12678,local_dictionary_24,2.4523940006265765,0.8488877571869213,1.6872758172956013,0.9089305072388303,1.0725715692656244,0.5353413032850608,0.4602949750467005,
v3,validation,severe_4x,12791,zero_fill,3.33786777426256,1.0,2.165433834665614,1.1112808385258746,1.3616519794348623,,0.43691953459415894,
v3,validation,severe_4x,12791,linear,3.5082973590544317,1.0510594176635786,2.1991911670585518,1.1112808385258746,1.3881716142706804,-0.09526014591173232,0.37048346757683664,
v3,validation,severe_4x,12791,pchip,3.5107060723398535,1.0517810499894589,2.188428005368681,1.1112808385258746,1.3885521609190066,-0.10042257497985721,0.369791969974468,
v3,validation,severe_4x,12791,autoregression,3.730188972672184,1.1175364708676336,2.7319296213541255,1.1112808385258746,1.4238698655198165,-0.00850011279318598,0.30967032171739206,
v3,validation,severe_4x,12791,pca_r32_l01,4.96202799059826,1.4865861460598235,3.474065100393382,0.8721917992553724,1.5006769264194881,0.09726073811681868,0.4915859275442338,
v3,validation,severe_4x,12791,pca_r64_l01,3.6680111296898192,1.098908458259764,2.4038177167145705,0.745276817984103,1.1668833671070138,0.28908320492371814,0.6690411481537886,
v3,validation,severe_4x,12791,pca_r96_l01,3.290797886602965,0.985898216812979,2.136492753514375,0.6681204798686688,1.0465755277561686,0.37862464834118637,0.7254512846340088,
v3,validation,severe_4x,12791,pca_r64_l001,5.348224568176858,1.6022877267385012,3.6931607286594703,1.1444075060189587,1.7365291195575034,0.25650387400692276,0.5483220100390044,
v3,validation,severe_4x,12791,pca_r64_l1,2.826915774758379,0.8469226362278337,1.9286388613203922,0.7143429850838869,0.9888674488605684,0.5476823266818459,0.7687209224804671,
v3,validation,severe_4x,12791,template_1,4.078697561062759,1.2219470143522602,2.6906145841603806,1.1301442720841173,1.495705622158138,0.03035512662106904,0.345200577380115,
v3,validation,severe_4x,12791,dictionary_8,3.8581001354061226,1.1558576900963364,2.445079650049705,0.9295424445337064,1.3192250091830955,0.08670037984620024,0.49556997746459047,
v3,validation,severe_4x,12791,dictionary_24,4.796107577184944,1.4368776421182698,2.899278701314169,0.8912471604103807,1.4772751606848742,-0.15403978991554348,0.4089368207601771,
v3,validation,severe_4x,12791,dictionary_48,4.444539243031194,1.3315504218896546,2.74814546400218,0.8590107737159621,1.3879486149360352,-0.07896740003522633,0.4730551304692509,
v3,validation,severe_4x,12791,local_pca_8,3.0632232615454025,0.9177185762615072,2.2083083098213,1.1112808385258746,1.3206890550294763,0.6529227627854232,0.508160671186753,
v3,validation,severe_4x,12791,local_pca_16,2.9202264563816724,0.8748778123863347,1.963059637077787,1.1112808385258746,1.3002860043004245,0.5261677177225902,0.49018390018157365,
v3,validation,severe_4x,12791,local_pca_32,3.9075981736732768,1.17068692888429,2.631535819582661,1.1112808385258746,1.4533044247940685,0.16944614467488608,0.3129796714256035,
v3,validation,severe_4x,12791,local_dictionary_8,3.209711083798725,0.961605222515997,2.3267051812029935,1.1112808385258746,1.3422560712421352,0.384522621647455,0.43710089589099976,
v3,validation,severe_4x,12791,local_dictionary_24,2.782916434943724,0.8337407660069931,1.9993056427976934,1.1112808385258746,1.281327446805691,0.5879009121222288,0.5122425140534388,
v3,validation,severe_4x,12904,zero_fill,2.0031325574730747,1.0,1.0978068180916696,1.0109316062577876,1.0994964964352112,,0.3081227779076761,
v3,validation,severe_4x,12904,linear,2.047489210697258,1.0221436434941373,1.090293825210011,1.0109316062577876,1.1045913485279844,-0.041009951582337764,0.29591460428933697,
v3,validation,severe_4x,12904,pchip,2.057879708701791,1.0273307680135653,1.0956106904032994,1.0109316062577876,1.1057974945557059,-0.06036397137090936,0.2929847988929622,
v3,validation,severe_4x,12904,autoregression,1.988597008302137,0.9927435909736926,1.0914454347325742,1.0109316062577876,1.0978461512602888,0.1913094324865433,0.3124176851842527,
v3,validation,severe_4x,12904,pca_r32_l01,3.8230034178899857,1.9085124464816516,2.8799807995404167,0.70643204139872,1.1752938082113753,0.3042499499760883,0.6176294127387628,
v3,validation,severe_4x,12904,pca_r64_l01,2.342199374210017,1.169268287049695,1.765965973793772,0.5001258591088356,0.7598431595068673,0.5062916720747329,0.7912298675079683,
v3,validation,severe_4x,12904,pca_r96_l01,2.043829319360738,1.020316559548611,1.4807678049011102,0.44871333460805685,0.6706989421726789,0.5434714529785306,0.8272780345108495,
v3,validation,severe_4x,12904,pca_r64_l001,3.960387632893981,1.9770971312502443,2.602412101425866,0.847539030380235,1.2859701183116492,0.4099430100825844,0.6142821376581422,
v3,validation,severe_4x,12904,pca_r64_l1,1.6743402907309308,0.8358609541263156,1.2071228577418462,0.4714272039447925,0.6193277372710778,0.6084119916611532,0.8470992618866923,
v3,validation,severe_4x,12904,template_1,2.9979513668327122,1.4966315412568543,1.3692728761297066,0.8959127123622815,1.1463966978232063,-0.36404576542621636,0.31876528651715486,
v3,validation,severe_4x,12904,dictionary_8,2.320522523229693,1.158446811007356,1.3164417058916489,0.7444681631873454,0.9252809529681174,0.221839036619248,0.6036490704695808,
v3,validation,severe_4x,12904,dictionary_24,2.0825944730754826,1.0396688253635336,1.3357085120762522,0.6073215135223362,0.7854055899299127,0.32196895082084487,0.73364676431506,
v3,validation,severe_4x,12904,dictionary_48,2.1664381067740663,1.0815250836454875,1.4625654869486415,0.5947330330680795,0.7905324463541236,0.21398603262768826,0.730141200720097,
v3,validation,severe_4x,12904,local_pca_8,3.784167617314862,1.8891249124763563,2.413070051190061,1.0109316062577876,1.3612876542978227,0.351432702054694,0.2495099342728645,
v3,validation,severe_4x,12904,local_pca_16,3.8430564681860075,1.918523291855419,2.126265603457428,1.0109316062577876,1.3715598716796544,0.34044671446243024,0.24425664967664762,
v3,validation,severe_4x,12904,local_pca_32,2.3561322166855088,1.1762238139934875,1.7760754204767935,1.0109316062577876,1.1423960486207163,0.5036067334196503,0.341502682011637,
v3,validation,severe_4x,12904,local_dictionary_8,2.4406602412397596,1.2184217325680236,1.2786066311815363,1.0109316062577876,1.1534340873326046,0.4148556364636987,0.3126528702292542,
v3,validation,severe_4x,12904,local_dictionary_24,2.181055914545317,1.0888225576527448,1.2289663379053473,1.0109316062577876,1.120455978339214,0.5091565248803115,0.3503817458700203,
v3,validation,severe_4x,13017,zero_fill,2.7515225508172314,1.0,1.1920654090958847,0.5475933330349035,0.8685027786160173,,0.47215984488429624,
v3,validation,severe_4x,13017,linear,3.2256414137604392,1.1723114581788143,1.4857867089840804,0.5475933330349035,0.9650984213388085,-0.2525661030837132,0.2143752353580217,
v3,validation,severe_4x,13017,pchip,3.113133279110061,1.1314220478350896,1.3480087423408365,0.5475933330349035,0.9417230116011649,-0.36685224797781096,0.25323147341297325,
v3,validation,severe_4x,13017,autoregression,4.08316421371323,1.4839653821846697,2.566676862982631,0.5475933330349035,1.1502746104711394,0.05114924105407306,0.15722535518792544,
v3,validation,severe_4x,13017,pca_r32_l01,2.3267759339488134,0.8456321512821097,1.2282027285585508,0.32794742439339547,0.6627183104597166,0.5793090341161655,0.7351875327717381,
v3,validation,severe_4x,13017,pca_r64_l01,1.9855078689261036,0.7216033422427837,0.9767837173934979,0.27239604312534926,0.5620962752402099,0.693853438578366,0.813996283597116,
v3,validation,severe_4x,13017,pca_r96_l01,1.9505991138196568,0.7089162737337218,0.9245609736397877,0.23781081329442832,0.5392788382779353,0.7047925869804651,0.8303502105231132,
v3,validation,severe_4x,13017,pca_r64_l001,2.766589837871335,1.0054759816704495,1.5077004349607104,0.2706888736461682,0.7396412274605848,0.4316463725235632,0.6802105039293541,
v3,validation,severe_4x,13017,pca_r64_l1,1.8587944800375074,0.6755512432509142,0.8487849374475521,0.2584824650721548,0.5278088367406667,0.7347999901415373,0.840627112482195,
v3,validation,severe_4x,13017,template_1,0.96984086469546,0.3524742562649203,0.5083013551272115,0.15976182966816127,0.2876031267342438,0.9408868416776183,0.9552065113230146,
v3,validation,severe_4x,13017,dictionary_8,1.6990951287063782,0.6175108861825351,0.6659913875687549,0.14284680232232,0.44672435505573677,0.7972441981875861,0.8928385498977688,
v3,validation,severe_4x,13017,dictionary_24,1.3037686743440187,0.47383535852060726,0.5200626650564701,0.1634162773350347,0.3623177086197429,0.9050600163852401,0.9375778917270322,
v3,validation,severe_4x,13017,dictionary_48,1.3590455932419858,0.493924933611151,0.558606284846396,0.16582310862493893,0.3757878785649089,0.8843014748022278,0.9293850573617167,
v3,validation,severe_4x,13017,local_pca_8,2.188886344728021,0.7955182282906962,0.9728311525765965,0.5475933330349035,0.7619506343056663,0.6120498385325952,0.6167499261102148,
v3,validation,severe_4x,13017,local_pca_16,2.018408031742329,0.7335604177195788,0.9573412377231088,0.5475933330349035,0.7319429562116703,0.677218256550688,0.6571699029738279,
v3,validation,severe_4x,13017,local_pca_32,1.9985516436114734,0.7263439084000538,0.9374797751444153,0.5475933330349035,0.7285295784981144,0.6841948605959152,0.6624467109140083,
v3,validation,severe_4x,13017,local_dictionary_8,1.8814661910189008,0.6837909398416834,0.8181295000335715,0.5475933330349035,0.7087749953137142,0.7320882994254073,0.6962106623307525,
v3,validation,severe_4x,13017,local_dictionary_24,1.9248914350539377,0.6995731997479812,0.8030524280448721,0.5475933330349035,0.7160256591294464,0.7209161623012166,0.6925559911632153,
v3,validation,severe_4x,13130,zero_fill,2.330100275475326,1.0,1.1566081849065262,0.44439426224183687,0.7242091030251634,,0.5243193301640308,
v3,validation,severe_4x,13130,linear,2.9684800855047087,1.2739709602837401,1.5689326377205237,0.44439426224183687,0.8578376857956594,-0.23275215171699395,0.21373324213993822,
v3,validation,severe_4x,13130,pchip,2.8244912272572225,1.2121758265021636,1.4618818603594503,0.44439426224183687,0.826893455861871,-0.2810370277087387,0.2537646216077827,
v3,validation,severe_4x,13130,autoregression,4.602703345491019,1.9753241497523517,2.869603016177695,0.44439426224183687,1.2284943017596839,0.11928704415333855,0.17013464645408322,
v3,validation,severe_4x,13130,pca_r32_l01,1.8482100396481957,0.7931890567547237,1.0099295104246124,0.1075108733311038,0.473633506054697,0.6269466252456731,0.825751703620939,
v3,validation,severe_4x,13130,pca_r64_l01,1.8715919057847663,0.803223760575271,0.9937209218847872,0.1112761802889328,0.4801426927418609,0.6178173698032988,0.8218256979568496,
v3,validation,severe_4x,13130,pca_r96_l01,1.8495588084957324,0.7937679025931337,0.967087027773764,0.11290832272605796,0.4751376199452854,0.6261541118864501,0.8259247225764531,
v3,validation,severe_4x,13130,pca_r64_l001,2.0281864965106684,0.8704288471434694,1.277208182297529,0.23609860601515417,0.556196836845032,0.6283204088264146,0.7977765178835047,
v3,validation,severe_4x,13130,pca_r64_l1,1.8130291033487402,0.7780905922509681,0.9253855325004436,0.11150432839712701,0.46593808322290475,0.6287871695702049,0.8292173122793138,
v3,validation,severe_4x,13130,template_1,1.9896322681134466,0.853882680095205,0.9621178520838871,0.16659206686045516,0.5229083519981557,0.6470055507008994,0.8038670607708704,
v3,validation,severe_4x,13130,dictionary_8,2.1094334448202607,0.9052972814184786,0.9526311971199894,0.10127696504049029,0.5363979873216494,0.563408207634318,0.787179063160077,
v3,validation,severe_4x,13130,dictionary_24,2.1293240606730004,0.9138336590422622,0.9650424357118786,0.10108178771118288,0.5412533990923455,0.5655463760245705,0.7857980637030795,
v3,validation,severe_4x,13130,dictionary_48,2.030798518683282,0.8715498384587812,0.9186878186164769,0.10207607275445814,0.5172303339012039,0.6060583651919814,0.8046534579638752,
v3,validation,severe_4x,13130,local_pca_8,1.648424597234002,0.7074479216984486,0.8191319514001796,0.44439426224183687,0.5957976563748425,0.7048931036241123,0.7096328480511804,
v3,validation,severe_4x,13130,local_pca_16,1.650491069061573,0.7083347813110246,0.8952475966969262,0.44439426224183687,0.596155111619137,0.703665118397029,0.7083046394630949,
v3,validation,severe_4x,13130,local_pca_32,1.6590530842157294,0.7120093077871049,0.9073508954472258,0.44439426224183687,0.597638636685441,0.6999767914678482,0.7067439255205621,
v3,validation,severe_4x,13130,local_dictionary_8,1.925623733571078,0.8264123882729737,0.9266349727337968,0.44439426224183687,0.6456740987136145,0.596295029952434,0.6333587300482811,
v3,validation,severe_4x,13130,local_dictionary_24,1.8943811644704742,0.8130041373794663,0.9129200258458903,0.44439426224183687,0.6398717596617752,0.6250810555498978,0.643357373169755,
v3,validation,severe_4x,13243,zero_fill,3.1659824079106977,1.0,1.6703263260845211,1.281976440318891,1.4721455114515354,,0.2994543472101031,
v3,validation,severe_4x,13243,linear,3.49419184235723,1.1036674852097883,1.9551898050529146,1.281976440318891,1.5178383176039008,-0.1581218463677763,0.21787410255764275,
v3,validation,severe_4x,13243,pchip,3.4239405607750775,1.081478075247617,1.8647064444756354,1.281976440318891,1.5077989518398827,-0.18297874566691946,0.23192918582271374,
v3,validation,severe_4x,13243,autoregression,4.545687703533103,1.435790575517728,3.2325271105444173,1.281976440318891,1.6829147074540514,0.03572100520648899,0.1451865678405369,
v3,validation,severe_4x,13243,pca_r32_l01,3.15352328627838,0.9960646901886799,2.0623645288955688,0.7635426313351613,1.080788756102844,0.4104160294751658,0.752116207556881,
v3,validation,severe_4x,13243,pca_r64_l01,2.2801595919127284,0.7202060207963873,1.4631604437334715,0.515773661059382,0.7578532512230928,0.6946022862743652,0.8721207571797973,
v3,validation,severe_4x,13243,pca_r96_l01,2.251304057041114,0.7110917772050412,1.4603308532064267,0.5191322906883191,0.7546044073626963,0.7047614356350037,0.8724917278998933,
v3,validation,severe_4x,13243,pca_r64_l001,2.695910835301488,0.8515242626002396,1.9818834507743404,0.8051856769389015,1.030557944971719,0.6898015144918244,0.818859800577641,
v3,validation,severe_4x,13243,pca_r64_l1,2.41664738358301,0.7633167441311872,1.4537023240562164,0.5405577257879547,0.799344434529567,0.6643957199492357,0.8707487387630812,
v3,validation,severe_4x,13243,template_1,3.129105062438411,0.9883520055638518,1.9315746989003268,1.1417241578794453,1.3542596981852442,0.3552247112213883,0.49344617811775976,
v3,validation,severe_4x,13243,dictionary_8,2.484944396300512,0.7848888831761962,1.641231481726768,0.9467661866280935,1.1073741981270335,0.6186589973902981,0.6977183326379638,
v3,validation,severe_4x,13243,dictionary_24,3.4554627697558615,1.0914346084557678,2.265248207768945,0.8586627229255609,1.19895131336978,0.3131795023440045,0.6533230295013069,
v3,validation,severe_4x,13243,dictionary_48,3.266304461412291,1.0316874955624904,2.155907533693406,0.9016074457076456,1.1953604222935705,0.4011187329168621,0.6672375496012622,
v3,validation,severe_4x,13243,local_pca_8,5.93695740047837,1.8752338565255326,3.5437624670087264,1.281976440318891,1.9348678423552168,-0.1403649121260242,0.04394053685977184,
v3,validation,severe_4x,13243,local_pca_16,4.061044986267317,1.2827124295195595,2.5002062782865924,1.281976440318891,1.6035905081152524,0.1025000378573208,0.2047645346109738,
v3,validation,severe_4x,13243,local_pca_32,2.669397546854847,0.8431498356355183,1.5944566640356528,1.281976440318891,1.4092914258179778,0.5637797243347348,0.41269068985955776,
v3,validation,severe_4x,13243,local_dictionary_8,3.5117544173936754,1.1092147602017663,2.427970237770732,1.281976440318891,1.520369465604381,0.26601915438871726,0.28488949575521916,
v3,validation,severe_4x,13243,local_dictionary_24,2.809533526908453,0.887412867452579,1.9865268649938654,1.281976440318891,1.4262151078513077,0.49670971438367795,0.3882494612111179,
v3,validation,severe_4x,13356,zero_fill,2.9884303856830976,1.0,2.040113421641451,0.8454385768587097,1.108270386082725,,0.48420633912804906,
v3,validation,severe_4x,13356,linear,3.3886470879740065,1.1339220428919,2.386088869582757,0.8454385768587097,1.1780392845595153,-0.18887863647387226,0.3155474289178964,
v3,validation,severe_4x,13356,pchip,3.2878712460429065,1.1002000454132588,2.2256522011550395,0.8454385768587097,1.160053693239265,-0.2699069394764563,0.35118370019550355,
v3,validation,severe_4x,13356,autoregression,4.395282136707197,1.4707661111210792,3.575241960144373,0.8454385768587097,1.3702189804432396,0.09864164906063931,0.2103368153245927,
v3,validation,severe_4x,13356,pca_r32_l01,4.311089539782035,1.4425932624817035,2.5911226616238565,0.8647009303361476,1.3647597889345093,0.12884397592009805,0.42034621979247455,
v3,validation,severe_4x,13356,pca_r64_l01,3.3550336826981906,1.1226741967192568,2.228257836757037,0.7708945233329613,1.1227874493757346,0.24830664232910712,0.5540559743863248,
v3,validation,severe_4x,13356,pca_r96_l01,3.159864987305443,1.0573661017648763,2.1864271590056674,0.6720605464239863,1.0234661513972516,0.30275925400947307,0.6155337909549248,
v3,validation,severe_4x,13356,pca_r64_l001,5.258501611623164,1.7596199117822757,3.3442876951625373,1.081276837845841,1.6805734363672555,0.007174572019753089,0.33911037186083415,
v3,validation,severe_4x,13356,pca_r64_l1,2.829024484974188,0.9466589881187838,1.9189045337284494,0.6750016303546604,0.9629962211538402,0.37085808831717254,0.6295288518065155,
v3,validation,severe_4x,13356,template_1,2.832784149582715,0.9479170614627501,2.0139466266715482,0.9247387668036186,1.14159408396136,0.43691197971687745,0.4542251391892735,
v3,validation,severe_4x,13356,dictionary_8,3.000215289717179,1.0039435096398899,2.0467959223557335,0.8392111771724743,1.1058204754564844,0.27011000160763077,0.4652620691116304,
v3,validation,severe_4x,13356,dictionary_24,3.251198511290582,1.0879284747158067,2.1356493540258557,0.8233052359228131,1.138468390873427,0.1816326295743356,0.430454909728108,
v3,validation,severe_4x,13356,dictionary_48,3.369418975823417,1.1274878584977421,2.3071084281394896,0.7953394934602451,1.1413111397232714,0.2072750635866967,0.4434137008439794,
v3,validation,severe_4x,13356,local_pca_8,4.138456327419013,1.3848260770086642,2.7169772843459628,0.8454385768587097,1.319287605645744,0.3261645853354188,0.3526470272320035,
v3,validation,severe_4x,13356,local_pca_16,2.5909851315125945,0.8670053496730007,1.7240931803913124,0.8454385768587097,1.0438719916832637,0.553606081480053,0.5388080874350514,
v3,validation,severe_4x,13356,local_pca_32,3.1383812400575417,1.0501771281314851,2.058196542817699,0.8454385768587097,1.1338797504739622,0.3011095375855035,0.41993116528112584,
v3,validation,severe_4x,13356,local_dictionary_8,3.439023262649725,1.1507791110428127,2.4776534476148644,0.8454385768587097,1.187128278916688,0.11854830944184633,0.3378226717008332,
v3,validation,severe_4x,13356,local_dictionary_24,2.969041539806781,0.9935120302720771,2.140299084076285,0.8454385768587097,1.1050085823680122,0.3037885395364176,0.45168253800319813,
v3,validation,severe_4x,13469,zero_fill,2.39272942703486,1.0,1.2231566317992404,1.0974679175969895,1.2194181902478805,,0.3381279974545956,
v3,validation,severe_4x,13469,linear,2.429072996957028,1.0151891682826863,1.2259203660177114,1.0974679175969895,1.2239008608968776,-0.026265713379183955,0.32569764925938444,
v3,validation,severe_4x,13469,pchip,2.450852357601865,1.024291476466285,1.2411224145946904,1.0974679175969895,1.226611560638766,-0.029551883358003076,0.3186441881444442,
v3,validation,severe_4x,13469,autoregression,2.3772573126638354,0.9935336966243618,1.205314765762565,1.0974679175969895,1.217525404841049,0.1571461154189697,0.34262877132311736,
v3,validation,severe_4x,13469,pca_r32_l01,4.340324552321233,1.813963795187611,2.853837643260948,0.6419363639240951,1.2504911947261923,0.2795853790723818,0.6013297098284505,
v3,validation,severe_4x,13469,pca_r64_l01,2.0365328615919913,0.8511337882928628,1.3669640501946707,0.5352964256154865,0.7265328642555858,0.6086295806427765,0.8299825174884088,
v3,validation,severe_4x,13469,pca_r96_l01,1.94237646819732,0.8117827474560587,1.361331994357071,0.5363265266769348,0.7109640678537693,0.6600171200680365,0.8367867975346744,
v3,validation,severe_4x,13469,pca_r64_l001,4.301637052516166,1.7977950218328196,2.8000751634377767,0.9218059048664106,1.3975418872362713,0.368211777709928,0.5799007992855097,
v3,validation,severe_4x,13469,pca_r64_l1,1.749934224864209,0.7313548306348948,1.151350845604919,0.6218663052805301,0.7442712591857874,0.6828568395850859,0.8377252798012873,
v3,validation,severe_4x,13469,template_1,3.149421915204452,1.3162465758225357,1.4467875974582642,0.947785720102145,1.209166163323232,0.07115996375757516,0.4445443949203508,
v3,validation,severe_4x,13469,dictionary_8,2.2218700815692305,0.9285922831327554,1.117959265561122,0.8839043075809706,1.020294351945046,0.4282847935773871,0.6150622042724948,
v3,validation,severe_4x,13469,dictionary_24,2.174633846638811,0.9088507133602987,1.1307304477262001,0.8371762451970856,0.9760248892120231,0.4279439615656308,0.6590418681434254,
v3,validation,severe_4x,13469,dictionary_48,1.9396970248816374,0.8106629203308484,1.1010554744660763,0.7812794524769459,0.8985539873622932,0.5890736251780073,0.7195745267034975,
v3,validation,severe_4x,13469,local_pca_8,2.4435521505089057,1.0212404808081568,1.6887287957938253,1.0974679175969895,1.2257009363160531,0.5662271555168437,0.3893665203517126,
v3,validation,severe_4x,13469,local_pca_16,2.9844855121329417,1.2473142505842807,2.053760046375891,1.0974679175969895,1.298405060652576,0.48572337371901253,0.34330374376466843,
v3,validation,severe_4x,13469,local_pca_32,2.908580582524142,1.2155910942795316,2.0453908080181282,1.0974679175969895,1.2875941338732424,0.494853505021175,0.3489511732489644,
v3,validation,severe_4x,13469,local_dictionary_8,2.2434700722763345,0.9376196267442191,1.1092313444200523,1.0974679175969895,1.2015535625160367,0.567353110216436,0.39975576041053634,
v3,validation,severe_4x,13469,local_dictionary_24,1.6652366096519156,0.695956923017211,1.2547794343143799,1.0974679175969895,1.1412589106564814,0.8442235938583925,0.49809582886270615,
v3,validation,severe_4x,13582,zero_fill,2.872230571556034,1.0,1.4061758860104816,0.3631069564287152,0.7995079886751045,,0.277835055657101,
v3,validation,severe_4x,13582,linear,2.9178073117199474,1.015868064568097,1.4426975527804744,0.3631069564287152,0.8097568861790501,-0.03976238929713966,0.2362991807229282,
v3,validation,severe_4x,13582,pchip,2.894965627168211,1.0079154702402113,1.4341789054506742,0.3631069564287152,0.8046165977341828,-0.025332365890180963,0.255739407546261,
v3,validation,severe_4x,13582,autoregression,2.9181157548385435,1.0159754525757487,1.4260912717526413,0.3631069564287152,0.8098263504349557,-0.28756098687615345,0.2324963838029709,
v3,validation,severe_4x,13582,pca_r32_l01,2.6200564304379435,0.9122026819102218,1.3205405133448602,0.14750351524480232,0.6704035633399679,0.5267145388073895,0.6478061205614328,
v3,validation,severe_4x,13582,pca_r64_l01,2.3569677163032847,0.8206053301028666,1.1696548366453077,0.11795155869291386,0.600207535392303,0.5876739039868604,0.6999299639294188,
v3,validation,severe_4x,13582,pca_r96_l01,2.3661527591710874,0.8238032080722619,1.1555329210970027,0.12628921165786836,0.6040443565278566,0.5786149550004991,0.6930962483100296,
v3,validation,severe_4x,13582,pca_r64_l001,2.371711200829068,0.8257384432560338,1.367959545768799,0.22213553798919408,0.6307325591477089,0.6957548719549531,0.7474202156933248,
v3,validation,severe_4x,13582,pca_r64_l1,3.077723558968127,1.0715447392862916,1.4029878213044753,0.135232702745337,0.7804926554669079,0.1823345714540097,0.44353269289877867,
v3,validation,severe_4x,13582,template_1,5.798888805987624,2.0189496147748573,2.304831694193863,0.12875160599505014,1.4550722925533444,0.16882725507252724,0.27631740278670275,
v3,validation,severe_4x,13582,dictionary_8,3.300722210216756,1.1491842761177025,1.4331247772119653,0.10263442416995591,0.8311428308505654,0.3709261698887818,0.5149328891681444,
v3,validation,severe_4x,13582,dictionary_24,2.5995606128064974,0.9050668280430504,1.206557520990829,0.09934264133087949,0.6569698330904276,0.5491875316061787,0.6640081168793408,
v3,validation,severe_4x,13582,dictionary_48,2.428828298244512,0.8456244154969396,1.1405846053845277,0.10191792798341967,0.6151735457891047,0.5934493095294504,0.6995674840282919,
v3,validation,severe_4x,13582,local_pca_8,2.4781446302026717,0.8627944618179223,1.2016745791677508,0.3631069564287152,0.7123421200214389,0.5531924499411632,0.5458241301842693,
v3,validation,severe_4x,13582,local_pca_16,2.375690352649526,0.8271238305782997,1.1729520732148568,0.3631069564287152,0.6901813429624811,0.5734744600391355,0.5650118672653313,
v3,validation,severe_4x,13582,local_pca_32,2.391331044016047,0.8325693165784183,1.1741813457971446,0.3631069564287152,0.6935490289616675,0.5645177106011924,0.5583642260359292,
v3,validation,severe_4x,13582,local_dictionary_8,2.677731322136793,0.9322828566253053,1.2333810589125207,0.3631069564287152,0.7561392464625949,0.49528992599289245,0.49677412953236194,
v3,validation,severe_4x,13582,local_dictionary_24,2.475938169952393,0.8620262573874947,1.147116695080439,0.3631069564287152,0.711862423002642,0.6010773823344704,0.5795661862585108,
v3,validation,severe_4x,13695,zero_fill,2.4109883187769734,1.0,1.0835768873224745,0.5282432865589013,0.7905092986564604,,0.6182116743573416,
v3,validation,severe_4x,13695,linear,3.691813325420056,1.5312447997644423,1.7707009063070833,0.5282432865589013,1.05519844628473,-0.2829893775953245,0.1671513877035716,
v3,validation,severe_4x,13695,pchip,3.4455489144582034,1.4291022845793104,1.5111456851061458,0.5282432865589013,1.0017928262882734,-0.3463368752602877,0.20030401039517545,
v3,validation,severe_4x,13695,autoregression,7.080065499490873,2.936582249009979,3.9957536466794314,0.5282432865589013,1.842432868926287,-0.21794342125022192,-0.0017052120713367985,
v3,validation,severe_4x,13695,pca_r32_l01,2.0008277621128303,0.8298786628413837,1.013846595293268,0.1678627155853204,0.5259503364682241,0.6266429201709918,0.8423108156558664,
v3,validation,severe_4x,13695,pca_r64_l01,1.493083468879816,0.6192827469347572,0.8165372418739332,0.12071047277293487,0.39114124036259,0.7922702376173416,0.9137890667730483,
v3,validation,severe_4x,13695,pca_r96_l01,1.4698505438149518,0.6096464808093992,0.7890202385453942,0.11899619226549572,0.3851024236938801,0.7986832345847464,0.9167065291564678,
v3,validation,severe_4x,13695,pca_r64_l001,1.3018037705319228,0.5399461127179128,0.9445018077975494,0.26920478389951874,0.41696532320497964,0.869870680124678,0.922214936667091,
v3,validation,severe_4x,13695,pca_r64_l1,1.7241239642161863,0.7151108741542083,0.8454409276472212,0.1446524786045724,0.45321549354868373,0.7166289266839999,0.8807839736841636,
v3,validation,severe_4x,13695,template_1,2.1024999181704116,0.8720489858022002,0.9948333598685828,0.13672103915660305,0.5420387177203942,0.5815037405754815,0.8331797439118431,
v3,validation,severe_4x,13695,dictionary_8,1.3730176583157154,0.5694833308077614,0.6463510359705928,0.10721824135186718,0.3586096205508138,0.8195991991880065,0.9265448179938652,
v3,validation,severe_4x,13695,dictionary_24,1.2841089833117918,0.53260688710561,0.6448488316180354,0.10018983234718955,0.3353641601498672,0.8448243805735398,0.9360776868883561,
v3,validation,severe_4x,13695,dictionary_48,1.2848704042028876,0.5329226998721696,0.6335900238401907,0.10041621833227504,0.33560981894519437,0.8447069634568665,0.9359804708071139,
v3,validation,severe_4x,13695,local_pca_8,1.7727693998757021,0.7352874280100113,0.8758609769046017,0.5282432865589013,0.6767720208854446,0.6895370683997536,0.7076800607481921,
v3,validation,severe_4x,13695,local_pca_16,1.737483050810977,0.7206517913335861,0.8700296646059996,0.5282432865589013,0.6710282174941334,0.7018176719267819,0.7145517826758117,
v3,validation,severe_4x,13695,local_pca_32,1.7408180185382216,0.7220350281171373,0.872878655303823,0.5282432865589013,0.6715682169642924,0.7009815085847146,0.7137871167661639,
v3,validation,severe_4x,13695,local_dictionary_8,2.6200514273268753,1.086712617776578,1.1762343062350187,0.5282432865589013,0.8310491873512902,0.351409278068839,0.5164051774560982,
v3,validation,severe_4x,13695,local_dictionary_24,2.042016213255263,0.8469623006266246,0.9725216663147384,0.5282432865589013,0.7226446551606296,0.5701282305347596,0.6533060704077089,
v3,validation,severe_4x,13808,zero_fill,4.910898769405883,1.0,2.0242517529431434,0.5491642753808552,1.3379239455138818,,0.26782837292898853,
v3,validation,severe_4x,13808,linear,5.113818703339964,1.0413203251507117,2.1633358982916047,0.5491642753808552,1.3846223029888947,-0.07362587826445195,0.14467875115110276,
v3,validation,severe_4x,13808,pchip,5.045634675208662,1.0274360992008553,2.070734545832925,0.5491642753808552,1.3688989712536022,-0.09333408494160467,0.1718743450082653,
v3,validation,severe_4x,13808,autoregression,4.9663656127758635,1.011294641973793,2.5071113295569623,0.5491642753808552,1.3506597559174849,0.201678025614365,0.253980051268718,
v3,validation,severe_4x,13808,pca_r32_l01,4.503280818917609,0.9169972810216187,1.9760393766785882,0.43562172889650447,1.2022383419671032,0.4171051166938744,0.49758750595504536,
v3,validation,severe_4x,13808,pca_r64_l01,5.0986131555302645,1.038224039007648,2.2003762235806756,0.4378651920735499,1.3433108586201852,0.044463850782267715,0.3101518501016017,
v3,validation,severe_4x,13808,pca_r96_l01,5.077757085575956,1.033977144307998,2.1432284124946217,0.418106044166635,1.3324274600950823,0.0518011064664961,0.32289756945732717,
v3,validation,severe_4x,13808,pca_r64_l001,6.431233024077369,1.309583708819845,3.1421412408752634,0.6207335905019902,1.7164718732338313,-0.29094578592754217,0.009453679837382012,
v3,validation,severe_4x,13808,pca_r64_l1,4.7518192818549,0.9676068485585523,1.9637123862807695,0.3916041545357799,1.246998739352642,0.25252662638804585,0.43610949300416063,
v3,validation,severe_4x,13808,template_1,4.182228711536169,0.8516218533338108,1.8072800041340056,0.40925456434879826,1.1181283600341452,0.5305910252049034,0.5926187512735092,
v3,validation,severe_4x,13808,dictionary_8,5.0547008158996505,1.0292822257688614,2.074350388770922,0.43303438497350843,1.3314179944892721,0.07381425349035158,0.32129195613726586,
v3,validation,severe_4x,13808,dictionary_24,4.927745945136589,1.0034305687251508,2.0423271954741513,0.42464933916876424,1.2987394373645818,0.15446399896185406,0.36819338769063276,
v3,validation,severe_4x,13808,dictionary_48,4.8322953011764245,0.9839940768644742,1.9987879642717237,0.4226636316411179,1.2755083805206022,0.20743379911891444,0.3988150228953182,
v3,validation,severe_4x,13808,local_pca_8,4.71922074329017,0.9609688500789637,2.14540541192408,0.5491642753808552,1.2940915115491958,0.27586031537522365,0.3599799008991679,
v3,validation,severe_4x,13808,local_pca_16,4.800937812790375,0.9776087918365274,2.294858793488022,0.5491642753808552,1.312743427487811,0.21577768213693585,0.3200450133286895,
v3,validation,severe_4x,13808,local_pca_32,4.733864269703028,0.9639506925278624,2.0241242187380184,0.5491642753808552,1.2974299582320832,0.2664649791428601,0.3559985146097076,
v3,validation,severe_4x,13808,local_dictionary_8,4.89767128548663,0.9973065044627556,2.0223764539997076,0.5491642753808552,1.3348900947502886,0.15340621403087154,0.2737026560253419,
v3,validation,severe_4x,13808,local_dictionary_24,4.4920983060868025,0.9147202003168664,1.8961645921868366,0.5491642753808552,1.242544471333587,0.42091421003486024,0.45908703397938677,
v3,validation,severe_4x,13921,zero_fill,2.509761037765696,1.0,1.6632554617250346,0.8228183858420212,1.0140991047440144,,0.4620857006480714,
v3,validation,severe_4x,13921,linear,2.9180422199159084,1.1626773131013632,1.9255429208786323,0.8228183858420212,1.0802320884423056,-0.17549876946388435,0.30138083875257066,
v3,validation,severe_4x,13921,pchip,2.802949319048486,1.1168192018566834,1.7734927067598507,0.8228183858420212,1.0610129690050156,-0.247597469712533,0.3386510514980444,
v3,validation,severe_4x,13921,autoregression,3.6875580506571244,1.469286515795128,2.9004344504208124,0.8228183858420212,1.2184399815481581,0.016204013644819975,0.19876055344886323,
v3,validation,severe_4x,13921,pca_r32_l01,3.077389579351175,1.2261683614671173,2.014863393626887,0.6432236262139206,0.9898350911545817,0.3525822503890409,0.6340102330343991,
v3,validation,severe_4x,13921,pca_r64_l01,2.7007330610408435,1.0760917156659502,1.7746267585305366,0.525248626999423,0.8452902929419696,0.3849287126845283,0.7031472565608856,
v3,validation,severe_4x,13921,pca_r96_l01,2.1285380861552214,0.8481038848424164,1.4924119358743086,0.452797412045644,0.6894770132835205,0.5587311695606075,0.7944753302364179,
v3,validation,severe_4x,13921,pca_r64_l001,4.602543671237129,1.833857328239713,2.9923833827469704,0.8382548827797229,1.408089951255016,0.1780601319283396,0.47534828299184767,
v3,validation,severe_4x,13921,pca_r64_l1,2.102220163333837,0.8376176582952015,1.4251263520067026,0.5182017101801192,0.7266070465540224,0.5484018383332899,0.76739416727278,
v3,validation,severe_4x,13921,template_1,2.5361391175371906,1.0105101957415745,1.7704835281468405,0.8080524491295533,1.007044966463339,0.5211644473790821,0.5151712045204585,
v3,validation,severe_4x,13921,dictionary_8,2.4586118902386245,0.9796199133075207,1.6525445655267736,0.7869544250541548,0.9789736792142152,0.44035000280158726,0.525738060533669,
v3,validation,severe_4x,13921,dictionary_24,2.2627009369119535,0.9015603090748087,1.5337056964194096,0.7900507589130384,0.9513976086128584,0.4821570616046153,0.5475803057565934,
v3,validation,severe_4x,13921,dictionary_48,2.300144323157975,0.9164794131977076,1.5440882428742178,0.7831669402196534,0.9516735506185626,0.46137190908484876,0.5495087167776892,
v3,validation,severe_4x,13921,local_pca_8,2.368258631374226,0.9436191716015156,1.6208782051088086,0.8228183858420212,0.9926007627148479,0.40189489196820705,0.4744602749214556,
v3,validation,severe_4x,13921,local_pca_16,2.778280751932258,1.1069901517020961,1.8048466493336321,0.8228183858420212,1.0569500750317016,0.16537374976681285,0.3688401128483792,
v3,validation,severe_4x,13921,local_pca_32,2.6227877967385607,1.0450348687672217,1.8169633480892933,0.8228183858420212,1.0318208198348853,0.31463110367875236,0.4177795719087796,
v3,validation,severe_4x,13921,local_dictionary_8,2.0695050230086944,0.8245824968464178,1.4037793280469923,0.8228183858420212,0.9499441589329495,0.5705786792793409,0.5413837027728529,
v3,validation,severe_4x,13921,local_dictionary_24,2.093565919131378,0.8341694239524756,1.446818967503758,0.8228183858420212,0.9532336314796943,0.561567605189886,0.5357094576810835,
v3,validation,severe_4x,14034,zero_fill,2.3303017724042046,1.0,1.1600333645234917,0.6805685491012605,0.8795563370549773,,0.3210708241145757,
v3,validation,severe_4x,14034,linear,2.3448214344831104,1.0062308076365258,1.1540523919202914,0.6805685491012605,0.8819648097429382,-0.019868594413991407,0.31324092667886116,
v3,validation,severe_4x,14034,pchip,2.353034925761367,1.0097554546910499,1.1570634142945575,0.6805685491012605,0.8833309336058501,-0.04230332332655383,0.3088881045575225,
v3,validation,severe_4x,14034,autoregression,2.291972937768102,0.9835519866611276,1.1480246436959751,0.6805685491012605,0.8732390565392255,0.46478624461684415,0.34156036867551687,
v3,validation,severe_4x,14034,pca_r32_l01,2.1595734551757904,0.9267355330325859,1.523244452032071,0.45989959221083043,0.6998380184029741,0.6988879363561934,0.734115504274457,
v3,validation,severe_4x,14034,pca_r64_l01,1.7803099149132489,0.7639825605404225,1.0751642549264613,0.44394936482848,0.6187623216506775,0.6796091277006414,0.7589020644350194,
v3,validation,severe_4x,14034,pca_r96_l01,1.6621559511948196,0.7132792717571297,0.9750914930149284,0.4209958527843852,0.5820934754732875,0.726671002676908,0.7879410384133019,
v3,validation,severe_4x,14034,pca_r64_l001,2.4199108862456757,1.0384538667492065,1.714169003317969,0.6488412158081488,0.8721701578297839,0.7734258162308494,0.7160750284334481,
v3,validation,severe_4x,14034,pca_r64_l1,1.702283522231213,0.7304991749952383,0.9248291419398407,0.4243803900493246,0.5915683562539581,0.6831597933684617,0.7730561284199045,
v3,validation,severe_4x,14034,template_1,3.4754004629920097,1.4913950219444716,1.653166993716142,0.6158245659535152,1.0537731853511756,0.220559982539542,0.35293595448067205,
v3,validation,severe_4x,14034,dictionary_8,3.2073409215849855,1.376362906970597,1.5615380176395601,0.5441632479135788,0.9594510277031941,0.10329276103102814,0.38381028204130857,
v3,validation,severe_4x,14034,dictionary_24,3.1734738397628837,1.3618295610223765,1.6175071353060355,0.543897539311988,0.9522441982858152,0.11005938860032578,0.3908419940578359,
v3,validation,severe_4x,14034,dictionary_48,3.680194240056058,1.5792779646127766,1.8245221839180403,0.5308908912863975,1.05390662303714,-0.021276559428826232,0.30694516119132415,
v3,validation,severe_4x,14034,local_pca_8,2.764634595214018,1.1863847970049417,1.8600460287885956,0.6805685491012605,0.9549478943717656,0.46042294499333214,0.38721342804709535,
v3,validation,severe_4x,14034,local_pca_16,2.485748557478291,1.0667067188099462,1.657746113683575,0.6805685491012605,0.905764495515816,0.5031488834474129,0.41833362422102116,
v3,validation,severe_4x,14034,local_pca_32,1.8061086709066019,0.7750535541339844,1.1676559717842268,0.6805685491012605,0.7988128606528775,0.6576267527162527,0.5185745059266141,
v3,validation,severe_4x,14034,local_dictionary_8,1.9489138625968485,0.8363353989926064,0.9552547626563099,0.6805685491012605,0.8195222882192211,0.6137181569222279,0.49273419002993424,
v3,validation,severe_4x,14034,local_dictionary_24,3.3633530396315114,1.4433122265368634,1.9055544315176192,0.6805685491012605,1.0682856277579,0.22665410138206962,0.24807925639737607,
v3,validation,severe_4x,14147,zero_fill,3.1957709117777426,1.0,1.5840059196003116,0.3664301956637553,0.8741788305667716,,0.2466590001475109,
v3,validation,severe_4x,14147,linear,3.2384714374581955,1.0133615727970624,1.604303718416844,0.3664301956637553,0.8839458260989902,-0.03142415070416744,0.20836795223365615,
v3,validation,severe_4x,14147,pchip,3.2300335517646253,1.0107212440856166,1.6069344534996408,0.3664301956637553,0.8820141392693867,-0.017890629353273114,0.2155882384986977,
v3,validation,severe_4x,14147,autoregression,3.20970788544562,1.0043610678151282,1.5966786104674469,0.3664301956637553,0.8773643425875187,-0.106120771935703,0.23242429205117998,
v3,validation,severe_4x,14147,pca_r32_l01,3.219664715696096,1.0074766948501517,1.434012313565821,0.11735241301060412,0.8128966229666595,0.34690928093481627,0.5122084702842293,
v3,validation,severe_4x,14147,pca_r64_l01,3.035164651805779,0.9497441260948766,1.379417507010877,0.13292476760739028,0.7696289435185422,0.3906850655200275,0.5477532656299705,
v3,validation,severe_4x,14147,pca_r96_l01,3.039232769643017,0.951017095262424,1.3814438984095374,0.14178499201132289,0.772110767129089,0.3814726491556927,0.5413355745766436,
v3,validation,severe_4x,14147,pca_r64_l001,3.025321339347818,0.9466640203145517,1.6533815892694301,0.1840839612054874,0.7770486140643739,0.5499921670555475,0.6331581859619457,
v3,validation,severe_4x,14147,pca_r64_l1,3.4436021385141475,1.077549747331088,1.5526464973897087,0.14447308581854193,0.8721913055727863,0.13042538996895053,0.38172370481780266,
v3,validation,severe_4x,14147,template_1,3.864138073447589,1.2091411368714309,1.6452928634248947,0.11448728528784213,0.9723738069813976,0.17713675108278615,0.36201186908639493,
v3,validation,severe_4x,14147,dictionary_8,4.893549638630775,1.5312579573823684,1.9238314957968166,0.09496639824533007,1.2268380933745584,-0.17347385562415438,0.06767858664632131,
v3,validation,severe_4x,14147,dictionary_24,3.480979615048231,1.0892456659578995,1.454924440813232,0.09706632178195722,0.8753052018705215,0.2248976954364806,0.4251361633936539,
v3,validation,severe_4x,14147,dictionary_48,3.2560382894524134,1.0188584787015116,1.3623311561427638,0.09718100179859773,0.8194299676085383,0.32171573830522465,0.497383986722729,
v3,validation,severe_4x,14147,local_pca_8,3.141263005574084,0.9829437379247761,1.355807656483412,0.3664301956637553,0.8617424062111383,0.348322652194901,0.3801035397591547,
v3,validation,severe_4x,14147,local_pca_16,3.055229634662005,0.9560227309793125,1.361627598351689,0.3664301956637553,0.8421881635407256,0.36717610246810345,0.39862463619284894,
v3,validation,severe_4x,14147,local_pca_32,3.0520824754575497,0.955037942240903,1.3908241323574988,0.3664301956637553,0.8414746639608258,0.3661077007315538,0.39818016162488507,
v3,validation,severe_4x,14147,local_dictionary_8,4.3784086680216765,1.370063370902283,1.7138551773424968,0.3664301956637553,1.1506663501157715,-0.0756267650566171,0.009973064002964485,
v3,validation,severe_4x,14147,local_dictionary_24,4.3767772337002055,1.3695528730078756,1.7426689616744868,0.3664301956637553,1.1502783705979904,-0.030101325353235345,0.04517369393452933,
v3,validation,severe_4x,14260,zero_fill,2.331455700994632,1.0,0.9485689491155636,0.5361818113240859,0.7805466717156492,,0.6639313426711879,
v3,validation,severe_4x,14260,linear,3.9169474801369626,1.6800437076569532,1.9621154988481653,0.5361818113240859,1.1083445308226862,-0.2895010543001837,0.16934602676523414,
v3,validation,severe_4x,14260,pchip,3.6048343086815104,1.546173194345334,1.5554972676371759,0.5361818113240859,1.0400479080001845,-0.3575380243798096,0.20346371248591222,
v3,validation,severe_4x,14260,autoregression,7.201973459148752,3.089045807765632,4.034010595599623,0.5361818113240859,1.8738460737245184,-0.2036247610214329,0.02205822300882244,
v3,validation,severe_4x,14260,pca_r32_l01,1.7618915913654043,0.7557045113976458,0.8716393123439616,0.14487809787258904,0.46227068155274365,0.7281884550536531,0.8918391415783462,
v3,validation,severe_4x,14260,pca_r64_l01,1.6374881518886977,0.7023458139007839,0.8235033832761329,0.16518659415558007,0.4395072959367873,0.7591643843417624,0.9045751766863745,
v3,validation,severe_4x,14260,pca_r96_l01,1.6503423830049688,0.7078592067183216,0.7996138751711221,0.17301289448987828,0.44529708524471373,0.751515822697347,0.9020420864037519,
v3,validation,severe_4x,14260,pca_r64_l001,2.4138645975341673,1.0353465418641146,1.2799490041529,0.5657354111172342,0.8149996405715687,0.7209914816250611,0.8105550530418402,
v3,validation,severe_4x,14260,pca_r64_l1,2.09045411496218,0.8966304245327769,0.8940835945215785,0.12305152032675543,0.5360225949402226,0.6071533802958674,0.8475152404027919,
v3,validation,severe_4x,14260,template_1,1.3594170608733087,0.5830765132244897,0.7630594503545323,0.15246007319678168,0.37052967612096754,0.8603317394934571,0.9347620261496771,
v3,validation,severe_4x,14260,dictionary_8,1.2826987762967637,0.5501707691677548,0.6459006772494764,0.12605106690157375,0.343115252386005,0.8364091047785249,0.9365710471843973,
v3,validation,severe_4x,14260,dictionary_24,1.3723424740439591,0.5886204372051754,0.6423958315322947,0.125524538193427,0.3639771637234944,0.8110653529911181,0.9285154555348755,
v3,validation,severe_4x,14260,dictionary_48,1.2061193510500494,0.5173245841795329,0.5895741767140622,0.12321450306333324,0.32427333141334597,0.8574984963373399,0.9437880123129874,
v3,validation,severe_4x,14260,local_pca_8,2.004909738535029,0.8599390233662626,0.8387280059560087,0.5361818113240859,0.7216312719108295,0.5989023947625793,0.6686850632136844,
v3,validation,severe_4x,14260,local_pca_16,1.9598573787473716,0.8406153193952038,0.8258009674504992,0.5361818113240859,0.7138541941002458,0.6135825101657442,0.6776536809445379,
v3,validation,severe_4x,14260,local_pca_32,1.9742789726602255,0.8468009800992444,0.8885853261081639,0.5361818113240859,0.7163336113418968,0.6092101208742374,0.674777423051835,
v3,validation,severe_4x,14260,local_dictionary_8,2.0967540897166477,0.8993325881431685,0.8805499323310968,0.5361818113240859,0.7377644328758144,0.5918612341647812,0.6520903218961456,
v3,validation,severe_4x,14260,local_dictionary_24,1.941873298301158,0.8329016491596761,0.8194700332000595,0.5361818113240859,0.7107758053957961,0.6366442237483522,0.681001429027271,
v3,validation,severe_4x,14373,zero_fill,2.207106808624641,1.0,1.0605414518727543,0.4257343381803674,0.6887518768243658,,0.4793421053470501,
v3,validation,severe_4x,14373,linear,2.7445856404130113,1.2435218946759086,1.321451636897225,0.4257343381803674,0.8004489458324868,-0.15717937479610755,0.22966702220631952,
v3,validation,severe_4x,14373,pchip,2.6820765687240624,1.2152001698528576,1.3065812152407292,0.4257343381803674,0.787094364620865,-0.1481454240819229,0.24942323464874608,
v3,validation,severe_4x,14373,autoregression,2.834966220772763,1.2844716937552163,1.6749971948796356,0.4257343381803674,0.8199001224810378,0.07346073822713567,0.2700739296124986,
v3,validation,severe_4x,14373,pca_r32_l01,2.0402698298907938,0.9244091957480699,0.9788714580149841,0.26100963356786666,0.5692424467544063,0.49818906216625614,0.7126498864191961,
v3,validation,severe_4x,14373,pca_r64_l01,2.2768135124331295,1.0315828411819934,1.0907663280033286,0.285456155778458,0.6327597304405577,0.401419304561189,0.6546092794221995,
v3,validation,severe_4x,14373,pca_r96_l01,2.275648541587384,1.0310550140550085,1.1066240628669406,0.2882382752492075,0.6336795244151592,0.39578612877621444,0.6525062179960587,
v3,validation,severe_4x,14373,pca_r64_l001,4.145651540460974,1.8783194017893212,1.9721167713680967,0.48218359416230255,1.1367151680422076,0.0623751945839949,0.33230786561551195,
v3,validation,severe_4x,14373,pca_r64_l1,1.7517698539846056,0.7936950976451481,0.8153010494455162,0.23427338520973828,0.493201144729112,0.610072565937172,0.7757807918023446,
v3,validation,severe_4x,14373,template_1,2.721047451707572,1.232857168975521,1.277751748792105,0.4589838245072512,0.812561209303406,0.2846461706362571,0.5295317481231355,
v3,validation,severe_4x,14373,dictionary_8,2.006107080803445,0.9089306747477033,0.9752514130892028,0.3001338189013395,0.5796372927515884,0.5029719186112668,0.7037900234740596,
v3,validation,severe_4x,14373,dictionary_24,1.9103197489942974,0.8655311748074002,0.9167949235645253,0.24371216231480378,0.53269690105514,0.5564979611827975,0.749496867402922,
v3,validation,severe_4x,14373,dictionary_48,1.9855324581439953,0.8996086869856924,0.9291654373273777,0.24370872589984752,0.549616246151533,0.5097127782846621,0.7310099610370202,
v3,validation,severe_4x,14373,local_pca_8,1.5252948512492566,0.6910833881210054,0.75414517657496,0.4257343381803674,0.5615419777182525,0.7286616198589694,0.7035975424683886,
v3,validation,severe_4x,14373,local_pca_16,1.5712499263789477,0.7119047978280998,0.7875516245508534,0.4257343381803674,0.5694060629141331,0.7059412765091395,0.6913638909226488,
v3,validation,severe_4x,14373,local_pca_32,1.5813578942731914,0.7164845344564973,0.8115668477914058,0.4257343381803674,0.5711522722952409,0.7019285972401459,0.6895336131421915,
v3,validation,severe_4x,14373,local_dictionary_8,1.5508450926070008,0.7026597383265788,0.7689277791743071,0.4257343381803674,0.5658989751852439,0.7212853614006263,0.6873230805094127,
v3,validation,severe_4x,14373,local_dictionary_24,1.471855677238399,0.6668710691693195,0.7028897861192196,0.4257343381803674,0.5525568429586588,0.7499056963143131,0.7047949646174523,
v3,validation,severe_4x,14486,zero_fill,4.9707911277303785,1.0,2.7906246669828736,1.0646586456945593,1.614605890637589,,0.20577982061310754,
v3,validation,severe_4x,14486,linear,5.165064509291272,1.039082990326652,2.9956584860002753,1.0646586456945593,1.6522780082155304,-0.028568179346776777,0.14303883405019815,
v3,validation,severe_4x,14486,pchip,5.173426797776566,1.0407652755545793,3.0022439297447536,1.0646586456945593,1.6539123183707338,-0.03064694112110708,0.1427598943072489,
v3,validation,severe_4x,14486,autoregression,6.104897645836334,1.2281541285810935,4.335598115447459,1.0646586456945593,1.8417424790113948,0.09134086586874994,0.10691198717257971,
v3,validation,severe_4x,14486,pca_r32_l01,4.778091992331044,0.9612337089916471,2.8671619565109454,0.7329567300492149,1.3894366351386047,0.36315062059431347,0.5706157681247607,
v3,validation,severe_4x,14486,pca_r64_l01,3.947615973942863,0.7941625130696874,2.3340445833775885,0.6420540838628832,1.1663825909838705,0.6101191305523773,0.7070409746144425,
v3,validation,severe_4x,14486,pca_r96_l01,3.784624939576027,0.7613727558301279,2.2674349143188897,0.5724838833718049,1.0965700184002096,0.6630745936820613,0.749795693622466,
v3,validation,severe_4x,14486,pca_r64_l001,4.067544840561421,0.8182892292275069,2.769422056914764,0.9725176039260912,1.385906255378814,0.7084477917633485,0.680749987531892,
v3,validation,severe_4x,14486,pca_r64_l1,4.3329030172431695,0.8716727188699109,2.497291028641545,0.6219946258828689,1.2393851367775703,0.5272038817539196,0.6799695540811153,
v3,validation,severe_4x,14486,template_1,5.493082030422158,1.1050719873901147,3.3588324312210904,1.0005632921356045,1.6806035693405919,0.05384483433415909,0.21668130005378142,
v3,validation,severe_4x,14486,dictionary_8,4.825099928844834,0.970690540973894,2.7554386911059225,1.0090177975823786,1.5522834603598568,0.26325094840759233,0.34675007876069264,
v3,validation,severe_4x,14486,dictionary_24,4.814087901858613,0.9684751940194046,2.7206415548955563,1.0071479177728693,1.5490046451458528,0.2594244032667776,0.3485635067400725,
v3,validation,severe_4x,14486,dictionary_48,4.945664716194679,0.9949451886248997,2.8389515594743178,1.003390561216416,1.5724481064586424,0.18159028712443662,0.315493482660356,
v3,validation,severe_4x,14486,local_pca_8,4.709415368636693,0.9474176740930517,2.915674560149477,1.0646586456945593,1.5648694752305634,0.36464912432951674,0.342030991955906,
v3,validation,severe_4x,14486,local_pca_16,4.954563810568423,0.9967354658956744,2.751324696393673,1.0646586456945593,1.6114855923723164,0.3502074515906351,0.326162188320696,
v3,validation,severe_4x,14486,local_pca_32,4.9546891696055475,0.9967606850275798,3.141554410682811,1.0646586456945593,1.6115096812691878,0.2739280225134117,0.2832362913360838,
v3,validation,severe_4x,14486,local_dictionary_8,4.5654787519231546,0.9184611935218678,2.6168969145971657,1.0646586456945593,1.5379789236211188,0.4050751964172191,0.3626664902110748,
v3,validation,severe_4x,14486,local_dictionary_24,4.759706899984476,0.95753508398928,2.839807483623992,1.0646586456945593,1.5743506647889476,0.30467635117917713,0.3088765977316289,
v3,validation,severe_4x,14599,zero_fill,2.35294274662439,1.0,1.3990903213092911,0.8528455971033957,1.0138578474190811,,0.3558925006370947,
v3,validation,severe_4x,14599,linear,2.3729987334623797,1.0085237887180905,1.4379495365543513,0.8528455971033957,1.0167751464954582,0.01271340443837646,0.3465636903544323,
v3,validation,severe_4x,14599,pchip,2.390377269640827,1.0159096616652241,1.4904197176898222,0.8528455971033957,1.0193161825059254,0.006143469249915383,0.33920598665132007,
v3,validation,severe_4x,14599,autoregression,2.3500203888881197,0.9987579987908917,1.377695239019594,0.8528455971033957,1.0134341374649607,0.0587673635533554,0.3564613917803092,
v3,validation,severe_4x,14599,pca_r32_l01,2.526666895229674,1.0738327138875412,1.7602019929434936,0.5499421385000662,0.8261579349207372,0.5413640123444347,0.7082909667967519,
v3,validation,severe_4x,14599,pca_r64_l01,2.2132979235159613,0.9406509897834243,1.5473374474354948,0.5694570012864092,0.7811412661513165,0.6975215748881992,0.7593346719313554,
v3,validation,severe_4x,14599,pca_r96_l01,2.068948509231553,0.8793025296513209,1.3883631710268407,0.44323812091505316,0.6720978542656603,0.6794290925903885,0.8047450332949329,
v3,validation,severe_4x,14599,pca_r64_l001,4.3471946532057,1.8475564947095846,2.5776964063094767,0.8914460602487856,1.3878545161475062,0.6189860297834063,0.6320415458766444,
v3,validation,severe_4x,14599,pca_r64_l1,1.5495467028557584,0.6585569092485526,1.0207728558783775,0.5208228771580753,0.6359020180469721,0.7530873326323947,0.8182111021530017,
v3,validation,severe_4x,14599,template_1,2.1992006149762067,0.9346596376521499,1.4092432870329628,0.8232066907880987,0.9682949634953092,0.5509509554208741,0.4868655255584545,
v3,validation,severe_4x,14599,dictionary_8,1.8387457554855633,0.7814664245968115,1.154184307044643,0.7812028183131949,0.8851254714524713,0.6910795542082145,0.5879495775832921,
v3,validation,severe_4x,14599,dictionary_24,2.0300194722557783,0.8627576999772356,1.2437518194278723,0.7840660087594621,0.913180282348368,0.5427453543641437,0.5471741460207336,
v3,validation,severe_4x,14599,dictionary_48,2.0452836137476735,0.8692449557822457,1.2328746357004445,0.7950967381264372,0.9241843500268982,0.6121468719354592,0.5582387260289021,
v3,validation,severe_4x,14599,local_pca_8,2.000753910328524,0.8503198444581248,1.3809400101635942,0.8528455971033957,0.96544032690965,0.6517147756322398,0.4802729059194874,
v3,validation,severe_4x,14599,local_pca_16,3.135677489730818,1.3326620438297385,1.9326992210785732,0.8528455971033957,1.138602693740344,0.3372716858673902,0.3099403860937072,
v3,validation,severe_4x,14599,local_pca_32,1.712357344865941,0.7277513859283427,1.2286678698604812,0.8528455971033957,0.9301327816498851,0.7263160051683473,0.5195233088868914,
v3,validation,severe_4x,14599,local_dictionary_8,1.862939257377874,0.7917486560395525,1.35129523096353,0.8528455971033957,0.9480482208252692,0.7476681762547182,0.5191788870579348,
v3,validation,severe_4x,14599,local_dictionary_24,1.6959486010339277,0.7207776744534019,1.1745049247675607,0.8528455971033957,0.9282519137075832,0.783117677123676,0.53801848202859,
v3,test,severe_4x,16000,zero_fill,3.048418770596791,1.0,1.5486074967777679,0.840209642073065,1.1147348518934634,,0.3038031704684309,False
v3,test,severe_4x,16000,linear,3.051993261054194,1.0011725719877729,1.555457826414873,0.840209642073065,1.115345980654894,-0.002116162039872021,0.30190125951947916,False
v3,test,severe_4x,16000,pchip,3.0530870017736786,1.001531361511717,1.5557067274334426,0.840209642073065,1.1155330530705827,-0.00790022955177151,0.30130793450121063,False
v3,test,severe_4x,16000,autoregression,3.0534508602597774,1.0016507212563848,1.5693792846172354,0.840209642073065,1.1155952949969523,0.014569622224872004,0.30067600767161873,False
v3,test,severe_4x,16000,pca_r32_l01,2.435581644228731,0.7989655711744339,1.6259323449258316,0.41926758800991676,0.7318144232419312,0.6398275491963412,0.7829188411826016,False
v3,test,severe_4x,16000,pca_r64_l01,2.4973924634817464,0.8192419255418868,1.534975971167153,0.4673501947559729,0.7710873890459868,0.6313041025498324,0.7588804756056136,False
v3,test,severe_4x,16000,pca_r96_l01,2.4921280062388425,0.8175149786756354,1.5211387955502755,0.4279626784118322,0.7482472356773792,0.632322474526433,0.7741696975444545,False
v3,test,severe_4x,16000,pca_r64_l001,3.175379115219441,1.0416479342822689,1.9241944212858888,0.5431684618687177,0.9522510237230069,0.6149612350040382,0.7099360589865518,False
v3,test,severe_4x,16000,pca_r64_l1,2.263197720501794,0.7424169350783542,1.336809250115495,0.48830516791751133,0.7373386678330366,0.6736558993025724,0.7864490857378209,True
v3,test,severe_4x,16000,template_1,3.3851200548769524,1.1104511255237564,1.4920932251496857,0.7890102284389231,1.1400957990079377,0.012342085791152176,0.34761915575949764,False
v3,test,severe_4x,16000,dictionary_8,2.5673231941029093,0.8421819268618079,1.3512636625198482,0.724570001635809,0.9508605869170735,0.5423064240714751,0.5828233406924128,False
v3,test,severe_4x,16000,dictionary_24,2.4799356506655905,0.8135154115259865,1.206512518949049,0.7285426960004533,0.9391384925117641,0.5944158401634582,0.6022684077790921,False
v3,test,severe_4x,16000,dictionary_48,2.902169282574536,0.9520244759568831,1.3890508307043579,0.7248067049210706,1.0094168470333904,0.4511516126216118,0.54020737827387,False
v3,test,severe_4x,16000,local_pca_8,2.78175288902158,0.9125232123134428,1.7798505510405005,0.840209642073065,1.0702637751702886,0.535752283542892,0.4447387711055438,False
v3,test,severe_4x,16000,local_pca_16,2.2914407867504796,0.7516817600168111,1.5684997489343206,0.840209642073065,0.9949869508777451,0.6702316078346052,0.5277088690500914,False
v3,test,severe_4x,16000,local_pca_32,2.3814545346546003,0.7812097726285754,1.53484213746168,0.840209642073065,1.008111146529587,0.6403842129089515,0.5107092250123564,False
v3,test,severe_4x,16000,local_dictionary_8,2.7730360357012023,0.9096637451678999,1.683647199121053,0.840209642073065,1.0688490449657069,0.5808992058440244,0.46620258332195197,False
v3,test,severe_4x,16000,local_dictionary_24,2.670883783524487,0.8761538307289737,1.5885754198533708,0.840209642073065,1.0524644835035497,0.6044861834097766,0.48123196407878166,False
v3,test,severe_4x,16102,zero_fill,3.097662776895177,1.0,1.3929602788188427,0.3618762398360014,0.8499937820996688,,0.2527767491903621,False
v3,test,severe_4x,16102,linear,3.128139309110295,1.009838557134894,1.4204021339338802,0.3618762398360014,0.856941207565048,-0.030149457432120913,0.2236886131954556,False
v3,test,severe_4x,16102,pchip,3.1102456917481347,1.0040620673582712,1.4102436818379451,0.3618762398360014,0.8528607908608781,-0.011495991752033806,0.2400551899166895,False
v3,test,severe_4x,16102,autoregression,3.1555893840449514,1.0187001011155368,1.4231386460148334,0.3618762398360014,0.8632084248265611,-0.4241666815571049,0.19312171556443228,False
v3,test,severe_4x,16102,pca_r32_l01,2.696564818122546,0.8705159380923135,1.218884939735107,0.14319431967408142,0.6882509996423963,0.5615238920771571,0.658980301596296,False
v3,test,severe_4x,16102,pca_r64_l01,2.5507962379966718,0.8234583367248788,1.1965218495599967,0.12128711801813233,0.6484221195879626,0.5836124492066499,0.6823907212668566,False
v3,test,severe_4x,16102,pca_r96_l01,2.579489781113775,0.8327213021228951,1.216535718884383,0.13195729105849544,0.6574077136195067,0.56755038238933,0.6700120352774384,False
v3,test,severe_4x,16102,pca_r64_l001,2.6356965029366135,0.8508661829156247,1.4918423817713844,0.20965792425248317,0.6894854391872696,0.6995706768107279,0.7415847869853323,False
v3,test,severe_4x,16102,pca_r64_l1,3.3401996138158982,1.0782967205887461,1.4608921367986865,0.13995291077615143,0.8459733934445217,0.14947786013003525,0.39682093716908823,True
v3,test,severe_4x,16102,template_1,3.2108859768691724,1.0365511703915944,1.4953985774446907,0.13091555705530286,0.8126681365508925,0.36035189722372774,0.5113073820661765,False
v3,test,severe_4x,16102,dictionary_8,2.905436361766948,0.9379446928303474,1.2133144455612215,0.10714990477219277,0.7337309189881835,0.5435871389231004,0.6376102609302847,False
v3,test,severe_4x,16102,dictionary_24,2.533679133905253,0.8179325240963732,1.111847697006679,0.10663849372559621,0.641780067407628,0.6055158627332672,0.6966577785843348,False
v3,test,severe_4x,16102,dictionary_48,2.367676587592788,0.7643429120990173,1.0443417999577342,0.10948240152723739,0.6013364473766745,0.6575884358586868,0.7353479174355072,False
v3,test,severe_4x,16102,local_pca_8,2.7226007368821477,0.8789209584689014,1.229197919925145,0.3618762398360014,0.7655419227105913,0.5283688871380802,0.5243055339052126,False
v3,test,severe_4x,16102,local_pca_16,2.6773968048584655,0.8643280426870903,1.24097282047867,0.3618762398360014,0.7555118234115354,0.5240879388410831,0.5234769061108658,False
v3,test,severe_4x,16102,local_pca_32,2.6987878010748,0.8712335704210599,1.2687093854549034,0.3618762398360014,0.7602537318881525,0.51205748248411,0.5141068720261849,False
v3,test,severe_4x,16102,local_dictionary_8,1.9495397895430882,0.6293583033260755,0.8928223225001145,0.3618762398360014,0.6002614839269714,0.7826103797610648,0.7344521718238795,False
v3,test,severe_4x,16102,local_dictionary_24,1.7481746070197246,0.564352782381283,0.786968173443969,0.3618762398360014,0.5601579381632145,0.8259923119437113,0.7706259282321948,False
v3,test,severe_4x,16205,zero_fill,3.306547645966385,1.0,1.4016481807657377,0.5191355038964147,0.9674639013334235,,0.43688859918796585,False
v3,test,severe_4x,16205,linear,4.014117389403406,1.2139904877221945,1.861057495072981,0.5191355038964147,1.1223764822631257,-0.1242324163998033,0.1613796168636245,False
v3,test,severe_4x,16205,pchip,3.7879324473062046,1.14558532127219,1.5879014941232654,0.5191355038964147,1.0721169857005444,-0.15528747314341476,0.20377200523321518,False
v3,test,severe_4x,16205,autoregression,4.789046551290454,1.4483525005703608,2.9819415892345877,0.5191355038964147,1.29849653305067,0.37652369499409677,0.3900029239652637,False
v3,test,severe_4x,16205,pca_r32_l01,3.052188770164333,0.9230741840020539,1.3214861816107852,0.3738856338250564,0.8445676888365997,0.4284286481061245,0.630273564524213,False
v3,test,severe_4x,16205,pca_r64_l01,3.2571387034457464,0.9850572416275593,1.435778880730604,0.42895681589598306,0.9140914814051211,0.3370043140391742,0.5674360674810817,False
v3,test,severe_4x,16205,pca_r96_l01,3.312849550342275,1.0019058864564003,1.4657803096543256,0.4351845777919132,0.9292388146495865,0.30952830914984025,0.5525579617584458,False
v3,test,severe_4x,16205,pca_r64_l001,5.131443896598586,1.5519038120797588,2.2483057728952573,0.7698471878991354,1.483696541890431,-0.1537727688751542,0.16883568675159819,False
v3,test,severe_4x,16205,pca_r64_l1,2.8158781471398844,0.8516067054333658,1.2062062955602584,0.3443029204211409,0.7789150007662038,0.5247976647121703,0.6838108799132933,True
v3,test,severe_4x,16205,template_1,3.416199172431114,1.0331619375267407,1.5785728607165375,0.48194643747535637,0.973219602487243,0.2159385758846691,0.5024288763110033,False
v3,test,severe_4x,16205,dictionary_8,3.26994562738009,0.9889304427138846,1.3184308355436076,0.39117853887117043,0.9009666387109919,0.3299677017138356,0.5768183976110852,False
v3,test,severe_4x,16205,dictionary_24,2.8914816686373,0.8744714966271789,1.1756465093730681,0.37749104572382314,0.8100215500254656,0.5013548190801087,0.6634280196736064,False
v3,test,severe_4x,16205,dictionary_48,2.8932610810128447,0.8750096447399742,1.176237799322517,0.3603789636081071,0.8030821348122034,0.4937129894361963,0.6664539634880603,False
v3,test,severe_4x,16205,local_pca_8,2.826543308808542,0.8548321728424527,1.2191659169654758,0.5191355038964147,0.8671747281998993,0.5189713475264706,0.5813711681540664,False
v3,test,severe_4x,16205,local_pca_16,2.642597354109028,0.7992013535122346,1.172312512088265,0.5191355038964147,0.830129728078344,0.6016529127503646,0.6337978269142529,False
v3,test,severe_4x,16205,local_pca_32,2.6556349849111083,0.803144327332069,1.2193033135929001,0.5191355038964147,0.8327260295323197,0.5961161960640796,0.6304088723075195,False
v3,test,severe_4x,16205,local_dictionary_8,2.4398167389200864,0.7378743632792915,1.0214801472176664,0.5191355038964147,0.7903808730052798,0.674105824973947,0.6730312507483537,False
v3,test,severe_4x,16205,local_dictionary_24,1.8786939907307665,0.568173875559471,0.8119980354295432,0.5191355038964147,0.6879324177333237,0.8267499335929058,0.7719869845791568,False
v3,test,severe_4x,16308,zero_fill,2.7091491342312484,1.0,1.2443839252194036,0.68880240383614,0.9505334128945243,,0.3668212881784573,False
v3,test,severe_4x,16308,linear,2.8053796180717216,1.0355205561128253,1.3038221239139272,0.68880240383614,0.9678224938763602,-0.024202217931095338,0.31082460909549436,False
v3,test,severe_4x,16308,pchip,2.8541045204565676,1.053505871785996,1.3682034862664283,0.68880240383614,0.976685846582951,-0.029424971865443083,0.28895773106256034,False
v3,test,severe_4x,16308,autoregression,2.7357249312892757,1.009809647140584,1.2793771239011298,0.68880240383614,0.955278826201884,0.06201471836065111,0.3477361491015023,False
v3,test,severe_4x,16308,pca_r32_l01,2.4308075237808735,0.897258660686704,1.4213444917127538,0.6170535969373866,0.8522086136940811,0.6901755960703456,0.6561015395056952,False
v3,test,severe_4x,16308,pca_r64_l01,2.295578555060506,0.8473430000788429,1.167204188388843,0.5456081009247908,0.7800241943112658,0.6009711958775764,0.6616251740055257,False
v3,test,severe_4x,16308,pca_r96_l01,2.2099985435214857,0.8157537418657456,1.1792981089979255,0.5769509406859927,0.785699504492011,0.6202246067476398,0.6567433271873337,False
v3,test,severe_4x,16308,pca_r64_l001,4.880092480968868,1.8013377038963376,2.7855989000522614,0.7652926177927712,1.4274188787267947,0.15742839934795527,0.3140835753906671,False
v3,test,severe_4x,16308,pca_r64_l1,2.1183087571780015,0.7819092461216962,0.999411955510405,0.5497488943108247,0.75085741375596,0.6331312199798637,0.6805627562793531,True
v3,test,severe_4x,16308,template_1,2.4445113239867426,0.9023170017107236,1.2713024668069621,0.6226110810646744,0.858425302045381,0.5895750430123242,0.5845866019011664,False
v3,test,severe_4x,16308,dictionary_8,1.6496580021475,0.6089210746294368,0.805370535229116,0.6165331736109105,0.725563093245963,0.8052683782890712,0.7052677377740662,False
v3,test,severe_4x,16308,dictionary_24,1.645627034897356,0.607433165677061,0.7827874774226021,0.6196312603014206,0.7274627060512263,0.8009399657174803,0.7014363683559004,False
v3,test,severe_4x,16308,dictionary_48,1.5116684748989215,0.5579864378074832,0.7176036519580071,0.6169585812996781,0.7068729528526017,0.8363809260488951,0.7215873121050662,False
v3,test,severe_4x,16308,local_pca_8,2.391408184156502,0.8827155928553526,1.5145144003125295,0.68880240383614,0.8956688972566597,0.5371990763598131,0.4883953959384472,False
v3,test,severe_4x,16308,local_pca_16,3.6497289860223745,1.3471864431184317,2.1751468765156003,0.68880240383614,1.1301895013771084,0.2999986568041205,0.30756315873091855,False
v3,test,severe_4x,16308,local_pca_32,2.2409338881600416,0.8271725833933952,1.3618474125697293,0.68880240383614,0.8710093270188313,0.5748548270653551,0.5179616016897017,False
v3,test,severe_4x,16308,local_dictionary_8,1.5538510714085343,0.5735568602610196,0.7245267777315783,0.68880240383614,0.7718154096460713,0.8204054726540582,0.6551755598190288,False
v3,test,severe_4x,16308,local_dictionary_24,2.221286062498619,0.8199201861690548,1.0510837070207106,0.68880240383614,0.8678581049200704,0.5839952442972847,0.5229040376015855,False
v3,test,severe_4x,16411,zero_fill,3.7132320032127333,1.0,1.6147590344444818,0.37601034733407873,0.9971474511455687,,0.23123624758430417,False
v3,test,severe_4x,16411,linear,3.724922016423621,1.0031482043677242,1.622024613851942,0.37601034733407873,0.999868764762776,-0.005255779725461614,0.21948390456980532,False
v3,test,severe_4x,16411,pchip,3.7280561001684953,1.0039922355896254,1.6210548262317064,0.37601034733407873,1.000598539798116,-0.017466578573681522,0.2164776321388698,False
v3,test,severe_4x,16411,autoregression,3.72400295443218,1.0029006943843335,1.6301970701772954,0.37601034733407873,0.9996547755398493,-0.10595293892746936,0.22031113181995557,False
v3,test,severe_4x,16411,pca_r32_l01,2.920491984814041,0.7865094295985805,1.2206307233609546,0.11172371923088471,0.7380932476212262,0.6224560571493787,0.695847957637869,False
v3,test,severe_4x,16411,pca_r64_l01,2.921010860907077,0.7866491666504498,1.2461019131025537,0.11301224398728743,0.7384054170517852,0.6245813729330493,0.6965586748314213,False
v3,test,severe_4x,16411,pca_r96_l01,2.9518783908152995,0.7949620137554827,1.279103705433199,0.11273512221507001,0.7459986658364002,0.6126256750860303,0.6883844754057112,False
v3,test,severe_4x,16411,pca_r64_l001,2.9078267584459137,0.7830985933359474,1.4029767146179837,0.31235868061908334,0.7873601319244535,0.636780359361483,0.6727075418232044,False
v3,test,severe_4x,16411,pca_r64_l1,3.204429175891339,0.8629757508065287,1.3118930161306483,0.12671941954297017,0.8104486995116985,0.5077096131686005,0.6134568965986765,True
v3,test,severe_4x,16411,template_1,5.4689415950520965,1.4728251804143404,2.1642561733677823,0.13300030063182955,1.3732866227051195,-0.1957274300888458,0.02591057109578707,False
v3,test,severe_4x,16411,dictionary_8,3.8031022410135584,1.0242026993527655,1.5056311824446165,0.11500853462917998,0.9572744871889418,0.2218766838846695,0.41595989074014134,False
v3,test,severe_4x,16411,dictionary_24,3.167297115223148,0.8529758206550961,1.300981798307477,0.11237878914585173,0.7992655182982529,0.5226521792724835,0.6263333687756579,False
v3,test,severe_4x,16411,dictionary_48,3.226134335643369,0.8688211059400756,1.3396967750848343,0.12392477175685712,0.815410287349332,0.49527176521732036,0.6058746440890214,False
v3,test,severe_4x,16411,local_pca_8,2.939431215943944,0.7916099003242223,1.2876598447447702,0.37601034733407873,0.8200995592304674,0.6136855009145435,0.6020091434042625,False
v3,test,severe_4x,16411,local_pca_16,3.048472483941819,0.8209754955532657,1.371652234558081,0.37601034733407873,0.84461312167483,0.5719140188651316,0.5673290934377001,False
v3,test,severe_4x,16411,local_pca_32,3.072204571664243,0.8273667169210366,1.3628519249471291,0.37601034733407873,0.8499705013149388,0.5627276462507659,0.5597350827080837,False
v3,test,severe_4x,16411,local_dictionary_8,2.7102029251165707,0.729877078181937,1.0967605415846926,0.37601034733407873,0.7691698696827652,0.6871961633815359,0.6639600092560816,False
v3,test,severe_4x,16411,local_dictionary_24,1.7718354562152647,0.4771679913030619,0.8172289618287303,0.37601034733407873,0.5733758367901007,0.8979414214979744,0.8446197073806558,False
v3,test,severe_4x,16514,zero_fill,3.512418879640777,1.0,1.356929741303039,0.4682564318712464,0.9882448986678618,,0.4604109358227311,False
v3,test,severe_4x,16514,linear,4.063148907165743,1.1567950880566076,1.7101276071714044,0.4682564318712464,1.1123775306644448,-0.19493224331880843,0.17824445066518624,False
v3,test,severe_4x,16514,pchip,3.908077026817735,1.1126454903970404,1.5038301246567418,0.4682564318712464,1.0770917828048714,-0.28391697962246515,0.22157123751693525,False
v3,test,severe_4x,16514,autoregression,6.323287583907221,1.8002657998905638,3.570711808512629,0.4682564318712464,1.6445540269064416,-0.037165536058842735,0.07614996023988861,False
v3,test,severe_4x,16514,pca_r32_l01,2.8831573997020645,0.8208466867132121,1.330210217301416,0.1801741615997413,0.7416003606676964,0.5868538726243365,0.744650848601788,False
v3,test,severe_4x,16514,pca_r64_l01,2.748788822162879,0.7825914039170646,1.2598649281016394,0.22233259423966606,0.720126582873095,0.6280065619384736,0.761318174087769,False
v3,test,severe_4x,16514,pca_r96_l01,2.7437352454171053,0.7811526299783793,1.2403845519410908,0.23264899567735547,0.7219750006401405,0.6291652829322663,0.7603772191855571,False
v3,test,severe_4x,16514,pca_r64_l001,2.8059514041224984,0.7988658244569821,1.2729436703755228,0.5830375278411806,0.9004288792488122,0.6793209884318145,0.7226968393716341,False
v3,test,severe_4x,16514,pca_r64_l1,2.896053200640742,0.8245181739078137,1.1867329890820517,0.16324274372223793,0.7410654087870279,0.5725806481662292,0.7387734690375027,True
v3,test,severe_4x,16514,template_1,1.987075414545592,0.5657284858771784,0.9990555577595032,0.18192659220903218,0.5270749458914387,0.8326936011287294,0.8778007445806811,False
v3,test,severe_4x,16514,dictionary_8,1.9177445290718569,0.5459896996305831,0.8578384514529708,0.1740119553803283,0.5081797472360492,0.8633931757037991,0.8922213431658853,False
v3,test,severe_4x,16514,dictionary_24,2.1186884053897903,0.6031992418872527,0.9282727886352726,0.19288666144787459,0.561633750855525,0.8187519668914756,0.8613254589088521,False
v3,test,severe_4x,16514,dictionary_48,2.2983271988988787,0.6543431400567844,0.9726747320520337,0.21334312025914962,0.6105856419059398,0.7816484068930956,0.8316099531238441,False
v3,test,severe_4x,16514,local_pca_8,2.672052555584062,0.7607442754257542,1.1292214977027686,0.4682564318712464,0.8073423278586347,0.6475483392861109,0.6830838675372622,False
v3,test,severe_4x,16514,local_pca_16,2.7054846173355998,0.7702625199453136,1.1351039915069723,0.4682564318712464,0.8142714651941723,0.6357888412235488,0.6754743267563237,False
v3,test,severe_4x,16514,local_pca_32,2.705876247568929,0.7703740186721878,1.1417701488963812,0.4682564318712464,0.8143527935187846,0.6356119327441916,0.6752704183060245,False
v3,test,severe_4x,16514,local_dictionary_8,3.6748272872600003,1.0462383369365766,1.4756865810256512,0.4682564318712464,1.0244912420630594,0.3372416752813289,0.4394027549652333,False
v3,test,severe_4x,16514,local_dictionary_24,3.4454620679333043,0.9809371222505442,1.3582798625313144,0.4682564318712464,0.973401579237698,0.3920460723605845,0.4878454106298148,False
v3,test,severe_4x,16616,zero_fill,2.9269838303876012,1.0,1.183421608174101,0.4466935792376775,0.8500096194063403,,0.35246980685501067,False
v3,test,severe_4x,16616,linear,3.0204225258438826,1.0319232017909399,1.2924223297901616,0.4466935792376775,0.8702003914547373,-0.008411323949770635,0.28650952873549695,False
v3,test,severe_4x,16616,pchip,3.0488505644352806,1.041635602076948,1.3057292900320414,0.4466935792376775,0.8763745300326737,-0.02960228747641097,0.269895464088701,False
v3,test,severe_4x,16616,autoregression,3.429905767894564,1.171822588251321,2.011461833445656,0.4466935792376775,0.9603801617920279,0.082600541087842,0.2097914147189878,False
v3,test,severe_4x,16616,pca_r32_l01,2.043962700011132,0.6983170452774463,1.1168238383761084,0.25896540458303874,0.5691951406701203,0.7431742794733737,0.7869700924981148,False
v3,test,severe_4x,16616,pca_r64_l01,2.634406603592694,0.900041392864079,1.2741773623780288,0.39481968779154736,0.7615090667988638,0.5827434147718825,0.6235453099251338,False
v3,test,severe_4x,16616,pca_r96_l01,2.6742954906278573,0.913669376258125,1.274082236816849,0.4191391659734733,0.7821053708575083,0.5675016227649371,0.603405124949895,False
v3,test,severe_4x,16616,pca_r64_l001,5.670679982935942,1.937380016952472,2.672518483856901,0.7043099812314397,1.5731616198320946,0.1051453861112784,0.1620252538277068,False
v3,test,severe_4x,16616,pca_r64_l1,2.2309235084122254,0.7621919483295536,0.8719375187048979,0.3406878583399004,0.647979694545368,0.6809469960360198,0.7053113328512649,True
v3,test,severe_4x,16616,template_1,3.677887962997975,1.2565453641439954,2.0611162766002553,0.24683911098758735,0.9500264163782014,0.37709885093472884,0.5159890743882796,False
v3,test,severe_4x,16616,dictionary_8,2.387901192182653,0.8158231580891375,1.3335376186524472,0.19482228173202673,0.6260694812437172,0.6729153016418461,0.7558040658507607,False
v3,test,severe_4x,16616,dictionary_24,2.1578840101953,0.7372381042192315,1.045354198281019,0.29610983300358246,0.6109254710824844,0.6851870868349001,0.7432261186421287,False
v3,test,severe_4x,16616,dictionary_48,2.3568189622353617,0.8052039569768528,1.094834724020235,0.3453419594675278,0.6774728617851254,0.6130199632130506,0.6774454852322527,False
v3,test,severe_4x,16616,local_pca_8,1.6927727899813794,0.5783334955277893,0.833641377462489,0.4466935792376775,0.6051088241219431,0.8251054380867474,0.7536709829027222,False
v3,test,severe_4x,16616,local_pca_16,2.014693483898905,0.6883172578483675,0.9180690664930923,0.4466935792376775,0.6638908579374707,0.7311908351332401,0.6872285011954834,False
v3,test,severe_4x,16616,local_pca_32,2.0347934208710856,0.6951843736702951,0.9440276042424037,0.4466935792376775,0.6677111824922305,0.723828010637495,0.6820319501031832,False
v3,test,severe_4x,16616,local_dictionary_8,1.4896242935808033,0.5089280911345322,0.7138016566672646,0.4466935792376775,0.5707455563782678,0.8638749910509418,0.7773783146201644,False
v3,test,severe_4x,16616,local_dictionary_24,1.546093524991138,0.5282207263804389,0.7736447947211279,0.4466935792376775,0.5800556273971721,0.8493951677483249,0.7683411033666566,False
v3,test,severe_4x,16719,zero_fill,2.9024096914265964,1.0,1.3014653520549255,0.886100816901415,1.1236548036037177,,0.26367821480810016,False
v3,test,severe_4x,16719,linear,2.9077926188721017,1.001854640804641,1.302850335466509,0.886100816901415,1.1245242821985715,-0.01595465717301898,0.26099248914044415,False
v3,test,severe_4x,16719,pchip,2.910932269067315,1.0029363799555566,1.303671526768186,0.886100816901415,1.1250318479046968,-0.03108656250843991,0.2594411124722202,False
v3,test,severe_4x,16719,autoregression,2.887548426403195,0.9948796804712651,1.2908588370192353,0.886100816901415,1.1212592190402464,0.1658095839122371,0.2710521979230386,False
v3,test,severe_4x,16719,pca_r32_l01,4.622318118318092,1.5925794804130922,2.521267384284867,0.9017423800422114,1.4483377236161674,0.389117897621419,0.4170162197750972,False
v3,test,severe_4x,16719,pca_r64_l01,2.5260185464236997,0.8703177066577763,1.6941591347704898,0.5876036438270595,0.8499978062640466,0.5944156954782509,0.7007913065823849,False
v3,test,severe_4x,16719,pca_r96_l01,2.392466355556807,0.8243034615767351,1.5853468715308052,0.6283950751945827,0.8531962267117743,0.6458609951413946,0.6967588283802788,False
v3,test,severe_4x,16719,pca_r64_l001,5.262085027518854,1.8130056011949252,3.2038755772387875,0.9552568307657229,1.6081292125422222,0.4000008831114413,0.48139667618134985,False
v3,test,severe_4x,16719,pca_r64_l1,1.9870834208050911,0.6846322993872024,1.0602089888560033,0.6539285900198866,0.8047841144493121,0.750747171009764,0.7463537808502629,True
v3,test,severe_4x,16719,template_1,2.646948771564196,0.9119831632946224,1.2928668277138287,0.7917095511878081,1.0126820207040317,0.6762579631325594,0.5752189528726062,False
v3,test,severe_4x,16719,dictionary_8,1.7541451842923994,0.60437545721886,0.8444933149822494,0.7886718555031379,0.8805919444653995,0.7976662187953533,0.6552304193709061,False
v3,test,severe_4x,16719,dictionary_24,1.856864251050563,0.6397664177237069,0.8416997485477409,0.7730242652532462,0.8807469332505643,0.7699342198657594,0.6544849150178601,False
v3,test,severe_4x,16719,dictionary_48,1.8088648576073323,0.6232286444434509,0.8790838044655743,0.7703319982382952,0.8722515006340584,0.7827620306333769,0.6627885403531425,False
v3,test,severe_4x,16719,local_pca_8,1.754863863951896,0.6046230720409919,0.9516061614536111,0.886100816901415,0.9636248961183139,0.798601186885189,0.5626138571920171,False
v3,test,severe_4x,16719,local_pca_16,2.116494955046476,0.7292199172633597,1.3521570774350709,0.886100816901415,1.0080045498544856,0.6990060025627508,0.507683901421881,False
v3,test,severe_4x,16719,local_pca_32,1.8427650409572298,0.6349086575890915,1.1359575162552646,0.886100816901415,0.9738263083667187,0.7729983931552168,0.5488613331818198,False
v3,test,severe_4x,16719,local_dictionary_8,1.6657059380839778,0.5739044846095617,0.8281215138497722,0.886100816901415,0.9536835212043795,0.8384599758778706,0.5815165942198659,False
v3,test,severe_4x,16719,local_dictionary_24,1.7097797768430094,0.5890897421868159,0.8313415551322711,0.886100816901415,0.9585459936474636,0.8142769684968663,0.5705620972596378,False
v3,test,severe_4x,16822,zero_fill,3.1041699629679522,1.0,1.6242113541599696,0.36536104110154494,0.8528702097298616,,0.2582171946411054,False
v3,test,severe_4x,16822,linear,3.1288776078435045,1.0079595013064069,1.6631704273163646,0.36536104110154494,0.8584945195000724,-0.02401912841338213,0.234765512059243,False
v3,test,severe_4x,16822,pchip,3.1319273287709515,1.0089419606961405,1.6637129273240816,0.36536104110154494,0.8591892671300814,-0.0314967738187718,0.23194890605074925,False
v3,test,severe_4x,16822,autoregression,3.1188903059098014,1.0047421188650942,1.632734896622405,0.36536104110154494,0.8562201489548484,-0.24135456053806065,0.24344892035211174,False
v3,test,severe_4x,16822,pca_r32_l01,2.4779703920395963,0.7982714933786565,1.2844661253036471,0.1278082205258315,0.6317318152475071,0.6121900329550034,0.7055324127067868,False
v3,test,severe_4x,16822,pca_r64_l01,2.4835523011976632,0.800069690392563,1.3053801038860016,0.10520797218504342,0.6291891008449656,0.6010530250721298,0.7022833896325483,False
v3,test,severe_4x,16822,pca_r96_l01,2.5020447553398153,0.8060269847297813,1.2788392221996958,0.1046953737746819,0.6336720749464377,0.5924167384540648,0.6966024464389049,False
v3,test,severe_4x,16822,pca_r64_l001,3.0083715865995977,0.9691388108540423,1.8232886430229365,0.30088522951365904,0.8065465897559827,0.620632606948133,0.6743473753679604,False
v3,test,severe_4x,16822,pca_r64_l1,2.967832520768782,0.9560792598905198,1.4253195180334712,0.11929822648876721,0.7508957515021334,0.35691430452590506,0.5423605543670099,True
v3,test,severe_4x,16822,template_1,4.2586854529179465,1.3719240581936891,1.8452900404140564,0.11547967227540104,1.0705265966899027,0.27014024686636806,0.39763316191310233,False
v3,test,severe_4x,16822,dictionary_8,2.7422798259039864,0.8834180662202027,1.2080759477788088,0.08788442298187853,0.6908307372560076,0.6099545812792497,0.6926935931031122,False
v3,test,severe_4x,16822,dictionary_24,1.7682288811968596,0.5696301756319504,0.8731169175424764,0.08494480647718147,0.4496434475302616,0.8230872745750883,0.8610557421490079,False
v3,test,severe_4x,16822,dictionary_48,1.808666256677772,0.5826569673229084,0.8978113206567364,0.08404018384840158,0.45943000796937783,0.8148960175054585,0.8548287011528365,False
v3,test,severe_4x,16822,local_pca_8,2.200058328895976,0.708742870120572,1.0891345192167314,0.36536104110154494,0.6539584756440306,0.7055665083933143,0.6718148882806873,False
v3,test,severe_4x,16822,local_pca_16,2.3047947904558974,0.7424834393578894,1.1598177410855004,0.36536104110154494,0.6761291195767786,0.6705912855696187,0.6436147028225964,False
v3,test,severe_4x,16822,local_pca_32,2.326032038063897,0.7493249615236713,1.1991276448143062,0.36536104110154494,0.680659395247623,0.6632473924819587,0.6376928355980404,False
v3,test,severe_4x,16822,local_dictionary_8,2.0952823852345275,0.6749895818304971,0.9941980121833839,0.36536104110154494,0.6320867537963125,0.7390909812030786,0.6988456533127131,False
v3,test,severe_4x,16822,local_dictionary_24,2.4722817246221878,0.7964389044787983,1.2242802942528423,0.36536104110154494,0.7121493558772859,0.6206072666315859,0.6014014045571041,False
v3,test,severe_4x,16925,zero_fill,4.057778797743427,1.0,1.6823071045730482,0.4872453865673584,1.1187797418500127,,0.4318361778027986,False
v3,test,severe_4x,16925,linear,4.734842692949657,1.166855792036459,2.237970060980861,0.4872453865673584,1.2742609703261922,-0.13816104939615148,0.1456689848478283,False
v3,test,severe_4x,16925,pchip,4.605901376171262,1.1350794623730234,2.1323693246362287,0.4872453865673584,1.2443735494211523,-0.15378450619089404,0.1706734983766448,False
v3,test,severe_4x,16925,autoregression,7.10662538268182,1.7513584985544033,4.0098949820073955,0.4872453865673584,1.8382268176619474,-0.14044596984461416,-0.01023388302501268,False
v3,test,severe_4x,16925,pca_r32_l01,3.655171600164351,0.9007813836961812,1.8278261278075991,0.1826506762912717,0.9307489749488348,0.4607810754131703,0.656921080193639,False
v3,test,severe_4x,16925,pca_r64_l01,3.2905303648065503,0.8109191084138072,1.6071575394607795,0.25650748797572426,0.8593068228421156,0.5838371561104526,0.7118360459663856,False
v3,test,severe_4x,16925,pca_r96_l01,3.2485925418049937,0.8005839410496132,1.5379332865218647,0.2781906671428434,0.8556504912912651,0.5991138061172022,0.7147147738407311,False
v3,test,severe_4x,16925,pca_r64_l001,4.334127935813925,1.0681035492186461,2.286175933397475,0.6298955015907625,1.2433872613718053,0.30775726142545373,0.4821346344870427,False
v3,test,severe_4x,16925,pca_r64_l1,3.143211116818348,0.7746137168852872,1.4170468456307326,0.19207536797755387,0.8075104616058442,0.6369148583672001,0.7507750192682725,True
v3,test,severe_4x,16925,template_1,3.288000573574474,0.8102956660434436,1.3572472530727042,0.23314476617812913,0.8524338318078524,0.5848875628528819,0.7164950150827175,False
v3,test,severe_4x,16925,dictionary_8,3.1539344523555317,0.7772563783194558,1.284149769465059,0.21680497799890694,0.8159491599906741,0.6418990427785077,0.744575338051053,False
v3,test,severe_4x,16925,dictionary_24,3.247887200670422,0.800410116607787,1.3356235761504351,0.256019237613599,0.8489684556383146,0.6069799986773603,0.7185969565893118,False
v3,test,severe_4x,16925,dictionary_48,3.362172680384516,0.828574658198287,1.3730086761269402,0.24800050761830944,0.8741699244643488,0.5585110505731846,0.6988068058248339,False
v3,test,severe_4x,16925,local_pca_8,3.230567121149112,0.7961417519717102,1.3042477914687518,0.4872453865673584,0.935337002275693,0.6216863961128737,0.6711390887538399,False
v3,test,severe_4x,16925,local_pca_16,3.132373073331359,0.7719427867958955,1.2905585613154078,0.4872453865673584,0.9142237852236647,0.6689614632077899,0.7037377946331997,False
v3,test,severe_4x,16925,local_pca_32,3.1247155255284165,0.7700556588412615,1.2862054629341317,0.4872453865673584,0.9125845206214445,0.6716953914575736,0.7055751765182222,False
v3,test,severe_4x,16925,local_dictionary_8,3.1380665448831353,0.7733458873185121,1.2519512961726136,0.4872453865673584,0.9154432888320553,0.6555414288783844,0.6936286845382906,False
v3,test,severe_4x,16925,local_dictionary_24,3.239822488495977,0.7984226469657923,1.2754926317796575,0.4872453865673584,0.9373356775300633,0.6244323515554647,0.6739243451289638,False
v3,test,severe_4x,17028,zero_fill,3.5248231354317725,1.0,1.6166553785242608,0.39529831463217796,0.9607383065688555,,0.29860782998521074,False
v3,test,severe_4x,17028,linear,3.5458964172847147,1.0059785359557796,1.630410249667277,0.39529831463217796,0.965572782257317,0.0025891315704740106,0.2790352631034991,False
v3,test,severe_4x,17028,pchip,3.556451011462835,1.0089728973102614,1.6340424660500827,0.39529831463217796,0.9679958406483673,-0.016797013365859273,0.27044356537575037,False
v3,test,severe_4x,17028,autoregression,3.613671602832521,1.0252065036987636,1.8057961045313526,0.39529831463217796,0.9811515497230717,0.030651252372881372,0.23917630430623654,False
v3,test,severe_4x,17028,pca_r32_l01,2.897537727867726,0.8220377637508874,1.486620511763356,0.25452517975046307,0.7651581083067875,0.6041821044364938,0.668923911076601,False
v3,test,severe_4x,17028,pca_r64_l01,3.1863502699015522,0.9039745109115215,1.575839961095344,0.3331306131734805,0.8594136127326069,0.529288348189858,0.5896854674978798,False
v3,test,severe_4x,17028,pca_r96_l01,3.1778206741489847,0.9015546460204785,1.582092890798268,0.3386218831618863,0.8594517123357717,0.5259557636158166,0.5863270940588967,False
v3,test,severe_4x,17028,pca_r64_l001,6.369919751842267,1.80716010622246,3.00425403236781,0.6526637841307983,1.7132831762373895,0.026972322144604863,0.11087390710482362,False
v3,test,severe_4x,17028,pca_r64_l1,2.734897174347054,0.7758962845130223,1.2803576443488038,0.24878421260696634,0.7249166469709001,0.6794174666341245,0.7083587503503754,True
v3,test,severe_4x,17028,template_1,2.7576033974467378,0.7823380894567766,1.4478396739561785,0.1602329794254406,0.7066423959933295,0.6722958798090986,0.7394896695664351,False
v3,test,severe_4x,17028,dictionary_8,2.4223436764920496,0.6872241764820706,1.0859886486688393,0.12059572914943952,0.6167403645060706,0.7276740099617272,0.7905101304306428,False
v3,test,severe_4x,17028,dictionary_24,1.8615172959699666,0.5281165109414605,0.9440162465007615,0.12962281953362384,0.48200607966556247,0.8613627383450081,0.8832638116696714,False
v3,test,severe_4x,17028,dictionary_48,1.605142213366318,0.4553823416645546,0.8627920190416343,0.12212112994978731,0.4183438389077903,0.9026383555924383,0.9153621244603716,False
v3,test,severe_4x,17028,local_pca_8,2.3448066210429865,0.6652267449883723,1.1406015380332977,0.39529831463217796,0.700090594733667,0.7780133411993079,0.7430577029441752,False
v3,test,severe_4x,17028,local_pca_16,2.414154935992231,0.6849010129685584,1.1834267404715177,0.39529831463217796,0.7146701782221493,0.758356636447551,0.7273699115469364,False
v3,test,severe_4x,17028,local_pca_32,2.421323294226804,0.6869346918111976,1.2354770403741688,0.39529831463217796,0.7161842403683106,0.7547308378035394,0.7246449538653479,False
v3,test,severe_4x,17028,local_dictionary_8,1.8586955304381554,0.52731596991475,0.9023315938328947,0.39529831463217796,0.6020101970760329,0.8703313163752332,0.8189437081411668,False
v3,test,severe_4x,17028,local_dictionary_24,2.2436714794784627,0.6365344850710146,1.0756334159977237,0.39529831463217796,0.6790606136002643,0.7852003899064867,0.750138760976728,False
v3,test,severe_4x,17131,zero_fill,2.775518967978385,1.0,1.4841611987486851,0.7180812683617865,0.98228420534706,,0.3149963903532397,False
v3,test,severe_4x,17131,linear,2.7859314700483133,1.0037515513999578,1.4915739648314896,0.7180812683617865,0.984124762650379,0.002683037632796546,0.30728376592046175,False
v3,test,severe_4x,17131,pchip,2.7900398690684027,1.005231778725906,1.4991619396364788,0.7180812683617865,0.9848519270229252,-0.020193079037296276,0.30472326987923626,False
v3,test,severe_4x,17131,autoregression,2.756809492884493,0.993259107464317,1.4788524487273673,0.7180812683617865,0.9789857378825525,0.15899023454054023,0.3262893137893921,False
v3,test,severe_4x,17131,pca_r32_l01,2.7407125766698073,0.9874595015526304,1.5154655862303434,0.5928422843596673,0.8938482477393704,0.6004750514286226,0.6077375493036216,False
v3,test,severe_4x,17131,pca_r64_l01,2.3222400322454533,0.8366867814767311,1.305981175260152,0.5535560303568372,0.7901409268498268,0.6796570978384372,0.6814891092588585,False
v3,test,severe_4x,17131,pca_r96_l01,2.178325375140855,0.7848353408038461,1.2425955814043599,0.5526187093639321,0.763458946549699,0.6907711876212326,0.692776419406571,False
v3,test,severe_4x,17131,pca_r64_l001,3.6534451436272968,1.3163106380383955,1.9624822457732531,0.6212281214124803,1.0936329108754643,0.7411368404518793,0.6642524624937702,False
v3,test,severe_4x,17131,pca_r64_l1,1.9766777334746077,0.7121831110793553,1.1390148752125846,0.5549313494140599,0.7300037200441154,0.7025136451919993,0.7102168826277415,True
v3,test,severe_4x,17131,template_1,2.455973910675152,0.8848701590621875,1.3329604518385612,0.6205159129318575,0.8590477221516075,0.6390941849660893,0.6074712538122359,False
v3,test,severe_4x,17131,dictionary_8,2.4948023631106584,0.8988597778986922,1.3897605267409148,0.6206071401463616,0.8660736532980399,0.5871854418687693,0.5840867124166526,False
v3,test,severe_4x,17131,dictionary_24,2.574988207597597,0.9277501747621458,1.3991109785571247,0.6234611595311323,0.8825078445446408,0.5839537939941468,0.5774647010428201,False
v3,test,severe_4x,17131,dictionary_48,2.3642457568405377,0.8518211491678589,1.3112861155792217,0.6214637505779059,0.843464429376465,0.6367417624099179,0.6109191073916728,False
v3,test,severe_4x,17131,local_pca_8,2.4787523395767574,0.8930770670907053,1.7624129621298494,0.7180812683617865,0.9313573354430863,0.5833194982599832,0.4804521714437506,False
v3,test,severe_4x,17131,local_pca_16,1.9391511220985937,0.6986625364376524,1.262846179331073,0.7180812683617865,0.8476038909005976,0.7204303346376157,0.5720371349737768,False
v3,test,severe_4x,17131,local_pca_32,1.7308082998362502,0.6235980801446028,1.0814450772209796,0.7180812683617865,0.8189287205842127,0.7820965995497212,0.6107587434445051,False
v3,test,severe_4x,17131,local_dictionary_8,1.348966475443956,0.4860231513483433,0.8765483026617766,0.7180812683617865,0.7727516245313225,0.8740659492646883,0.6636870227600905,False
v3,test,severe_4x,17131,local_dictionary_24,1.4902629743477593,0.5369312880009708,1.0480845932241012,0.7180812683617865,0.7888082130773658,0.8436519984915924,0.6458686788901461,False
v3,test,severe_4x,17233,zero_fill,3.268782284356112,1.0,1.6759712572987473,0.3746064027715304,0.8940737867159563,,0.2610250660370219,False
v3,test,severe_4x,17233,linear,3.309773929866678,1.012540341308978,1.7052582096800086,0.3746064027715304,0.903450082385107,-0.045609925471667076,0.2232030333399478,False
v3,test,severe_4x,17233,pchip,3.2956817225137347,1.0082291923467523,1.7011309607832006,0.3746064027715304,0.9002245334870799,-0.03825674112842681,0.23521491921631904,False
v3,test,severe_4x,17233,autoregression,3.2737418506599285,1.0015172519526774,1.6816972554162115,0.3746064027715304,0.8952072057533553,-0.006057982947341079,0.2559412243406142,False
v3,test,severe_4x,17233,pca_r32_l01,3.0598224180183555,0.9360740948279712,1.5735547281940494,0.1671055993929539,0.7818798441110881,0.4606822946592372,0.5898445609234557,False
v3,test,severe_4x,17233,pca_r64_l01,2.8343142413093894,0.8670856590461776,1.5333491831392039,0.12584000026857609,0.7189781291659343,0.5125659555097227,0.6368524289490113,False
v3,test,severe_4x,17233,pca_r96_l01,2.8478594809418776,0.8712294772800544,1.4597266832515543,0.1287274119597719,0.7227925368855184,0.5031441299290038,0.6301402769882692,False
v3,test,severe_4x,17233,pca_r64_l001,4.068970321164225,1.2447969816275894,2.350019129672752,0.36863643703365123,1.078045448228769,0.4336074583824312,0.5206113296175304,False
v3,test,severe_4x,17233,pca_r64_l1,3.1745190653646924,0.9711625887589551,1.54523422174009,0.1467407151251133,0.8062476301707562,0.31675535545407935,0.5093522925848069,True
v3,test,severe_4x,17233,template_1,2.739759290016579,0.8381589997989908,1.3314157624542287,0.13254471372191526,0.6968591358851925,0.6113046918409782,0.6928150167810266,False
v3,test,severe_4x,17233,dictionary_8,4.249001705466731,1.299872960582844,1.9190943006124355,0.11265341375689301,1.0678359356522602,0.0909333434277922,0.2893175978347151,False
v3,test,severe_4x,17233,dictionary_24,3.2774642000210243,1.0026560091525407,1.5356334144684165,0.10388563275800161,0.8255170710236104,0.3778851016488104,0.5328414701783799,False
v3,test,severe_4x,17233,dictionary_48,3.2124190903725505,0.9827571281656454,1.52103499280848,0.1032662102635323,0.8093050670530121,0.4104775500546259,0.5557621620487538,False
v3,test,severe_4x,17233,local_pca_8,3.0550528021878383,0.9346149533448128,1.5809207197152024,0.3746064027715304,0.8455137853369523,0.45255370179403276,0.46559974494094986,False
v3,test,severe_4x,17233,local_pca_16,2.8380455613845825,0.8682271606056576,1.4908671450458386,0.3746064027715304,0.7968473804412032,0.5091169126429812,0.5164154479684248,False
v3,test,severe_4x,17233,local_pca_32,2.836817192403208,0.8678513726594083,1.512328720112741,0.3746064027715304,0.7965739583552417,0.5073505629008458,0.5154319585227909,False
v3,test,severe_4x,17233,local_dictionary_8,2.8214705620490723,0.8631564651926179,1.3456414492948447,0.3746064027715304,0.7931600361635293,0.5244776124766748,0.5274054641969248,False
v3,test,severe_4x,17233,local_dictionary_24,1.6199594465079825,0.49558499330495603,0.8050665192204578,0.3746064027715304,0.543669129807588,0.8696060569621477,0.8100897670288035,False
v3,test,severe_4x,17336,zero_fill,2.303941578950633,1.0,1.1733665744487602,0.4838121712933949,0.742430975562374,,0.5906624184054194,False
v3,test,severe_4x,17336,linear,3.338465809839722,1.4490236385942912,1.725872034260818,0.4838121712933949,0.9570941443976146,-0.22415689420414103,0.2037347933925837,False
v3,test,severe_4x,17336,pchip,3.078622963394442,1.3362417656426213,1.4841286394920912,0.4838121712933949,0.9010075127015457,-0.28552352493701944,0.24877731771097963,False
v3,test,severe_4x,17336,autoregression,4.6826130507247745,2.032435671766272,2.8870915912859387,0.4838121712933949,1.2609019152771266,0.37281612470124376,0.38063988949977473,False
v3,test,severe_4x,17336,pca_r32_l01,1.6318691284509201,0.7082944912145651,0.958995156279257,0.161514853848168,0.4369140771217988,0.7518241607403288,0.880488747832531,False
v3,test,severe_4x,17336,pca_r64_l01,1.6467154371180948,0.7147383649667531,0.9397028892253918,0.25464815556586523,0.47986697231104414,0.7358122481027284,0.8572829817966581,False
v3,test,severe_4x,17336,pca_r96_l01,1.6154535563333712,0.7011694962635101,0.9179867786614299,0.2725751333419634,0.48245130858046015,0.742809321980338,0.8563131159884271,False
v3,test,severe_4x,17336,pca_r64_l001,3.366197322355673,1.4610601905491292,1.7397258754252611,0.6222931467206353,1.0350125548715143,0.3398134324414768,0.570800764280119,False
v3,test,severe_4x,17336,pca_r64_l1,1.3756421349608101,0.5970820386805852,0.7890143429587904,0.18389712683682916,0.3872711890880011,0.8068389030563454,0.9009895067638934,True
v3,test,severe_4x,17336,template_1,2.306568653686003,1.0011402523220954,1.1135701936027491,0.22341155688234587,0.6158809650815126,0.4860406269675198,0.7633509444070206,False
v3,test,severe_4x,17336,dictionary_8,1.726219245338855,0.7492461011642011,0.8612625478800247,0.20933890253642495,0.47678444583910035,0.6767088226495963,0.849442780498094,False
v3,test,severe_4x,17336,dictionary_24,1.828979139782971,0.7938478807331604,0.9066778608715198,0.2578540018837504,0.5209663489656287,0.6468559513741236,0.8247831831743981,False
v3,test,severe_4x,17336,dictionary_48,1.8091001673949794,0.7852196357422236,0.9005501404028591,0.25787379768056085,0.5166192292577209,0.6560600700564571,0.8279207961192238,False
v3,test,severe_4x,17336,local_pca_8,1.028250791749606,0.44630072270232624,0.5439842685719554,0.4838121712933949,0.5343461510989466,0.8955294599606624,0.812471607955567,False
v3,test,severe_4x,17336,local_pca_16,1.077693089988914,0.4677605976796368,0.5608774308268392,0.4838121712933949,0.5404012197307833,0.8847997601375135,0.8082382981948264,False
v3,test,severe_4x,17336,local_pca_32,1.0801749835548093,0.46883783574355753,0.5600296961448452,0.4838121712933949,0.5407108314219389,0.8850907180069675,0.8094499730591396,False
v3,test,severe_4x,17336,local_dictionary_8,1.352215031142079,0.5869137670400337,0.6421118680170638,0.4838121712933949,0.5776892951027509,0.8085914163659822,0.7666950712432075,False
v3,test,severe_4x,17336,local_dictionary_24,1.3558437748695673,0.588488782552858,0.6319565394222137,0.4838121712933949,0.5782206325350102,0.8133245413732588,0.760796710865937,False
v3,test,severe_4x,17439,zero_fill,3.75211884534913,1.0,1.6241672531348588,0.4087930479265073,1.0181193498959167,,0.2924542728721849,False
v3,test,severe_4x,17439,linear,3.7513854579749015,0.9998045404731416,1.6291781731843287,0.4087930479265073,1.0179504283977074,0.02138971278631134,0.29236088828449536,False
v3,test,severe_4x,17439,pchip,3.753996965470574,1.0005005492093546,1.630681145482177,0.4087930479265073,1.0185519610351847,0.006987542433978001,0.29003779507729194,False
v3,test,severe_4x,17439,autoregression,3.705466250905346,0.9875663334860485,1.6251289348421094,0.4087930479265073,1.0073838790741025,0.3501232204317992,0.3318148517107823,False
v3,test,severe_4x,17439,pca_r32_l01,2.6671259311952364,0.7108319435300466,1.3227022089731881,0.17404900848797367,0.6877479822393501,0.712401264676098,0.765987891329735,False
v3,test,severe_4x,17439,pca_r64_l01,2.9377678834081147,0.7829623752588676,1.4456061359060421,0.2487574495249153,0.7729280435136049,0.6544228151073076,0.7048790643463656,False
v3,test,severe_4x,17439,pca_r96_l01,2.9509977261367193,0.7864883410594987,1.458842265273926,0.26511212813195467,0.7811311584372331,0.6478607303647811,0.6966878667645716,False
v3,test,severe_4x,17439,pca_r64_l001,5.015486945944081,1.3367079116273026,2.5182067164237107,0.4316475387657627,1.321691701730532,0.3031433563118995,0.3765487023002592,False
v3,test,severe_4x,17439,pca_r64_l1,2.6666384445282607,0.7107020204953378,1.190410523747501,0.223508119347105,0.7009056099543335,0.7635531802763129,0.7816273555239754,True
v3,test,severe_4x,17439,template_1,2.716534923104932,0.7240002342868651,1.3167529069572215,0.16419826864910553,0.6974945367106459,0.7088790220553728,0.7653910662891019,False
v3,test,severe_4x,17439,dictionary_8,2.250508672742609,0.5997967456527092,0.9378752926562093,0.13608738342363538,0.5778508633828062,0.8001967499310977,0.8394180140311323,False
v3,test,severe_4x,17439,dictionary_24,1.879976667688496,0.5010440087788761,0.8239879096536817,0.14399140651545625,0.49023687822238243,0.8754682324941373,0.8925103778292087,False
v3,test,severe_4x,17439,dictionary_48,1.4851906863807705,0.3958271972706065,0.6559193311719673,0.1388907902041445,0.39490118613435754,0.9218590023204976,0.9303378447834156,False
v3,test,severe_4x,17439,local_pca_8,2.0663582999481727,0.5507177104769719,0.972903171339587,0.4087930479265073,0.6507934082842821,0.866221476595497,0.8178566207321224,False
v3,test,severe_4x,17439,local_pca_16,2.2554274525993883,0.6011076795701878,1.0729987026618832,0.4087930479265073,0.6889135166348269,0.8333795882770683,0.7905186268214613,False
v3,test,severe_4x,17439,local_pca_32,2.267432381397878,0.6043071861139026,1.1089880356320898,0.4087930479265073,0.6913720934086122,0.828725720798575,0.7868517036935402,False
v3,test,severe_4x,17439,local_dictionary_8,2.139376530647052,0.5701782429676706,1.0434794397516618,0.4087930479265073,0.6653762225415725,0.8336426472075649,0.7916348604488577,False
v3,test,severe_4x,17439,local_dictionary_24,2.4220489039827418,0.6455149753545115,1.1366339769394977,0.4087930479265073,0.723403294926992,0.7662982727244055,0.7361557195430044,False
v3,test,severe_4x,17542,zero_fill,2.9076617759051113,1.0,1.4021185917002565,0.4218837416556275,0.8338272218796271,,0.3261226388542123,False
v3,test,severe_4x,17542,linear,2.9207659051241137,1.0045067584296057,1.4001657789855044,0.4218837416556275,0.8366847466577453,-0.00129654614048646,0.31412499521582277,False
v3,test,severe_4x,17542,pchip,2.924076241805921,1.0056452459625227,1.4080796676560507,0.4218837416556275,0.8374070933540226,-0.02789154445540972,0.3114836623215422,False
v3,test,severe_4x,17542,autoregression,2.926097137668729,1.0063402703561968,1.413649942479046,0.4218837416556275,0.8378481675986039,-0.053540103281210547,0.30960069291654413,False
v3,test,severe_4x,17542,pca_r32_l01,2.1929745888244514,0.754205529335272,1.1396205995284197,0.15037892465873298,0.567249110948649,0.6907233199695829,0.7773728137217155,False
v3,test,severe_4x,17542,pca_r64_l01,2.074693935896382,0.7135265707616771,1.0748804363243598,0.13778627943792993,0.5355564168265463,0.7214112819449973,0.8012882152404239,False
v3,test,severe_4x,17542,pca_r96_l01,2.070228522379034,0.7119908304103227,1.06219663975261,0.14301153110087886,0.5357605928309388,0.721432018680409,0.8006710606493483,False
v3,test,severe_4x,17542,pca_r64_l001,3.284838396523098,1.1297181892830632,1.7922254021069146,0.3129998971461569,0.8753462645388899,0.8059713284503692,0.8133984065291152,False
v3,test,severe_4x,17542,pca_r64_l1,2.1609326384786525,0.7431856952502622,1.0259485830180661,0.17588878503434885,0.5664407977977046,0.6693784101113003,0.7666536697673927,True
v3,test,severe_4x,17542,template_1,1.9492593580840254,0.6703872418164077,0.9401172677117039,0.15492014245513053,0.5098784048153611,0.826072739687667,0.8604131065776728,False
v3,test,severe_4x,17542,dictionary_8,1.5555644742828825,0.5349881087179263,0.8207626391307733,0.1528614762828716,0.41610397570962243,0.8492540671092262,0.8832732989141101,False
v3,test,severe_4x,17542,dictionary_24,1.7700625309887803,0.6087580562693838,0.8978397201496231,0.15826274369727775,0.4682966343735333,0.8040631893226611,0.8517613247955478,False
v3,test,severe_4x,17542,dictionary_48,2.010432244636651,0.6914257570452237,1.044488544415251,0.1615721787102707,0.5263922814945451,0.7456791991292442,0.8118370472979218,False
v3,test,severe_4x,17542,local_pca_8,1.7138591759739346,0.589428657134799,0.9744752741433986,0.4218837416556275,0.59198298366435,0.8082605829979878,0.7415152459280648,False
v3,test,severe_4x,17542,local_pca_16,1.835616002123776,0.631303137570867,0.9837293117384833,0.4218837416556275,0.6143733839934574,0.7756849793261755,0.717158344025614,False
v3,test,severe_4x,17542,local_pca_32,1.85054699465863,0.6364381889233257,0.9797179526523174,0.4218837416556275,0.6171665370637598,0.7714812300986011,0.7140654569737057,False
v3,test,severe_4x,17542,local_dictionary_8,2.402247862588813,0.826178574996409,1.1795719972119534,0.4218837416556275,0.7263170436099515,0.6709748656117283,0.6269730452916603,False
v3,test,severe_4x,17542,local_dictionary_24,2.059749084944749,0.7083867532369993,1.0615671172874659,0.4218837416556275,0.6572839314667889,0.7526881685907347,0.6919170424337364,False
v3,test,severe_4x,17645,zero_fill,3.0790741475412453,1.0,1.405014559015888,0.3593881689325097,0.8447668112261357,,0.2774508644282443,False
v3,test,severe_4x,17645,linear,3.1131082638390652,1.0110533604151746,1.433648074708725,0.3593881689325097,0.8525271587284262,-0.03338015305278937,0.24497575027067306,False
v3,test,severe_4x,17645,pchip,3.101990378097393,1.0074425718440225,1.4379340019068407,0.3593881689325097,0.8499905199963534,-0.011835505760514961,0.25508109796729045,False
v3,test,severe_4x,17645,autoregression,3.1495108150107463,1.0228759244157037,1.4339427791221175,0.3593881689325097,0.8608431990423542,-0.4921966398717365,0.20730235181541606,False
v3,test,severe_4x,17645,pca_r32_l01,2.9671660637646307,0.9636552812909759,1.4307505440890242,0.18472599989289512,0.7630502062242914,0.4570126978516606,0.5835489571113497,False
v3,test,severe_4x,17645,pca_r64_l01,2.6434486177748733,0.8585206107770301,1.2310182394848703,0.12153040952205221,0.671256527035066,0.5349203519923912,0.6557147486686987,False
v3,test,severe_4x,17645,pca_r96_l01,2.680963043139136,0.8707042814412197,1.2087658600303062,0.11783450822638339,0.6798822236522,0.5132066409807541,0.6424587962681365,False
v3,test,severe_4x,17645,pca_r64_l001,2.8935099666131343,0.9397337731940327,1.6010738327180096,0.31498282125412785,0.7850403091628356,0.660736911764826,0.6982377158557579,False
v3,test,severe_4x,17645,pca_r64_l1,3.391703470571376,1.101533548089375,1.4113410920713456,0.12235825296936333,0.856162424840186,0.0838279175472474,0.3744815624532382,True
v3,test,severe_4x,17645,template_1,6.058869387589417,1.9677568961525815,2.3983807983844248,0.11903524853895056,1.5190959299816515,0.12040174518282301,0.23257734045595402,False
v3,test,severe_4x,17645,dictionary_8,3.1484549973083586,1.0225330233838366,1.3651761805989735,0.10197186768653894,0.7932820588017618,0.4584599441681193,0.5782019166734691,False
v3,test,severe_4x,17645,dictionary_24,2.9692540675669687,0.9643334084494288,1.2648370754971041,0.10342427215641302,0.7490376500395878,0.45932440810662667,0.5921851587099608,False
v3,test,severe_4x,17645,dictionary_48,2.7983656240546777,0.9088334642052307,1.2244044536670038,0.10795615650391947,0.7073572356753962,0.5008451312396415,0.6273448884190529,False
v3,test,severe_4x,17645,local_pca_8,2.801754306051052,0.909934016460226,1.2416850194640567,0.3593881689325097,0.7821135240090447,0.5038177443189187,0.5094937895286163,False
v3,test,severe_4x,17645,local_pca_16,2.594758522921201,0.8427073849433642,1.128867284731153,0.3593881689325097,0.736128794429096,0.5535879122348015,0.5544946695722655,False
v3,test,severe_4x,17645,local_pca_32,2.606676239173217,0.8465779368303763,1.1443883260290404,0.3593881689325097,0.7387556622202702,0.5470705007974919,0.5495595723200327,False
v3,test,severe_4x,17645,local_dictionary_8,2.8721023900438456,0.9327811713587104,1.2736791062319643,0.3593881689325097,0.7979023271375977,0.5064569560707389,0.5085013284003227,False
v3,test,severe_4x,17645,local_dictionary_24,2.9588659229984042,0.960959620073186,1.3525814235096814,0.3593881689325097,0.8174765053891123,0.6475899957595662,0.6152823462168333,False
v3,test,severe_4x,17748,zero_fill,2.6552576934357686,1.0,1.2413997558535494,0.4544865644968047,0.7964281189383736,,0.4632150949673842,False
v3,test,severe_4x,17748,linear,3.222479977173316,1.2136223106103086,1.4575119080430463,0.4544865644968047,0.9179715328818943,-0.12576423910516102,0.21314290197270175,False
v3,test,severe_4x,17748,pchip,3.13106287170723,1.1791935974605139,1.380025029963225,0.4544865644968047,0.8979812521082062,-0.13516903949984518,0.23444032778509497,False
v3,test,severe_4x,17748,autoregression,3.4340168750783775,1.29328949260474,2.1005214930437988,0.4544865644968047,0.9647163591551369,0.24507114482014664,0.3423938946465744,False
v3,test,severe_4x,17748,pca_r32_l01,2.686180020556466,1.0116456972131718,1.3023795948494203,0.28985496062519,0.7278307485184224,0.38923205170767555,0.6320439971622777,False
v3,test,severe_4x,17748,pca_r64_l01,2.9514426737151713,1.1115466046898652,1.3265919740531213,0.3779896591530899,0.8236411761435845,0.2622659090355821,0.5373367860359656,False
v3,test,severe_4x,17748,pca_r96_l01,2.932652135077068,1.104469875871959,1.328124336260479,0.39205301217283667,0.8256070497927193,0.2632714335535951,0.5349074992989703,False
v3,test,severe_4x,17748,pca_r64_l001,5.232804550309193,1.9707332223330118,2.2617617085570183,0.6846566457510515,1.466576888120403,-0.27245812940744296,0.07653701747833436,False
v3,test,severe_4x,17748,pca_r64_l1,2.287409859912798,0.8614643563853142,1.0333356530209654,0.30190851993834733,0.6422360928523841,0.5197349720398332,0.6991554762532366,True
v3,test,severe_4x,17748,template_1,2.427838372770749,0.9143513184323927,1.1322171352799342,0.26870449312241457,0.6603706692864207,0.4898819441699248,0.6946589113192863,False
v3,test,severe_4x,17748,dictionary_8,3.160504278881522,1.1902815635163417,1.291458117892581,0.44536341576571936,0.9001394294207302,0.12155741143558643,0.4548625023971923,False
v3,test,severe_4x,17748,dictionary_24,2.8741814415216407,1.0824491530999374,1.1377866997436878,0.42972300843608685,0.830317970662363,0.2597330960144879,0.5307478221041447,False
v3,test,severe_4x,17748,dictionary_48,2.843475776560097,1.0708850532999619,1.1459863911273485,0.3974349004879116,0.8083421302955354,0.28949466311073857,0.5542365270800893,False
v3,test,severe_4x,17748,local_pca_8,2.0319770382749383,0.7652654743448509,0.9470322017002331,0.4544865644968047,0.672091011494082,0.6478645444207761,0.6665658407894333,False
v3,test,severe_4x,17748,local_pca_16,2.0380428877743473,0.767549941692184,0.9488950177830764,0.4544865644968047,0.6732379488351994,0.6446632322869347,0.6646664134565398,False
v3,test,severe_4x,17748,local_pca_32,2.031333939518867,0.7650232760988348,0.9613552395247551,0.4544865644968047,0.6719694995618692,0.6477477279824607,0.666384288727719,False
v3,test,severe_4x,17748,local_dictionary_8,1.897115784612913,0.7144752049124624,0.8694183029615595,0.4544865644968047,0.6469842955903707,0.7076903815146747,0.686687216074201,False
v3,test,severe_4x,17748,local_dictionary_24,1.5235508364732797,0.5737864314411918,0.7144843599460777,0.4544865644968047,0.5819996623141231,0.8200676746404248,0.7569502327514729,False
v3,test,severe_4x,17850,zero_fill,3.1628397522373684,1.0,1.4280793951490156,0.394829557648729,0.8782764012623426,,0.3210427381571388,False
v3,test,severe_4x,17850,linear,3.1636665126774237,1.0002613981437,1.4264349491869872,0.394829557648729,0.8784624884326627,0.0021624818727139362,0.31999146120019134,False
v3,test,severe_4x,17850,pchip,3.1637464620980142,1.0002866758772728,1.4261680788487667,0.394829557648729,0.8784804839299956,0.001753198925868634,0.3199105578830947,False
v3,test,severe_4x,17850,autoregression,3.167810517367542,1.0015716145993983,1.4298293625766694,0.394829557648729,0.8793953593180082,-0.11201925322748799,0.31673785106068425,False
v3,test,severe_4x,17850,pca_r32_l01,3.512133192892135,1.110436654404536,1.620753837599879,0.2413346441509533,0.9085949221747112,0.2471771799583086,0.43593458840865956,False
v3,test,severe_4x,17850,pca_r64_l01,3.686521416938731,1.1655732524326958,1.7046338619648163,0.2659613624206396,0.9569310271663258,0.18904607722903308,0.3857721281145006,False
v3,test,severe_4x,17850,pca_r96_l01,3.686029288775328,1.1654176555002065,1.6958588415762939,0.259630198439354,0.9551809225493103,0.18458754165191263,0.3851645092198853,False
v3,test,severe_4x,17850,pca_r64_l001,5.1917278024364,1.6414767136918056,2.6280122770751326,0.41652033322905224,1.359144386058967,0.13900175402896006,0.2549845494502369,False
v3,test,severe_4x,17850,pca_r64_l1,3.1716780806589906,1.002794428144951,1.4365911711706052,0.21599043406787535,0.8200350549467815,0.2545376233128908,0.48711013958838983,True
v3,test,severe_4x,17850,template_1,3.889841812964824,1.2298573806065198,1.9034660984764735,0.13881848059638816,0.9817054003179815,0.1934244141566621,0.4113949174334531,False
v3,test,severe_4x,17850,dictionary_8,3.3968441317773346,1.0739855313170492,1.601808136701,0.11628477170860166,0.8566425114057183,0.35668698874724203,0.5358065452392081,False
v3,test,severe_4x,17850,dictionary_24,3.149219296809687,0.9956935992669099,1.4579560568763665,0.12477308133476524,0.7965200486642301,0.4290049636633961,0.589283782839161,False
v3,test,severe_4x,17850,dictionary_48,3.343583682503287,1.057146091621639,1.5259963927532718,0.1283586659459659,0.8450847238869625,0.34832625287389274,0.5337355103358052,False
v3,test,severe_4x,17850,local_pca_8,3.1205108579440295,0.9866168071703931,1.4685351449827038,0.394829557648729,0.8687614642568374,0.3046635332660582,0.3841838428703729,False
v3,test,severe_4x,17850,local_pca_16,3.122954677201076,0.9873894733338678,1.4709375014292307,0.394829557648729,0.8693101291307249,0.3006366723710275,0.38186545806738603,False
v3,test,severe_4x,17850,local_pca_32,3.132193651490968,0.9903105743107213,1.513232626058487,0.394829557648729,0.8713851317133217,0.29518499402553816,0.3778945992504258,False
v3,test,severe_4x,17850,local_dictionary_8,3.0651920444496707,0.9691265712344034,1.4145759418630173,0.394829557648729,0.8563643340911448,0.3936344239675869,0.4384904677221148,False
v3,test,severe_4x,17850,local_dictionary_24,3.5770318753982013,1.1309557725356894,1.623722358126796,0.394829557648729,0.9725453951972866,0.19683689726488374,0.27851440562260193,False
v3,test,severe_4x,17953,zero_fill,2.8060496451630055,1.0,1.2457069559727376,0.3969611123340039,0.7999057163855772,,0.2936949119866208,False
v3,test,severe_4x,17953,linear,2.8291247327549582,1.0082233354750971,1.275693420309965,0.3969611123340039,0.8049696665118645,-0.037018940454440735,0.27245395547134243,False
v3,test,severe_4x,17953,pchip,2.8417529821356378,1.0127237011056367,1.2891695452362328,0.3969611123340039,0.8077450047067196,-0.034620425939875576,0.2620111436305372,False
v3,test,severe_4x,17953,autoregression,2.8311449986442927,1.0089433034531465,1.2576515663099412,0.3969611123340039,0.8054134758747497,-0.4702703311938933,0.27027809278854603,False
v3,test,severe_4x,17953,pca_r32_l01,1.850674454680504,0.6595301896638386,0.9208194211625199,0.12864453705330223,0.47914227994614617,0.7520692803076628,0.819955665006233,False
v3,test,severe_4x,17953,pca_r64_l01,1.9208346962225094,0.6845333971669366,0.8873988522158098,0.12664924993010293,0.4956187053717609,0.7289863913721396,0.8056608724491008,False
v3,test,severe_4x,17953,pca_r96_l01,1.9410032388378518,0.6917209188311055,0.8906443276666947,0.1290410323769459,0.5010780499166678,0.7221491535040335,0.800823200178315,False
v3,test,severe_4x,17953,pca_r64_l001,2.9132883399876324,1.0382169627716609,1.5293962214371508,0.36436254838503,0.8092685722263497,0.7591076284967286,0.7787560936846659,False
v3,test,severe_4x,17953,pca_r64_l1,2.321246853352759,0.8272294317223016,0.9328663274380415,0.16682352898605468,0.6023723050131923,0.5633574968642983,0.693998812487947,True
v3,test,severe_4x,17953,template_1,4.027129923032493,1.4351598981772662,1.8117851143305748,0.15289919569071816,1.017608958466694,0.3400879173640759,0.4633169235344304,False
v3,test,severe_4x,17953,dictionary_8,1.9090812473088774,0.6803447867003,0.8486635617198295,0.1360503281075457,0.49511593247812813,0.7356409963398799,0.8066088619079633,False
v3,test,severe_4x,17953,dictionary_24,1.90279948115283,0.6781061355891638,0.8175617849065787,0.13073900142442865,0.4922547716171303,0.7387971284439603,0.8096006202152632,False
v3,test,severe_4x,17953,dictionary_48,1.7128682547789111,0.6104197970023475,0.7404367029314478,0.13136213978507674,0.44670724716831206,0.7930210493228251,0.8462476850213766,False
v3,test,severe_4x,17953,local_pca_8,1.3023500863005084,0.46412225405400975,0.6308653611003647,0.3969611123340039,0.5037228663826895,0.8896095051133667,0.8017338422196791,False
v3,test,severe_4x,17953,local_pca_16,1.581019443379425,0.5634324560524953,0.6850605614121279,0.3969611123340039,0.5513219539732168,0.8301086676752675,0.7555110565510454,False
v3,test,severe_4x,17953,local_pca_32,1.6050583481116005,0.57199926981989,0.7118946506550812,0.3969611123340039,0.5556462550166521,0.8244760334228124,0.7511478428057219,False
v3,test,severe_4x,17953,local_dictionary_8,0.9988750518338716,0.3559719813067834,0.5677567285024775,0.3969611123340039,0.45835461433792346,0.9360463876488022,0.8380764645389197,False
v3,test,severe_4x,17953,local_dictionary_24,1.3222122232307278,0.4712005810410099,0.6390066107903315,0.3969611123340039,0.5069465599204275,0.8899516977045414,0.8002714512038281,False
v3,test,severe_4x,18056,zero_fill,2.4381001939944023,1.0,1.0942199347159633,0.47610712182031756,0.7642194722262358,,0.5450039074375622,False
v3,test,severe_4x,18056,linear,2.9942914904912943,1.2281248727459677,1.339050664792863,0.47610712182031756,0.8791313682319105,-0.30652708133882245,0.248672146723648,False
v3,test,severe_4x,18056,pchip,2.904802261039118,1.1914203805874384,1.2916514881696175,0.47610712182031756,0.8601615417851163,-0.3663844261783221,0.2807447894460286,False
v3,test,severe_4x,18056,autoregression,3.6928917899635145,1.5146595693892937,2.1613290745394935,0.47610712182031756,1.0319162891224611,-0.08015203028723507,0.17737142153562152,False
v3,test,severe_4x,18056,pca_r32_l01,1.5498526000707644,0.6356804383545867,0.8512996336568724,0.17115906391202937,0.42141684079830183,0.7996600607913538,0.8945117853984059,False
v3,test,severe_4x,18056,pca_r64_l01,1.6106535419673698,0.6606182739884019,0.9024418182101543,0.16577731436277618,0.433476974706562,0.7822909904397173,0.88652029511006,False
v3,test,severe_4x,18056,pca_r96_l01,1.6190918541311874,0.6640792934266526,0.8825999345922126,0.1588794711853441,0.43301982688267177,0.7766550430662857,0.8847974494732705,False
v3,test,severe_4x,18056,pca_r64_l001,3.1876049021835056,1.307413415591084,1.7953266642219066,0.5328933120714726,0.9493568297531056,0.6142783218572743,0.7358670572924909,False
v3,test,severe_4x,18056,pca_r64_l1,1.801254031773028,0.7387940972278039,0.8563449502969762,0.12808741271042864,0.4670794810844137,0.697993464980218,0.8531076482649081,True
v3,test,severe_4x,18056,template_1,1.864774354982733,0.7648473018361174,0.8965550754555531,0.18026172823337044,0.4977949976512978,0.7051885421703092,0.8432223066716097,False
v3,test,severe_4x,18056,dictionary_8,1.535496906230134,0.6297923727713954,0.7288679857587028,0.15426293562311402,0.4119091638826627,0.7759072825673823,0.8860056645076997,False
v3,test,severe_4x,18056,dictionary_24,1.489671533719038,0.6109968480329231,0.7045698356000871,0.21805228362904305,0.42810069305527004,0.7887193483373155,0.8785616554921458,False
v3,test,severe_4x,18056,dictionary_48,1.3189194415883012,0.5409619526043684,0.6448422443447054,0.15245540056906498,0.3612641200389013,0.8392446407082738,0.9134301892089188,False
v3,test,severe_4x,18056,local_pca_8,1.2298891133324266,0.5044456812570396,0.6209486776519573,0.47610712182031756,0.5541207620418824,0.8627000015108008,0.7837450657868037,False
v3,test,severe_4x,18056,local_pca_16,1.418444196486625,0.5817825698798503,0.6874318873979753,0.47610712182031756,0.581600905382451,0.8127372499644958,0.7680401612360961,False
v3,test,severe_4x,18056,local_pca_32,1.4322774501821205,0.5874563538078325,0.7539798504268245,0.47610712182031756,0.5837159286641811,0.8077756650893139,0.7645289809359573,False
v3,test,severe_4x,18056,local_dictionary_8,1.887231187669074,0.7740580933949127,0.7727862586988639,0.47610712182031756,0.6596311198044339,0.7451629449281469,0.6890113082921998,False
v3,test,severe_4x,18056,local_dictionary_24,1.810946053556113,0.7427693324568395,0.7587988964710266,0.47610712182031756,0.6461276712370232,0.771354359482632,0.7038343321635611,False
v3,test,severe_4x,18159,zero_fill,3.763640811676998,1.0,1.4450141887916943,0.42734000181924003,1.0278705024419332,,0.2903757823911584,False
v3,test,severe_4x,18159,linear,3.7709598219736704,1.0019446622732873,1.44045874017017,0.42734000181924003,1.0295457170599176,-0.004661349041458383,0.28333883666646426,False
v3,test,severe_4x,18159,pchip,3.7783459552495193,1.0039071591334905,1.4501566394737857,0.42734000181924003,1.0312368276393105,-0.010473711960317494,0.27683210338675984,False
v3,test,severe_4x,18159,autoregression,3.754790429161616,0.9976484518692849,1.4420129664241879,0.42734000181924003,1.025845484352014,0.08839992213475309,0.2972367654444349,False
v3,test,severe_4x,18159,pca_r32_l01,4.324359122555497,1.1489829500038433,1.6392031875525626,0.26886580429569595,1.111991853938871,0.14740168621650698,0.33245359236528893,False
v3,test,severe_4x,18159,pca_r64_l01,4.580997021981843,1.2171716832724662,1.767740950439288,0.38720933227877685,1.2050544521012099,0.059837911827760895,0.23291045402206037,False
v3,test,severe_4x,18159,pca_r96_l01,4.575664280866441,1.2157547730564708,1.790218448569522,0.4047699848022078,1.2091909671384804,0.049542366653090406,0.2236920363911532,False
v3,test,severe_4x,18159,pca_r64_l001,6.872508682159932,1.826026718819028,2.9685101876449957,0.739670266138873,1.8614184296779048,-0.0582960175791877,0.02522143609123162,False
v3,test,severe_4x,18159,pca_r64_l1,3.7448933531850064,0.995018797108952,1.451439686028054,0.3137601678337676,0.9842798087470906,0.19391377061006312,0.4100540364403893,True
v3,test,severe_4x,18159,template_1,5.553143374960209,1.4754711336244244,2.0983886860427856,0.5134626534232012,1.4746198618154607,-0.34863494455310723,-0.0928184996746307,False
v3,test,severe_4x,18159,dictionary_8,4.488184018080168,1.1925112524434363,1.8935164738811354,0.2979176953168315,1.1585314000355587,0.0025514285201308625,0.24840616952608519,False
v3,test,severe_4x,18159,dictionary_24,3.8451690551058766,1.0216620680634376,1.5158253692490373,0.3088228938327681,1.006724228583494,0.2320093986967368,0.4187830683822933,False
v3,test,severe_4x,18159,dictionary_48,3.878689651623761,1.0305684962257329,1.5100426440986507,0.3117759334376218,1.0155754804443624,0.21162526839287762,0.4058230343571927,False
v3,test,severe_4x,18159,local_pca_8,3.274938797282402,0.870151792148082,1.347766119050543,0.42734000181924003,0.9173506786961478,0.49523189396074374,0.5221755394484335,False
v3,test,severe_4x,18159,local_pca_16,3.4042345169937875,0.9045056867360659,1.4060790185160055,0.42734000181924003,0.9463120786775018,0.42654773845444477,0.4720196891918341,False
v3,test,severe_4x,18159,local_pca_32,3.425875926479157,0.910255812895349,1.4425279865997958,0.42734000181924003,0.9511807800358077,0.41423953631727817,0.4629640735611378,False
v3,test,severe_4x,18159,local_dictionary_8,3.8992800749390852,1.0360393751819397,1.6293195279335135,0.42734000181924003,1.0589994470058748,0.21244670073799884,0.296430890876751,False
v3,test,severe_4x,18159,local_dictionary_24,3.2251319311041033,0.8569180993834141,1.38410976368086,0.42734000181924003,0.9062549355158811,0.515799625161054,0.5365495173060515,False
v3,test,severe_4x,18262,zero_fill,2.2945998296473995,1.0,1.2180115122029402,0.36581295009627984,0.6741881736155912,,0.38421444562581064,False
v3,test,severe_4x,18262,linear,2.320335593729317,1.011215796213962,1.2286691347487593,0.36581295009627984,0.6796710594287196,-0.021510681410280782,0.3626281243919185,False
v3,test,severe_4x,18262,pchip,2.3363008058918693,1.0181735288679412,1.240278265964677,0.36581295009627984,0.6830807132251625,-0.02392832581953849,0.35041961316951437,False
v3,test,severe_4x,18262,autoregression,2.28780650881587,0.9970394311270505,1.209623611438913,0.36581295009627984,0.672743698347131,0.1344248852683682,0.3895825378962125,False
v3,test,severe_4x,18262,pca_r32_l01,2.5122124003709216,1.094836828588522,1.2533765448556478,0.16825424650368742,0.6488380728548188,0.37817598295394295,0.5911954035047788,False
v3,test,severe_4x,18262,pca_r64_l01,2.5332263886759083,1.1039948473565333,1.323265240341113,0.17756897204774888,0.6562296203404814,0.3937624877065807,0.5935192824342547,False
v3,test,severe_4x,18262,pca_r96_l01,2.537024965790943,1.1056502894366533,1.3367850131077288,0.17722957752714866,0.657060239071698,0.39363324733992666,0.5941405261833077,False
v3,test,severe_4x,18262,pca_r64_l001,5.2571060657496265,2.2910775106949526,2.529377954443838,0.4501327271696994,1.3846582671272174,0.37382386383711724,0.43657732943883143,False
v3,test,severe_4x,18262,pca_r64_l1,2.049801650923036,0.8933155247544925,0.9674205498673145,0.124730910725796,0.5264891861118862,0.4911140817526354,0.6973791934989522,True
v3,test,severe_4x,18262,template_1,5.234565637225752,2.281254260369279,2.44993751106283,0.1377075561215463,1.3154164733939584,-0.20569421230878193,0.08214373961741613,False
v3,test,severe_4x,18262,dictionary_8,2.8493793183526295,1.2417761395852978,1.3944583486609965,0.11934583099334742,0.7216566838916586,0.2840452124410143,0.5325047731800192,False
v3,test,severe_4x,18262,dictionary_24,2.655958094102371,1.1574820410016764,1.2765365493346685,0.11094455580520543,0.6726228426173408,0.3537493656623526,0.5843586741829256,False
v3,test,severe_4x,18262,dictionary_48,2.3354727427805257,1.017812654130375,1.1546927354046552,0.10399825560278943,0.592487736676736,0.4716260058384724,0.6659521269250563,False
v3,test,severe_4x,18262,local_pca_8,1.4865062499068777,0.647828100874261,0.7801563413708258,0.36581295009627984,0.5133826270363776,0.7646080231403753,0.7105378763808476,False
v3,test,severe_4x,18262,local_pca_16,1.4870207339747585,0.6480523160342351,0.7798692273739156,0.36581295009627984,0.51347574067227,0.7629366059995468,0.7100772572812499,False
v3,test,severe_4x,18262,local_pca_32,1.4913199487098907,0.6499259389115596,0.7762840092079901,0.36581295009627984,0.5142544303584207,0.7612512015103164,0.7090032925746254,False
v3,test,severe_4x,18262,local_dictionary_8,1.951199969575768,0.8503443364569585,0.8940830429087347,0.36581295009627984,0.6028302019507974,0.7943775568524196,0.7100324253230949,False
v3,test,severe_4x,18262,local_dictionary_24,1.5432916746443535,0.6725755204477217,0.7963098342727235,0.36581295009627984,0.5237506509482066,0.8495101416051786,0.7558518976684058,False
v3,test,severe_4x,18365,zero_fill,2.2835855893633767,1.0,1.188654929820623,0.3741469169267638,0.6761357054816697,,0.3408050351894216,False
v3,test,severe_4x,18365,linear,2.2913460345222068,1.0033983596651586,1.1908707382003,0.3741469169267638,0.677774639058205,-0.026874956987398634,0.33386945400096996,False
v3,test,severe_4x,18365,pchip,2.2953484733940277,1.005151058968598,1.1939899195454586,0.3741469169267638,0.6786205376533768,-0.044265698184243495,0.3303968255115967,False
v3,test,severe_4x,18365,autoregression,2.3237686544058707,1.0175964786385328,1.2028008763782052,0.3741469169267638,0.684639023997606,-0.5724012111612301,0.3056750088851554,False
v3,test,severe_4x,18365,pca_r32_l01,1.785485835240303,0.7818782197421664,1.0099010594153999,0.141542333687024,0.46693636820417606,0.6957756681896214,0.7912838853873508,False
v3,test,severe_4x,18365,pca_r64_l01,1.6587228021296188,0.7263676955467394,0.9078630102484597,0.11622662561275508,0.42967944169350303,0.7111665939726799,0.810137134708506,False
v3,test,severe_4x,18365,pca_r96_l01,1.6666393797322623,0.7298344268308734,0.8764930567397423,0.11820220031020398,0.4320925265819047,0.7052148713815153,0.8065283339420319,False
v3,test,severe_4x,18365,pca_r64_l001,2.4327878618960512,1.0653368427387342,1.350324975615298,0.23919649835218157,0.6508014891917858,0.6906801255570161,0.7509441604107643,False
v3,test,severe_4x,18365,pca_r64_l1,1.9606024819048933,0.8585631697086837,0.9069702204233209,0.13126619032250547,0.5063610546634677,0.5634525711108,0.7219300671306224,True
v3,test,severe_4x,18365,template_1,1.665859311385165,0.7294928287971799,0.8969771513088844,0.11822619794142222,0.43191063554310055,0.7953421172775572,0.8508489235131358,False
v3,test,severe_4x,18365,dictionary_8,0.8988891610982008,0.39363059798813815,0.5064483683515568,0.09232418081080834,0.2418493900363961,0.9239406763524183,0.9440839479839391,False
v3,test,severe_4x,18365,dictionary_24,1.247403794992428,0.5462478835050724,0.6562387867967997,0.09036574918691875,0.3238928986904089,0.8568125788872276,0.9011653406787944,False
v3,test,severe_4x,18365,dictionary_48,1.1874646514001173,0.5200000634664897,0.6192797268065297,0.08980573669880389,0.30933884672445217,0.8755288181454074,0.9124773976749044,False
v3,test,severe_4x,18365,local_pca_8,1.3084615526710897,0.5729855534058899,0.7604342643106781,0.3741469169267638,0.4880996546880488,0.8304122853337147,0.739703249592014,False
v3,test,severe_4x,18365,local_pca_16,1.2962279088562025,0.5676283450437992,0.7606822324675214,0.3741469169267638,0.4860552645652012,0.8256166062508208,0.737737145970767,False
v3,test,severe_4x,18365,local_pca_32,1.323580069591176,0.579606070276598,0.7867023709231503,0.3741469169267638,0.4906407119972072,0.8171456963298178,0.7317784263013815,False
v3,test,severe_4x,18365,local_dictionary_8,1.3547701201053404,0.5932644374774787,0.6506135504348163,0.3741469169267638,0.49593288419510956,0.8597476753862228,0.7565139117300536,False
v3,test,severe_4x,18365,local_dictionary_24,2.239815667182392,0.980832808551228,0.9434643144440813,0.3741469169267638,0.6669221728696472,0.7383383672841486,0.6558791633211561,False
v3,test,severe_4x,18467,zero_fill,2.089030927825346,1.0,1.026348457069915,0.4394489004594464,0.6736458759585815,,0.5675165873722318,False
v3,test,severe_4x,18467,linear,2.9685842980274915,1.421034154395095,1.4403438102471218,0.4394489004594464,0.8554685403413669,-0.2326458205982958,0.21156101158733764,False
v3,test,severe_4x,18467,pchip,2.723738253986355,1.3038285923424462,1.1858241214676055,0.4394489004594464,0.8029430287212898,-0.30673194349065314,0.26254060810805674,False
v3,test,severe_4x,18467,autoregression,4.796463967036234,2.296023435148129,2.8691857269800787,0.4394489004594464,1.2723697533736564,-0.00446667335389707,0.1214338803220682,False
v3,test,severe_4x,18467,pca_r32_l01,1.7978798871826098,0.8606286595546861,1.0235343408687898,0.23770992900361312,0.5049729104082772,0.6641128671608652,0.8196535352163528,False
v3,test,severe_4x,18467,pca_r64_l01,1.7346824679723454,0.8303766329482385,0.9323909660560235,0.32611334238237305,0.5364450080091895,0.677693563042107,0.8019692940207449,False
v3,test,severe_4x,18467,pca_r96_l01,1.6952303620077984,0.8114912706306896,0.8821372415855541,0.34483452530675124,0.5395292350701488,0.686505957460132,0.8007111980838647,False
v3,test,severe_4x,18467,pca_r64_l001,4.091125141465072,1.9583841899956356,2.072231127603006,0.7499565304201344,1.254338144349558,0.20304831444268243,0.4315816336579549,False
v3,test,severe_4x,18467,pca_r64_l1,1.458094052200403,0.6979762878466619,0.7635746562031686,0.22289625167266874,0.4236212452037843,0.7583854287481684,0.8635527474026241,True
v3,test,severe_4x,18467,template_1,1.4127064693282376,0.6762496670161062,0.6981089756162808,0.20831235412995983,0.4067132068277152,0.8417979306681691,0.894140272255599,False
v3,test,severe_4x,18467,dictionary_8,1.0267557118708985,0.4914985691187147,0.5184767496232314,0.212383967156262,0.32890267694591263,0.8895393114819029,0.9209594240734595,False
v3,test,severe_4x,18467,dictionary_24,1.1371021297301747,0.5443203901791359,0.5460920429876746,0.2345945292922889,0.36387842673111287,0.8582131397342595,0.9026256317518335,False
v3,test,severe_4x,18467,dictionary_48,1.1470909103948301,0.5491019281313068,0.5268986311827538,0.2589176067156875,0.3809029127219569,0.8463645538013218,0.8910268514129333,False
v3,test,severe_4x,18467,local_pca_8,0.8199167473230597,0.39248664842726017,0.4687125355731831,0.4394489004594464,0.4722944999061809,0.9260424469714169,0.8232639770625869,False
v3,test,severe_4x,18467,local_pca_16,0.8396079513049591,0.40191264768826573,0.5282803312446158,0.4394489004594464,0.47445175950905144,0.9205038295876004,0.8200165015321456,False
v3,test,severe_4x,18467,local_pca_32,0.8586768325357067,0.411040746739723,0.5651289123541725,0.4394489004594464,0.47658000013499835,0.9161120617420335,0.8178217193523837,False
v3,test,severe_4x,18467,local_dictionary_8,1.6198774105473754,0.775420501904032,0.7627182151442786,0.4394489004594464,0.5874059960393087,0.7162994516289599,0.6869040006334062,False
v3,test,severe_4x,18467,local_dictionary_24,1.4120774316799725,0.6759485524467207,0.67659091505423,0.4394489004594464,0.5528727653575206,0.7670180569037444,0.7230724621833675,False
v3,test,severe_4x,18570,zero_fill,3.049237396075118,1.0,1.3654265388077858,0.38564738910040974,0.8488487545060075,,0.3453554953575369,False
v3,test,severe_4x,18570,linear,3.05338545584775,1.0013603597338703,1.3572063154281868,0.38564738910040974,0.849780169101913,0.004922405010061033,0.3412648633028615,False
v3,test,severe_4x,18570,pchip,3.0559112553096623,1.0021886978177346,1.3555049115146023,0.38564738910040974,0.8503474374898078,-0.011809717436480105,0.33917191893307447,False
v3,test,severe_4x,18570,autoregression,3.0156898081308805,0.9889980399730705,1.3553526267777558,0.38564738910040974,0.8413249836442481,0.3523518899236552,0.3722251172047088,False
v3,test,severe_4x,18570,pca_r32_l01,3.2692776285963236,1.072162381585781,1.4641877701498793,0.19537507931623826,0.838925933005553,0.3968606585140831,0.5428212153008477,False
v3,test,severe_4x,18570,pca_r64_l01,3.5918662444009963,1.177955592773568,1.607443173759051,0.27611185717745196,0.9369188026043479,0.31199000150450135,0.45865190544393086,False
v3,test,severe_4x,18570,pca_r96_l01,3.5201445617479283,1.1544344058875007,1.5833373647942635,0.288389070001605,0.9232734417227573,0.3183612380714817,0.46481838031847694,False
v3,test,severe_4x,18570,pca_r64_l001,7.0119662957683415,2.2995803163092265,3.193641540741958,0.5721197145848284,1.8384348956762206,-0.1430992614163689,0.008515012061117056,False
v3,test,severe_4x,18570,pca_r64_l1,2.5195672872269963,0.8262942368705382,1.101752956023797,0.21440991738836862,0.6632209994122298,0.5682628563536893,0.6803976765297343,True
v3,test,severe_4x,18570,template_1,2.33637869896598,0.7662173833933996,1.146323367760886,0.1736865021709058,0.6078224679402401,0.7059011637776973,0.7746811944813589,False
v3,test,severe_4x,18570,dictionary_8,1.888769059080469,0.6194234209221077,0.8421185098700277,0.15108525817112334,0.49433350882079385,0.7965305968083475,0.8438867116763188,False
v3,test,severe_4x,18570,dictionary_24,1.6832900286438472,0.5520363979565924,0.7629745664196476,0.15071977559654984,0.44540796481076755,0.8346864802627068,0.870710493737481,False
v3,test,severe_4x,18570,dictionary_48,1.6143361271786616,0.5294229072674316,0.7579666871055972,0.15031719961858347,0.4290257887813823,0.8496938968779884,0.8810555852517312,False
v3,test,severe_4x,18570,local_pca_8,2.0221816106018005,0.6631761807738187,0.9562572472740611,0.38564738910040974,0.6284940879323933,0.7556605973306657,0.7255170441433548,False
v3,test,severe_4x,18570,local_pca_16,2.1925767317274105,0.719057405812229,1.046336135321567,0.38564738910040974,0.6632425722968887,0.6983230001379663,0.682941098547278,False
v3,test,severe_4x,18570,local_pca_32,2.1921789731031467,0.7189269605327714,1.0417261262831963,0.38564738910040974,0.6631603916528701,0.6984472204873468,0.683020045344091,False
v3,test,severe_4x,18570,local_dictionary_8,1.7504380135288446,0.57405763676582,0.7570919899669382,0.38564738910040974,0.5752658010653776,0.8296464133218884,0.7811219008807356,False
v3,test,severe_4x,18570,local_dictionary_24,2.281760952923043,0.748305447079999,0.9408050188574979,0.38564738910040974,0.6817849586326559,0.6809636401147314,0.6627076947327677,False
v3,test,severe_4x,18673,zero_fill,3.9856548219131285,1.0,1.7354194391485676,0.38093132423340786,1.0624874842254801,,0.25343101835225756,False
v3,test,severe_4x,18673,linear,4.00614655829375,1.0051413725714424,1.7273572894398286,0.38093132423340786,1.067293315859742,-0.022248752423536106,0.23438024402241348,False
v3,test,severe_4x,18673,pchip,4.012562338807195,1.0067510906228327,1.7265392257269214,0.38093132423340786,1.0687985845549646,-0.03415952981170336,0.22880113053652393,False
v3,test,severe_4x,18673,autoregression,3.9631843740663437,0.9943621691162912,1.7326931603242128,0.38093132423340786,1.0572210178569836,0.2420371460923708,0.2738301892616897,False
v3,test,severe_4x,18673,pca_r32_l01,3.603304102456551,0.9040682807366023,1.6845625047837962,0.13812453955492882,0.9106994661107035,0.44365614315445473,0.5649099422098439,False
v3,test,severe_4x,18673,pca_r64_l01,3.5401761748298712,0.8882294962840194,1.656533799773498,0.14121016370161946,0.8955428522627572,0.4685958310824197,0.5825110939906604,False
v3,test,severe_4x,18673,pca_r96_l01,3.5379757966102843,0.8876774218275237,1.6423698630630186,0.14024632534280226,0.8948571189714647,0.469651597893404,0.5833795829702344,False
v3,test,severe_4x,18673,pca_r64_l001,4.784906302155571,1.2005320370063555,2.412546897570094,0.3616088399322114,1.2464134200067032,0.3748249668562673,0.4596636342238867,False
v3,test,severe_4x,18673,pca_r64_l1,3.552252202331228,0.8912593691759123,1.5323708571553918,0.13202398951168867,0.8972162056907534,0.4564804351036138,0.5786216673274885,True
v3,test,severe_4x,18673,template_1,4.288364787184225,1.0759498699201941,1.7778214241474999,0.18922717679884404,1.087634371427001,0.2937227568197351,0.4246491659094814,False
v3,test,severe_4x,18673,dictionary_8,3.807274513539369,0.9552444162015675,1.545707999360626,0.14477164523170796,0.9620850293890632,0.37117582394168613,0.5103315831849382,False
v3,test,severe_4x,18673,dictionary_24,3.2390705984541763,0.8126821672177349,1.409491448240309,0.14919026072637467,0.8225510755495806,0.5834513592902832,0.6624221372408531,False
v3,test,severe_4x,18673,dictionary_48,3.4818536487751937,0.8735963861275602,1.492024835405085,0.14683004537107822,0.88199669659402,0.4867416256167891,0.5957375422735617,False
v3,test,severe_4x,18673,local_pca_8,3.152408098717321,0.7909385633159657,1.3684657724903178,0.38093132423340786,0.8701403237262877,0.6258890501983189,0.6214135305044592,False
v3,test,severe_4x,18673,local_pca_16,3.219453795275631,0.8077603152122144,1.4314040050677486,0.38093132423340786,0.8853499607022611,0.6030888865985535,0.6025791813953053,False
v3,test,severe_4x,18673,local_pca_32,3.2412536468774453,0.8132298936317902,1.4454206141734978,0.38093132423340786,0.890307366521866,0.5951177677934387,0.5960442478820516,False
v3,test,severe_4x,18673,local_dictionary_8,4.19654461203247,1.0529122062853686,1.642859265925271,0.38093132423340786,1.112081853650846,0.22279265522109631,0.2817021517625579,False
v3,test,severe_4x,18673,local_dictionary_24,3.5187230341213125,0.8828469075584204,1.4157777643435594,0.38093132423340786,0.9538750539768417,0.487227129468716,0.5047885018332435,False
v3,test,severe_4x,18776,zero_fill,3.331396542766365,1.0,1.558736032211627,0.37679901911796443,0.9092533144454159,,0.2743224550909495,False
v3,test,severe_4x,18776,linear,3.347398149341497,1.004803272852605,1.550882205582592,0.37679901911796443,0.9129189751265847,-0.03558213517143159,0.2590469925736248,False
v3,test,severe_4x,18776,pchip,3.339120631015882,1.0023185736523288,1.558679967517322,0.37679901911796443,0.9110224030107535,-0.02301092458380663,0.26679564450637927,False
v3,test,severe_4x,18776,autoregression,3.375105395557853,1.013120279207348,1.5745547591210496,0.37679901911796443,0.9192727745087294,-0.30878679059367503,0.23292642007827186,False
v3,test,severe_4x,18776,pca_r32_l01,2.9340661903715777,0.8807315949049862,1.4601019411345006,0.1485319976610174,0.7474820534810172,0.5143751832611438,0.6327385735756144,False
v3,test,severe_4x,18776,pca_r64_l01,2.914145143106954,0.8747518062461189,1.4642580955363176,0.13426523249028852,0.7400443063141946,0.4957842397202048,0.6265342444724874,False
v3,test,severe_4x,18776,pca_r96_l01,2.9296030390450682,0.879391871077692,1.4569744641297686,0.12349241422609807,0.7420970965763575,0.48630091068905157,0.6224621514211117,False
v3,test,severe_4x,18776,pca_r64_l001,4.000445951994379,1.200831513342582,2.067158577300267,0.35671987621716017,1.05807324492902,0.465344037071437,0.545040247340394,False
v3,test,severe_4x,18776,pca_r64_l1,3.251696672850027,0.9760761383722408,1.486807957106542,0.1397029780452061,0.8241012181213098,0.3018078258731895,0.5043931406579548,True
v3,test,severe_4x,18776,template_1,2.4772851184312943,0.7436176049982259,1.2908362638696502,0.13556442965211002,0.6330781585241213,0.686253442224492,0.7543691411542447,False
v3,test,severe_4x,18776,dictionary_8,2.8346094406984776,0.8508772235035823,1.29575487174092,0.10350017031227146,0.7157031053497749,0.5646722175839707,0.6715611888087615,False
v3,test,severe_4x,18776,dictionary_24,3.4898794285507453,1.047572507130231,1.5182803612935594,0.10140455001917438,0.8779771376326716,0.3417235951625274,0.506211215051618,False
v3,test,severe_4x,18776,dictionary_48,3.313167389199102,0.9945280745377355,1.4566696959218557,0.09996339029920005,0.8339277674000776,0.38603612883828653,0.544437659142802,False
v3,test,severe_4x,18776,local_pca_8,2.676499944674111,0.8034167984251935,1.3506650044132864,0.37679901911796443,0.7621234507104321,0.5983257366075168,0.5925992146715878,False
v3,test,severe_4x,18776,local_pca_16,2.6563773319947246,0.7973765049863714,1.3658361150541545,0.37679901911796443,0.7577104922915526,0.6039393725178314,0.5985900576781689,False
v3,test,severe_4x,18776,local_pca_32,2.6432158351943076,0.7934257604168018,1.3829172773884966,0.37679901911796443,0.7548283109234941,0.6106325353053397,0.6040105109129313,False
v3,test,severe_4x,18776,local_dictionary_8,3.34452722651553,1.003941495280013,1.4692781487484756,0.37679901911796443,0.9122610947882316,0.3618300944695398,0.39571405676794136,False
v3,test,severe_4x,18776,local_dictionary_24,3.1707674686210843,0.9517832620394402,1.413106685901028,0.37679901911796443,0.8726192200850573,0.4265507310605513,0.4496441721739675,False
v3,test,severe_4x,18879,zero_fill,2.7447751845362913,1.0,1.324236181353979,0.47366062195373343,0.8253448743362602,,0.5250192922015106,False
v3,test,severe_4x,18879,linear,3.477739466183353,1.2670398237992269,1.6730436883397508,0.47366062195373343,0.9829797672921997,-0.17341275763169864,0.20939452417058366,False
v3,test,severe_4x,18879,pchip,3.2420876950563855,1.1811851525479713,1.4979534542097963,0.47366062195373343,0.9312776302706403,-0.22648909566431505,0.2652384119569804,False
v3,test,severe_4x,18879,autoregression,5.825807536253856,2.1225080906719436,3.453713335827791,0.47366062195373343,1.5269526274027827,0.03277875218108578,0.14682123608601247,False
v3,test,severe_4x,18879,pca_r32_l01,2.5713564066241315,0.9368185857664486,1.457064359424048,0.15748229389940172,0.660675973116939,0.5009307286245144,0.7411634028674754,False
v3,test,severe_4x,18879,pca_r64_l01,2.374130794002873,0.8649636616428256,1.3070041650729305,0.2627091507389241,0.6457427165318153,0.5602656602519709,0.753608053797666,False
v3,test,severe_4x,18879,pca_r96_l01,2.326087816604379,0.8474602327029395,1.2454833625568762,0.2912670561112961,0.6462986925655699,0.5727942504748911,0.7538466998530634,False
v3,test,severe_4x,18879,pca_r64_l001,4.041545468017951,1.4724504545171844,2.1015168783483387,0.6900266579942727,1.211304606643123,0.25941449655871546,0.47041996037065564,False
v3,test,severe_4x,18879,pca_r64_l1,2.0467021568158916,0.7456720566211569,1.0960405989728836,0.1961076453047199,0.5457714062979603,0.6694435732890924,0.8183670783360192,True
v3,test,severe_4x,18879,template_1,1.806025822714823,0.6579867935595378,0.8530899755271311,0.2111276334037738,0.4956279121044919,0.7680130937254154,0.8589065414170308,False
v3,test,severe_4x,18879,dictionary_8,2.0653230289940767,0.7524561722321885,0.9495632002266362,0.21823000406029275,0.5578935961596754,0.66528729480404,0.8122958428878496,False
v3,test,severe_4x,18879,dictionary_24,2.2223486523143117,0.8096650920027028,1.0165787843940186,0.25241570959547943,0.6069667870445054,0.5985108599147535,0.775714318023736,False
v3,test,severe_4x,18879,dictionary_48,2.300007147896032,0.8379583001383774,1.0579834579402996,0.2520232808276891,0.6246383399396066,0.5751026482505058,0.764673721187018,False
v3,test,severe_4x,18879,local_pca_8,1.6768427977906137,0.6109217276656134,0.8941823015274892,0.47366062195373343,0.6213451909137453,0.801938560429254,0.777325272503316,False
v3,test,severe_4x,18879,local_pca_16,1.6288464725806058,0.5934352954505405,0.9088514671866639,0.47366062195373343,0.6133135720760143,0.8233882676400488,0.7912633426040387,False
v3,test,severe_4x,18879,local_pca_32,1.6273355969003558,0.5928848402843898,0.9087201478569926,0.47366062195373343,0.6130628493873508,0.8249522918894593,0.7923716491806948,False
v3,test,severe_4x,18879,local_dictionary_8,1.2667947286104526,0.46152950367207135,0.6010619770727467,0.47366062195373343,0.5573421669113594,0.8870907990696335,0.8112071597554291,False
v3,test,severe_4x,18879,local_dictionary_24,0.9818714123187056,0.3577238011515268,0.5295741956474294,0.47366062195373343,0.5201794907873564,0.9351367920036869,0.8446128236529907,False
v3,test,severe_4x,18982,zero_fill,2.736175811742591,1.0,1.3067133740431514,0.38634739039918103,0.7796482645955277,,0.3703069131312391,False
v3,test,severe_4x,18982,linear,2.736479058327886,1.000110828618539,1.313146688690194,0.38634739039918103,0.7797147806927117,0.02052103633091353,0.3693738450989488,False
v3,test,severe_4x,18982,pchip,2.7389951017663203,1.0010303760495323,1.3183186822482824,0.38634739039918103,0.7802667315782051,-0.005026170312741773,0.3672462546813013,False
v3,test,severe_4x,18982,autoregression,2.723609684861913,0.995407412481775,1.293825689613957,0.38634739039918103,0.7768934252238795,0.10341914447034667,0.3793574088226189,False
v3,test,severe_4x,18982,pca_r32_l01,2.5580699344485933,0.9349070054162318,1.2132892773775072,0.15579138653288555,0.6570666885530633,0.6620008066931794,0.735543346735978,False
v3,test,severe_4x,18982,pca_r64_l01,2.5418059783753817,0.9289629589834649,1.2300855292518094,0.2324741413208041,0.6741402407626096,0.6955645664357142,0.7417503815778886,False
v3,test,severe_4x,18982,pca_r96_l01,2.4488602078691026,0.8949937344521347,1.2008526699909536,0.242702181869615,0.655766800868875,0.7052794213791035,0.749199095463393,False
v3,test,severe_4x,18982,pca_r64_l001,4.686218955818503,1.7126892708089492,2.3376958330969844,0.516825676725793,1.2739525060740777,0.6339243595416311,0.6196228849643315,False
v3,test,severe_4x,18982,pca_r64_l1,1.7459348044802037,0.6380930629484179,0.8203758159413418,0.1723726079762891,0.46730430939080925,0.7804846505220168,0.836195279314643,True
v3,test,severe_4x,18982,template_1,2.313338483898686,0.8454641233106244,1.3280445569800006,0.1520635475189485,0.5967822455860358,0.7175912714076614,0.7842711851212006,False
v3,test,severe_4x,18982,dictionary_8,2.1932042379411247,0.8015582290175778,1.008848165164182,0.1452190815128155,0.5660429286864147,0.6930167381169098,0.7779131816097199,False
v3,test,severe_4x,18982,dictionary_24,2.1352525186063307,0.7803784060376041,1.012707645136118,0.12989372906936703,0.5484289511292615,0.7281380828184592,0.8012611901331131,False
v3,test,severe_4x,18982,dictionary_48,2.5086614798581444,0.916849520082721,1.1569163656828074,0.12743731170826605,0.6391882765838394,0.6547582335577944,0.7458029699956461,False
v3,test,severe_4x,18982,local_pca_8,1.7486187624022713,0.6390739786887549,0.7476034359107413,0.38634739039918103,0.5753603309692712,0.7777763254218399,0.728927611737405,False
v3,test,severe_4x,18982,local_pca_16,1.7034263177681244,0.6225573336543976,0.7846584746644416,0.38634739039918103,0.5668237055673114,0.7857732295445997,0.7363284655512508,False
v3,test,severe_4x,18982,local_pca_32,1.7067577498901587,0.6237748841157886,0.7815372089672064,0.38634739039918103,0.5674497008454789,0.7848330637298511,0.7356470267937482,False
v3,test,severe_4x,18982,local_dictionary_8,1.9885826646703744,0.7267744478027176,0.8440019472701097,0.38634739039918103,0.6221648498012496,0.7324394008020597,0.6904657371744006,False
v3,test,severe_4x,18982,local_dictionary_24,1.9744771195319268,0.7216192435655074,0.8244008865941468,0.38634739039918103,0.6193506925895736,0.7449143679222525,0.6985364578979,False
v3,test,severe_4x,19084,zero_fill,3.1274645682818116,1.0,1.508960675202851,0.37480396727089804,0.861981903598047,,0.29188725396527265,False
v3,test,severe_4x,19084,linear,3.1511769938290044,1.0075819965436794,1.504701457563594,0.37480396727089804,0.8673626207744396,-0.028375291764821457,0.2702844192890137,False
v3,test,severe_4x,19084,pchip,3.1633753481090983,1.011482393818778,1.5149634106586873,0.37480396727089804,0.8701333878081001,-0.03602290601185959,0.2603005875124151,False
v3,test,severe_4x,19084,autoregression,3.1162305281417795,0.9964079400758155,1.514116114405122,0.37480396727089804,0.8594352401705749,0.1359788411152623,0.3019690889542499,False
v3,test,severe_4x,19084,pca_r32_l01,2.7478955387491797,0.8786336275773822,1.2770764246277522,0.13900102720296686,0.7000334445282705,0.5070265320040229,0.6398887163361192,False
v3,test,severe_4x,19084,pca_r64_l01,2.758804342002691,0.8821216937138131,1.2863530168097062,0.13212991265625704,0.7014661478258927,0.4990888327948628,0.6368576617723506,False
v3,test,severe_4x,19084,pca_r96_l01,2.7695950704182657,0.8855720056773801,1.2759912058053242,0.12834897857641092,0.7034628081235565,0.49267217401772595,0.6336218442640652,False
v3,test,severe_4x,19084,pca_r64_l001,2.695160305942638,0.8617716514765582,1.6460008035698532,0.2930479039115971,0.7310970004269919,0.7992191288622942,0.8084239703235294,False
v3,test,severe_4x,19084,pca_r64_l1,3.069664446113559,0.9815185365313324,1.4002601866349933,0.14411575567956172,0.7799992018128941,0.3044116593859058,0.5183527059442061,True
v3,test,severe_4x,19084,template_1,3.0361872222651516,0.9708142669488957,1.3244856763991626,0.1368527513411801,0.7705259154422931,0.4431093044199325,0.5860423421692352,False
v3,test,severe_4x,19084,dictionary_8,2.678581882956142,0.8564707367500953,1.175847801224899,0.12154799472092173,0.6799085245922346,0.5389613314475641,0.6650291051204857,False
v3,test,severe_4x,19084,dictionary_24,2.9403485862312833,0.940170071326075,1.3262857484616233,0.1330161326271674,0.746284512670881,0.4130522481629546,0.5824416868014884,False
v3,test,severe_4x,19084,dictionary_48,2.7549243833679418,0.8808810853711643,1.244940588727108,0.1332219833719709,0.7007063316253938,0.4854397697552221,0.633037356229646,False
v3,test,severe_4x,19084,local_pca_8,2.7679731561852665,0.885053402125657,1.2722237351460963,0.37480396727089804,0.7813788134442334,0.47985057906721074,0.5035199979213054,False
v3,test,severe_4x,19084,local_pca_16,2.7876394355165335,0.8913416522087175,1.3370806149240861,0.37480396727089804,0.7857362721787208,0.4637895878762575,0.4928694958099198,False
v3,test,severe_4x,19084,local_pca_32,2.8040593049166995,0.8965918697704746,1.317128178437006,0.37480396727089804,0.7893794553999358,0.4551753806030748,0.4863603870469068,False
v3,test,severe_4x,19084,local_dictionary_8,2.636415091242723,0.8429879967244953,1.2277064457524873,0.37480396727089804,0.7524067525930723,0.6329484630558182,0.6115390501484173,False
v3,test,severe_4x,19084,local_dictionary_24,4.233090897463133,1.3535216163260126,1.8219163305814612,0.37480396727089804,1.1187668645213604,0.3540878441587089,0.3644176102253552,False
v3,test,severe_4x,19187,zero_fill,3.1013970433629403,1.0,1.3767899029447568,0.3715151185831575,0.8547300696206029,,0.2826969434106255,False
v3,test,severe_4x,19187,linear,3.151890207312111,1.0162807803203486,1.3795489965225485,0.3715151185831575,0.8661972974223253,-0.03499390624582711,0.2395089312145715,False
v3,test,severe_4x,19187,pchip,3.1417101213681926,1.0129983608811142,1.3823203727587337,0.3715151185831575,0.863882758854797,-0.01649187235582331,0.24782475382163935,False
v3,test,severe_4x,19187,autoregression,3.1056087386549573,1.001357999389672,1.4101730411461513,0.3715151185831575,0.8556853206512273,0.01682734150439321,0.27828236647087673,False
v3,test,severe_4x,19187,pca_r32_l01,2.6805775225851023,0.8643129161168186,1.4293734810061727,0.19980854575070664,0.6975110966372537,0.5389527383386968,0.6460161891928174,False
v3,test,severe_4x,19187,pca_r64_l01,2.5809083999834064,0.8321760690094835,1.3330270381640252,0.12847034559976203,0.6571081348693085,0.5590424417090362,0.6771844965602786,False
v3,test,severe_4x,19187,pca_r96_l01,2.611337214091447,0.8419873939326046,1.3078676792888553,0.12178104838221494,0.6633975713078729,0.5431342845834838,0.668574191912852,False
v3,test,severe_4x,19187,pca_r64_l001,3.0039387245149687,0.9685759941454337,1.6898415260880035,0.3131240271011458,0.8098745159691871,0.5618287047679317,0.6311353083986267,False
v3,test,severe_4x,19187,pca_r64_l1,3.0573550866885197,0.9857993168695793,1.462737246717603,0.12629479693899376,0.774058935179845,0.3055695467519564,0.5185760406867629,True
v3,test,severe_4x,19187,template_1,2.0290815354495084,0.6542475881286431,1.0394971866523097,0.13925243248714647,0.5248833487551035,0.7807162201892976,0.8236059444443402,False
v3,test,severe_4x,19187,dictionary_8,1.5096630255334638,0.4867687059817693,0.8024252595768698,0.11265842934693543,0.39286299108329653,0.8755770317893754,0.8988206791872825,False
v3,test,severe_4x,19187,dictionary_24,1.458843266504471,0.470382619866885,0.7575113479557231,0.1121059840920575,0.3805210203839077,0.8825815144519382,0.9041769846734029,False
v3,test,severe_4x,19187,dictionary_48,1.8505738952634225,0.5966904170569494,0.914941830869004,0.11369358647199282,0.47556001303091366,0.8025136366050433,0.8456876327588116,False
v3,test,severe_4x,19187,local_pca_8,2.4684262665039687,0.7959078544253005,1.1960105008521653,0.3715151185831575,0.7142951282210223,0.6130361499212326,0.6013254195673959,False
v3,test,severe_4x,19187,local_pca_16,2.4117385140170446,0.777629719863898,1.1916006384338944,0.3715151185831575,0.7020877308975979,0.6288625632043604,0.6158030818168954,False
v3,test,severe_4x,19187,local_pca_32,2.4552669364352764,0.7916648214035037,1.243788894595275,0.3715151185831575,0.7114548465639848,0.6110018618061871,0.6019525772945109,False
v3,test,severe_4x,19187,local_dictionary_8,1.8025674504606142,0.5812114428619028,0.9162032295788135,0.3715151185831575,0.5766065417324204,0.8200581661461591,0.7675967207983092,False
v3,test,severe_4x,19187,local_dictionary_24,2.4243134728853493,0.7816843309609245,1.1644605561419246,0.3715151185831575,0.7047893331011796,0.6973648795455876,0.6621707953608087,False
v3,test,severe_4x,19290,zero_fill,4.150274703146661,1.0,1.8631213075287323,0.4926657825729217,1.1419712592528313,,0.3411857495406151,False
v3,test,severe_4x,19290,linear,4.527669742093788,1.09093254445567,2.0277623476375233,0.4926657825729217,1.2283267809617193,-0.07429046207233178,0.15910242440474429,False
v3,test,severe_4x,19290,pchip,4.471669727666709,1.0774394582306495,2.0403778677826354,0.4926657825729217,1.2154377748650818,-0.06261320770800748,0.17690572523109585,False
v3,test,severe_4x,19290,autoregression,5.398535369797824,1.300765794058103,3.168897583958576,0.4926657825729217,1.4314541937032725,0.09851609826276424,0.1542978036019555,False
v3,test,severe_4x,19290,pca_r32_l01,4.147304025786581,0.9992842215100056,1.911496428262009,0.3280807889778998,1.0843974635641849,0.24983398988748148,0.47513677045407215,False
v3,test,severe_4x,19290,pca_r64_l01,4.309403943090459,1.0383418571843326,1.93637672674071,0.44778825793998966,1.161321370356779,0.1704081684932017,0.3937582226277672,False
v3,test,severe_4x,19290,pca_r96_l01,4.268375778561755,1.0284562068447065,1.9222910577998933,0.4629345301560172,1.1574124555223995,0.1843908487758995,0.3980156535783668,False
v3,test,severe_4x,19290,pca_r64_l001,6.4257880118843,1.5482801673374502,2.91876006142012,0.8495161978688852,1.8047838882103737,-0.14878275720522882,0.03694255390797981,False
v3,test,severe_4x,19290,pca_r64_l1,3.7161761666238298,0.8954048665275804,1.6697155306410485,0.35594588414210065,0.9909095376202519,0.4462932074600804,0.5733311493079479,True
v3,test,severe_4x,19290,template_1,5.225531858053035,1.2590809601328639,2.191141518239427,0.546731854078647,1.4095637402112073,-0.10160560358122099,0.17807683914540412,False
v3,test,severe_4x,19290,dictionary_8,4.225244479519741,1.0180638106475794,1.7770403804862789,0.433695035283459,1.1367184586055947,0.20766102577446696,0.4194315019870752,False
v3,test,severe_4x,19290,dictionary_24,4.213455368713425,1.015223249082491,1.7858685123071427,0.4518822472945614,1.1406185171169119,0.21430648937373814,0.41824238328416224,False
v3,test,severe_4x,19290,dictionary_48,4.061377372555704,0.9785803743247267,1.726286969646679,0.43928072242683774,1.1008320562972225,0.2879260492894594,0.4624369192623949,False
v3,test,severe_4x,19290,local_pca_8,3.4526332251415703,0.8319047465758947,1.5397485678946659,0.4926657825729217,0.9862007207943371,0.600705560499889,0.6161086058957143,False
v3,test,severe_4x,19290,local_pca_16,3.4594476712088484,0.8335466730879185,1.5874774445533186,0.4926657825729217,0.9876921265507398,0.5961646252854451,0.6131247524976972,False
v3,test,severe_4x,19290,local_pca_32,3.4701442589272133,0.8361239935024576,1.5847660987722823,0.4926657825729217,0.9900345567686747,0.5918049519187953,0.6100268570555046,False
v3,test,severe_4x,19290,local_dictionary_8,2.401979517608789,0.5787519355737231,1.1686263536200086,0.4926657825729217,0.766905274577025,0.8684065184476703,0.8190767157446907,False
v3,test,severe_4x,19290,local_dictionary_24,2.4565829250202778,0.5919085122625117,1.1393034486894482,0.4926657825729217,0.7776403919580223,0.8639807676061055,0.8151578413085108,False
v3,test,severe_4x,19393,zero_fill,3.0815113672383645,1.0,1.2786357213890573,0.3839521887342183,0.8553873959691526,,0.3320431715077899,False
v3,test,severe_4x,19393,linear,3.0813848161659476,0.999958932141623,1.2715762617055115,0.3839521887342183,0.8553589025156708,0.008692535268361876,0.33207234340426645,False
v3,test,severe_4x,19393,pchip,3.082318177276319,1.0002618228336044,1.2715178138356147,0.3839521887342183,0.8555690575018975,-0.008283072811380687,0.33128502586740766,False
v3,test,severe_4x,19393,autoregression,3.092782059375142,1.0036575208699874,1.2714151612600229,0.3839521887342183,0.8579259188334567,-0.09836448467531411,0.32242569815757854,False
v3,test,severe_4x,19393,pca_r32_l01,3.182383130169399,1.0327345094369829,1.2899077261095693,0.14785010915039679,0.8083724856472241,0.4470548153087624,0.5850063159468333,False
v3,test,severe_4x,19393,pca_r64_l01,3.2771124046885083,1.0634756825918965,1.3535944370358897,0.17802749987025093,0.8372153461630288,0.4297128330334833,0.5657249430811951,False
v3,test,severe_4x,19393,pca_r96_l01,3.2462309007880394,1.053454137895099,1.3782912878931006,0.18529649887545113,0.8311526991422674,0.43419403709623716,0.5699181919622313,False
v3,test,severe_4x,19393,pca_r64_l001,4.784957115514942,1.5527955425986948,2.206402779643549,0.3232859737328826,1.2365153130244522,0.22863082667945117,0.36128232165258833,False
v3,test,severe_4x,19393,pca_r64_l1,2.4711883703697235,0.8019403714172862,0.9708090063754318,0.1461932922860668,0.6338059217187546,0.5986711238096537,0.715769462068019,True
v3,test,severe_4x,19393,template_1,3.4347486540819934,1.114631180854672,1.7209009586154147,0.16161960692104077,0.8728298723418894,0.426093470576811,0.5652668017713917,False
v3,test,severe_4x,19393,dictionary_8,2.438153300765998,0.7912199600130176,1.1318959698179698,0.16188428766083265,0.6293691959468207,0.6737320737537035,0.7529390628484275,False
v3,test,severe_4x,19393,dictionary_24,2.249583442675758,0.730026008209025,1.006095956111238,0.1326184671480349,0.5768687314389283,0.7181883383755492,0.7898654056147892,False
v3,test,severe_4x,19393,dictionary_48,2.4442881934976612,0.7932108313746772,1.0697455126577025,0.12946255192294834,0.6237964941653694,0.6782918529021394,0.7602120387922171,False
v3,test,severe_4x,19393,local_pca_8,2.24253818205749,0.7277397078263067,0.9299912269773696,0.3839521887342183,0.6726935941837052,0.6859243277358715,0.6695518978927268,False
v3,test,severe_4x,19393,local_pca_16,2.2991916606441607,0.746124672811019,0.9535369987598254,0.3839521887342183,0.6845423444208275,0.665820034253974,0.6548429968680214,False
v3,test,severe_4x,19393,local_pca_32,2.3026251846565087,0.7472389065759346,0.9579131044649979,0.3839521887342183,0.6852632700977674,0.6646003881113132,0.6538729854073654,False
v3,test,severe_4x,19393,local_dictionary_8,2.6174650692720287,0.8494095128449219,1.122433210447557,0.3839521887342183,0.7525960336298525,0.5858277761666312,0.5853762539381961,False
v3,test,severe_4x,19393,local_dictionary_24,3.018690371484064,0.9796135764994434,1.2141763925076194,0.3839521887342183,0.8412706463810244,0.4924402895290395,0.5052760996814103,False
v3,test,severe_4x,19496,zero_fill,3.9999289711858474,1.0,1.6586836554551796,0.3983247262254837,1.0717792038058425,,0.22711313499012303,False
v3,test,severe_4x,19496,linear,4.019499080920917,1.0048926143129155,1.6635194951088266,0.3983247262254837,1.0763454276614455,-0.025059854418352377,0.2080479024822264,False
v3,test,severe_4x,19496,pchip,4.0238999369509605,1.0059928478574975,1.6669705210912151,0.3983247262254837,1.077372658236028,-0.03348309639296965,0.2040044153238184,False
v3,test,severe_4x,19496,autoregression,3.999433999843098,0.9998762549669469,1.6538429638474577,0.3983247262254837,1.0716637512514144,0.018417794646306246,0.22750963532761526,False
v3,test,severe_4x,19496,pca_r32_l01,3.2496124689434756,0.8124175434995468,1.4937669123304493,0.1262185091184537,0.8215438165039567,0.5845597680165975,0.6661214704670917,False
v3,test,severe_4x,19496,pca_r64_l01,3.311087675639742,0.827786618085399,1.5166098796203218,0.13684651636313538,0.8383095390197569,0.5625072992931665,0.6486833562693344,False
v3,test,severe_4x,19496,pca_r96_l01,3.3031867781155486,0.8258113586292665,1.4932322540259686,0.1414856021018306,0.8370825648177254,0.5659818751597055,0.6504127323435385,False
v3,test,severe_4x,19496,pca_r64_l001,4.357104600356609,1.0892954929309335,2.080302502752212,0.2534919730310192,1.116586125325654,0.3465535609161608,0.46493726711639954,False
v3,test,severe_4x,19496,pca_r64_l1,3.4122664950449195,0.8530817721078918,1.459682425521363,0.17553306977329575,0.8698326172304176,0.528075239632783,0.6160081416143668,True
v3,test,severe_4x,19496,template_1,6.655844125896925,1.6639905792936334,2.5021331715787145,0.14982358107928778,1.6702725752468506,-0.35308810124628454,-0.14144854820747726,False
v3,test,severe_4x,19496,dictionary_8,5.03261333365019,1.258175675094097,1.8192056563138248,0.14034376413263971,1.2654703312404603,-0.020681536731223422,0.18281939756590934,False
v3,test,severe_4x,19496,dictionary_24,3.971989102254235,0.9930149087314095,1.4408319431386427,0.1290033973690562,1.0008223361446884,0.3119185045344533,0.4652793580883491,False
v3,test,severe_4x,19496,dictionary_48,3.5543016217971966,0.8885911843438217,1.3448949175484763,0.13209743817075761,0.8977334660228828,0.46354416817937233,0.5799163197481271,False
v3,test,severe_4x,19496,local_pca_8,2.8564765371532443,0.714131815272308,1.1715515937761012,0.3983247262254837,0.8116109374319266,0.7274028536297632,0.6968073744553336,False
v3,test,severe_4x,19496,local_pca_16,3.015357840455232,0.7538528464322399,1.2792311637709686,0.3983247262254837,0.8467703982940836,0.6820499043031477,0.6579880878150424,False
v3,test,severe_4x,19496,local_pca_32,3.0476595062582392,0.7619284062823517,1.3734934612807947,0.3983247262254837,0.8539674788496526,0.6710329092753486,0.6487556913229695,False
v3,test,severe_4x,19496,local_dictionary_8,3.6528179979664985,0.9132207157377492,1.4004008456750672,0.3983247262254837,0.9913065286248206,0.45443630306628996,0.4649212324429742,False
v3,test,severe_4x,19496,local_dictionary_24,2.540620481964989,0.6351663992702796,1.061847125187369,0.3983247262254837,0.7430802129573189,0.8015131948353321,0.7610681110914688,False
v3,test,severe_4x,19599,zero_fill,3.523166644003483,1.0,1.3343941174712453,0.4471330134949704,0.981440974338726,,0.3950786059128459,False
v3,test,severe_4x,19599,linear,3.9023999043918653,1.1076398872684172,1.554721184171807,0.4471330134949704,1.067346124452901,-0.16445103113028992,0.17693989936484283,False
v3,test,severe_4x,19599,pchip,3.8284534378735917,1.0866512500592937,1.4732255985227587,0.4471330134949704,1.0504753299793184,-0.19925647504188618,0.2016401838074637,False
v3,test,severe_4x,19599,autoregression,5.550287288765516,1.5753689364118622,3.0795604299564703,0.4471330134949704,1.453543256240343,0.020182706957862562,0.08453993460780942,False
v3,test,severe_4x,19599,pca_r32_l01,3.584710187719686,1.0174682465903087,1.4581921347799374,0.15271333622464603,0.9082939906720123,0.29646896537981593,0.5603495669723296,False
v3,test,severe_4x,19599,pca_r64_l01,3.1283459043366175,0.8879358317214827,1.2877660982925556,0.16041736849612603,0.7973610411424369,0.47822093742407146,0.6703088654871516,False
v3,test,severe_4x,19599,pca_r96_l01,3.0800014290176247,0.8742139501859396,1.2456273130409867,0.1632442816319995,0.7860557882171049,0.4961961370103384,0.6809336421730573,False
v3,test,severe_4x,19599,pca_r64_l001,4.34743293125823,1.233956088525551,2.07755975362704,0.5690488280345869,1.2185396388223686,0.29743529558119713,0.5093130396178165,False
v3,test,severe_4x,19599,pca_r64_l1,3.1531839214710997,0.8949857443836491,1.1998831910603325,0.12990892239811896,0.7982681944529777,0.4602410905394531,0.6613043644851163,True
v3,test,severe_4x,19599,template_1,2.2469044663218214,0.6377514018946872,0.8373779110151618,0.14974285811729135,0.5801359503455837,0.7768345620017252,0.837044825416103,False
v3,test,severe_4x,19599,dictionary_8,2.6556278052581175,0.7537616223115822,0.981308075928602,0.10832093023351723,0.6721402568921099,0.6635542707552293,0.7744311052165327,False
v3,test,severe_4x,19599,dictionary_24,2.623565626834107,0.7446612357378782,0.9428805359782393,0.12375254759840203,0.6667466251255918,0.683029626384568,0.778893659185123,False
v3,test,severe_4x,19599,dictionary_48,2.397351152183928,0.6804535221926784,0.8945229332689968,0.11841801723832854,0.6102066734403119,0.7506721023770164,0.8204309475917858,False
v3,test,severe_4x,19599,local_pca_8,2.753485298695076,0.7815370593899033,1.0655483298546364,0.4471330134949704,0.8131958661081564,0.6586218939654068,0.6758114267940688,False
v3,test,severe_4x,19599,local_pca_16,2.9183199179660106,0.8283229869166319,1.147929893642585,0.4471330134949704,0.8483627658596861,0.5745055124325473,0.6206124731949754,False
v3,test,severe_4x,19599,local_pca_32,2.9119240245772713,0.826507604893864,1.1642872605465118,0.4471330134949704,0.8469880644549653,0.5785364006690105,0.6232976434167978,False
v3,test,severe_4x,19599,local_dictionary_8,2.680275796360785,0.7607575988273734,1.0190117864081212,0.4471330134949704,0.7977623910395345,0.6762698037211864,0.688148953129534,False
v3,test,severe_4x,19599,local_dictionary_24,2.699371469387285,0.7661776299970602,1.0423112835208546,0.4471330134949704,0.8017763601099464,0.6853833484109143,0.6936630429149918,False
v3,validation,raster_image,12000,zero_fill,0.634719113099549,1.0,0.43342487479230823,0.17383671299910833,0.20460813453024074,,0.9916581579320883,
v3,validation,raster_image,12000,linear,0.6465461949586999,1.0186335681643417,0.4542884982770028,0.17383671299910833,0.20576209476844387,0.12566606211995857,0.991377852675927,
v3,validation,raster_image,12000,pchip,0.6520346119161249,1.0272805694033986,0.4711924856165157,0.17383671299910833,0.20630260098282938,0.10359771142202408,0.9912980514586686,
v3,validation,raster_image,12000,autoregression,2.0073772152259566,3.1626229205912075,1.000391834715355,0.17383671299910833,0.3939526688966218,0.2865244976315643,0.9443739649138325,
v3,validation,raster_image,12000,pca_r32_l01,2.72560033452743,4.2941834872710825,1.9733688838815733,0.17383671299910833,0.5113001952728089,-0.07538119443414659,0.9058052814124858,
v3,validation,raster_image,12000,pca_r64_l01,1.5808789175301345,2.490674827499941,1.1374227009152311,0.17383671299910833,0.3276799809964944,0.3864771022866035,0.9629959795478039,
v3,validation,raster_image,12000,pca_r96_l01,1.1972697119336557,1.886298501532404,0.8759758095915275,0.17383671299910833,0.27215861927663526,0.4561035884818109,0.976705069539866,
v3,validation,raster_image,12000,pca_r64_l001,1.7184278529581565,2.707383183352538,1.2385399219643376,0.17383671299910833,0.3486487116442721,0.39301918126775376,0.957314195190755,
v3,validation,raster_image,12000,pca_r64_l1,1.0895812697213896,1.716635354496565,0.8496180333995093,0.17383671299910833,0.2576324070808082,0.3383181836847268,0.9802784404090595,
v3,validation,raster_image,12000,template_1,0.9197923080979549,1.4491328354778803,0.5740697024586189,0.17383671299910833,0.2360358272866463,-0.27681901035610645,0.985771902814386,
v3,validation,raster_image,12000,dictionary_8,0.7804748890683653,1.229638233607054,0.48907315615427105,0.17383671299910833,0.219796520875178,-0.15977146823688756,0.988885069686978,
v3,validation,raster_image,12000,dictionary_24,0.9559888413712493,1.5061604757777518,0.5691644811534816,0.17383671299910833,0.24048843210242907,-0.4707682901883203,0.9849766201696688,
v3,validation,raster_image,12000,dictionary_48,1.0919986118255123,1.7204438771237125,0.8822217642360104,0.17383671299910833,0.2579520458465349,-0.17654310782143134,0.9810112928388594,
v3,validation,raster_image,12000,local_pca_8,0.8431448417248647,1.328374747701392,0.5974780655358087,0.17383671299910833,0.22691466667722887,-0.07999359133220066,0.9874408714730588,
v3,validation,raster_image,12000,local_pca_16,0.8417103577244369,1.3261147180743926,0.6614479272007994,0.17383671299910833,0.22674818168213642,0.3504184690284141,0.9868872118443869,
v3,validation,raster_image,12000,local_pca_32,1.4097633405062748,2.2210822258399023,1.0410656488303616,0.17383671299910833,0.30229476315612547,0.09717283421201418,0.9700579348690579,
v3,validation,raster_image,12000,local_dictionary_8,0.7773064881894668,1.2246464178360965,0.529012571903435,0.17383671299910833,0.21944537069036446,-0.03705075304719967,0.9888752015389708,
v3,validation,raster_image,12000,local_dictionary_24,0.8950180676180911,1.4101010181455131,0.6868523230522073,0.17383671299910833,0.2330405428607855,-0.0006592457884264693,0.9861241877940704,
v3,validation,raster_image,12113,zero_fill,2.1026089705702504,1.0,1.5006990831653635,0.157577143289517,0.4027527049035612,,0.9497236384483377,
v3,validation,raster_image,12113,linear,2.31091483703122,1.0990701882169154,1.7922134233308933,0.157577143289517,0.4369666256819873,-0.0224816613841493,0.9376314760640287,
v3,validation,raster_image,12113,pchip,2.325058883396128,1.1057970911089317,1.6971049151389612,0.157577143289517,0.4393050637784737,-0.01641297310085955,0.9367349552259799,
v3,validation,raster_image,12113,autoregression,2.0178458178507217,0.959686677881651,1.6139535453646006,0.157577143289517,0.3889669404060695,0.4714032784504418,0.9504156046814196,
v3,validation,raster_image,12113,pca_r32_l01,2.053531502593724,0.9766587755196269,1.5441877350809508,0.157577143289517,0.3947601673346533,0.29616340824260434,0.9507511121309781,
v3,validation,raster_image,12113,pca_r64_l01,1.3384238603594876,0.6365538619368167,1.0490361890045117,0.157577143289517,0.2829048906371532,0.7924662641876326,0.975899044397122,
v3,validation,raster_image,12113,pca_r96_l01,3.4436334118414784,1.6377906971963159,2.5082489251844766,0.157577143289517,0.6282007619447987,0.508351440635312,0.8732869730279548,
v3,validation,raster_image,12113,pca_r64_l001,1.4748346086703519,0.7014307602189868,1.1411322781980746,0.157577143289517,0.3033605714346823,0.7689064069227372,0.9708970277146002,
v3,validation,raster_image,12113,pca_r64_l1,1.2250138130457668,0.5826160880087607,0.9826939056455056,0.157577143289517,0.266364768741732,0.834385074163429,0.9821521639968716,
v3,validation,raster_image,12113,template_1,2.1497442094691848,1.0224175010944383,1.5442118093577646,0.157577143289517,0.41045506014864636,-0.09143649644531113,0.9471497269929674,
v3,validation,raster_image,12113,dictionary_8,2.1553354192049863,1.025076678247233,1.5663561798368313,0.157577143289517,0.4113703474359118,-0.07994263124476042,0.9468237384795498,
v3,validation,raster_image,12113,dictionary_24,2.1441127185697257,1.01973916623604,1.5441505810686078,0.157577143289517,0.40953352230915935,-0.04576446512209867,0.9474151128443408,
v3,validation,raster_image,12113,dictionary_48,2.161726698436995,1.0281163681379668,1.5632602279041552,0.157577143289517,0.41241702034474254,-0.1082106789277506,0.9465069683008894,
v3,validation,raster_image,12113,local_pca_8,2.53898976708297,1.207542535307632,1.809327108825853,0.157577143289517,0.4748755190855898,-0.23697961972977202,0.9241640430513961,
v3,validation,raster_image,12113,local_pca_16,1.8054282039979108,0.8586609442212448,1.3038852344045833,0.157577143289517,0.3548467203639198,0.5300851303732828,0.962825667993201,
v3,validation,raster_image,12113,local_pca_32,1.3769100383152704,0.6548578730460934,0.9930031405032553,0.157577143289517,0.28861893628966,0.7569523470191457,0.9760264848031969,
v3,validation,raster_image,12113,local_dictionary_8,2.063434394080737,0.981368586818647,1.4407050326209345,0.157577143289517,0.3963705943219825,0.18848099490240164,0.951551284581667,
v3,validation,raster_image,12113,local_dictionary_24,2.3410531416788043,1.1134039540618363,1.605057824557817,0.157577143289517,0.44195153336049026,-0.32846643982409446,0.9364961261064606,
v3,validation,raster_image,12226,zero_fill,2.7335619577193895,1.0,1.8500968047792417,0.19141798287614514,0.5186589421861862,,0.9279907610604154,
v3,validation,raster_image,12226,linear,3.002468705766463,1.0983722894180976,2.0749631843689005,0.19141798287614514,0.5632130063951848,-0.04349996859972304,0.9095862050997948,
v3,validation,raster_image,12226,pchip,2.9589695646368326,1.082459300503838,2.0432651650080214,0.19141798287614514,0.5559723198389305,-0.050411290680499335,0.9126883903473164,
v3,validation,raster_image,12226,autoregression,2.8361796531986383,1.0375399193676453,2.1706503970770865,0.19141798287614514,0.5356007489970225,0.5705016672344447,0.9149222029276597,
v3,validation,raster_image,12226,pca_r32_l01,4.039856536679442,1.4778726801019333,2.558207973873423,0.19141798287614514,0.738586212938509,0.016943461865809206,0.8337495633876648,
v3,validation,raster_image,12226,pca_r64_l01,3.954239666377307,1.4465520546226538,3.012565956109213,0.19141798287614514,0.7239621344632615,0.03758211587772877,0.8402529515405504,
v3,validation,raster_image,12226,pca_r96_l01,4.356465471272783,1.5936955293698123,2.817071388003232,0.19141798287614514,0.7928322957049999,-0.48598775583588105,0.8042704810788541,
v3,validation,raster_image,12226,pca_r64_l001,4.227068461795816,1.546359119411531,3.236003914038414,0.19141798287614514,0.7706323286336112,0.05930120647589423,0.8210214946846013,
v3,validation,raster_image,12226,pca_r64_l1,3.3080167368120197,1.2101488051040548,2.3285728223705773,0.19141798287614514,0.6143808087275753,-0.07480658458814637,0.8875993363585607,
v3,validation,raster_image,12226,template_1,2.8003584625196383,1.0244357017815602,1.9601964987239617,0.19141798287614514,0.5296777820000834,-0.1183885399660008,0.9237105813870989,
v3,validation,raster_image,12226,dictionary_8,2.7706457750605855,1.0135661155352538,1.8107350084803324,0.19141798287614514,0.5247720987509903,-0.0984445472399862,0.9256328451391768,
v3,validation,raster_image,12226,dictionary_24,2.787594857669855,1.0197664807991202,1.8722537002385162,0.19141798287614514,0.527569641721799,-0.07446256866069538,0.9244736875164804,
v3,validation,raster_image,12226,dictionary_48,2.83533290623701,1.0372301598031193,1.9296943933302888,0.19141798287614514,0.5354606328436395,-0.10076689456221877,0.9213398895087767,
v3,validation,raster_image,12226,local_pca_8,2.696913928416929,0.9865933057785762,1.7887662342572304,0.19141798287614514,0.5126283652202627,0.1666001333201385,0.929554174786098,
v3,validation,raster_image,12226,local_pca_16,2.742316356225803,1.0032025608498434,1.843449190610695,0.19141798287614514,0.5201011069627203,0.08438373679280999,0.9269346375017617,
v3,validation,raster_image,12226,local_pca_32,6.248840564676729,2.285969976656441,3.8902846735616587,0.19141798287614514,1.120600767612636,-0.5868476160934184,0.6389436485888317,
v3,validation,raster_image,12226,local_dictionary_8,3.188492270970699,1.1664239992682872,2.1701141881480903,0.19141798287614514,0.5943049809246571,-0.5436345326283926,0.8978397647934628,
v3,validation,raster_image,12226,local_dictionary_24,2.975143871903781,1.0883762350811843,2.0033818481101986,0.19141798287614514,0.5586632267001896,0.10290090406665842,0.9102325458254322,
v3,validation,raster_image,12339,zero_fill,4.165755624086886,1.0,1.9042528636157248,0.11457370848428892,0.7449928920500404,,0.7751301174599408,
v3,validation,raster_image,12339,linear,4.000120446180107,0.9602388635211684,1.9593761276816035,0.11457370848428892,0.7160635612259585,0.27066723286717714,0.7925888236824232,
v3,validation,raster_image,12339,pchip,4.067816226434525,0.9764894039664583,2.067411037541444,0.11457370848428892,0.7278837052329159,0.24640337572854545,0.7838192651514821,
v3,validation,raster_image,12339,autoregression,15.461325716246474,3.7115296986811424,9.252225623877543,0.11457370848428892,2.73552745187523,0.46339860412479705,0.4845617809667835,
v3,validation,raster_image,12339,pca_r32_l01,1.9255675710049096,0.46223728532491265,1.1380641069285007,0.11457370848428892,0.35858888566229624,0.9368036078961958,0.9649504306714447,
v3,validation,raster_image,12339,pca_r64_l01,1.599580056697804,0.38398317161209483,1.0757286203063061,0.11457370848428892,0.3044255621625998,0.9576667313702875,0.9768415607671308,
v3,validation,raster_image,12339,pca_r96_l01,1.673895515207434,0.4018227822891901,1.0069924413946314,0.11457370848428892,0.3166656049162255,0.9590267259199903,0.9752522177169043,
v3,validation,raster_image,12339,pca_r64_l001,1.5339300704883123,0.3682237291162615,1.0661894921401405,0.11457370848428892,0.2936772588712079,0.9579706934743755,0.978299456243416,
v3,validation,raster_image,12339,pca_r64_l1,1.9072162586625827,0.4578320071477154,1.1119869226349186,0.11457370848428892,0.3555108574404772,0.9492161419534046,0.9670270391862509,
v3,validation,raster_image,12339,template_1,1.764151017042684,0.42348884001792053,0.9225202446320981,0.11457370848428892,0.3316233738126291,0.9472159537466334,0.9711713182681072,
v3,validation,raster_image,12339,dictionary_8,1.911288662410394,0.4588095977975999,1.0018347215424288,0.11457370848428892,0.3561936589663006,0.9448799853467074,0.9663754885595303,
v3,validation,raster_image,12339,dictionary_24,1.9984431643996703,0.4797312527994773,1.0549804963123948,0.11457370848428892,0.37084010436974785,0.9407674257034728,0.9628847954517553,
v3,validation,raster_image,12339,dictionary_48,2.010651708824609,0.4826619442577922,1.0352209502665612,0.11457370848428892,0.3728966625098051,0.9393459015615172,0.962277131185765,
v3,validation,raster_image,12339,local_pca_8,1.868812373277659,0.44861305893028564,1.0175742982466007,0.11457370848428892,0.34907918431329815,0.9454572202140131,0.9678588538599605,
v3,validation,raster_image,12339,local_pca_16,1.6626987614516642,0.3991349736978678,0.9925125555716571,0.11457370848428892,0.3148168289996197,0.9562785764252445,0.9751577466889754,
v3,validation,raster_image,12339,local_pca_32,1.723877628646475,0.4138211129521888,1.0563875336042816,0.11457370848428892,0.3249372657480845,0.9529570656666805,0.9730977991159581,
v3,validation,raster_image,12339,local_dictionary_8,1.5789658693273294,0.3790346846554234,0.9002750718981055,0.11457370848428892,0.3010437256161748,0.9519489118558033,0.9763826888630127,
v3,validation,raster_image,12339,local_dictionary_24,1.811109737599451,0.4347613976987519,0.9996234965842108,0.11457370848428892,0.3394416212960392,0.9450643231396776,0.9695898295517292,
v3,validation,raster_image,12452,zero_fill,1.0414580441163455,1.0,0.5395613418931244,0.11588149373311821,0.21657266360991753,,0.9823636153814854,
v3,validation,raster_image,12452,linear,1.0522975593123198,1.0104080190817206,0.69281252499756,0.11588149373311821,0.21820391062741099,0.26282687371461627,0.9815069529337273,
v3,validation,raster_image,12452,pchip,1.1736445821537027,1.1269244966555658,0.8321225936188976,0.11588149373311821,0.23675711073687414,0.2011170634674347,0.9771904159574565,
v3,validation,raster_image,12452,autoregression,2.526512776154689,2.4259381262913764,1.3267541416059891,0.11588149373311821,0.4609620017676774,0.43195680794943325,0.9090038242917172,
v3,validation,raster_image,12452,pca_r32_l01,0.5796025333295475,0.5565298924944476,0.37471891220281595,0.11588149373311821,0.15331984898065315,0.8453049851139767,0.9929595443279303,
v3,validation,raster_image,12452,pca_r64_l01,0.4404325588083122,0.42289995386420937,0.31865833556678047,0.11588149373311821,0.13809699683813925,0.9262982724014772,0.9940017475743324,
v3,validation,raster_image,12452,pca_r96_l01,0.3696847421828509,0.35496844474087325,0.2852489269899289,0.11588149373311821,0.1314523377130449,0.9399372896604272,0.9950466354810328,
v3,validation,raster_image,12452,pca_r64_l001,0.5575822307184909,0.5353861673722894,0.398516635311044,0.11588149373311821,0.150746277140742,0.914400602228045,0.9919084703638325,
v3,validation,raster_image,12452,pca_r64_l1,0.4345163735517533,0.41721927830557115,0.2951171054173199,0.11588149373311821,0.1375100697641071,0.9213339937083035,0.9949733619654042,
v3,validation,raster_image,12452,template_1,1.1801498640767651,1.1331708183003153,0.48299655582793755,0.11588149373311821,0.23776549896673319,-0.09276522041784444,0.9774321454560608,
v3,validation,raster_image,12452,dictionary_8,0.8178595339692615,0.7853024311346095,0.44923885781628503,0.11588149373311821,0.1841516321191586,0.6259386019783387,0.9882821525722668,
v3,validation,raster_image,12452,dictionary_24,0.6531578034035367,0.6271570968158654,0.3776001098492566,0.11588149373311821,0.16229787953321675,0.8341525094751078,0.9918487495618359,
v3,validation,raster_image,12452,dictionary_48,0.634795101049694,0.6095253713156576,0.373502351813968,0.11588149373311821,0.1600047810419535,0.8228908064450363,0.9921048537803858,
v3,validation,raster_image,12452,local_pca_8,0.5619697489986107,0.5395990286631565,0.3572655630010829,0.11588149373311821,0.15125455954635114,0.8655840929100453,0.9932935095246571,
v3,validation,raster_image,12452,local_pca_16,0.3195496357102266,0.306829101292657,0.23269370916528676,0.11588149373311821,0.12727874282049695,0.9510614241573038,0.995734882519983,
v3,validation,raster_image,12452,local_pca_32,0.40170573457920133,0.3857147552401306,0.30625497042486033,0.11588149373311821,0.13435629352097214,0.920868749938685,0.9950856361454529,
v3,validation,raster_image,12452,local_dictionary_8,0.8337975720583541,0.8006060126654582,0.49762739130839995,0.11588149373311821,0.18637181666084085,0.5916594477777966,0.9878404905777127,
v3,validation,raster_image,12452,local_dictionary_24,0.5117417343599314,0.49137047550881724,0.3005188581863262,0.11588149373311821,0.14557684192657613,0.9045616403547357,0.9940966319869563,
v3,validation,raster_image,12565,zero_fill,0.8711590442041669,1.0,0.5591127963590643,0.12490887139959517,0.19705544041292797,,0.9868018576128544,
v3,validation,raster_image,12565,linear,1.1857828107349284,1.3611553695320708,0.7374898691511003,0.12490887139959517,0.24301169500010472,0.2070479767098647,0.976349855709361,
v3,validation,raster_image,12565,pchip,1.2546106061877444,1.4401625220270466,0.8006725314459986,0.12490887139959517,0.2535816426680172,0.1949424336891976,0.9737681935405585,
v3,validation,raster_image,12565,autoregression,7.380217072687081,8.471721807616838,4.3751564497775135,0.12490887139959517,1.3104301899896962,0.14368250177862588,0.6064298048901521,
v3,validation,raster_image,12565,pca_r32_l01,0.7716180482879793,0.8857372869185768,0.4663354684933717,0.12490887139959517,0.18363205595937024,0.514622577225215,0.9886345840243737,
v3,validation,raster_image,12565,pca_r64_l01,0.8321038431183702,0.9551686900966804,0.6113485798853089,0.12490887139959517,0.19170825951464474,0.6407148372637543,0.9864569880881922,
v3,validation,raster_image,12565,pca_r96_l01,1.1012869178481504,1.2641628703450045,0.7589943310003577,0.12490887139959517,0.23025134949437712,0.5188535996313877,0.9785644362159349,
v3,validation,raster_image,12565,pca_r64_l001,0.9747683258542843,1.1189326820853567,0.7175728752679302,0.12490887139959517,0.2116779909934473,0.604935261107968,0.9824232328373135,
v3,validation,raster_image,12565,pca_r64_l1,0.5709321708668703,0.6553707668712044,0.3938453778143533,0.12490887139959517,0.15906293511872666,0.7516284331447326,0.9926135216281289,
v3,validation,raster_image,12565,template_1,0.4738753426836545,0.5439596200445299,0.3127241863865637,0.12490887139959517,0.14876857564556115,0.8368654101360573,0.9938652188824321,
v3,validation,raster_image,12565,dictionary_8,0.5631195776217912,0.6464027221759717,0.33524578524164406,0.12490887139959517,0.15819022068826696,0.8116814142521316,0.9929796710971833,
v3,validation,raster_image,12565,dictionary_24,0.5557447630939796,0.6379372019281176,0.3504939944722131,0.12490887139959517,0.1573730889965707,0.7846123011917957,0.9929947448456368,
v3,validation,raster_image,12565,dictionary_48,0.6091703721769811,0.6992642459833253,0.3755532730331499,0.12490887139959517,0.16343553326944582,0.7263248037012369,0.9921391301395679,
v3,validation,raster_image,12565,local_pca_8,0.7259357240588274,0.8332987287321274,0.4177430796617624,0.12490887139959517,0.17771568640745677,0.5714922635063381,0.9896445633975012,
v3,validation,raster_image,12565,local_pca_16,0.5457464727098602,0.6264602041851244,0.34350129917334427,0.12490887139959517,0.1562758201925358,0.7770459241977788,0.9930061764721747,
v3,validation,raster_image,12565,local_pca_32,0.5439137120510951,0.6243563855185348,0.38683823000566037,0.12490887139959517,0.1560760168296546,0.7794585938363373,0.9928599939378998,
v3,validation,raster_image,12565,local_dictionary_8,0.49126486824324117,0.5639209872314741,0.3239370080122374,0.12490887139959517,0.15052098914623874,0.8391970199426684,0.9939008528033448,
v3,validation,raster_image,12565,local_dictionary_24,0.5899126712383324,0.6771584077132982,0.379018922578523,0.12490887139959517,0.16121278354160956,0.7425614018140021,0.9924279358689678,
v3,validation,raster_image,12678,zero_fill,2.072290633403898,1.0,1.4195825976442689,0.17590417781289897,0.4051851097888208,,0.9487593204570914,
v3,validation,raster_image,12678,linear,2.3537978435483677,1.1358434987866892,1.5749408872188362,0.17590417781289897,0.4506791736238879,-0.05257871999733251,0.9313787204294174,
v3,validation,raster_image,12678,pchip,2.5842686845248357,1.2470589997697255,1.710454778311243,0.17590417781289897,0.4885455232994131,-0.04298103460556226,0.9161719187495267,
v3,validation,raster_image,12678,autoregression,2.479403221743354,1.1964553532101536,1.8411984786556244,0.17590417781289897,0.4712566647050043,0.40527390105736427,0.92078982508898,
v3,validation,raster_image,12678,pca_r32_l01,2.415221890473968,1.1654841514709637,1.653947452738863,0.17590417781289897,0.460723190116556,0.5177827293508931,0.9243642865528076,
v3,validation,raster_image,12678,pca_r64_l01,2.24243946309564,1.082106644188349,1.6627739878755547,0.17590417781289897,0.43257027675358906,0.660923395749034,0.9336949609414232,
v3,validation,raster_image,12678,pca_r96_l01,1.518114922471047,0.7325781905298803,1.1403408626053335,0.17590417781289897,0.3193686932235544,0.6864475760441573,0.969724702190301,
v3,validation,raster_image,12678,pca_r64_l001,2.4899670473719087,1.2015530096190923,1.8427687509237531,0.17590417781289897,0.47299400663258184,0.6299065537247367,0.920879744760869,
v3,validation,raster_image,12678,pca_r64_l1,1.4233684898318002,0.6868575608498539,1.0461092371155971,0.17590417781289897,0.3054294379833832,0.7635366807048503,0.9709469629429671,
v3,validation,raster_image,12678,template_1,2.133772938328989,1.0296687655360879,1.5805729118578058,0.17590417781289897,0.415037559493043,0.08450368170318853,0.9446965462530439,
v3,validation,raster_image,12678,dictionary_8,2.034224176742409,0.9816307345852537,1.391452009247173,0.17590417781289897,0.399111461333811,0.21297398388845015,0.9506103957399822,
v3,validation,raster_image,12678,dictionary_24,2.0152847242919063,0.972491354159935,1.3392949525298943,0.17590417781289897,0.39609749403150796,0.2718531311028059,0.9515895056788622,
v3,validation,raster_image,12678,dictionary_48,2.0156894434074046,0.972686654524167,1.3460180347848338,0.17590417781289897,0.396161843710885,0.2786072618715658,0.9515863724765653,
v3,validation,raster_image,12678,local_pca_8,1.9019521988726076,0.9178018605182342,1.2193042159065914,0.17590417781289897,0.3781795555573328,0.43569623435300264,0.9547610654311511,
v3,validation,raster_image,12678,local_pca_16,1.8688934994468478,0.901849127396308,1.1744616221228916,0.17590417781289897,0.3729935314958423,0.500204563580612,0.9552238460878956,
v3,validation,raster_image,12678,local_pca_32,2.304166299512024,1.1118934103018419,1.5037850792323249,0.17590417781289897,0.44259155157223984,0.5557725878028532,0.9304438529508547,
v3,validation,raster_image,12678,local_dictionary_8,1.98025632077821,0.9555881249752529,1.327027646194456,0.17590417781289897,0.3905375209612965,0.29701769666123223,0.9528045242802416,
v3,validation,raster_image,12678,local_dictionary_24,1.7326886548630767,0.836122417837213,1.1677565547066897,0.17590417781289897,0.35184427697243637,0.5492889702743373,0.9632110704176938,
v3,validation,raster_image,12791,zero_fill,1.969964538905564,1.0,1.4382226309245785,0.2008428778632783,0.4004385874335917,,0.969813276876498,
v3,validation,raster_image,12791,linear,2.3205822032658205,1.1779817135972641,1.6699100759827066,0.2008428778632783,0.45536988644379,-0.02243934862050395,0.9562756264487732,
v3,validation,raster_image,12791,pchip,2.466349049247101,1.2519763683752954,1.7414230659237018,0.2008428778632783,0.4787141416715523,-0.023509377430511354,0.9501493676720866,
v3,validation,raster_image,12791,autoregression,2.5065823814113637,1.2723997472583561,1.6644895769669064,0.2008428778632783,0.4852006332449746,0.4240302049388874,0.9462787430920041,
v3,validation,raster_image,12791,pca_r32_l01,3.4896466440151714,1.7714261221950136,2.2809685519644063,0.2008428778632783,0.6477872772303146,-0.6549404278490235,0.9009215705367072,
v3,validation,raster_image,12791,pca_r64_l01,2.133015532111256,1.082768491506084,1.4072563615040536,0.2008428778632783,0.4257430625340674,0.46927912172803277,0.9606585939745471,
v3,validation,raster_image,12791,pca_r96_l01,2.532259816069811,1.285434212677065,1.7795074119338525,0.2008428778632783,0.4893494880106915,0.1948454217248317,0.9463171307859528,
v3,validation,raster_image,12791,pca_r64_l001,2.218627960289211,1.1262273591593657,1.5568086009880935,0.2008428778632783,0.4392032464950587,0.5036428754605021,0.9571457602211924,
v3,validation,raster_image,12791,pca_r64_l1,2.0879044469169825,1.0598690512860407,1.1648170594695157,0.2008428778632783,0.41869658945560695,0.2632978027694295,0.9641033675309879,
v3,validation,raster_image,12791,template_1,1.9368400347482184,0.9831852282093625,1.3875367997353032,0.2008428778632783,0.39535676251978397,0.18321568321063078,0.9707439951876627,
v3,validation,raster_image,12791,dictionary_8,1.9226238674504244,0.9759687697315403,1.3838633642500968,0.2008428778632783,0.3931823783615937,0.22100540629394627,0.9711907589473053,
v3,validation,raster_image,12791,dictionary_24,1.9462734453927157,0.987973847729254,1.4107190021888314,0.2008428778632783,0.3968018252809482,0.1592661738603088,0.970401961083917,
v3,validation,raster_image,12791,dictionary_48,1.9478879988097932,0.9887934327447154,1.4031160546005463,0.2008428778632783,0.397049326483331,0.15610762361558234,0.9703445523725127,
v3,validation,raster_image,12791,local_pca_8,2.1906291039762555,1.1120144859020074,1.5460618518757747,0.2008428778632783,0.4347890860962189,0.1253082856215591,0.9608876394223962,
v3,validation,raster_image,12791,local_pca_16,2.9133256146173343,1.4788721101730415,1.8688074391005154,0.2008428778632783,0.5516435626274561,-0.6439237976326015,0.9311342083217913,
v3,validation,raster_image,12791,local_pca_32,4.947259082922001,2.5113442324553246,2.951413607274495,0.2008428778632783,0.8966229374504848,-0.6193604170968436,0.8114019439939606,
v3,validation,raster_image,12791,local_dictionary_8,2.991133522969733,1.5183692213218674,1.942650608234671,0.2008428778632783,0.5645062405953166,-0.25049734299943316,0.9266113507771893,
v3,validation,raster_image,12791,local_dictionary_24,1.6384385873642082,0.831709685634474,1.1879938634556533,0.2008428778632783,0.3506669856236709,0.5929696716379296,0.9770436475370262,
v3,validation,raster_image,12904,zero_fill,1.46300230189349,1.0,0.910333360344203,0.18266183041793801,0.31497526730216396,,0.9708160773083423,
v3,validation,raster_image,12904,linear,1.5464757095107082,1.0570562380586708,0.9732416795873264,0.18266183041793801,0.32719990034511137,0.12499804134689842,0.9661102546670925,
v3,validation,raster_image,12904,pchip,1.4985034644568973,1.024265964938989,0.9970354325168636,0.18266183041793801,0.32014832041326474,0.1561545965912352,0.9683895192058076,
v3,validation,raster_image,12904,autoregression,4.864543674157473,3.32504170899905,2.8271804749858522,0.18266183041793801,0.8785305705912085,-0.17527814319680535,0.7344049725506323,
v3,validation,raster_image,12904,pca_r32_l01,2.171251152911631,1.484106450209607,1.7102282128317596,0.18266183041793801,0.4238461263411474,0.05350320661823524,0.9317066547515639,
v3,validation,raster_image,12904,pca_r64_l01,1.6700523883741518,1.141524101645423,1.3340417821102055,0.18266183041793801,0.34566062894815935,0.2917453248150082,0.9586152501632437,
v3,validation,raster_image,12904,pca_r96_l01,1.7582397057446573,1.2018024192231662,1.3952036027320558,0.18266183041793801,0.35906704352641605,0.3224882095182702,0.953748248914944,
v3,validation,raster_image,12904,pca_r64_l001,1.7675278550556779,1.2081511100618612,1.403703939877978,0.18266183041793801,0.3604892678464187,0.28764440971475935,0.9535096672566076,
v3,validation,raster_image,12904,pca_r64_l1,1.4670291601835916,1.0027524620329646,1.121298624572694,0.18266183041793801,0.3155600294451493,0.28748694431448724,0.9689974300277677,
v3,validation,raster_image,12904,template_1,1.2126661526027507,0.8288887522823841,0.7088144020160467,0.18266183041793801,0.27978143649937576,0.5571766360301829,0.9782037221983141,
v3,validation,raster_image,12904,dictionary_8,1.1287321451686874,0.771517682308378,0.6174224251747327,0.18266183041793801,0.2685820363837698,0.6382029271101396,0.9813191820429065,
v3,validation,raster_image,12904,dictionary_24,1.2542360299299036,0.8573028410868591,0.7128554994401926,0.18266183041793801,0.2854510516169379,0.553599161364491,0.9781056823212174,
v3,validation,raster_image,12904,dictionary_48,1.2283928949691185,0.839638388387545,0.7144946758517324,0.18266183041793801,0.281917251680967,0.5557279036068031,0.9787253422078553,
v3,validation,raster_image,12904,local_pca_8,1.5004984052751729,1.0256295587048316,1.0546372133079227,0.18266183041793801,0.32044018246750805,0.23713848423237385,0.967703251048924,
v3,validation,raster_image,12904,local_pca_16,1.5222990529382217,1.0405308665392987,1.0296895303221634,0.18266183041793801,0.3236375325700606,0.21030268813192685,0.9668370931863389,
v3,validation,raster_image,12904,local_pca_32,1.7040146054559488,1.1647381574523354,1.293875114501562,0.18266183041793801,0.3508022701896937,0.10437632149562923,0.958143365384474,
v3,validation,raster_image,12904,local_dictionary_8,1.5990893177262517,1.0930190032214107,0.8909950869550265,0.18266183041793801,0.33500990279704734,-0.05700214323726081,0.9642479312590357,
v3,validation,raster_image,12904,local_dictionary_24,1.5220447315499568,1.0403570312774295,0.959795724309602,0.18266183041793801,0.3236001505465289,0.08764122926122542,0.967557028605602,
v3,validation,raster_image,13017,zero_fill,0.6337555776194368,1.0,0.42722133059334083,0.10590878353003791,0.1530280729409774,,0.9898918047547931,
v3,validation,raster_image,13017,linear,1.0031293752452235,1.5828332099470557,0.6533246908271717,0.10590878353003791,0.20569890972403831,0.1778001156687117,0.9781657814701189,
v3,validation,raster_image,13017,pchip,1.0635141972003677,1.6781141417251497,0.7038868803949156,0.10590878353003791,0.2149694186782686,0.1783168640695925,0.975817617300026,
v3,validation,raster_image,13017,autoregression,5.801875694512426,9.154752872244366,3.081356717402805,0.10590878353003791,1.0309200738579838,0.17036755501532397,0.6590964567992234,
v3,validation,raster_image,13017,pca_r32_l01,0.4976316673455502,0.7852107104363387,0.31948462522017673,0.10590878353003791,0.13639946614153886,0.858364481579546,0.9916262419839935,
v3,validation,raster_image,13017,pca_r64_l01,1.117517387079437,1.7633255257131542,0.7670550108953196,0.10590878353003791,0.22336642357052836,0.0314402292743983,0.9737180671307581,
v3,validation,raster_image,13017,pca_r96_l01,0.4545953099485459,0.7173038407900615,0.3052976998459926,0.10590878353003791,0.13162134125024139,0.7351746272699599,0.9928936392068974,
v3,validation,raster_image,13017,pca_r64_l001,1.26928437960995,2.002797962548491,0.8596249784891569,0.10590878353003791,0.24741157635197422,-0.047572505552912425,0.9671178204443474,
v3,validation,raster_image,13017,pca_r64_l1,0.600634185861982,0.9477379088609083,0.4269094200333245,0.10590878353003791,0.14879497308789444,0.5322827871322628,0.9901300248770749,
v3,validation,raster_image,13017,template_1,0.32552535744284017,0.5136449586220676,0.23278820734398525,0.10590878353003791,0.1190697723017205,0.8843386997999064,0.9945805504555013,
v3,validation,raster_image,13017,dictionary_8,0.3157547366020079,0.4982279411063663,0.20228382412846246,0.10590878353003791,0.1182446929279213,0.8810430081062387,0.9947556656619488,
v3,validation,raster_image,13017,dictionary_24,0.23103020294430415,0.36454149060449803,0.1521561978297733,0.10590878353003791,0.1119558699284108,0.9306934583222708,0.9956766390702102,
v3,validation,raster_image,13017,dictionary_48,0.21703179348698773,0.3424534649497206,0.15281270019049042,0.10590878353003791,0.11107705415011518,0.9426576293791104,0.9959066902685967,
v3,validation,raster_image,13017,local_pca_8,0.4925795317065794,0.7772389689363302,0.2623352663118721,0.10590878353003791,0.1358251838703728,0.8686556835559099,0.9916971206855527,
v3,validation,raster_image,13017,local_pca_16,0.38869402910309,0.6133185139973576,0.23113091246792578,0.10590878353003791,0.1248498888107208,0.7841757003596985,0.9941137691266477,
v3,validation,raster_image,13017,local_pca_32,0.34547995537794157,0.5451312265773832,0.22025474650730287,0.10590878353003791,0.1208140594649907,0.8399409506991831,0.9947018852426559,
v3,validation,raster_image,13017,local_dictionary_8,0.3470438897054508,0.5475989513323807,0.2156686373741816,0.10590878353003791,0.12095405179693683,0.8781801506504264,0.994269817891392,
v3,validation,raster_image,13017,local_dictionary_24,0.26573289452635135,0.4192987074362618,0.17075693140354176,0.10590878353003791,0.11433650370268596,0.9105457335886968,0.9953312357107557,
v3,validation,raster_image,13130,zero_fill,1.19958936609359,1.0,0.668365735901068,0.09337655882539975,0.23111883314684506,,0.9629188690711904,
v3,validation,raster_image,13130,linear,1.9883477291797615,1.6575236371548778,1.2922554677888454,0.09337655882539975,0.3633103582860746,-0.09597432647670798,0.9022254496053068,
v3,validation,raster_image,13130,pchip,2.2304708419257238,1.8593619658276517,1.5073260981762502,0.09337655882539975,0.4048647463413368,-0.08978382158434926,0.8803506935795762,
v3,validation,raster_image,13130,autoregression,3.748295909175905,3.124649163390024,2.1829829268276324,0.09337655882539975,0.6689548017389025,0.4721293924057828,0.7711662839541493,
v3,validation,raster_image,13130,pca_r32_l01,0.8245365549204511,0.6873490031055528,0.513331231248371,0.09337655882539975,0.17231467982665097,0.7253420441821241,0.9803777977016461,
v3,validation,raster_image,13130,pca_r64_l01,0.9256860714664524,0.771669120809989,0.6917220266788231,0.09337655882539975,0.18768235605565617,0.6629898389461666,0.9756172695794867,
v3,validation,raster_image,13130,pca_r96_l01,0.6728556962266914,0.5609050190381534,0.503602442549615,0.09337655882539975,0.1503152335328346,0.8262629673332754,0.9855515746748882,
v3,validation,raster_image,13130,pca_r64_l001,1.0674109835332692,0.8898136426544412,0.7947687344634953,0.09337655882539975,0.2098854480460513,0.591496905796992,0.9684409502026925,
v3,validation,raster_image,13130,pca_r64_l1,0.7381296277915871,0.6153185820538521,0.47860707544087117,0.09337655882539975,0.1596020423295098,0.7972060703768377,0.9839344957541661,
v3,validation,raster_image,13130,template_1,1.2304326712421494,1.0257115526532212,0.7709563812926181,0.09337655882539975,0.23613153063628836,0.21752228107839866,0.9603790412649047,
v3,validation,raster_image,13130,dictionary_8,0.996213136615275,0.8304617936547731,0.5486614880343721,0.09337655882539975,0.19864661205935513,0.6297279681645345,0.9737773088977215,
v3,validation,raster_image,13130,dictionary_24,0.9386272490540726,0.7824571270672989,0.526804712894412,0.09337655882539975,0.1896803022973038,0.7187414971334256,0.9765023643199939,
v3,validation,raster_image,13130,dictionary_48,0.8837709801163773,0.7367279213172243,0.5170076411165899,0.09337655882539975,0.18125825663746808,0.738158983308263,0.9788033280015671,
v3,validation,raster_image,13130,local_pca_8,0.7985376120952942,0.6656758009582036,0.4644800461777657,0.09337655882539975,0.168444812161425,0.745748398742438,0.9815151375527013,
v3,validation,raster_image,13130,local_pca_16,0.6639805480339949,0.5535065304856931,0.38997896274431926,0.09337655882539975,0.14907682604614872,0.8404490132819906,0.9863040327482507,
v3,validation,raster_image,13130,local_pca_32,0.6714721319660969,0.5597516541453817,0.4110029638545577,0.09337655882539975,0.15012176910421848,0.8420584028275149,0.9861829033112968,
v3,validation,raster_image,13130,local_dictionary_8,1.005830996098735,0.8384794201487293,0.5754748909038563,0.09337655882539975,0.2001554572851786,0.5708021744969051,0.9731823086581735,
v3,validation,raster_image,13130,local_dictionary_24,0.9393172531691355,0.783032327327126,0.5519986319063093,0.09337655882539975,0.18978701351626076,0.6459197322883228,0.976232577725815,
v3,validation,raster_image,13243,zero_fill,0.9295042719475801,1.0,0.7248444487267378,0.2339169676618142,0.2828543006198071,,0.9911072970432941,
v3,validation,raster_image,13243,linear,1.52305089416166,1.6385625543930296,1.1195157518983132,0.2339169676618142,0.3542560694067956,0.00909553277901887,0.9790073363530019,
v3,validation,raster_image,13243,pchip,1.5541976071697492,1.6720715052909396,1.090828247996728,0.2339169676618142,0.35845858297608885,0.00661409555483359,0.9781241613480882,
v3,validation,raster_image,13243,autoregression,7.17651628640347,7.720799681067193,4.410644253213039,0.2339169676618142,1.2893629433461669,0.12633330836847215,0.7250451060060148,
v3,validation,raster_image,13243,pca_r32_l01,1.3116394634854323,1.411117197704932,1.0108902090609646,0.2339169676618142,0.32675629597680467,0.6955007332193484,0.9817430313660276,
v3,validation,raster_image,13243,pca_r64_l01,1.2966735016205833,1.3950161830926042,0.9009652654539071,0.2339169676618142,0.3248842943249195,0.5028806305395598,0.9827954559856367,
v3,validation,raster_image,13243,pca_r96_l01,1.7152969049871911,1.8453889419928629,1.330118411695816,0.2339169676618142,0.38072607659664914,-0.06846646531722769,0.9736457555963477,
v3,validation,raster_image,13243,pca_r64_l001,1.4196182594414677,1.5272853522953231,0.9777523481637164,0.2339169676618142,0.3405669713462513,0.45789186802648846,0.9800714458739247,
v3,validation,raster_image,13243,pca_r64_l1,0.7523037271414362,0.8093601609437926,0.5594544657048299,0.2339169676618142,0.26588252095814924,0.7290901851604215,0.9921046770268396,
v3,validation,raster_image,13243,template_1,1.070235553994355,1.1514046640709916,0.9101845044116368,0.2339169676618142,0.29799516153772576,0.18187564540188647,0.9883927885047835,
v3,validation,raster_image,13243,dictionary_8,0.9416495995813817,1.0130664570355912,0.7987370242408578,0.2339169676618142,0.2841069092873986,0.3063957632088264,0.9905035039759185,
v3,validation,raster_image,13243,dictionary_24,1.0056576829899406,1.0819290597587004,0.8144460525315764,0.2339169676618142,0.29088114819027355,0.3181483483315186,0.9893071070915008,
v3,validation,raster_image,13243,dictionary_48,1.0396217336311393,1.1184690216138882,0.874798353668313,0.2339169676618142,0.29458895778701444,0.23543842752310934,0.9888558407583818,
v3,validation,raster_image,13243,local_pca_8,2.0212463665727456,2.1745423098891736,1.233726503292061,0.2339169676618142,0.42506133582940747,-0.5584594425889362,0.9651626612827072,
v3,validation,raster_image,13243,local_pca_16,1.5179947841269854,1.6331229774192941,1.0842618619730557,0.2339169676618142,0.3535772433818289,0.7810836137202937,0.9764936633260247,
v3,validation,raster_image,13243,local_pca_32,1.152403688706016,1.2398046178866906,0.7973452370444467,0.2339169676618142,0.3074220349488162,0.6635265008013249,0.9852954168659664,
v3,validation,raster_image,13243,local_dictionary_8,0.9641240795469035,1.0372454529195276,0.7807145062964337,0.2339169676618142,0.2864528114130018,0.3275547516969809,0.9900457191529057,
v3,validation,raster_image,13243,local_dictionary_24,1.0551041472213047,1.135125656830556,0.8319915112566089,0.2339169676618142,0.2963041270197861,0.4739993995595192,0.9879296918641157,
v3,validation,raster_image,13356,zero_fill,2.3767199051176804,1.0,1.5309523863916072,0.14720077868919457,0.44442756911385667,,0.9378724413857125,
v3,validation,raster_image,13356,linear,2.4327018238285385,1.0235542768797934,1.6212456591383242,0.14720077868919457,0.4537947054528953,0.0016461346210014734,0.9343392543809478,
v3,validation,raster_image,13356,pchip,2.4705220362363303,1.039467053276522,1.7064687184305543,0.14720077868919457,0.46013548542036664,-0.01721689784818731,0.9320056269923093,
v3,validation,raster_image,13356,autoregression,2.314660255719257,0.9738885304638576,1.8001116535417043,0.14720077868919457,0.4340709276019228,0.45206243644832983,0.9375987231419722,
v3,validation,raster_image,13356,pca_r32_l01,3.7231846289712762,1.566522256558005,2.3994487671518963,0.14720077868919457,0.6739300299376375,-0.3007930884009123,0.8412995805169964,
v3,validation,raster_image,13356,pca_r64_l01,4.431945461732323,1.8647319156915467,2.5866869883608548,0.14720077868919457,0.7967482884045313,-0.38551041448908197,0.7823921477045764,
v3,validation,raster_image,13356,pca_r96_l01,3.3833625762812654,1.4235428284990705,2.197976065381847,0.14720077868919457,0.6153975460329603,0.10621664876767513,0.8697217469352416,
v3,validation,raster_image,13356,pca_r64_l001,4.6972280513314955,1.9763490183328598,2.7518206106457344,0.14720077868919457,0.8429053459772214,-0.400285220498978,0.7599538069327897,
v3,validation,raster_image,13356,pca_r64_l1,3.3930450053097587,1.4276166905505663,2.011051505195468,0.14720077868919457,0.6170611941570646,-0.297357655943395,0.8671677392072646,
v3,validation,raster_image,13356,template_1,2.36457687221928,0.9948908439432625,1.5555593712215745,0.14720077868919457,0.4423987854329711,0.10621818992821418,0.9384259358302781,
v3,validation,raster_image,13356,dictionary_8,2.342683990896873,0.9856794592633658,1.5042873693341412,0.14720077868919457,0.4387438898382362,0.1731443926687273,0.9396641297842812,
v3,validation,raster_image,13356,dictionary_24,2.2587960898489983,0.9503837978489758,1.4871532706011101,0.14720077868919457,0.42477456970451494,0.31510855028583723,0.9438568304145097,
v3,validation,raster_image,13356,dictionary_48,2.2004874617821475,0.92585056280462,1.4238167709635734,0.14720077868919457,0.41509995844782305,0.3836021168486814,0.9466962954649683,
v3,validation,raster_image,13356,local_pca_8,2.36854898450571,0.9965621019984827,1.5215347568563256,0.14720077868919457,0.4430622994657077,0.11189507584470143,0.9381232247584456,
v3,validation,raster_image,13356,local_pca_16,2.532059725141735,1.0653589090113516,1.679852727601548,0.14720077868919457,0.47047305310495396,0.0931358122098288,0.9273863406423603,
v3,validation,raster_image,13356,local_pca_32,5.507007639689513,2.3170621106136777,2.8993534698970254,0.14720077868919457,0.9842326212944803,-0.40072386521856157,0.6935005223259106,
v3,validation,raster_image,13356,local_dictionary_8,2.579864011070768,1.0854724637579998,1.5858113369646634,0.14720077868919457,0.47852012961401413,-0.013553035064458565,0.9247705566532,
v3,validation,raster_image,13356,local_dictionary_24,2.706693269225325,1.1388356126429238,1.7020474510804031,0.14720077868919457,0.4999343269469733,-0.11321929315343529,0.9166673449991891,
v3,validation,raster_image,13469,zero_fill,1.1959779628497382,1.0,0.7283137293688142,0.18129178967449783,0.27665588907561817,,0.983819266619073,
v3,validation,raster_image,13469,linear,2.4105110826818192,2.015514631171071,1.360304799240497,0.18129178967449783,0.4619737473208275,0.14167479360762245,0.9345679717913489,
v3,validation,raster_image,13469,pchip,2.041255872249708,1.7067671275362537,1.2172762126591565,0.18129178967449783,0.4025540972612706,0.15755008868107856,0.9516604591476059,
v3,validation,raster_image,13469,autoregression,4.913469459191918,4.108327755040118,2.765398046239683,0.18129178967449783,0.886725898839316,0.38956856596550843,0.7982363808920793,
v3,validation,raster_image,13469,pca_r32_l01,1.3744218897784408,1.1492033569778426,1.1386099007057515,0.18129178967449783,0.3014498110282515,0.3720209228479064,0.9768720295360177,
v3,validation,raster_image,13469,pca_r64_l01,1.3786729040876742,1.1527577822609845,1.0468615091422044,0.18129178967449783,0.30205582470228054,0.412669373284497,0.9765222095951357,
v3,validation,raster_image,13469,pca_r96_l01,1.4133739634722928,1.1817725805787844,1.0983626101997628,0.18129178967449783,0.30702677324859595,0.37758632025562805,0.9755226232891161,
v3,validation,raster_image,13469,pca_r64_l001,1.4708443367128035,1.2298256175290407,1.1213477471322713,0.18129178967449783,0.31534956625272315,0.4199847420972301,0.97331622768811,
v3,validation,raster_image,13469,pca_r64_l1,1.1121977191388617,0.9299483382526149,0.8056147052208256,0.18129178967449783,0.2655096437492042,0.44476357891126816,0.9848529013459449,
v3,validation,raster_image,13469,template_1,0.7300796797103505,0.6104457627051421,0.47505342994124466,0.18129178967449783,0.22021895651195234,0.7920378185192392,0.9920897395402263,
v3,validation,raster_image,13469,dictionary_8,0.9728193328945286,0.8134090786894815,0.6053518651093955,0.18129178967449783,0.24781832796162198,0.5894505436653877,0.9885466132147914,
v3,validation,raster_image,13469,dictionary_24,0.8561755057389553,0.7158789980535156,0.533451165874588,0.18129178967449783,0.23398080848999459,0.7062854728170417,0.990551379492863,
v3,validation,raster_image,13469,dictionary_48,0.685729702796074,0.5733631589349181,0.48223156230168623,0.18129178967449783,0.21571779368552657,0.8248542267398414,0.9923160068890935,
v3,validation,raster_image,13469,local_pca_8,1.0595243363175164,0.8859062367611821,0.8478744383478589,0.18129178967449783,0.2586902057936485,0.5192615849065846,0.9859177614884498,
v3,validation,raster_image,13469,local_pca_16,1.5888478898333214,1.3284926137330033,1.2575121676589807,0.18129178967449783,0.3327586268666004,0.40167674928626984,0.9691484452856306,
v3,validation,raster_image,13469,local_pca_32,1.8301445899711488,1.5302494250064094,1.47510710982429,0.18129178967449783,0.3694716380905271,0.3123486646175509,0.9601175624312333,
v3,validation,raster_image,13469,local_dictionary_8,0.8549866984649293,0.7148849937232072,0.5329086148625577,0.18129178967449783,0.23384492441952937,0.7235626361626689,0.9907543011838789,
v3,validation,raster_image,13469,local_dictionary_24,0.766922981970815,0.641251767000301,0.5234693768307702,0.18129178967449783,0.22409812048658648,0.773129445299074,0.991967800703435,
v3,validation,raster_image,13582,zero_fill,1.9248789226472314,1.0,0.9164781031763555,0.08793400418397262,0.35110819774226115,,0.9089299938742984,
v3,validation,raster_image,13582,linear,3.2263321672317806,1.6761221338507346,1.7744181240209775,0.08793400418397262,0.5768698757941743,-0.4810322639126717,0.7454462557777829,
v3,validation,raster_image,13582,pchip,2.843070568172262,1.4770126758218474,1.3682887539607744,0.08793400418397262,0.5099863453274383,-0.6329911803706677,0.7962838479921356,
v3,validation,raster_image,13582,autoregression,12.54248008907252,6.515983910210416,7.120523550338172,0.08793400418397262,2.2189067609877395,-0.029149202661463116,0.2824036331974728,
v3,validation,raster_image,13582,pca_r32_l01,0.7829367372886014,0.40674596624074966,0.5855174736148154,0.08793400418397262,0.1632381309279057,0.9438132623677736,0.9805787144718279,
v3,validation,raster_image,13582,pca_r64_l01,1.2242758748775622,0.6360274718961805,0.7035757050781722,0.08793400418397262,0.23308766320674926,0.7724434374766448,0.9603216581227384,
v3,validation,raster_image,13582,pca_r96_l01,1.1192754604550545,0.5814783710737228,0.7656912615276259,0.08793400418397262,0.21596307686612692,0.7966970434796187,0.9671400773303648,
v3,validation,raster_image,13582,pca_r64_l001,1.3758167133233017,0.7147549371215411,0.79446116607961,0.08793400418397262,0.2581530366436234,0.7089892389678186,0.9508474184393819,
v3,validation,raster_image,13582,pca_r64_l1,0.7832457164585273,0.40690648499665194,0.4525921056459865,0.08793400418397262,0.1632844445091588,0.9111021799552503,0.981343633848313,
v3,validation,raster_image,13582,template_1,0.7003040077580359,0.3638171728718021,0.4258341013283128,0.08793400418397262,0.1510514983714786,0.9268813424696897,0.9855544305425129,
v3,validation,raster_image,13582,dictionary_8,0.8812851911419269,0.4578392857717619,0.5185041055904646,0.08793400418397262,0.1782175329804752,0.8791835461689593,0.9786578078709604,
v3,validation,raster_image,13582,dictionary_24,0.7631804323714944,0.39648230514255617,0.4571494856118916,0.08793400418397262,0.16028767441320302,0.9113980516370703,0.982605327569537,
v3,validation,raster_image,13582,dictionary_48,0.6118760137829359,0.3178776631526726,0.3670423064599774,0.08793400418397262,0.13852981606967438,0.9437069213753174,0.9875268829963645,
v3,validation,raster_image,13582,local_pca_8,0.6875846082826409,0.3572092770058624,0.4040379144217156,0.08793400418397262,0.14921426031400983,0.9560043941459366,0.9838588144596924,
v3,validation,raster_image,13582,local_pca_16,0.8693879014648076,0.45165848679415277,0.5386277436540956,0.08793400418397262,0.1763819882616292,0.8867432758804308,0.9798016799910123,
v3,validation,raster_image,13582,local_pca_32,0.751365050973199,0.3903440585966144,0.48155830177432807,0.08793400418397262,0.15853366181100467,0.9203159227979688,0.984422870176618,
v3,validation,raster_image,13582,local_dictionary_8,1.1515646382582414,0.5982530250134004,0.5673195907375321,0.08793400418397262,0.2212044570310935,0.7964547970079288,0.9645676984988265,
v3,validation,raster_image,13582,local_dictionary_24,0.8048393586189893,0.41812466703729945,0.5162927618754627,0.08793400418397262,0.1665336354003355,0.9203151754556803,0.9799800118185937,
v3,validation,raster_image,13695,zero_fill,0.9642168308136319,1.0,0.5968926745376097,0.11220135899775466,0.20309923610558564,,0.9800401345161883,
v3,validation,raster_image,13695,linear,0.9880000411442469,1.0246658319690873,0.6954980556469884,0.11220135899775466,0.20664035598491126,0.2889122774123104,0.9790593803820784,
v3,validation,raster_image,13695,pchip,1.0049744097750026,1.0422701384780626,0.7430835259391478,0.11220135899775466,0.20918271454728343,0.2938341090249477,0.9783629774831828,
v3,validation,raster_image,13695,autoregression,2.766160072697408,2.868815378760033,1.4916913198756863,0.11220135899775466,0.5013078221504279,0.07183251134533646,0.8662268074482405,
v3,validation,raster_image,13695,pca_r32_l01,0.9940507613142989,1.0309411011582243,0.6656465943382979,0.11220135899775466,0.20754520666131174,0.3022715209525446,0.9781625586952344,
v3,validation,raster_image,13695,pca_r64_l01,1.0348252963657867,1.0732288249859459,0.6199833616626499,0.11220135899775466,0.21368251038250152,0.45240732230735076,0.9759509291113596,
v3,validation,raster_image,13695,pca_r96_l01,0.7609036275426564,0.7891416154814324,0.5385344061162977,0.11220135899775466,0.17403643873094574,0.6669192611712945,0.9853846242359124,
v3,validation,raster_image,13695,pca_r64_l001,1.0909761628650603,1.1314635131855824,0.6552417982743884,0.11220135899775466,0.22223948806193597,0.4309033254225594,0.9736036661479559,
v3,validation,raster_image,13695,pca_r64_l1,0.8607036487593389,0.8926453275380541,0.5172791926747491,0.11220135899775466,0.18800550729773127,0.5250438045534597,0.9826269146347494,
v3,validation,raster_image,13695,template_1,1.2508020374079791,1.2972207053806757,0.717363011423037,0.11220135899775466,0.24715691059610703,0.07305741517078299,0.9670045479208633,
v3,validation,raster_image,13695,dictionary_8,0.8746077311548788,0.9070654060423955,0.48713896004672996,0.11220135899775466,0.19000017904474445,0.41111687210448117,0.9826989878637322,
v3,validation,raster_image,13695,dictionary_24,0.8867347377240293,0.9196424594411808,0.5209235969611319,0.11220135899775466,0.19174869530812141,0.4000616519408189,0.9822406059690679,
v3,validation,raster_image,13695,dictionary_48,0.8171801747812176,0.8475066485737023,0.47296381140648636,0.11220135899775466,0.18183499833680733,0.5139114549905218,0.9844559186509245,
v3,validation,raster_image,13695,local_pca_8,1.0518122004483466,1.090846132151416,0.6006324565741323,0.11220135899775466,0.21625884366318598,0.25233764238344936,0.9758346032171349,
v3,validation,raster_image,13695,local_pca_16,0.6111500731303717,0.633830538525932,0.3711580715059257,0.11220135899775466,0.15449189963357426,0.7646029597410382,0.9897440520726735,
v3,validation,raster_image,13695,local_pca_32,0.6642137846173067,0.6888635039245534,0.4252976324294731,0.11220135899775466,0.16119121462033062,0.7132699309228372,0.9884976117709534,
v3,validation,raster_image,13695,local_dictionary_8,0.9876233282023208,1.024275138786924,0.5691811053242697,0.11220135899775466,0.20658407279170438,0.29924813980944365,0.9784498946405022,
v3,validation,raster_image,13695,local_dictionary_24,0.9607814146771313,0.9964370917134877,0.5715268765739567,0.11220135899775466,0.20258982734350084,0.3734156377799519,0.97931155154374,
v3,validation,raster_image,13808,zero_fill,1.203841139609786,1.0,0.6079473314988026,0.16270282764915014,0.26633343782353497,,0.9860919510152272,
v3,validation,raster_image,13808,linear,3.1775527562280037,2.63951168611664,2.0449893818379303,0.16270282764915014,0.5840986654797737,-0.13315310681890108,0.9090753980448487,
v3,validation,raster_image,13808,pchip,3.3024131784341026,2.74323004072161,2.085614430398208,0.16270282764915014,0.6053555596447825,-0.13933169542135834,0.9025921797495146,
v3,validation,raster_image,13808,autoregression,4.53942459500095,3.770783740180505,2.732743602078185,0.16270282764915014,0.8182873534014395,0.5931601735179253,0.8473693954665754,
v3,validation,raster_image,13808,pca_r32_l01,0.6634154031880514,0.5510821829889377,0.5398665750033963,0.16270282764915014,0.19849106647585124,0.8369816574543899,0.9944762469554862,
v3,validation,raster_image,13808,pca_r64_l01,0.7101852075899867,0.5899326615637897,0.5433621991681364,0.16270282764915014,0.20348537592996802,0.8083079815779123,0.9939258107042175,
v3,validation,raster_image,13808,pca_r96_l01,0.6022728404189424,0.5002926221761815,0.46977421578230627,0.16270282764915014,0.19230274700506436,0.865507240192164,0.9950316283463112,
v3,validation,raster_image,13808,pca_r64_l001,0.7457559148481839,0.6194803369902393,0.5734918595605972,0.16270282764915014,0.20742396185160783,0.7830083799906168,0.9934248173681632,
v3,validation,raster_image,13808,pca_r64_l1,0.5997896441038175,0.4982298946007393,0.4425901653112413,0.16270282764915014,0.19206005986491606,0.8853005657838972,0.9953160970029801,
v3,validation,raster_image,13808,template_1,1.2316415390610664,1.0230930797565962,0.7005906685053649,0.16270282764915014,0.27027644381589966,0.20193150767161797,0.9850881499952352,
v3,validation,raster_image,13808,dictionary_8,1.0016541050221286,0.8320484091005609,0.5449574507039157,0.16270282764915014,0.23874342006532231,0.5463319466851261,0.9897027117925503,
v3,validation,raster_image,13808,dictionary_24,0.8365948705774843,0.6949379308042745,0.41163330510408114,0.16270282764915014,0.21798290438647777,0.7420564575872731,0.9925005998889453,
v3,validation,raster_image,13808,dictionary_48,0.5571258481405456,0.46279017206633494,0.3789859566111554,0.16270282764915014,0.18800163933313044,0.9142000069874782,0.9957898732167051,
v3,validation,raster_image,13808,local_pca_8,0.580186675217229,0.4819462104487401,0.4373583911351929,0.16270282764915014,0.19016892917675876,0.893530735258248,0.995501245859535,
v3,validation,raster_image,13808,local_pca_16,0.8249569127986442,0.6852705773670823,0.6408878721940204,0.16270282764915014,0.21659238948499052,0.7274243670874931,0.9922146586077004,
v3,validation,raster_image,13808,local_pca_32,0.9812399681581296,0.8150909084866377,0.7907354226483917,0.16270282764915014,0.23607932915831412,0.6618169655277907,0.9891834135966996,
v3,validation,raster_image,13808,local_dictionary_8,1.185660565848188,0.984897863045708,0.6514960442467725,0.16270282764915014,0.2637724807530243,0.3670030149014365,0.9857843167796826,
v3,validation,raster_image,13808,local_dictionary_24,0.5993954513828934,0.49790244880415196,0.4048125501853922,0.16270282764915014,0.19202159880258288,0.8769691829877649,0.9952448103390081,
v3,validation,raster_image,13921,zero_fill,1.5123736235848124,1.0,1.1324849241707313,0.14936662496561884,0.3051073594643199,,0.9677574506156099,
v3,validation,raster_image,13921,linear,1.6927578203163316,1.1192722445819643,1.2880618999042857,0.14936662496561884,0.3334034289764576,-0.059389289988672475,0.9589051606083688,
v3,validation,raster_image,13921,pchip,1.702208604185998,1.1255212188580859,1.3224674351696803,0.14936662496561884,0.3349037259248478,-0.09128464600336365,0.9584450136353075,
v3,validation,raster_image,13921,autoregression,1.9919218421648002,1.3170831672158525,1.5005662218169635,0.14936662496561884,0.38158283314191044,0.28552742553680127,0.9413901713279612,
v3,validation,raster_image,13921,pca_r32_l01,2.8528347970694723,1.8863293782572954,1.894037258499329,0.14936662496561884,0.5253061139597747,-0.8161422698516804,0.884949040603396,
v3,validation,raster_image,13921,pca_r64_l01,2.6138544136778803,1.7283126159541211,1.8089807395900594,0.14936662496561884,0.4848922864979123,-0.29170129283822893,0.9028284985634356,
v3,validation,raster_image,13921,pca_r96_l01,1.2843611102655967,0.8492353279880982,0.8705225041963011,0.14936662496561884,0.270485992580074,0.6638776365657059,0.9731703649255482,
v3,validation,raster_image,13921,pca_r64_l001,2.761410605976479,1.8258785811346316,1.9151791796020738,0.14936662496561884,0.5098103379892124,-0.2765118208916843,0.8923709071174682,
v3,validation,raster_image,13921,pca_r64_l1,2.08652012152507,1.3796327104537474,1.424227906624807,0.14936662496561884,0.3970669128824199,-0.358478396551759,0.9375117750993123,
v3,validation,raster_image,13921,template_1,1.7978274360135693,1.18874556391174,1.2514787079195044,0.14936662496561884,0.35016984887450237,0.09126166963193151,0.9528596705453523,
v3,validation,raster_image,13921,dictionary_8,1.5691522916273708,1.0375427521064369,1.0977314536803693,0.14936662496561884,0.31393973160572775,0.15459556112692882,0.9644901755923906,
v3,validation,raster_image,13921,dictionary_24,1.5423318363690115,1.0198087379447867,1.1047612639154143,0.14936662496561884,0.3097584513445326,0.188051072274402,0.9656860961783554,
v3,validation,raster_image,13921,dictionary_48,1.5259050607475038,1.0089471523118854,1.0726221291802003,0.14936662496561884,0.3072055654747453,0.1914618163588007,0.9664971881776182,
v3,validation,raster_image,13921,local_pca_8,1.5540960787965783,1.0275873994105176,1.148402864394189,0.14936662496561884,0.31159051004448907,0.0959408583462473,0.9654555988206311,
v3,validation,raster_image,13921,local_pca_16,1.497688316899214,0.990289894999101,1.0708030491357778,0.14936662496561884,0.3028351626111253,0.41554640486534633,0.9662579507435248,
v3,validation,raster_image,13921,local_pca_32,2.974903563281226,1.967042744523504,1.869707932375804,0.14936662496561884,0.5460561228907002,-0.6612370691468037,0.8756189645259934,
v3,validation,raster_image,13921,local_dictionary_8,1.4495192881706074,0.9584399420658898,1.0632921784712237,0.14936662496561884,0.2954196281901834,0.288609144236687,0.9698901369858502,
v3,validation,raster_image,13921,local_dictionary_24,1.3635734184722625,0.9016114782801848,1.0023376974956073,0.14936662496561884,0.282342573161706,0.43122719867315196,0.973308332443257,
v3,validation,raster_image,14034,zero_fill,1.261841754600338,1.0,0.6907984573409357,0.12411537483775588,0.25432435171802975,,0.9665154003525702,
v3,validation,raster_image,14034,linear,1.2127793079474447,0.9611183839225286,0.7183037041867995,0.12411537483775588,0.24675247365718667,0.4847619780359563,0.9689409825938962,
v3,validation,raster_image,14034,pchip,1.2029576974309484,0.9533348322365193,0.7295998415043211,0.12411537483775588,0.24524545333533868,0.34558247998977876,0.9693336476369356,
v3,validation,raster_image,14034,autoregression,7.615726806300774,6.035405611310506,4.087552831563541,0.12411537483775588,1.3518140381841173,-0.36820647391173167,0.45722763101476543,
v3,validation,raster_image,14034,pca_r32_l01,0.8323584893988141,0.6596377765787647,0.6620247021307377,0.12411537483775588,0.19124297938738918,0.7562111048814987,0.9818866567136514,
v3,validation,raster_image,14034,pca_r64_l01,1.119576274615321,0.8872556883885361,0.9184046022311192,0.12411537483775588,0.23258025826355466,0.6348358238401299,0.969853166570621,
v3,validation,raster_image,14034,pca_r96_l01,1.4317846698210044,1.1346784686757274,1.08609791876629,0.12411537483775588,0.2810444112557579,0.5265449326467705,0.9534766141985801,
v3,validation,raster_image,14034,pca_r64_l001,1.2388481822337551,0.9817777686601712,0.9991174986849161,0.12411537483775588,0.25076683848176673,0.5942177952083887,0.9639549628442778,
v3,validation,raster_image,14034,pca_r64_l1,0.7335768550838413,0.5813540821655457,0.6341469390878527,0.12411537483775588,0.17815709506634475,0.8015445708012658,0.9854017433900102,
v3,validation,raster_image,14034,template_1,1.27446825506383,1.0100064056506761,0.6908990417088401,0.12411537483775588,0.2562843115790827,0.5517959183429691,0.9623278707382379,
v3,validation,raster_image,14034,dictionary_8,0.7624460920509841,0.6042327330438301,0.4658155046223451,0.12411537483775588,0.18190549209071055,0.7795996911681679,0.9849052906797727,
v3,validation,raster_image,14034,dictionary_24,0.6157722333952513,0.48799481484133034,0.4008225322298643,0.12411537483775588,0.16362293331632105,0.8630003373801235,0.9889163802514105,
v3,validation,raster_image,14034,dictionary_48,0.6332584589208606,0.5018525156678082,0.414787705094843,0.12411537483775588,0.16569547464771775,0.8678081525688078,0.9890684512117486,
v3,validation,raster_image,14034,local_pca_8,0.761046965091566,0.6031239355624365,0.538808188648285,0.12411537483775588,0.18172230682071092,0.7890661696383515,0.9844410280362397,
v3,validation,raster_image,14034,local_pca_16,0.7647954866711385,0.6060946104239288,0.6314592062158805,0.12411537483775588,0.18221343518978297,0.7774410116559237,0.9850141198053646,
v3,validation,raster_image,14034,local_pca_32,0.7854846190620322,0.6224905905977236,0.66291520881964,0.12411537483775588,0.18494336136264475,0.7649628730677405,0.9841237252375516,
v3,validation,raster_image,14034,local_dictionary_8,0.8290492754324836,0.6570152496618467,0.6686311781646541,0.12411537483775588,0.19079325488435628,0.7395618148085878,0.9825944295852769,
v3,validation,raster_image,14034,local_dictionary_24,0.666099578454535,0.5278788532921136,0.5164715819233341,0.12411537483775588,0.16967174768707122,0.8366409448288671,0.9875487539316385,
v3,validation,raster_image,14147,zero_fill,2.2641926245255886,1.0,1.05818939720016,0.09367495425351256,0.41073840327673894,,0.8930561757835983,
v3,validation,raster_image,14147,linear,6.637190101056359,2.9313716638605496,4.102396094858232,0.09367495425351256,1.1769175489685817,-0.24276193394238593,0.4362774554681349,
v3,validation,raster_image,14147,pchip,7.0826661658116645,3.1281199704886773,4.330211564806074,0.09367495425351256,1.2554404720682155,-0.25518107146620345,0.4035222940055055,
v3,validation,raster_image,14147,autoregression,9.481768632117525,4.18770405371505,5.345646669161878,0.09367495425351256,1.6786896052212699,-0.36652561634174025,0.26315949222926605,
v3,validation,raster_image,14147,pca_r32_l01,2.15276137811778,0.9507854388355512,1.1807725984741653,0.09367495425351256,0.3915676210679441,0.5052902490814895,0.9011595273895143,
v3,validation,raster_image,14147,pca_r64_l01,1.6352099863431924,0.7222044487870436,0.9282078218575511,0.09367495425351256,0.30341476398461315,0.8143912052790172,0.9431714456226319,
v3,validation,raster_image,14147,pca_r96_l01,0.776836373778072,0.34309641563329485,0.6079001049786221,0.09367495425351256,0.16540666366479465,0.9408022371270243,0.9841038973395486,
v3,validation,raster_image,14147,pca_r64_l001,1.7336083814780978,0.7656629399370724,0.9779478075543286,0.09367495425351256,0.3200304150105032,0.8166002344978155,0.9380016221965166,
v3,validation,raster_image,14147,pca_r64_l1,1.569530764215215,0.6931966596897097,0.8860946922383924,0.09367495425351256,0.29237453123649493,0.7563859530882323,0.9460699555538623,
v3,validation,raster_image,14147,template_1,1.2927689436090282,0.5709624391519689,0.6803891909915696,0.09367495425351256,0.2464292780296161,0.8215101889205969,0.9650512643142042,
v3,validation,raster_image,14147,dictionary_8,1.4888736181523696,0.6575737426334608,0.779285731388639,0.09367495425351256,0.2788799898431031,0.7523951010404575,0.9521108642262168,
v3,validation,raster_image,14147,dictionary_24,1.4089189203725132,0.622261067857564,0.7734344020235786,0.09367495425351256,0.2655817572371769,0.7935171772067255,0.9561258580498734,
v3,validation,raster_image,14147,dictionary_48,1.4566964750137497,0.6433624326989265,0.817501389087208,0.09367495425351256,0.27351813976657763,0.7868166844442205,0.9531057362199747,
v3,validation,raster_image,14147,local_pca_8,2.1459004976407203,0.947755272407685,1.0157694075137016,0.09367495425351256,0.39038898287721546,0.4877893929370673,0.9016064983256888,
v3,validation,raster_image,14147,local_pca_16,0.691880277180657,0.3055748303771748,0.42476934283079126,0.09367495425351256,0.15316690514740677,0.9511373650387046,0.9873680127638426,
v3,validation,raster_image,14147,local_pca_32,0.9222372319998998,0.40731394582346286,0.49944809794980405,0.09367495425351256,0.18729542346026876,0.9112144580934504,0.9799336692085148,
v3,validation,raster_image,14147,local_dictionary_8,1.4639136677038465,0.6465499674571977,0.7774397864586038,0.09367495425351256,0.27471963749296163,0.7884574956619721,0.9526149449544917,
v3,validation,raster_image,14147,local_dictionary_24,1.4049859866570389,0.6205240541102031,0.7821631696054578,0.09367495425351256,0.2649298569544506,0.8121752851727533,0.9559661060869046,
v3,validation,raster_image,14260,zero_fill,0.6474253831524035,1.0,0.4429212955329076,0.11208631552402964,0.15896375694540785,,0.9890810444013538,
v3,validation,raster_image,14260,linear,0.6440754627439579,0.9948257814790418,0.4972528940398615,0.11208631552402964,0.1585379299715416,0.20380927408501384,0.989048403925237,
v3,validation,raster_image,14260,pchip,0.6550269634742601,1.0117412454310077,0.5237031660939172,0.11208631552402964,0.1599339637982103,0.2146318739064963,0.9887814153545235,
v3,validation,raster_image,14260,autoregression,3.2697229483939627,5.05034716506361,1.7011666615904348,0.11208631552402964,0.5884447660256237,0.08761127042838468,0.8358767373226779,
v3,validation,raster_image,14260,pca_r32_l01,0.689967135576489,1.0657091203575366,0.529236173664,0.11208631552402964,0.16446107576490054,0.4380909532311458,0.9874659936430923,
v3,validation,raster_image,14260,pca_r64_l01,0.6741423977010402,1.0412665540213266,0.4811381645318349,0.11208631552402964,0.16239723465341374,0.6724242576513341,0.9874245699812743,
v3,validation,raster_image,14260,pca_r96_l01,0.6140988844923101,0.9485245720552041,0.43580191608571145,0.11208631552402964,0.1547761534740395,0.7496193402878641,0.9887752694687963,
v3,validation,raster_image,14260,pca_r64_l001,0.7584886582974737,1.1715460623497458,0.5318487152513096,0.11208631552402964,0.1736347325139602,0.6471246064756302,0.9851171436040254,
v3,validation,raster_image,14260,pca_r64_l1,0.43371467807488845,0.669906817621317,0.33480081394156225,0.11208631552402964,0.13434703522244246,0.7659091574787055,0.992687949044919,
v3,validation,raster_image,14260,template_1,0.904344540396682,1.3968320735175745,0.5718426004451129,0.11208631552402964,0.19423750391801337,0.06837572939343213,0.9813076098950405,
v3,validation,raster_image,14260,dictionary_8,0.35491184457125635,0.548189573357692,0.2449811597557049,0.11208631552402964,0.12691360537996085,0.83335665350526,0.9940552507003099,
v3,validation,raster_image,14260,dictionary_24,0.33470547977110077,0.5169792357250091,0.22306734187515553,0.11208631552402964,0.12518628171513105,0.8523661121124777,0.9942748654741047,
v3,validation,raster_image,14260,dictionary_48,0.33592263317639237,0.5188592259709354,0.2248447214768135,0.11208631552402964,0.12528812062607972,0.8501733150334196,0.9942521109090086,
v3,validation,raster_image,14260,local_pca_8,0.7461797287888571,1.1525339416808236,0.46025632349209167,0.11208631552402964,0.17196000567135283,0.42222484462233517,0.9858941858150947,
v3,validation,raster_image,14260,local_pca_16,0.43948322913859905,0.6788168035653693,0.2975157024428573,0.11208631552402964,0.13493159316094355,0.7333427267618571,0.9927256094208594,
v3,validation,raster_image,14260,local_pca_32,0.30053345018684613,0.4641978180149615,0.22484220816019196,0.11208631552402964,0.12244692225633058,0.886432229009556,0.9946612358151898,
v3,validation,raster_image,14260,local_dictionary_8,0.5738971306298605,0.8864297655978148,0.39594831019189003,0.11208631552402964,0.14987719165469163,0.48643828726610067,0.9904052926864937,
v3,validation,raster_image,14260,local_dictionary_24,0.3124376632096855,0.48258482188076013,0.2118420728400845,0.11208631552402964,0.12337454399007051,0.8744551878260979,0.9943503349669007,
v3,validation,raster_image,14373,zero_fill,0.810457496054749,1.0,0.5183340484729612,0.08579818956427507,0.16630568261290893,,0.9788562958533776,
v3,validation,raster_image,14373,linear,1.8515765801031872,2.2846066439221473,1.22874031574761,0.08579818956427507,0.33803370030286645,0.2333810444158951,0.9077612028603781,
v3,validation,raster_image,14373,pchip,1.9674360732087501,2.4275623123804673,1.3820775242804308,0.08579818956427507,0.357902130104673,0.21970486079506604,0.8979822031279431,
v3,validation,raster_image,14373,autoregression,2.0243215949136992,2.4977517078538436,1.1648056732148384,0.08579818956427507,0.36768189074174856,0.2773164448440473,0.8926719904240975,
v3,validation,raster_image,14373,pca_r32_l01,0.4502095488707091,0.5555005056555069,0.33557020265563364,0.08579818956427507,0.11604011256916899,0.8274462509552963,0.9906741464847059,
v3,validation,raster_image,14373,pca_r64_l01,0.6378083015767907,0.7869731659977203,0.39841465890718586,0.08579818956427507,0.14086791673274962,0.6963420466685584,0.9846570960174439,
v3,validation,raster_image,14373,pca_r96_l01,0.4847272182108196,0.5980908567943886,0.3870897471746691,0.08579818956427507,0.12030711811107193,0.8158049754447146,0.9894743871504618,
v3,validation,raster_image,14373,pca_r64_l001,0.7108289216894168,0.8770711914562859,0.43758818295692425,0.08579818956427507,0.15139754840504607,0.6489914871190572,0.9818338563382725,
v3,validation,raster_image,14373,pca_r64_l1,0.443099029764273,0.5467270423449082,0.3103120727826849,0.08579818956427507,0.11518164451825726,0.8328272228435161,0.9908686781640602,
v3,validation,raster_image,14373,template_1,0.9754443796144476,1.2035725307777931,0.5790758503533997,0.08579818956427507,0.19200365776375364,0.4438958215136745,0.9694183491579009,
v3,validation,raster_image,14373,dictionary_8,0.7081242953772453,0.87373403148758,0.367729616346927,0.08579818956427507,0.1510009547787743,0.47014328497684316,0.9829630270973976,
v3,validation,raster_image,14373,dictionary_24,0.5554272683833681,0.685325598303612,0.3183950353483408,0.08579818956427507,0.1295063535810521,0.7582955108259845,0.9882647307919836,
v3,validation,raster_image,14373,dictionary_48,0.43970790112385905,0.5425428270628956,0.27732566430016126,0.08579818956427507,0.11477481316942907,0.8710882864177419,0.9913294931048033,
v3,validation,raster_image,14373,local_pca_8,0.40092259897051435,0.49468676756298485,0.2668194321390848,0.08579818956427507,0.11024690183756267,0.8696123241956637,0.9919544531537536,
v3,validation,raster_image,14373,local_pca_16,0.3697242407449645,0.4561920181437725,0.2645071079695103,0.08579818956427507,0.10678500940882431,0.8865611431577813,0.9924179668347913,
v3,validation,raster_image,14373,local_pca_32,0.3499994017150323,0.4318541113121973,0.26929601868350117,0.08579818956427507,0.10468715156786886,0.9003530873577658,0.9928918639858291,
v3,validation,raster_image,14373,local_dictionary_8,0.7052606176713849,0.8702006226169106,0.44150308333401067,0.08579818956427507,0.15058155474546311,0.6453810822108056,0.982090379257179,
v3,validation,raster_image,14373,local_dictionary_24,0.7097902927710366,0.8757896573555635,0.42186560822153185,0.08579818956427507,0.15124519300416206,0.697232140157452,0.9816798571427564,
v3,validation,raster_image,14486,zero_fill,1.603412352315994,1.0,1.1849063426861761,0.23467363407430666,0.3656396074850548,,0.9825461450411468,
v3,validation,raster_image,14486,linear,1.8930738658686432,1.180653163320251,1.4461436836621444,0.23467363407430666,0.40662297540434106,0.06791723670251942,0.9749245610895657,
v3,validation,raster_image,14486,pchip,1.9447580831114675,1.212887053228964,1.5286643473435897,0.23467363407430666,0.41417490086640474,0.06256452916693946,0.9734002457998338,
v3,validation,raster_image,14486,autoregression,10.50731459504656,6.553095702343587,6.240112700035723,0.23467363407430666,1.8717545507966695,0.060779811655077204,0.6062964350931551,
v3,validation,raster_image,14486,pca_r32_l01,1.6877489826186656,1.0525982166601464,1.2495438145105526,0.23467363407430666,0.37731451480948014,0.2335758274124067,0.9797787732497818,
v3,validation,raster_image,14486,pca_r64_l01,1.7026859747791265,1.061913968867547,1.2204825587519836,0.23467363407430666,0.3794058957406481,0.4148778031183149,0.9783790434625403,
v3,validation,raster_image,14486,pca_r96_l01,2.160270698943417,1.3472957819135472,1.6525338157521152,0.23467363407430666,0.4463040108467395,0.5988293466207834,0.9642687726001292,
v3,validation,raster_image,14486,pca_r64_l001,1.8818449231746108,1.1736500099032194,1.3212901416442466,0.23467363407430666,0.40499087432994046,0.36794117193938436,0.9737278133068445,
v3,validation,raster_image,14486,pca_r64_l1,1.3412197280806122,0.8364783557662714,0.977940377444214,0.23467363407430666,0.331006679946357,0.5606961193308421,0.9866037514660043,
v3,validation,raster_image,14486,template_1,2.3043302845258284,1.4371414073225877,1.6264125761671142,0.23467363407430666,0.4682801381986059,0.22626992210954405,0.9615323301603669,
v3,validation,raster_image,14486,dictionary_8,1.9719230912590309,1.2298290507808265,1.3389361543301226,0.23467363407430666,0.41816951662347196,0.573779991360833,0.969901708600262,
v3,validation,raster_image,14486,dictionary_24,2.0901535626358245,1.303565835461336,1.3881122428572616,0.23467363407430666,0.4357452332577102,0.5894454534480613,0.9663950054264037,
v3,validation,raster_image,14486,dictionary_48,1.9602401121392905,1.222542728517645,1.3510140893224554,0.23467363407430666,0.41644944349745006,0.5256772129914117,0.9705358074049634,
v3,validation,raster_image,14486,local_pca_8,1.2061653210423493,0.7522489890389987,0.9023268233790924,0.23467363407430666,0.3143474357748963,0.7162465079023428,0.98768919191271,
v3,validation,raster_image,14486,local_pca_16,1.1149210972805932,0.6953427143492962,0.8152441096928987,0.23467363407430666,0.3036379527692196,0.7205365233908833,0.9903055547291119,
v3,validation,raster_image,14486,local_pca_32,2.4427949497897004,1.523497649410826,1.5644367791007134,0.23467363407430666,0.48972155089451574,0.015878669689452965,0.9576676149715145,
v3,validation,raster_image,14486,local_dictionary_8,1.0577975864496143,0.6597165008250777,0.7718800104783595,0.23467363407430666,0.2971825451383753,0.8255312609655864,0.989136801221223,
v3,validation,raster_image,14486,local_dictionary_24,2.154197913386795,1.3435083684338827,1.3309244810170962,0.23467363407430666,0.44538578082864405,0.4476153634649162,0.9652449506179004,
v3,validation,raster_image,14599,zero_fill,1.2184603058811136,1.0,0.7390743794959329,0.1486229632920368,0.2603722010625358,,0.9764162513903618,
v3,validation,raster_image,14599,linear,1.425036706998995,1.1695388845420767,0.9732552080821663,0.1486229632920368,0.2913053572951537,0.3858486051003361,0.9653543438154594,
v3,validation,raster_image,14599,pchip,1.8363857266378654,1.507136274997409,1.2761522265711616,0.1486229632920368,0.3560663947368248,0.29445351587791835,0.9450291001110773,
v3,validation,raster_image,14599,autoregression,3.232228497517957,2.652715465507605,1.7631636460312599,0.1486229632920368,0.5898107059132425,-0.09225733604216076,0.8506585419117559,
v3,validation,raster_image,14599,pca_r32_l01,1.5547149203996458,1.2759668188578157,1.2228352149632373,0.1486229632920368,0.3113423972023288,0.42767210369689557,0.9589647429749222,
v3,validation,raster_image,14599,pca_r64_l01,1.7009292492633876,1.3959660737847204,1.3493332210349045,0.1486229632920368,0.33437968000223006,0.32387581316752406,0.9519330109810913,
v3,validation,raster_image,14599,pca_r96_l01,1.0199139345234436,0.837051424326791,0.8470827335304665,0.1486229632920368,0.23217563230666433,0.6515383388156484,0.9804122192037811,
v3,validation,raster_image,14599,pca_r64_l001,1.9047913720073055,1.5632773286199755,1.485791442858067,0.1486229632920368,0.3671249154163319,0.2655366274376562,0.9409885341164265,
v3,validation,raster_image,14599,pca_r64_l1,1.0572678207301103,0.8677080538668519,0.8644128339979673,0.1486229632920368,0.237339918846649,0.6039688998326974,0.9794789432986082,
v3,validation,raster_image,14599,template_1,1.0725735628165354,0.8802695973266998,0.7353426910224856,0.1486229632920368,0.239476407332346,0.48962577873659946,0.9800825847492567,
v3,validation,raster_image,14599,dictionary_8,1.0997958101568248,0.9026111107998072,0.7117842308360354,0.1486229632920368,0.24330428259867548,0.5376070986864989,0.9784053101031548,
v3,validation,raster_image,14599,dictionary_24,0.7499008791799872,0.615449576453544,0.5335367063027624,0.1486229632920368,0.19741324600503377,0.7779847667416734,0.9890450239966788,
v3,validation,raster_image,14599,dictionary_48,0.9231496777389334,0.7576362342566176,0.692986699241543,0.1486229632920368,0.219157311455321,0.7399331292635722,0.9828841750302434,
v3,validation,raster_image,14599,local_pca_8,0.7821184127347538,0.6418907607902541,0.6642620089600203,0.1486229632920368,0.20128195035878932,0.7648251696147352,0.9874365854468018,
v3,validation,raster_image,14599,local_pca_16,0.8692522941218563,0.7134022256829022,0.693587666602455,0.1486229632920368,0.21215795210946314,0.7162727364777819,0.9851554294188707,
v3,validation,raster_image,14599,local_pca_32,1.0350188297975749,0.8494481312209137,0.8297048588990334,0.1486229632920368,0.2342552240469003,0.6618392106021195,0.9797424423912504,
v3,validation,raster_image,14599,local_dictionary_8,1.061394685997135,0.8710950047975518,0.8510828829511157,0.1486229632920368,0.23791483647067957,0.579539912297337,0.9796187296093725,
v3,validation,raster_image,14599,local_dictionary_24,0.7778096706608059,0.6383545421271175,0.6162704419244953,0.1486229632920368,0.200759512969059,0.7549197902395139,0.9880641228002635,
v3,test,raster_image,16000,zero_fill,1.3956979461502905,1.0,0.7853510551792251,0.16007200950044007,0.2927396054879082,,0.9737153503435593,False
v3,test,raster_image,16000,linear,2.5764633512855,1.846003541376612,1.5391508260782238,0.16007200950044007,0.48193872456426223,-0.2977225307008557,0.9119025748801594,False
v3,test,raster_image,16000,pchip,2.642673174542356,1.8934420458463508,1.55727211486619,0.16007200950044007,0.493014832511297,-0.3114713632979619,0.9075838365748804,False
v3,test,raster_image,16000,autoregression,10.062784483761531,7.209858344720927,5.773259933570307,0.16007200950044007,1.785829167200969,-0.3540731793028038,0.4444301865937247,False
v3,test,raster_image,16000,pca_r32_l01,0.9611236823439887,0.6886330133214179,0.7626191396510685,0.16007200950044007,0.2317105702536873,0.7137989233563815,0.9853049826817089,False
v3,test,raster_image,16000,pca_r64_l01,0.9545447069516785,0.6839192603131422,0.7573635456567063,0.16007200950044007,0.23085913538889388,0.7234254074144619,0.9851942981246644,False
v3,test,raster_image,16000,pca_r96_l01,0.8713703377363498,0.6243258723277647,0.7367229712420738,0.16007200950044007,0.22034069929298827,0.7756314543749461,0.9869753195577486,False
v3,test,raster_image,16000,pca_r64_l001,1.0421032235568735,0.7466538346862757,0.8166055795524364,0.16007200950044007,0.2424029202290582,0.677810158011346,0.9827184400235865,False
v3,test,raster_image,16000,pca_r64_l1,0.7859558849433177,0.5631274926721752,0.6150105750181264,0.16007200950044007,0.21006257609845483,0.830728206435319,0.9895759926016744,False
v3,test,raster_image,16000,template_1,1.059344248659283,0.7590068120263691,0.638962953824331,0.16007200950044007,0.24472719072458257,0.666013778577562,0.9838160890221953,False
v3,test,raster_image,16000,dictionary_8,0.9349934870779747,0.6699110575156592,0.5253101942125109,0.16007200950044007,0.22834508670191822,0.7805969330809186,0.9869137927935335,False
v3,test,raster_image,16000,dictionary_24,0.8023075304431154,0.5748432407284791,0.4667229817292503,0.16007200950044007,0.2119855440528691,0.8604746366853139,0.9897013604339314,False
v3,test,raster_image,16000,dictionary_48,0.9114312292678588,0.6530289965546132,0.5388080910831904,0.16007200950044007,0.2253484371947348,0.760111699480659,0.9871118617273585,True
v3,test,raster_image,16000,local_pca_8,0.7646120359237978,0.5478348936693667,0.6336567323879296,0.16007200950044007,0.20758628179553987,0.829512910767879,0.9895051392699694,False
v3,test,raster_image,16000,local_pca_16,1.1857768495040661,0.8495941781491883,0.9967991545279644,0.16007200950044007,0.2622249292002578,0.5763491210609997,0.9786548882579587,False
v3,test,raster_image,16000,local_pca_32,1.012815118366291,0.7256692761925364,0.8342714379896163,0.16007200950044007,0.2384919390004423,0.6985841563661244,0.9834372595150507,False
v3,test,raster_image,16000,local_dictionary_8,1.010856526922501,0.7242659700909603,0.7666283095344097,0.16007200950044007,0.2382321224281976,0.6784920862187593,0.9840469985294948,False
v3,test,raster_image,16000,local_dictionary_24,0.8651991292377987,0.61990427916316,0.6474140663757326,0.16007200950044007,0.21957942955117513,0.7778226545526016,0.9877971491913334,False
v3,test,raster_image,16102,zero_fill,1.8361486049008717,1.0,0.9089809289074612,0.09499570944645892,0.3377865185887445,,0.9260024091196508,False
v3,test,raster_image,16102,linear,2.561692707227271,1.3951445435243348,1.332858852492357,0.09499570944645892,0.4623992882060813,-0.5080839520800887,0.851941406071862,False
v3,test,raster_image,16102,pchip,2.3524558558922695,1.2811903402662073,1.2078110441670051,0.09499570944645892,0.4262407727422139,-0.6041348255493743,0.8751331923276209,False
v3,test,raster_image,16102,autoregression,12.83791675451221,6.991763477229716,7.553182404814859,0.09499570944645892,2.2713697431629476,-0.15888455732931664,0.25951199556742455,False
v3,test,raster_image,16102,pca_r32_l01,1.369954464015274,0.7461021729715792,0.8819768154059278,0.09499570944645892,0.2595985459973301,0.8502893497108006,0.9563073766624071,False
v3,test,raster_image,16102,pca_r64_l01,1.4484402436117356,0.788846959198018,0.7663214113971375,0.09499570944645892,0.272587650383112,0.6741017450691652,0.9507482600960355,False
v3,test,raster_image,16102,pca_r96_l01,0.9650477705899688,0.5255826069927869,0.6580030618015067,0.09499570944645892,0.19454007690664493,0.8444430743438743,0.9765014910964428,False
v3,test,raster_image,16102,pca_r64_l001,1.5323311580341845,0.8345354803768241,0.8178469965336788,0.09499570944645892,0.28656306608955556,0.6272695240269989,0.9453745894098144,False
v3,test,raster_image,16102,pca_r64_l1,1.21416775515487,0.6612578916075365,0.6681037665328193,0.09499570944645892,0.23411756307383086,0.7968117051401918,0.9639365025782298,False
v3,test,raster_image,16102,template_1,1.0353565512820677,0.563874050563551,0.5787757192755867,0.09499570944645892,0.20552622380527671,0.8291174736613377,0.9730793021703591,False
v3,test,raster_image,16102,dictionary_8,0.820883792420241,0.4470682766248967,0.4301792514449768,0.09499570944645892,0.1726267586684994,0.9424984906563391,0.9805433882440872,False
v3,test,raster_image,16102,dictionary_24,1.2726999391125189,0.6931355859300006,0.7014812968183064,0.09499570944645892,0.24363874795915355,0.8580310964886775,0.9611853910769002,False
v3,test,raster_image,16102,dictionary_48,0.9862630627644973,0.537136841828629,0.5588565360418586,0.09499570944645892,0.19783709824814866,0.8791374810117839,0.9744741654350523,True
v3,test,raster_image,16102,local_pca_8,1.2806278441617205,0.6974532675316102,0.6867120516500308,0.09499570944645892,0.24493349891173355,0.8702845016701195,0.9609767804521002,False
v3,test,raster_image,16102,local_pca_16,0.8770049667072124,0.4776328911322291,0.5500738977577593,0.09499570944645892,0.18104621654768813,0.868180500798185,0.9805949200837778,False
v3,test,raster_image,16102,local_pca_32,0.6555115089657988,0.3570035166087159,0.4348292724341538,0.09499570944645892,0.14889646860286598,0.9294607565477583,0.9880787332385782,False
v3,test,raster_image,16102,local_dictionary_8,0.8022376306331536,0.4369132370287992,0.4770653490131016,0.09499570944645892,0.16986529085703228,0.920207068877999,0.9815207272945535,False
v3,test,raster_image,16102,local_dictionary_24,1.6316208482181638,0.8886104555280536,0.9302481426077241,0.09499570944645892,0.30320869058859845,0.7442527137308305,0.9400130963576856,False
v3,test,raster_image,16205,zero_fill,0.7304680207646751,1.0,0.4018191401293228,0.11898924792654818,0.17432864116247454,,0.9897542838786778,False
v3,test,raster_image,16205,linear,1.7341096433986571,2.373970651834068,1.1578079066259699,0.11898924792654818,0.32816001861297167,-0.3062296042171816,0.9518724054556629,False
v3,test,raster_image,16205,pchip,1.772532187344216,2.4265705506021713,1.1801290419889492,0.11898924792654818,0.33451373430124115,-0.314667072700888,0.9498911888040571,False
v3,test,raster_image,16205,autoregression,4.086654868051196,5.59457053817793,2.219914319643675,0.11898924792654818,0.7318567927998371,0.5259260922330071,0.8097119862264767,False
v3,test,raster_image,16205,pca_r32_l01,0.34788190638790106,0.4762452242929515,0.23552536257662693,0.11898924792654818,0.13227971022349436,0.8763069318070612,0.9955423824483398,False
v3,test,raster_image,16205,pca_r64_l01,0.7139463160213819,0.9773820286807384,0.4122196122097074,0.11898924792654818,0.17217641905782233,0.6180187356759964,0.9891341938780894,False
v3,test,raster_image,16205,pca_r96_l01,0.49849314914360526,0.6824298052387949,0.4072183586489936,0.11898924792654818,0.14656558840338776,0.8578255502405704,0.9929125590144132,False
v3,test,raster_image,16205,pca_r64_l001,0.8242140885430365,1.1283369909612542,0.47307841639678083,0.11898924792654818,0.18693586287637537,0.5770495982178827,0.986373209018528,False
v3,test,raster_image,16205,pca_r64_l1,0.41395253773661767,0.5666949489496886,0.25145202981167536,0.11898924792654818,0.13809738166015292,0.8141821540948552,0.9947438831287605,False
v3,test,raster_image,16205,template_1,0.40281498883327227,0.5514478079568683,0.2591284222754171,0.11898924792654818,0.1370642629862268,0.8575523291829991,0.9945444738864302,False
v3,test,raster_image,16205,dictionary_8,0.3367710104945402,0.4610345708796376,0.20127542619516964,0.11898924792654818,0.13137807897146095,0.887153517944673,0.9954206328763312,False
v3,test,raster_image,16205,dictionary_24,0.2966215820055324,0.4060705925154948,0.18623851963178661,0.11898924792654818,0.12831796903802056,0.9083981094569186,0.9959201925157161,False
v3,test,raster_image,16205,dictionary_48,0.35872431500898916,0.491088322570872,0.21035212295981132,0.11898924792654818,0.13318159700252327,0.8630147233837768,0.9953309806111398,True
v3,test,raster_image,16205,local_pca_8,0.32442725329460576,0.44413614843122895,0.2108404000861444,0.11898924792654818,0.13040378606780537,0.8902059041358538,0.9956796241932543,False
v3,test,raster_image,16205,local_pca_16,0.39498945422515375,0.5407347659267374,0.22828944902537993,0.11898924792654818,0.1363506902869143,0.8329945761056174,0.9950403383358987,False
v3,test,raster_image,16205,local_pca_32,0.29411317406052456,0.4026366188524425,0.20408317884141708,0.11898924792654818,0.12813740597765652,0.9163020457175435,0.996051167402975,False
v3,test,raster_image,16205,local_dictionary_8,0.4274316884173625,0.5851477084101705,0.2467963753828066,0.11898924792654818,0.13937466626072254,0.8585497023738483,0.9941351056293014,False
v3,test,raster_image,16205,local_dictionary_24,0.30396624609985523,0.4161253298695466,0.18201468148837313,0.11898924792654818,0.12885398150061295,0.909874985695029,0.9959690838298628,False
v3,test,raster_image,16308,zero_fill,0.7342812199241606,1.0,0.47461523224611524,0.12336717726171198,0.17774386268628553,,0.9885284819345629,False
v3,test,raster_image,16308,linear,1.8091595785844188,2.4638510825202307,1.2315282467474167,0.12336717726171198,0.342091985709571,-0.26608725292149293,0.9425443836276731,False
v3,test,raster_image,16308,pchip,1.847168960344535,2.515615148832647,1.2617199482782702,0.12336717726171198,0.3483818146647579,-0.2754192815659808,0.9403364093257799,False
v3,test,raster_image,16308,autoregression,3.31104915940929,4.5092385172962315,1.9595359036783173,0.12336717726171198,0.5977784343199454,0.4293878342439076,0.8460484088121104,False
v3,test,raster_image,16308,pca_r32_l01,1.995508110881385,2.717634683735325,1.4797931724997135,0.12336717726171198,0.37307237458805315,0.2867040342816446,0.9312523232362341,False
v3,test,raster_image,16308,pca_r64_l01,1.211910311859219,1.6504716162894506,0.8913743114773448,0.12336717726171198,0.24625506829694846,0.4668260236331076,0.9710739284636556,False
v3,test,raster_image,16308,pca_r96_l01,0.8460510224496202,1.1522166160493708,0.648291552010024,0.12336717726171198,0.19264650316214296,0.6173025009565329,0.9839819147529331,False
v3,test,raster_image,16308,pca_r64_l001,1.3201561347736095,1.797889008941234,0.9614492557135004,0.12336717726171198,0.2630717281804764,0.4500140362982839,0.9664658902306535,False
v3,test,raster_image,16308,pca_r64_l1,0.8457574070198045,1.1518167482305453,0.6468690172814888,0.12336717726171198,0.19260620971947412,0.5464337613024605,0.9841979280330064,False
v3,test,raster_image,16308,template_1,0.6483337311997133,0.882950174412299,0.3757184322893655,0.12336717726171198,0.1669711708090038,0.5343647092971976,0.9899080074738565,False
v3,test,raster_image,16308,dictionary_8,0.4211765328371913,0.5735902286602019,0.24116171400836223,0.12336717726171198,0.14243342139881973,0.8098863051053894,0.9939285303071664,False
v3,test,raster_image,16308,dictionary_24,0.5562042482199158,0.7574812389691278,0.33698557382423033,0.12336717726171198,0.156241643669458,0.6575099469559914,0.9917412262757209,False
v3,test,raster_image,16308,dictionary_48,0.6188141747046025,0.8427481977116561,0.36976614592930457,0.12336717726171198,0.16343330596975758,0.5896172080395915,0.9904469812764378,True
v3,test,raster_image,16308,local_pca_8,0.7245229895224794,0.9867104998236383,0.4859149026949896,0.12336717726171198,0.17648803390189385,0.5794250771289197,0.9876625759260669,False
v3,test,raster_image,16308,local_pca_16,0.7719598960719385,1.0513136862626957,0.6017679941304332,0.12336717726171198,0.18266476760162664,0.4152080998050056,0.9867834544972898,False
v3,test,raster_image,16308,local_pca_32,1.1124592008313074,1.515031531034127,0.8311334594744642,0.12336717726171198,0.23112285333680185,0.3975642033923457,0.9752014551579465,False
v3,test,raster_image,16308,local_dictionary_8,0.48158053345898055,0.655852989824144,0.26359335127813854,0.12336717726171198,0.1482947954453644,0.7426493784671198,0.9930938699659343,False
v3,test,raster_image,16308,local_dictionary_24,0.563198324897769,0.7670063044182694,0.4426840256755151,0.12336717726171198,0.15702265226302298,0.6879931893985246,0.9914016347383001,False
v3,test,raster_image,16411,zero_fill,1.4391146414257632,1.0,0.7641825631258767,0.11590982287112375,0.27881101626731836,,0.9657034279252619,False
v3,test,raster_image,16411,linear,2.9544546573642014,2.0529668535907306,1.8632364226523936,0.11590982287112375,0.5345935962427293,0.41159420775545186,0.8731788100090428,False
v3,test,raster_image,16411,pchip,3.235629403007201,2.2483472197889602,2.0349666154214083,0.11590982287112375,0.5832501964150765,0.4078995945763459,0.8546199707128281,False
v3,test,raster_image,16411,autoregression,12.674470690185869,8.807130665857855,7.131638551857847,0.11590982287112375,2.243453636239219,0.07185259347759439,0.38309098942737696,False
v3,test,raster_image,16411,pca_r32_l01,1.214345727993577,0.8438144488548164,0.7068355553859864,0.11590982287112375,0.2430999823423176,0.6510869046843896,0.9726945729194472,False
v3,test,raster_image,16411,pca_r64_l01,0.6990294013501004,0.4857357303081541,0.4633088671852139,0.11590982287112375,0.1681823603014702,0.8673782366428258,0.9896586237845357,False
v3,test,raster_image,16411,pca_r96_l01,0.7474732143723369,0.5193979637590224,0.5780114253381637,0.11590982287112375,0.17457125196307624,0.8477579214892411,0.9882443822857994,False
v3,test,raster_image,16411,pca_r64_l001,0.648582997734761,0.45068195337947176,0.4454655106426109,0.11590982287112375,0.16174319954107447,0.8874764512328152,0.990733604000917,False
v3,test,raster_image,16411,pca_r64_l1,0.8851612023719315,0.6150734464733001,0.5343547324258004,0.11590982287112375,0.19364901016102215,0.7810938474243894,0.9846966453047555,False
v3,test,raster_image,16411,template_1,0.9776598168758275,0.6793481135785249,0.5567085416831463,0.11590982287112375,0.2070859133089566,0.890745827319914,0.9798478293345707,False
v3,test,raster_image,16411,dictionary_8,0.782806191794873,0.5439498489288729,0.4084607146186876,0.11590982287112375,0.17934544461134086,0.8917927745741957,0.985935221348797,False
v3,test,raster_image,16411,dictionary_24,0.8579554262362189,0.5961689232667546,0.4411571957022382,0.11590982287112375,0.18978402293681806,0.8360172200095702,0.984430767684175,False
v3,test,raster_image,16411,dictionary_48,0.8379609530406924,0.5822753302061507,0.4640838355014514,0.11590982287112375,0.1869714430901932,0.8143553159198365,0.9856534863855603,True
v3,test,raster_image,16411,local_pca_8,1.2334858318648179,0.8571143648728191,0.6503124103209962,0.11590982287112375,0.24609290646456797,0.6492505837878682,0.9718608354274767,False
v3,test,raster_image,16411,local_pca_16,0.6844264923059399,0.4755885824550178,0.4299620751261791,0.11590982287112375,0.16629485499676908,0.8753579655438241,0.9901641939288351,False
v3,test,raster_image,16411,local_pca_32,0.7323061960740179,0.5088588323641164,0.48012757291776964,0.11590982287112375,0.17255072288559017,0.8548896103741584,0.98914130875019,False
v3,test,raster_image,16411,local_dictionary_8,0.6880637716988448,0.4781160248756587,0.3852729886150112,0.11590982287112375,0.1667632539806538,0.9222619168087631,0.9881135723404332,False
v3,test,raster_image,16411,local_dictionary_24,0.6619894209370989,0.4599976971127548,0.35143074099583743,0.11590982287112375,0.16343172232723718,0.9207257939061109,0.9888424737320091,False
v3,test,raster_image,16514,zero_fill,0.4870853660760576,1.0,0.35527785829536374,0.14056334599331918,0.16295626667792376,,0.9935005631244317,False
v3,test,raster_image,16514,linear,1.0471966565584363,2.149924283282447,0.7409744817742989,0.14056334599331918,0.23110607134827807,-0.13363821942722437,0.9800589331989794,False
v3,test,raster_image,16514,pchip,0.8949008980989659,1.8372567940364453,0.6827534143855936,0.14056334599331918,0.21015970852249338,-0.16609676414411675,0.9846639013916682,False
v3,test,raster_image,16514,autoregression,9.851477546270617,20.22536136865242,5.395049224465115,0.14056334599331918,1.7469984037451216,-0.49993000182299546,0.463342580527071,False
v3,test,raster_image,16514,pca_r32_l01,0.7896131147929991,1.6210980041426706,0.572669466965146,0.14056334599331918,0.1965315299445507,0.22113295378890205,0.9871137151959676,False
v3,test,raster_image,16514,pca_r64_l01,0.8756663928918953,1.7977678121316445,0.7214571931141522,0.14056334599331918,0.20761226729337517,0.1188541368914109,0.9849449437929542,False
v3,test,raster_image,16514,pca_r96_l01,0.704291069064439,1.4459294368422166,0.5759924727799905,0.14056334599331918,0.18612206942839746,0.34545467112776757,0.9890208802032332,False
v3,test,raster_image,16514,pca_r64_l001,1.0434257677557885,2.142182542172411,0.8462998371794976,0.14056334599331918,0.23057245432284415,0.07055110525296794,0.9799614111197799,False
v3,test,raster_image,16514,pca_r64_l1,0.534184446384441,1.0966957408057891,0.4333090618596286,0.14056334599331918,0.16750491635518266,0.3429606102059441,0.9924990227800857,False
v3,test,raster_image,16514,template_1,0.7089672835465438,1.4555298371165593,0.4891105554748463,0.14056334599331918,0.18667604714462313,0.06760379267584106,0.9891908990570594,False
v3,test,raster_image,16514,dictionary_8,0.5729119525071528,1.1762044035987185,0.38255822422656505,0.14056334599331918,0.17145770129498433,0.239788457021421,0.9918786542785489,False
v3,test,raster_image,16514,dictionary_24,0.5719040743339008,1.174135201271062,0.35977407668923134,0.14056334599331918,0.1713525196398568,0.32999236005196125,0.9918120338106833,False
v3,test,raster_image,16514,dictionary_48,0.5759839302868921,1.1825112606584718,0.3363417594280112,0.14056334599331918,0.17177903405344425,0.4105215885418763,0.991642704804037,True
v3,test,raster_image,16514,local_pca_8,0.7247967353943661,1.4880281483989197,0.45600066701452235,0.14056334599331918,0.18856613469982944,0.2463507623542498,0.9886606249993694,False
v3,test,raster_image,16514,local_pca_16,0.5928662873618818,1.2171712160806463,0.33282997381356433,0.14056334599331918,0.17356465978420565,0.3552806562435055,0.9913784879456938,False
v3,test,raster_image,16514,local_pca_32,0.5100717598302534,1.0471917149541432,0.35433901389007916,0.14056334599331918,0.16513941851492256,0.449529459626117,0.9928056123213603,False
v3,test,raster_image,16514,local_dictionary_8,0.5926803018361386,1.216789382548587,0.35915376452616277,0.14056334599331918,0.17354480883248682,0.3377556903305371,0.9914013177939813,False
v3,test,raster_image,16514,local_dictionary_24,0.6333176294553077,1.3002189627606593,0.3843390511789714,0.14056334599331918,0.17797391848253133,0.3373601302576281,0.9905803237136642,False
v3,test,raster_image,16616,zero_fill,1.0981122868580797,1.0,0.5384441159236422,0.09706699274013941,0.21635709978071585,,0.9734374219785896,False
v3,test,raster_image,16616,linear,0.9985927005787287,0.9093721220767901,0.5475742615820949,0.09706699274013941,0.20072286671530795,0.43162445857501486,0.9776417163250417,False
v3,test,raster_image,16616,pchip,1.0209124901911697,0.9296977207241764,0.608725084926571,0.09706699274013941,0.2042015201106784,0.33072433223941056,0.9765374945908631,False
v3,test,raster_image,16616,autoregression,3.970547878140717,3.6157940546328406,1.920261441434165,0.09706699274013941,0.7083725292456423,0.33075943865442714,0.7700077984091258,False
v3,test,raster_image,16616,pca_r32_l01,0.4337063509615631,0.3949562864854962,0.33136827913452965,0.09706699274013941,0.12249786124822204,0.9165776541806451,0.9932489972200464,False
v3,test,raster_image,16616,pca_r64_l01,0.6821422050938453,0.6211953124079792,0.486614550751392,0.09706699274013941,0.15384651659998028,0.9205753252383576,0.9859885677018485,False
v3,test,raster_image,16616,pca_r96_l01,0.8644823574369856,0.787244043967893,0.6646755152235121,0.09706699274013941,0.18022657439559336,0.7668502917724729,0.9806918433583245,False
v3,test,raster_image,16616,pca_r64_l001,0.8793185955415671,0.8007547188616517,0.6055281202305229,0.09706699274013941,0.1824557502804821,0.9056619188639632,0.9795982617835646,False
v3,test,raster_image,16616,pca_r64_l1,0.2990981092752065,0.2723747952324497,0.22374765006944464,0.09706699274013941,0.10919330800809836,0.9603000836936387,0.9949181709090733,False
v3,test,raster_image,16616,template_1,0.9305793621154481,0.8474355248114225,0.49153068108422104,0.09706699274013941,0.19023505055122242,0.541124828807903,0.9794811021752812,False
v3,test,raster_image,16616,dictionary_8,0.6862704525738691,0.6249547161861079,0.3648815886813457,0.09706699274013941,0.15441919079489294,0.7985885125105457,0.9881197865954879,False
v3,test,raster_image,16616,dictionary_24,0.399413218237327,0.36372711881781106,0.250068207715851,0.09706699274013941,0.11879774729171284,0.9272887305865418,0.993696223194924,False
v3,test,raster_image,16616,dictionary_48,0.4257794720550092,0.3877376450028166,0.27706352720849725,0.09706699274013941,0.12162573127882481,0.917134911056896,0.9930699992551126,True
v3,test,raster_image,16616,local_pca_8,0.31257015165989843,0.2846431602675393,0.22151652485584533,0.09706699274013941,0.11036617082137512,0.9600064583878823,0.9950147575873795,False
v3,test,raster_image,16616,local_pca_16,0.470441267907512,0.42840907395138905,0.32862029580656893,0.09706699274013941,0.12666355780403926,0.8968826110571528,0.9924055663853814,False
v3,test,raster_image,16616,local_pca_32,0.3539808161443199,0.3223539344570402,0.2537057176752813,0.09706699274013941,0.11420711061300011,0.9449356748933099,0.9944182504662075,False
v3,test,raster_image,16616,local_dictionary_8,0.6611146194869703,0.6020464640993611,0.3462609551914701,0.09706699274013941,0.15095058934625802,0.786159891325847,0.9884754740790723,False
v3,test,raster_image,16616,local_dictionary_24,0.48204571137910013,0.43897670315512993,0.2762788190465587,0.09706699274013941,0.12801978623036964,0.8921059928385991,0.9920444989767219,False
v3,test,raster_image,16719,zero_fill,1.277217145499732,1.0,0.5751361688161127,0.1511443773832186,0.27038554325316355,,0.9777943886919442,False
v3,test,raster_image,16719,linear,3.253265745949002,2.547151639337028,2.010216593129438,0.1511443773832186,0.59403075785835,0.352648941871672,0.8749832335816831,False
v3,test,raster_image,16719,pchip,3.7723208529095458,2.9535469878409466,2.3262582816973687,0.1511443773832186,0.6832502269608932,0.3176061943728456,0.8429041676285768,False
v3,test,raster_image,16719,autoregression,4.328361634227261,3.3889003522057473,2.4932963773645795,0.1511443773832186,0.7794809519782593,0.30369991585102096,0.8055053757927724,False
v3,test,raster_image,16719,pca_r32_l01,2.8669042240894953,2.2446490279205986,1.9107255901420048,0.1511443773832186,0.5281844829624391,0.3169934797380312,0.8961907171874384,False
v3,test,raster_image,16719,pca_r64_l01,2.8349195753259466,2.219606576152513,1.974689386937662,0.1511443773832186,0.5227616661125803,0.3198408500380197,0.8981556477482346,False
v3,test,raster_image,16719,pca_r96_l01,2.312494798516492,1.81057293715838,1.669840811913596,0.1511443773832186,0.43502210793020396,0.40842906367308984,0.9281474962316605,False
v3,test,raster_image,16719,pca_r64_l001,3.3430313369077105,2.6174338080935287,2.358383799320997,0.1511443773832186,0.6094065203847495,0.2723903992640409,0.8666119503604941,False
v3,test,raster_image,16719,pca_r64_l1,1.3281727113845383,1.0398957734511691,0.9208512612823243,0.1511443773832186,0.27795155032610563,0.5919889522651426,0.9730481116266188,False
v3,test,raster_image,16719,template_1,0.8692818900473857,0.6806061859647718,0.49120713554424594,0.1511443773832186,0.21388039236449857,0.7252971044505541,0.9880496803388849,False
v3,test,raster_image,16719,dictionary_8,0.5264448095030033,0.4121811325176215,0.33819128634080353,0.1511443773832186,0.17547502000855048,0.9240431314333515,0.9940280865245795,False
v3,test,raster_image,16719,dictionary_24,0.5692242519127715,0.4456753919397576,0.34294843247885326,0.1511443773832186,0.1796002119480444,0.9106581554366238,0.9935124313049564,False
v3,test,raster_image,16719,dictionary_48,0.4953970797723544,0.3878722435866786,0.30967943212245125,0.1511443773832186,0.17262690747483075,0.9271382543412551,0.994249394601969,True
v3,test,raster_image,16719,local_pca_8,0.3778601825733618,0.29584646894598166,0.23807601560143357,0.1511443773832186,0.1630722256419068,0.9640019567594342,0.9954967057103776,False
v3,test,raster_image,16719,local_pca_16,0.5488604770122815,0.4297315291657245,0.43688994124600183,0.1511443773832186,0.17760834109754792,0.9071022472830456,0.992615062927686,False
v3,test,raster_image,16719,local_pca_32,0.9942296650216383,0.7784343238147102,0.6993153988525633,0.1511443773832186,0.2302631601871829,0.7630624705649925,0.9830612308097711,False
v3,test,raster_image,16719,local_dictionary_8,0.47044204896656927,0.3683336468071771,0.3586998023921332,0.1511443773832186,0.17043134877855223,0.936936065684419,0.9945666039166818,False
v3,test,raster_image,16719,local_dictionary_24,0.3589272538202357,0.2810228903400757,0.273681568868109,0.1511443773832186,0.16173010704433644,0.9716133635354949,0.9957220321815462,False
v3,test,raster_image,16822,zero_fill,2.7385094771506955,1.0,1.3485799472153293,0.08731127559310342,0.491673010643911,,0.8323316369654565,False
v3,test,raster_image,16822,linear,2.6359371211244573,0.9625444582602064,1.4639437529815913,0.08731127559310342,0.4738303207220661,0.2664783356747283,0.8443176628521813,False
v3,test,raster_image,16822,pchip,2.656517356175129,0.970059581075149,1.5056856495477553,0.08731127559310342,0.47740854778285274,0.26302147317283575,0.8414447071111337,False
v3,test,raster_image,16822,autoregression,9.860932334772835,3.600839221864853,5.217137423892558,0.08731127559310342,1.7453000058656192,0.1585006942257038,0.3903244311846735,False
v3,test,raster_image,16822,pca_r32_l01,1.8315536068984644,0.6688140472692902,1.0531957274127464,0.08731127559310342,0.3349864567765817,0.7461948635707996,0.9280969797485098,False
v3,test,raster_image,16822,pca_r64_l01,1.6832770459138984,0.6146690599242614,0.9225159100833846,0.08731127559310342,0.30972480918133,0.8048497761126172,0.9404501046741178,False
v3,test,raster_image,16822,pca_r96_l01,1.5698271022090622,0.5732414349145878,0.9232216458381678,0.08731127559310342,0.29051022760861206,0.8468712683892841,0.9492949467203216,False
v3,test,raster_image,16822,pca_r64_l001,1.6530328853850356,0.6036250373341585,0.9237437449173269,0.08731127559310342,0.30459187573194335,0.8137685246042753,0.9426623372568268,False
v3,test,raster_image,16822,pca_r64_l1,1.8130568828131828,0.6620597437915725,0.962674554395567,0.08731127559310342,0.331827152131422,0.7648708487189078,0.9305562907685113,False
v3,test,raster_image,16822,template_1,2.7194114019170463,0.9930261058458998,1.3061445403622742,0.08731127559310342,0.4883492409732562,0.1541076869006544,0.8337080320276448,False
v3,test,raster_image,16822,dictionary_8,2.452564050401622,0.8955835540702282,1.2175667447367557,0.08731127559310342,0.441990930532621,0.42671982138092884,0.8675393605675717,False
v3,test,raster_image,16822,dictionary_24,2.2837788853114676,0.8339496008199482,1.171346055923351,0.08731127559310342,0.4127638179550682,0.5415168731035452,0.8860691223494759,False
v3,test,raster_image,16822,dictionary_48,2.1256655726783786,0.7762126041243592,1.1035450403739064,0.08731127559310342,0.38546948448801693,0.6380176499406729,0.9028725343876663,True
v3,test,raster_image,16822,local_pca_8,1.7643094558456665,0.644259028703949,0.910339465922791,0.08731127559310342,0.32351144107487584,0.7740282025210552,0.9339313240646253,False
v3,test,raster_image,16822,local_pca_16,1.5100760693728728,0.5514226194842472,0.8237090008182066,0.08731127559310342,0.2804377582185777,0.8720357723365217,0.9539621960678141,False
v3,test,raster_image,16822,local_pca_32,1.482201106357137,0.5412437381444833,0.8470656588561281,0.08731127559310342,0.2757513114147681,0.8827294232805079,0.9560397031317673,False
v3,test,raster_image,16822,local_dictionary_8,2.1941024650198475,0.8012031666593753,1.1438049112485142,0.08731127559310342,0.3972722087570558,0.5865877379694141,0.8944540011524112,False
v3,test,raster_image,16822,local_dictionary_24,2.1400738457270947,0.7814739600440427,1.1176551484249102,0.08731127559310342,0.38795284383952905,0.6165913613380857,0.9004134380126078,False
v3,test,raster_image,16925,zero_fill,1.2579528112227383,1.0,0.6233532896042951,0.14537297114408557,0.264432032747797,,0.9802465936604082,False
v3,test,raster_image,16925,linear,1.511899425209,1.2018729253758127,0.9979646426966425,0.14537297114408557,0.3031590029827756,0.32384696369575217,0.9703238614598881,False
v3,test,raster_image,16925,pchip,1.7284629893682686,1.3740284802004548,1.1801774901402233,0.14537297114408557,0.3373942717973349,0.27508673772628905,0.9618892169002322,False
v3,test,raster_image,16925,autoregression,9.20786406793389,7.319721364574707,4.84192866704376,0.14537297114408557,1.63401244082306,0.1442902664024153,0.5629791766559223,False
v3,test,raster_image,16925,pca_r32_l01,0.6654946569141074,0.5290299055552348,0.48175928750628433,0.14537297114408557,0.1852376397106446,0.8689037648432393,0.9915475974875091,False
v3,test,raster_image,16925,pca_r64_l01,0.7576539756711059,0.6022912536239426,0.6020487776831007,0.14537297114408557,0.19598882858527183,0.8331718723844211,0.9899865952170238,False
v3,test,raster_image,16925,pca_r96_l01,0.6791699559665031,0.5399009803128827,0.5414695680457323,0.14537297114408557,0.18678230577370802,0.8813963628847005,0.9910529496215543,False
v3,test,raster_image,16925,pca_r64_l001,0.854747682048157,0.6794751555245834,0.6836038006281058,0.14537297114408557,0.2080959756701618,0.8053088702993657,0.987983790081465,False
v3,test,raster_image,16925,pca_r64_l1,0.5463684750947557,0.4343314552186437,0.40327638698457113,0.14537297114408557,0.17263136605698298,0.901301126981686,0.9935353674234235,False
v3,test,raster_image,16925,template_1,0.6503865723681164,0.5170198488891935,0.4258170008971773,0.14537297114408557,0.1835530420983418,0.8517662552416697,0.9924688787321463,False
v3,test,raster_image,16925,dictionary_8,0.5944810916022962,0.47257821302887887,0.3667459778212738,0.14537297114408557,0.1775299350804755,0.8907331775373396,0.9935827643353125,False
v3,test,raster_image,16925,dictionary_24,0.5069512107155413,0.40299700131261795,0.314258378843758,0.14537297114408557,0.16883163330695264,0.9257053979350298,0.9946164474615662,False
v3,test,raster_image,16925,dictionary_48,0.5148273527551628,0.4092580804002872,0.3401772520783114,0.14537297114408557,0.16957479231723993,0.9173076390493552,0.9944366114212753,True
v3,test,raster_image,16925,local_pca_8,0.5930869035408416,0.47146991385500164,0.37322205606442105,0.14537297114408557,0.1773841521659891,0.8958855152324567,0.9925948867643271,False
v3,test,raster_image,16925,local_pca_16,0.6965543173996274,0.5537205459420788,0.43753431999549364,0.14537297114408557,0.18877236953579618,0.8419919925329368,0.9913009564014267,False
v3,test,raster_image,16925,local_pca_32,0.49136414630662933,0.39060618325501434,0.36169810163346194,0.14537297114408557,0.1673853196214385,0.9185336116722361,0.994420094884813,False
v3,test,raster_image,16925,local_dictionary_8,0.5047762041591318,0.4012679964270568,0.3327260784741141,0.14537297114408557,0.16862785757422455,0.9177491905259195,0.994461375079662,False
v3,test,raster_image,16925,local_dictionary_24,0.5260992624063302,0.41821859907046777,0.3432308519103885,0.14537297114408557,0.1706524938308035,0.9089196609121254,0.9942090619249244,False
v3,test,raster_image,17028,zero_fill,1.106958243253374,1.0,0.677979759375297,0.10804556005380644,0.22271377979750695,,0.9779179364757515,False
v3,test,raster_image,17028,linear,2.4929056276366643,2.252032217863938,1.5582232217640342,0.10804556005380644,0.45333719523834143,0.07304079763128268,0.8983626141349658,False
v3,test,raster_image,17028,pchip,1.9839257570356317,1.7922317929579994,1.2456327379117316,0.10804556005380644,0.3664803262069878,0.05411445191789764,0.9317276292928154,False
v3,test,raster_image,17028,autoregression,3.3590905887741216,3.034523306770527,2.0079364411926948,0.10804556005380644,0.6032562348946973,0.32128030944291097,0.8406203808791917,False
v3,test,raster_image,17028,pca_r32_l01,0.9759694046085591,0.8816677689125509,0.5766966366253542,0.10804556005380644,0.20267009933013266,0.5066362142538305,0.9817618800050427,False
v3,test,raster_image,17028,pca_r64_l01,1.3377788891483682,1.208517933988736,0.8228950394360004,0.10804556005380644,0.25929842187131874,-0.20326451015985988,0.9679045706213505,False
v3,test,raster_image,17028,pca_r96_l01,0.9803448625613634,0.8856204545531084,0.777810498432514,0.10804556005380644,0.2033289502273671,0.546263483158533,0.9813040572212981,False
v3,test,raster_image,17028,pca_r64_l001,1.4342846891973375,1.2956990003362223,0.8897055859378371,0.10804556005380644,0.2749466825662219,-0.28397813499335456,0.9632522954587455,False
v3,test,raster_image,17028,pca_r64_l1,1.0761714841112557,0.9721879670441449,0.6363190528731453,0.10804556005380644,0.21794739887770112,0.2800697151890041,0.9787242470061882,False
v3,test,raster_image,17028,template_1,0.7451301686367783,0.6731330410863781,0.4356388676595484,0.10804556005380644,0.16929154795428314,0.7489089669584957,0.988052994698407,False
v3,test,raster_image,17028,dictionary_8,0.6076174462406864,0.5489072871031573,0.366391852616906,0.10804556005380644,0.15115059703028952,0.837839165374879,0.9914453335348521,False
v3,test,raster_image,17028,dictionary_24,0.8134281222112205,0.7348318034296739,0.5291448142356143,0.10804556005380644,0.1788465162918712,0.7174271055504989,0.9871205639012042,False
v3,test,raster_image,17028,dictionary_48,0.8905540830225297,0.8045055795466793,0.5162133709276986,0.10804556005380644,0.18998155414207818,0.6191873041250041,0.9849571461028261,True
v3,test,raster_image,17028,local_pca_8,0.9636957578667013,0.87058004558002,0.5564756470617758,0.10804556005380644,0.2008263124099589,0.5123857865145154,0.9822307130220901,False
v3,test,raster_image,17028,local_pca_16,1.1040289031439368,0.9973537031524985,0.6279920063693589,0.10804556005380644,0.22225892511921524,0.27629048696621133,0.9775310131394107,False
v3,test,raster_image,17028,local_pca_32,0.9455800591197933,0.854214750089139,0.5721487735245327,0.10804556005380644,0.19811697796634514,0.5158537809828063,0.9831140775761805,False
v3,test,raster_image,17028,local_dictionary_8,0.524883341204723,0.47416724560637413,0.33227349898446956,0.10804556005380644,0.1411328780287609,0.8850264892149075,0.9924395506552363,False
v3,test,raster_image,17028,local_dictionary_24,0.7053532271469549,0.6371994891820911,0.438477900627675,0.10804556005380644,0.16387993981057683,0.8624205309086531,0.9899162737888811,False
v3,test,raster_image,17131,zero_fill,1.3522775627072419,1.0,0.7920250103127114,0.11955259698483013,0.26644254384281496,,0.9697360339694236,False
v3,test,raster_image,17131,linear,1.2422619042585739,0.9186441737386974,0.7135181732780049,0.11955259698483013,0.24914178729142317,0.4532553315373326,0.9728395127996461,False
v3,test,raster_image,17131,pchip,1.296133540882452,0.9584818802196271,0.7170624133718165,0.11955259698483013,0.25757521247569715,0.4420352572590656,0.9703383994085796,False
v3,test,raster_image,17131,autoregression,9.371135600239137,6.929890622068925,5.11525186312597,0.11955259698483013,1.6607722221613663,-0.41984710180429596,0.41875106890163927,False
v3,test,raster_image,17131,pca_r32_l01,1.4358991827912175,1.0618376155828293,1.057811728738412,0.11955259698483013,0.2797813873120863,0.3782077634575132,0.9639002614584211,False
v3,test,raster_image,17131,pca_r64_l01,0.9780421977204169,0.7232555095881272,0.6960422159001709,0.11955259698483013,0.20913841613735426,0.6749854678631761,0.9823391498257655,False
v3,test,raster_image,17131,pca_r96_l01,1.1878354763738117,0.8783962029184162,0.9275030549968277,0.11955259698483013,0.24070408737652688,0.6054948388097979,0.9740678842281759,False
v3,test,raster_image,17131,pca_r64_l001,0.9763256340108492,0.7219861224764079,0.7051247221638988,0.11955259698483013,0.20888762457711416,0.6779799244501699,0.9823445953541695,False
v3,test,raster_image,17131,pca_r64_l1,1.0164131700891832,0.7516305809691447,0.6620017372796414,0.11955259698483013,0.2147799207292691,0.6408639201408027,0.9812315168357465,False
v3,test,raster_image,17131,template_1,1.853458533286851,1.3706198966847098,1.0094143534335815,0.11955259698483013,0.34813727812433143,0.21907064136173188,0.9415484129079416,False
v3,test,raster_image,17131,dictionary_8,1.2693587142973242,0.9386820792589983,0.7396845802046284,0.11955259698483013,0.2533740486158069,0.4515106703782274,0.9715807342690999,False
v3,test,raster_image,17131,dictionary_24,1.1093252958648647,0.8203384619086707,0.6314013597367835,0.11955259698483013,0.2286974078112006,0.5440833745358569,0.9783539929954783,False
v3,test,raster_image,17131,dictionary_48,1.1086772395865354,0.8198592287274058,0.6311097935936518,0.11955259698483013,0.22859918172955815,0.551151174445727,0.9782428850710012,True
v3,test,raster_image,17131,local_pca_8,1.1288097449998429,0.8347470786544595,0.7065785649891508,0.11955259698483013,0.23165767897016062,0.5590410433275093,0.9771371626112203,False
v3,test,raster_image,17131,local_pca_16,1.103954548129803,0.8163668307264528,0.7925498013393499,0.11955259698483013,0.227883822590921,0.5853017201407024,0.9779804532671663,False
v3,test,raster_image,17131,local_pca_32,1.1429146525949183,0.8451775612595526,0.8269626517966724,0.11955259698483013,0.23380891168968626,0.5594542416676991,0.9764901309980316,False
v3,test,raster_image,17131,local_dictionary_8,1.4004023295312553,1.0355879356067021,0.8712747641406668,0.11955259698483013,0.27410104269325236,0.3778878469796999,0.9656974947390266,False
v3,test,raster_image,17131,local_dictionary_24,1.210393291220405,0.8950775525678423,0.7992864327506909,0.11955259698483013,0.24419059194687567,0.4822958411463631,0.9741455639585687,False
v3,test,raster_image,17233,zero_fill,2.5118083112483123,1.0,1.2088973003466374,0.09065508989159997,0.45290553987134613,,0.8740706515262102,False
v3,test,raster_image,17233,linear,3.046574208267704,1.2129007594347936,1.7308533868051268,0.09065508989159997,0.5459047281664307,-0.05454365332737857,0.8108771841642913,False
v3,test,raster_image,17233,pchip,3.1013081065665924,1.2346913945138243,1.7766711609327617,0.09065508989159997,0.5554525372634388,-0.06508860012853465,0.8043272350961497,False
v3,test,raster_image,17233,autoregression,12.714722431671243,5.061979600406812,7.279140553539261,0.09065508989159997,2.249436979692535,-0.16396069596888113,0.22092294030065315,False
v3,test,raster_image,17233,pca_r32_l01,2.09300700785951,0.8332670126484821,1.1294145921511272,0.09065508989159997,0.38060178664722427,0.6265083130597954,0.9152606037093315,False
v3,test,raster_image,17233,pca_r64_l01,1.0922782940238533,0.43485734525697767,0.6661097413915473,0.09065508989159997,0.21270876338145248,0.9007484090881781,0.9743083154470568,False
v3,test,raster_image,17233,pca_r96_l01,1.123115368983526,0.44713418773001945,0.7413699140713709,0.09065508989159997,0.2176692471580935,0.8950078127206967,0.973710735188157,False
v3,test,raster_image,17233,pca_r64_l001,1.2459622191862831,0.4960419207176952,0.7565738977545565,0.09065508989159997,0.23764407187144412,0.8840338287890218,0.966528691301274,False
v3,test,raster_image,17233,pca_r64_l1,1.4656456665102762,0.5835021963845176,0.7942826889995269,0.09065508989159997,0.2740258840865464,0.8801462698069814,0.9606102014060821,False
v3,test,raster_image,17233,template_1,3.0203532500880756,1.202461683306967,1.4759718677955358,0.09065508989159997,0.5413323395896253,0.15335968020373622,0.8169474527162177,False
v3,test,raster_image,17233,dictionary_8,2.1383769927734604,0.851329690724184,1.0587271739646158,0.09065508989159997,0.3884031760073764,0.5452605955075541,0.910506404250729,False
v3,test,raster_image,17233,dictionary_24,1.617628167821287,0.6440094017434643,0.8547585031822469,0.09065508989159997,0.29955642176963765,0.7917252352361703,0.9500313457779359,False
v3,test,raster_image,17233,dictionary_48,1.2079565160699375,0.48091110721327707,0.6596274377556556,0.09065508989159997,0.23143085156104795,0.8930912428967419,0.971859130667555,True
v3,test,raster_image,17233,local_pca_8,2.1241418643433425,0.8456624077685656,1.0406732191695989,0.09065508989159997,0.38595447290114765,0.6412068425655693,0.9127754639021026,False
v3,test,raster_image,17233,local_pca_16,1.048329579625793,0.4173605027625682,0.571706083929621,0.09065508989159997,0.20568206750189022,0.9197524731224168,0.9782565908235138,False
v3,test,raster_image,17233,local_pca_32,1.1560490427496601,0.46024572718096063,0.6336209584990087,0.09065508989159997,0.2229922990726979,0.9066469392489375,0.9743888451473226,False
v3,test,raster_image,17233,local_dictionary_8,2.008502961551989,0.7996242995763512,1.0647178765308627,0.09065508989159997,0.36609650587242654,0.6018504449669353,0.9195213420383109,False
v3,test,raster_image,17233,local_dictionary_24,1.039780822940345,0.41395707557938494,0.5763391102874361,0.09065508989159997,0.20432150406707206,0.9217513052785923,0.9785594909009951,False
v3,test,raster_image,17336,zero_fill,1.1975692338872912,1.0,0.6499315074046104,0.09461799009973049,0.23128050849558796,,0.9673373662845035,False
v3,test,raster_image,17336,linear,2.189141328081958,1.8279872813499383,1.3789123613789844,0.09461799009973049,0.3980369502273914,-0.18123405959808842,0.8968529691620168,False
v3,test,raster_image,17336,pchip,2.2442230521801556,1.8739818865381521,1.4178614812296413,0.09461799009973049,0.4075102220153006,-0.18572480817917839,0.8921513861950124,False
v3,test,raster_image,17336,autoregression,5.643701853732358,4.7126309644854425,3.1413633652277015,0.09461799009973049,1.0020120399006558,0.5400405464602449,0.6756460580597929,False
v3,test,raster_image,17336,pca_r32_l01,0.7094189622222329,0.5923824211143685,0.42650295195470644,0.09461799009973049,0.15620546860689247,0.8968776822813161,0.9870979907486696,False
v3,test,raster_image,17336,pca_r64_l01,1.0396337867808616,0.8681199861875429,0.7238162906021595,0.09461799009973049,0.20603154310855895,0.6524551398795256,0.9731124131307992,False
v3,test,raster_image,17336,pca_r96_l01,0.8097883027726268,0.6761933087944039,0.649992121836926,0.09461799009973049,0.17077823530031436,0.7885829263594193,0.9821000620121566,False
v3,test,raster_image,17336,pca_r64_l001,1.2104394496267015,1.0107469492161498,0.828131284100112,0.09461799009973049,0.2333648663291621,0.6004113513781808,0.9648269902140109,False
v3,test,raster_image,17336,pca_r64_l1,0.7084571084727144,0.5915792493875895,0.49394432714078207,0.09461799009973049,0.1560689911657074,0.8116199441208266,0.98660000861669,False
v3,test,raster_image,17336,template_1,1.2369142111476434,1.0328540314388663,0.6704715993491808,0.09461799009973049,0.2376635128775089,0.17539834961241743,0.9647001225730678,False
v3,test,raster_image,17336,dictionary_8,1.034560084582084,0.8638833190661703,0.5296821997117335,0.09461799009973049,0.2052318851762853,0.49690832199441826,0.9749428154294287,False
v3,test,raster_image,17336,dictionary_24,0.9112384201737173,0.7609066719390005,0.48260698146160635,0.09461799009973049,0.18606827913149465,0.6701137013211911,0.9800370846423345,False
v3,test,raster_image,17336,dictionary_48,0.8739618328927664,0.729779797411712,0.465448317372731,0.09461799009973049,0.1803935602820242,0.7131467208371114,0.9814524381667558,True
v3,test,raster_image,17336,local_pca_8,0.6971401861891667,0.5821293387157755,0.4018863701633638,0.09461799009973049,0.15446823346219116,0.8766195058749986,0.98735984113352,False
v3,test,raster_image,17336,local_pca_16,0.5720585323721893,0.47768305679939366,0.36200688263698655,0.09461799009973049,0.1374750488754365,0.8942443950573146,0.9902835533589704,False
v3,test,raster_image,17336,local_pca_32,0.5760438009106059,0.4810108548303104,0.3519812994080477,0.09461799009973049,0.1379941060939551,0.8992788960958871,0.9902671245135246,False
v3,test,raster_image,17336,local_dictionary_8,1.064251625062563,0.888676491469323,0.5637636430260105,0.09461799009973049,0.20992267973993126,0.43852354782968417,0.973480450041117,False
v3,test,raster_image,17336,local_dictionary_24,0.8002171231894455,0.6682011365572186,0.4617863547422282,0.09461799009973049,0.16936249306327814,0.7500140175643898,0.9838180923496572,False
v3,test,raster_image,17439,zero_fill,0.9195319764822714,1.0,0.5560845259680991,0.11386512822618734,0.19744163267108372,,0.9854887018342502,False
v3,test,raster_image,17439,linear,2.6313729757955113,2.86164379607765,1.6557447564195829,0.11386512822618734,0.47847567296937477,-0.025073316294459122,0.8992936210290954,False
v3,test,raster_image,17439,pchip,2.193218969667023,2.385147037580273,1.369459944892157,0.11386512822618734,0.40358288875676707,-0.049974422936537706,0.9265033890634541,False
v3,test,raster_image,17439,autoregression,6.931832940910713,7.5384359850419616,3.956607060294867,0.11386512822618734,1.230500802657446,-0.08648923353985792,0.6081891146612276,False
v3,test,raster_image,17439,pca_r32_l01,0.6818332851549879,0.7415003529984731,0.36938457040302064,0.11386512822618734,0.16458469694109926,0.678968591735175,0.9905873391669748,False
v3,test,raster_image,17439,pca_r64_l01,0.6578047953551784,0.7153691357984666,0.45558882458134503,0.11386512822618734,0.16149984897411832,0.7038712181152004,0.9910602949367046,False
v3,test,raster_image,17439,pca_r96_l01,0.6124105055748179,0.6660024025674818,0.48791938809976665,0.11386512822618734,0.1558214039316479,0.7553151221896062,0.991794672732951,False
v3,test,raster_image,17439,pca_r64_l001,0.7805084383953613,0.8488105453181155,0.5279986821249915,0.11386512822618734,0.17775656744295995,0.60021202567706,0.9882635700440475,False
v3,test,raster_image,17439,pca_r64_l1,0.44703657759145926,0.48615664166636857,0.2953554298722153,0.11386512822618734,0.13713189270616827,0.9318182193594224,0.9948717767272804,False
v3,test,raster_image,17439,template_1,1.7095845195514556,1.8591898523111519,0.9136753409559164,0.11386512822618734,0.3223256563484616,-0.11425875949618955,0.9530575611613415,False
v3,test,raster_image,17439,dictionary_8,1.2452379956714257,1.354208475093127,0.5728589738309384,0.11386512822618734,0.2470160012573033,-0.4183175712479976,0.9744618591284541,False
v3,test,raster_image,17439,dictionary_24,1.0745007067105952,1.168530006777107,0.4834865133872839,0.11386512822618734,0.22054442997149953,-0.0441973028070797,0.9804766836133872,False
v3,test,raster_image,17439,dictionary_48,0.7886324728408912,0.8576455120765407,0.39389379636295985,0.11386512822618734,0.17887359952492357,0.514115116137384,0.9885343855951564,True
v3,test,raster_image,17439,local_pca_8,0.6882456423734066,0.7484738540646889,0.3499409774566697,0.11386512822618734,0.16541664767063688,0.6673893080671479,0.9905106130693722,False
v3,test,raster_image,17439,local_pca_16,0.40227104891281157,0.4374736922708499,0.26991323957569086,0.11386512822618734,0.13272919881736203,0.904054144551531,0.9951419688781932,False
v3,test,raster_image,17439,local_pca_32,0.31391079852370973,0.3413810574860003,0.2139464751161077,0.11386512822618734,0.12505789654630242,0.947931715094936,0.9960608167338947,False
v3,test,raster_image,17439,local_dictionary_8,1.2560512586729053,1.3659680041557773,0.5755360230004057,0.11386512822618734,0.2487209816377291,-0.35426438405972066,0.973997561171958,False
v3,test,raster_image,17439,local_dictionary_24,0.8148197344345655,0.8861244146742028,0.42475241826861493,0.11386512822618734,0.18250466516545583,0.478396366599369,0.987851023393994,False
v3,test,raster_image,17542,zero_fill,1.2372321128934565,1.0,0.7907313802427847,0.09324610337774865,0.23718948193005646,,0.9653056986542701,False
v3,test,raster_image,17542,linear,1.2015910877333782,0.971192935594982,0.839810972801819,0.09324610337774865,0.2313925946693081,0.3642514697972446,0.9670624679603443,False
v3,test,raster_image,17542,pchip,1.2141586506680666,0.9813507409119627,0.8877740549877151,0.09324610337774865,0.23343368562086106,0.37489785935913766,0.9662831910389598,False
v3,test,raster_image,17542,autoregression,12.686569014220495,10.25399266799745,7.242468153261746,0.09324610337774865,2.2445668656657674,-0.27796140346587217,0.274413562106745,False
v3,test,raster_image,17542,pca_r32_l01,1.1647229947859554,0.9413940865647858,0.7283133166351057,0.09324610337774865,0.2254245691628571,0.3960914763906433,0.968001194793863,False
v3,test,raster_image,17542,pca_r64_l01,0.8974633197950046,0.7253799108852335,0.6016097831924143,0.09324610337774865,0.18328430102120535,0.6662235245011312,0.9802408045136531,False
v3,test,raster_image,17542,pca_r96_l01,0.7182677290089298,0.5805440398157391,0.5851666759351627,0.09324610337774865,0.15666928146824052,0.8023445719636211,0.986146995191559,False
v3,test,raster_image,17542,pca_r64_l001,0.8753045187736697,0.7074699319973486,0.5896116804704696,0.09324610337774865,0.1799043070491533,0.686208944661255,0.9810002977218089,False
v3,test,raster_image,17542,pca_r64_l1,1.0311762996054161,0.8334541989811861,0.6461511590187159,0.09324610337774865,0.204088252243137,0.5277890604405481,0.9746099446487373,False
v3,test,raster_image,17542,template_1,1.6168289074071935,1.306811301256958,0.914024515205978,0.09324610337774865,0.30019137778448346,-0.13171375780159975,0.9403206330197511,False
v3,test,raster_image,17542,dictionary_8,1.2326975806778684,0.9963349381507861,0.6996965843493406,0.09324610337774865,0.23645052568258185,0.24414478434206985,0.96473057091206,False
v3,test,raster_image,17542,dictionary_24,1.0949679703370654,0.8850141852334525,0.6407070853869162,0.09324610337774865,0.21422059058021975,0.4354570685328387,0.9718110056289125,False
v3,test,raster_image,17542,dictionary_48,1.0107717588127165,0.8169621110535776,0.6147059620343229,0.09324610337774865,0.20087305211116083,0.5424112631930275,0.9757789635448657,True
v3,test,raster_image,17542,local_pca_8,1.1965946248400954,0.9671545156079694,0.742203826123796,0.09324610337774865,0.2305820492420591,0.37059048424269303,0.9662906929605404,False
v3,test,raster_image,17542,local_pca_16,0.9432921250046897,0.762421307347622,0.5665761803200482,0.09324610337774865,0.1903401513364471,0.6252785321495304,0.9782692606179382,False
v3,test,raster_image,17542,local_pca_32,0.8431749577103338,0.6815010287264854,0.5569351958910802,0.09324610337774865,0.17504320171736987,0.723061434426602,0.9824849848891989,False
v3,test,raster_image,17542,local_dictionary_8,1.3478244378914572,1.0893868853269284,0.7629456456886805,0.09324610337774865,0.2553288703458352,0.1375492260673448,0.9579997912955929,False
v3,test,raster_image,17542,local_dictionary_24,1.0750651785948666,0.8689276388734062,0.6364242474353443,0.09324610337774865,0.21104687333892497,0.46493449107166057,0.9727335817696242,False
v3,test,raster_image,17645,zero_fill,1.671591388991364,1.0,0.8154867556718391,0.09363130563395423,0.30953539958028053,,0.9385852930324354,False
v3,test,raster_image,17645,linear,3.565413030143688,2.1329453200252804,2.1439033515110153,0.09363130563395423,0.6369836521340903,-0.5595175112458186,0.7355357930195995,False
v3,test,raster_image,17645,pchip,3.0215358336183242,1.8075804012375984,1.6345268391795411,0.09363130563395423,0.5420288927110997,-0.7041411093171294,0.799080522361717,False
v3,test,raster_image,17645,autoregression,13.259741118189561,7.932405733550991,7.787365214318977,0.09363130563395423,2.3458241221413214,-0.15680577366394277,0.2639204459631858,False
v3,test,raster_image,17645,pca_r32_l01,1.3925823759445568,0.8330877899441915,0.8758091249752621,0.09363130563395423,0.2628602966066097,0.8568047309217985,0.9557611189662905,False
v3,test,raster_image,17645,pca_r64_l01,1.2814181061512488,0.7665857305740578,0.7074812628258422,0.09363130563395423,0.24455340840554013,0.760026515109847,0.9605363125379228,False
v3,test,raster_image,17645,pca_r96_l01,0.9919842062372387,0.5934370162290682,0.6909738883422241,0.09363130563395423,0.19810067900095113,0.8117586327700084,0.9750141370728592,False
v3,test,raster_image,17645,pca_r64_l001,1.4194640163378829,0.8491692561268729,0.7922910781143607,0.09363130563395423,0.2673159154513135,0.6999219904623403,0.9527003729048256,False
v3,test,raster_image,17645,pca_r64_l1,0.9759039782898224,0.5838173041072445,0.5782019567152045,0.09363130563395423,0.19558885753013494,0.8820320583770209,0.9749759353615656,False
v3,test,raster_image,17645,template_1,0.7174429854496058,0.4291975839158336,0.4043604918218975,0.09363130563395423,0.15677371238180474,0.9095749516181939,0.9848702575836659,False
v3,test,raster_image,17645,dictionary_8,1.0737544282326241,0.6423546060981602,0.5604874957890889,0.09363130563395423,0.211003557092755,0.883295280974893,0.9708093968896508,False
v3,test,raster_image,17645,dictionary_24,1.2255925913811683,0.7331891031819021,0.6690376956876054,0.09363130563395423,0.2354416503672337,0.8825654712815765,0.9640929577691123,False
v3,test,raster_image,17645,dictionary_48,0.7257402357043718,0.4341612672115298,0.43819332352050183,0.09363130563395423,0.15796264916077915,0.9342443577240583,0.9840400724472893,True
v3,test,raster_image,17645,local_pca_8,1.3493383905882443,0.8072178401220608,0.6653500323683017,0.09363130563395423,0.25571502421834014,0.8592053202702387,0.9578990707339756,False
v3,test,raster_image,17645,local_pca_16,0.7847585463969494,0.46946792832575646,0.4793641365075296,0.09363130563395423,0.1665474256198648,0.8727556900801191,0.9834404191766194,False
v3,test,raster_image,17645,local_pca_32,0.6723414852247062,0.4022164086585754,0.42740787688685444,0.09363130563395423,0.15039682260507237,0.9053886430937551,0.9872368874315379,False
v3,test,raster_image,17645,local_dictionary_8,0.8667917625986009,0.518542849829839,0.46212814797719887,0.09363130563395423,0.17880675872861646,0.9327942528292572,0.9791099689411709,False
v3,test,raster_image,17645,local_dictionary_24,1.152952605376057,0.6897335156002132,0.6505071756114424,0.09363130563395423,0.22368163574876104,0.8772319387141781,0.9673037537494161,False
v3,test,raster_image,17748,zero_fill,0.9898279978089406,1.0,0.6384652408757132,0.10193493471963666,0.20170152171987712,,0.9765332577928708,False
v3,test,raster_image,17748,linear,1.1461821681495232,1.1579609494646388,0.7506907092510139,0.10193493471963666,0.22609775409302613,0.27835935947649293,0.9681350605879333,False
v3,test,raster_image,17748,pchip,1.2525953293783263,1.2654676692829876,0.846216036345423,0.10193493471963666,0.24309898431410557,0.2554743764801202,0.962467389047461,False
v3,test,raster_image,17748,autoregression,3.5921478523340427,3.629062685926782,1.685824035558168,0.10193493471963666,0.6428850706831586,-0.09659598561117544,0.7752793482445999,False
v3,test,raster_image,17748,pca_r32_l01,0.6905124823614962,0.697608558143433,0.47997994973450514,0.10193493471963666,0.158007134599817,0.7095501592200663,0.9864593031943147,False
v3,test,raster_image,17748,pca_r64_l01,0.9797665833995903,0.9898351891120255,0.681638124588493,0.10193493471963666,0.20016049937735125,0.49718705218047915,0.9755923517164945,False
v3,test,raster_image,17748,pca_r96_l01,1.3619877883850504,1.3759843037375319,0.945614807968135,0.10193493471963666,0.2608354003315115,0.2496115888631756,0.956237293391263,False
v3,test,raster_image,17748,pca_r64_l001,1.0688087809510813,1.0797924319346095,0.7451162693137883,0.10193493471963666,0.21392645265395321,0.45245627608794614,0.9715384551784606,False
v3,test,raster_image,17748,pca_r64_l1,0.7803195392990375,0.7883385204564167,0.5186064230528921,0.10193493471963666,0.17056993084006047,0.6239460784912404,0.9835746678480186,False
v3,test,raster_image,17748,template_1,1.386636245074535,1.4008860611580594,0.8046345876869869,0.10193493471963666,0.2648627436144758,0.02968149999888351,0.9550425410752581,False
v3,test,raster_image,17748,dictionary_8,0.989165402084973,0.9993305950877988,0.5922666439060336,0.10193493471963666,0.20159991715393266,0.2988601607233618,0.9759150786559335,False
v3,test,raster_image,17748,dictionary_24,0.9656848258739541,0.9756087199105004,0.584545797290928,0.10193493471963666,0.19801040387189914,0.40870686110271026,0.9766175908147099,False
v3,test,raster_image,17748,dictionary_48,0.834601343188738,0.8431781532106501,0.5085209754704771,0.10193493471963666,0.17841945490697267,0.5633315712631356,0.9816988234593931,True
v3,test,raster_image,17748,local_pca_8,0.6758857936746775,0.6828315577765046,0.4421633400492264,0.10193493471963666,0.15601825459065308,0.7230955381407763,0.9868751854864154,False
v3,test,raster_image,17748,local_pca_16,0.7974583537730676,0.805653462559457,0.4470820917059068,0.10193493471963666,0.17302930427456187,0.5831009226312243,0.9832421975374065,False
v3,test,raster_image,17748,local_pca_32,0.7141858554724956,0.7215252115048273,0.4340725174300061,0.10193493471963666,0.16126202421856162,0.682277148705763,0.9859988631412733,False
v3,test,raster_image,17748,local_dictionary_8,0.9436467119433128,0.953344130527876,0.5658319286120053,0.10193493471963666,0.19466170779125222,0.3881384765967782,0.9777418516369881,False
v3,test,raster_image,17748,local_dictionary_24,0.8523777061735406,0.8611371956141303,0.5135439864322144,0.10193493471963666,0.18102662203965858,0.5548385431909899,0.9809743575346342,False
v3,test,raster_image,17850,zero_fill,1.2633510101366732,1.0,0.7367517255067462,0.11083356440259787,0.2485496821410335,,0.9666151539495534,False
v3,test,raster_image,17850,linear,2.637227619095653,2.0874860572679244,1.5932282329267973,0.11083356440259787,0.478793273627325,-0.25784080136101495,0.8630950994227516,False
v3,test,raster_image,17850,pchip,2.750677400861638,2.1772867388328296,1.642314068995585,0.11083356440259787,0.49834202024546687,-0.2757182240291825,0.85261555375806,False
v3,test,raster_image,17850,autoregression,8.614352884515661,6.818653577190502,5.2393653125368065,0.11083356440259787,1.5267191341638755,0.04466123403618769,0.4721782121181732,False
v3,test,raster_image,17850,pca_r32_l01,1.2931984072658613,1.0236255774441967,0.7996455785248168,0.11083356440259787,0.25330123923272474,0.2663431526908199,0.9638729083881571,False
v3,test,raster_image,17850,pca_r64_l01,0.8740478662565849,0.6918487888508735,0.4580971915532779,0.11083356440259787,0.18914000448175108,0.7151919890807305,0.9816903552752907,False
v3,test,raster_image,17850,pca_r96_l01,1.0737767849659579,0.8499433461883198,0.6888233554385894,0.11083356440259787,0.21893228354301975,0.6336070302938087,0.973089408376457,False
v3,test,raster_image,17850,pca_r64_l001,0.8935609705633303,0.7072943017369829,0.4635374880001457,0.11083356440259787,0.19196823118176756,0.707648058426167,0.9808225741195976,False
v3,test,raster_image,17850,pca_r64_l1,0.9698570787892311,0.7676861545266893,0.5453652510465163,0.11083356440259787,0.2032108820152502,0.6263899735234634,0.9785885611489087,False
v3,test,raster_image,17850,template_1,1.4004607408081713,1.1085286112658945,0.7553797321345317,0.11083356440259787,0.2705374705729724,0.15892212987332935,0.9579159303607725,False
v3,test,raster_image,17850,dictionary_8,1.2390856664230068,0.9807928726704059,0.6720104659586746,0.11083356440259787,0.24470260889998421,0.31468293908801553,0.9667559890690723,False
v3,test,raster_image,17850,dictionary_24,1.1988703837096384,0.948960640463604,0.6241035085817426,0.11083356440259787,0.23836006415451505,0.36794415395967295,0.9687216431874819,False
v3,test,raster_image,17850,dictionary_48,1.128647186318063,0.8933757738444855,0.5943065061743374,0.11083356440259787,0.22739358226208042,0.4616745243955193,0.9719277453116283,True
v3,test,raster_image,17850,local_pca_8,1.3227706876482483,1.047033387423458,0.7040674856552976,0.11083356440259787,0.25802911300405795,0.21288205311831981,0.9623733754610153,False
v3,test,raster_image,17850,local_pca_16,0.9383372799094086,0.7427367947470881,0.5165576111309025,0.11083356440259787,0.19853237297506393,0.6662609603903432,0.9794009167633358,False
v3,test,raster_image,17850,local_pca_32,0.9261944904505344,0.733125222538379,0.5379186795508913,0.11083356440259787,0.1967424302137072,0.6660663481643015,0.9802276383111876,False
v3,test,raster_image,17850,local_dictionary_8,1.36160230930066,1.0777703887325485,0.7118937615593257,0.11083356440259787,0.2642659229850575,0.19132182560247254,0.9601528075029162,False
v3,test,raster_image,17850,local_dictionary_24,1.2515806863284487,0.9906832513578699,0.6526777456596209,0.11083356440259787,0.24668177015983822,0.30940881608301907,0.9660695427740386,False
v3,test,raster_image,17953,zero_fill,0.9765780001627468,1.0,0.5705790628879612,0.094218046028347,0.19596658169516915,,0.9744354666601014,False
v3,test,raster_image,17953,linear,0.9968697498782132,1.0207784219100622,0.6374695084213817,0.094218046028347,0.19913387019961304,0.457036206794161,0.9734425084919861,False
v3,test,raster_image,17953,pchip,0.9905948052520825,1.0143529805985798,0.6730641961606887,0.094218046028347,0.19815290137225805,0.40210967409371107,0.9737015049163146,False
v3,test,raster_image,17953,autoregression,12.05588827055687,12.345033646618864,6.640118695845299,0.094218046028347,2.133216689637024,-0.1277444641043617,0.31534390083107416,False
v3,test,raster_image,17953,pca_r32_l01,0.5467742225762092,0.5598879172837083,0.4021860841669633,0.094218046028347,0.13394848550296412,0.8082270751113041,0.9890256993551299,False
v3,test,raster_image,17953,pca_r64_l01,0.640031662000833,0.6553820195562173,0.3961272610918647,0.094218046028347,0.14629046176218002,0.742527552853281,0.9862528517524212,False
v3,test,raster_image,17953,pca_r96_l01,0.7691062966205057,0.7875523475772893,0.5192853356326995,0.094218046028347,0.1645745216479358,0.6428577799476737,0.9817833840972672,False
v3,test,raster_image,17953,pca_r64_l001,0.6685484027085111,0.6845826985628363,0.41524134349823194,0.094218046028347,0.15022329347544322,0.7205970278132081,0.985338706408523,False
v3,test,raster_image,17953,pca_r64_l1,0.5571869400953106,0.5705503707870291,0.34474903072049823,0.094218046028347,0.13528275161815786,0.8012347849305794,0.988724778769457,False
v3,test,raster_image,17953,template_1,0.8501754246872781,0.8705658171140415,0.5164210506096217,0.094218046028347,0.1765986355820014,0.6222946445709899,0.9783679211728119,False
v3,test,raster_image,17953,dictionary_8,1.060638728471357,1.0860768195623918,0.5655174021265894,0.094218046028347,0.20917567067335474,0.35224166870018936,0.968948010804469,False
v3,test,raster_image,17953,dictionary_24,0.9962337095031586,1.0201271269034693,0.512393784619427,0.094218046028347,0.19903437596224857,0.4415505895689151,0.9720657171214291,False
v3,test,raster_image,17953,dictionary_48,0.9328865005475265,0.955260614504997,0.486563722930075,0.094218046028347,0.18919776929703755,0.4989227610518622,0.9750239995753543,True
v3,test,raster_image,17953,local_pca_8,0.4878705979814299,0.49957156304988054,0.3142959204958778,0.094218046028347,0.1266399875747868,0.8477800632575656,0.9905746019241694,False
v3,test,raster_image,17953,local_pca_16,0.6415302929603486,0.6569165933017511,0.35115441328640207,0.094218046028347,0.14649545245770237,0.7315172400983089,0.9863383541873493,False
v3,test,raster_image,17953,local_pca_32,0.529970426471997,0.5426811031824159,0.3376177964728291,0.094218046028347,0.1318210077925629,0.8180667727129767,0.9895448457190177,False
v3,test,raster_image,17953,local_dictionary_8,1.0920889439248516,1.118281329031429,0.5804723325349284,0.094218046028347,0.21417330216747726,0.3761015957436118,0.9671705627545385,False
v3,test,raster_image,17953,local_dictionary_24,1.0428155576385987,1.0678261823068034,0.515914050333447,0.094218046028347,0.2063562251735828,0.4717296244608574,0.9695652482687847,False
v3,test,raster_image,18056,zero_fill,0.6974785638738477,1.0,0.43460090212860536,0.10656440012583808,0.1618748995813488,,0.986367655888605,False
v3,test,raster_image,18056,linear,1.383087072273123,1.9829814762927693,0.8448854772721409,0.10656440012583808,0.2660454003835982,-0.1537335391499405,0.9541577233725125,False
v3,test,raster_image,18056,pchip,1.2173013438911722,1.7452885392350845,0.7652601719369629,0.10656440012583808,0.2393910030185205,-0.2701777581278583,0.963677214560551,False
v3,test,raster_image,18056,autoregression,4.2683225991531675,6.1196469973881165,2.276931690829519,0.10656440012583808,0.7617950208849085,0.3937645505017513,0.7396572031239363,False
v3,test,raster_image,18056,pca_r32_l01,0.42127474677797944,0.6039966940893327,0.3334651524865912,0.10656440012583808,0.12863557110015558,0.8434645370098305,0.9920095306506315,False
v3,test,raster_image,18056,pca_r64_l01,0.36932908954515636,0.5295203446739284,0.2910101917317148,0.10656440012583808,0.12354643471482511,0.848403007395335,0.9933418488309623,False
v3,test,raster_image,18056,pca_r96_l01,0.7964629724605995,1.141917492111851,0.570169011065026,0.10656440012583808,0.17556946444893481,0.4802029914832512,0.9819637132289197,False
v3,test,raster_image,18056,pca_r64_l001,0.38280727656481756,0.5488445041789923,0.3037734061573763,0.10656440012583808,0.1248219386254055,0.8359566703290501,0.9931435190921141,False
v3,test,raster_image,18056,pca_r64_l1,0.34863014419143606,0.49984352530509096,0.26148024579989215,0.10656440012583808,0.12165243653007334,0.8661998460961334,0.9936386793298146,False
v3,test,raster_image,18056,template_1,0.6349472133626117,0.9103465629625488,0.39033353795152015,0.10656440012583808,0.1536222107513792,0.6307675814233151,0.9871653164211794,False
v3,test,raster_image,18056,dictionary_8,0.6506278710287181,0.9328284835236837,0.3506479693458372,0.10656440012583808,0.15565905643012448,0.3846734259353639,0.9875322419797026,False
v3,test,raster_image,18056,dictionary_24,0.5356366762601106,0.7679614887160757,0.30652891914950553,0.10656440012583808,0.14130438793108896,0.6433533082300108,0.9903449913153384,False
v3,test,raster_image,18056,dictionary_48,0.44054202519890984,0.6316208812957731,0.2735153980128264,0.10656440012583808,0.13063694784663815,0.7783572402966191,0.992144091533855,True
v3,test,raster_image,18056,local_pca_8,0.3366634273078629,0.4826864146734622,0.2349601296668493,0.10656440012583808,0.12059453966264495,0.884618287596457,0.993599789028947,False
v3,test,raster_image,18056,local_pca_16,0.48149519415130126,0.6903369065237521,0.2874766059349748,0.10656440012583808,0.13507784035862092,0.7716092289677591,0.9909757371422412,False
v3,test,raster_image,18056,local_pca_32,0.3034923022525524,0.43512778452564,0.24655981242314207,0.10656440012583808,0.11781111605634433,0.9041892733371252,0.9941018131622736,False
v3,test,raster_image,18056,local_dictionary_8,0.7770969847964287,1.1141517819277118,0.44186786304174824,0.10656440012583808,0.17283616125351853,0.08118940222294131,0.9835041949156876,False
v3,test,raster_image,18056,local_dictionary_24,0.48646748687396213,0.6974658607027084,0.3004083352080493,0.10656440012583808,0.13563343618751422,0.7276746023787926,0.9911876232567046,False
v3,test,raster_image,18159,zero_fill,0.43115439719177484,1.0,0.3110004290837767,0.12536352311626545,0.14503130211587056,,0.9941015211194468,False
v3,test,raster_image,18159,linear,0.5405492861481112,1.253725555552384,0.39095847800497885,0.12536352311626545,0.15606388230535473,-0.03176893293676483,0.9924950725214123,False
v3,test,raster_image,18159,pchip,0.56482600360161,1.3100318755426696,0.4241218720082274,0.12536352311626545,0.15872783458608095,0.04274013974396932,0.9920799173751264,False
v3,test,raster_image,18159,autoregression,6.914982242665739,16.038296924964442,3.9993066274316305,0.12536352311626545,1.2286193447468061,-0.08803268699011262,0.6202052903438777,False
v3,test,raster_image,18159,pca_r32_l01,0.6659709883634953,1.5446229765975819,0.4077379751705551,0.12536352311626545,0.17054267777026205,-0.14809989274930532,0.9899924185166247,False
v3,test,raster_image,18159,pca_r64_l01,0.5716976580458217,1.3259696799323935,0.44612738921483186,0.12536352311626545,0.15949476999525647,0.5688447404011415,0.9914054254616206,False
v3,test,raster_image,18159,pca_r96_l01,0.8883186512230635,2.0603260850612286,0.6719830049751444,0.12536352311626545,0.19971123113155137,0.6024622686395804,0.9839704993715018,False
v3,test,raster_image,18159,pca_r64_l001,0.7009042437159518,1.6256455884043644,0.5316759762057721,0.12536352311626545,0.1748627282712451,0.5336567496789687,0.9887648642596356,False
v3,test,raster_image,18159,pca_r64_l1,0.3678205207814485,0.8531062727810803,0.2916238682470431,0.12536352311626545,0.13947315336200583,0.5889319894802184,0.9946248148674818,False
v3,test,raster_image,18159,template_1,1.0075624716619005,2.3368948066503026,0.5335371346245057,0.12536352311626545,0.21667793893481296,0.19231814701100985,0.9807837667630556,False
v3,test,raster_image,18159,dictionary_8,0.4207158491153859,0.9757893039143796,0.273467056879123,0.12536352311626545,0.14407010299554207,0.6481823695753937,0.9938278092843073,False
v3,test,raster_image,18159,dictionary_24,0.5314599639369579,1.2326441928889056,0.32674619230841956,0.12536352311626545,0.1550852682840624,0.6479154853988492,0.9920420242187723,False
v3,test,raster_image,18159,dictionary_48,0.4751553398432883,1.1020537954340799,0.31697293597156706,0.12536352311626545,0.14926580713543644,0.6628594352674623,0.9929759752078694,True
v3,test,raster_image,18159,local_pca_8,0.6744551189340064,1.5643006851534276,0.3908522417279995,0.12536352311626545,0.17158144096063388,-0.16334765141185797,0.9898137735046159,False
v3,test,raster_image,18159,local_pca_16,0.3656096021153915,0.8479783680665341,0.2471481776753315,0.12536352311626545,0.13929137423163201,0.6242783397164099,0.9946119029980259,False
v3,test,raster_image,18159,local_pca_32,0.40967561426173466,0.9501830827426618,0.28681561364028796,0.12536352311626545,0.14307237129471012,0.46741300202074665,0.9941540076427505,False
v3,test,raster_image,18159,local_dictionary_8,0.43337632761989775,1.0051534448972224,0.2998603562182092,0.12536352311626545,0.14523810645293644,0.4819165835305727,0.9938218477616235,False
v3,test,raster_image,18159,local_dictionary_24,0.5879159944905107,1.3635857556359543,0.36727280388055794,0.12536352311626545,0.16132668887128931,0.585871830535601,0.9910659118735664,False
v3,test,raster_image,18262,zero_fill,1.7333838688000027,1.0,0.896544439826119,0.07858201698697923,0.31603247320400396,,0.9028304267289119,False
v3,test,raster_image,18262,linear,1.5466462495029416,0.8922698989772317,1.0125902757060317,0.07858201698697923,0.2841403568390274,0.48142378850395645,0.9210117634903696,False
v3,test,raster_image,18262,pchip,1.636055353786512,0.9438505706869939,1.090794321094088,0.07858201698697923,0.29937989327209263,0.4645855949576421,0.9120201596074561,False
v3,test,raster_image,18262,autoregression,3.9450053764451134,2.2758982862671875,2.3226619044200834,0.07858201698697923,0.7016608991213912,0.2759744023649692,0.681453842217008,False
v3,test,raster_image,18262,pca_r32_l01,0.6835346511675343,0.39433541725569177,0.504562728122452,0.07858201698697923,0.1434669773145463,0.9147547557814231,0.9812883769258967,False
v3,test,raster_image,18262,pca_r64_l01,0.7448769061023207,0.42972414795690267,0.5440880427020232,0.07858201698697923,0.15271201864647108,0.8965378461349969,0.9791341434991975,False
v3,test,raster_image,18262,pca_r96_l01,1.197190177360083,0.6906665043495998,0.8849448737133658,0.07858201698697923,0.22532569871004687,0.7300635654962845,0.9511616203193112,False
v3,test,raster_image,18262,pca_r64_l001,0.7640891717237687,0.44080782420845815,0.5675255041803049,0.07858201698697923,0.15564998770794936,0.8906336856586591,0.9781360838293804,False
v3,test,raster_image,18262,pca_r64_l1,0.6989579296782783,0.40323320313472,0.4793775606887528,0.07858201698697923,0.14577072351236026,0.911400072752272,0.9815039767737094,False
v3,test,raster_image,18262,template_1,1.0381975017827856,0.5989426349637805,0.6097634718128653,0.07858201698697923,0.1991609892080098,0.8362027129053432,0.9654075469001793,False
v3,test,raster_image,18262,dictionary_8,0.6729420136720439,0.388224458404538,0.440268430719605,0.07858201698697923,0.1418934557347281,0.9215909344743123,0.9829170864624774,False
v3,test,raster_image,18262,dictionary_24,0.6978626358373806,0.4026013212644589,0.4606988146601219,0.07858201698697923,0.1456066397979389,0.9120517026488659,0.981597738273689,False
v3,test,raster_image,18262,dictionary_48,0.7630962460579188,0.44023499917891795,0.5099954115956327,0.07858201698697923,0.15549769049266518,0.8943096509100281,0.9788430092759384,True
v3,test,raster_image,18262,local_pca_8,0.6678591733301915,0.3852921360070929,0.44972188262848417,0.07858201698697923,0.14114099893892515,0.9198302317205056,0.9817898375366982,False
v3,test,raster_image,18262,local_pca_16,0.7344060724240781,0.4236834584900672,0.49931332614983154,0.07858201698697923,0.15111889094552328,0.9022183340100294,0.9800729009564692,False
v3,test,raster_image,18262,local_pca_32,0.7175936301009019,0.41398425531540334,0.5099056233821507,0.07858201698697923,0.14857339865023245,0.9062727930890795,0.9807155350569807,False
v3,test,raster_image,18262,local_dictionary_8,0.7519899019337282,0.4338276797593139,0.48320086782980076,0.07858201698697923,0.15379754832005377,0.898341414655998,0.9781003052305409,False
v3,test,raster_image,18262,local_dictionary_24,0.6837105259695475,0.39443688052945286,0.4507810341467626,0.07858201698697923,0.14349316387544758,0.9150648031215858,0.9811937424919859,False
v3,test,raster_image,18365,zero_fill,1.3181658509990624,1.0,0.7562443786058711,0.07871259675778784,0.24556230562979453,,0.9414071726224308,False
v3,test,raster_image,18365,linear,1.3135685415801441,0.9965123437119586,0.8099630137487803,0.07871259675778784,0.24479124862880391,0.4532780258464081,0.9418421824234904,False
v3,test,raster_image,18365,pchip,1.3056588617766174,0.9905118242799525,0.8288215051043997,0.07871259675778784,0.243465277482924,0.4223027094444019,0.9425125861448594,False
v3,test,raster_image,18365,autoregression,10.460488445527497,7.9356390833515364,6.106067691752434,0.07871259675778784,1.850792772524733,-0.7162233306169536,0.1391218169883173,False
v3,test,raster_image,18365,pca_r32_l01,1.5158279286615093,1.1499523580531503,0.8661901247584134,0.07871259675778784,0.27893772652070226,0.29422423309836837,0.922054714959654,False
v3,test,raster_image,18365,pca_r64_l01,0.8308207781331627,0.6302854663572631,0.5797473772166049,0.07871259675778784,0.16605054058523602,0.760221183845507,0.9738866435481404,False
v3,test,raster_image,18365,pca_r96_l01,0.8421832568819777,0.6389053822352259,0.6026573530007469,0.07871259675778784,0.1678297591414542,0.7502268604379517,0.9733974734362671,False
v3,test,raster_image,18365,pca_r64_l001,0.7578727655706571,0.5749449244161888,0.5659638116605046,0.07871259675778784,0.15476160985656837,0.8041663862057676,0.9775585177267992,False
v3,test,raster_image,18365,pca_r64_l1,1.1013936009452026,0.8355500941785405,0.6160373490288028,0.07871259675778784,0.20954815405280489,0.5686720672723574,0.9569156024578561,False
v3,test,raster_image,18365,template_1,1.5749130608542838,1.194776104737221,0.9118237362803676,0.07871259675778784,0.28898621338160246,0.10291981432574952,0.9157828073266825,False
v3,test,raster_image,18365,dictionary_8,0.9063298454515561,0.687568900957821,0.5476859227143647,0.07871259675778784,0.17796590687327055,0.7146731201699101,0.9708174138103794,False
v3,test,raster_image,18365,dictionary_24,0.7257289061302808,0.550559632219449,0.4387276121527731,0.07871259675778784,0.1498695583595147,0.8263001977470481,0.9798157264371093,False
v3,test,raster_image,18365,dictionary_48,0.8178047446742522,0.6204111144697178,0.45479743239556303,0.07871259675778784,0.16401890706092168,0.7663326376405369,0.9752038635804149,True
v3,test,raster_image,18365,local_pca_8,1.5263789704141566,1.157956693580922,0.7667517053711023,0.07871259675778784,0.2807299982223554,0.2758537250656907,0.920992078219593,False
v3,test,raster_image,18365,local_pca_16,0.8707945324584873,0.6606107507628846,0.5183980353411151,0.07871259675778784,0.17233225333808064,0.7270651712700491,0.9722763729482121,False
v3,test,raster_image,18365,local_pca_32,0.8689373629040681,0.659201846448597,0.5580090820496744,0.07871259675778784,0.1720390580825374,0.7284679255227556,0.9723857275966705,False
v3,test,raster_image,18365,local_dictionary_8,1.0884857833672377,0.825757838091659,0.6212413650643025,0.07871259675778784,0.2074297441403027,0.5344507219954931,0.9583551975860344,False
v3,test,raster_image,18365,local_dictionary_24,0.5809314225344601,0.4407119347646287,0.37155012335437665,0.07871259675778784,0.1286403874696445,0.9064226547448132,0.9859853009614704,False
v3,test,raster_image,18467,zero_fill,0.6726343018191225,1.0,0.4246340704534871,0.08487687535027719,0.14531899254632458,,0.9847696043635698,False
v3,test,raster_image,18467,linear,0.9853287271005357,1.4648802840350825,0.638763931354372,0.08487687535027719,0.1931805586342398,0.0013787600416509862,0.9706996419844849,False
v3,test,raster_image,18467,pchip,0.9616397724128241,1.429662105860634,0.699818802617945,0.08487687535027719,0.18941337523161222,-0.046514789678412986,0.9720006091992949,False
v3,test,raster_image,18467,autoregression,4.176466301639819,6.20911881886587,2.205528784931249,0.08487687535027719,0.74301323532498,0.1068367951526987,0.7090951554328476,False
v3,test,raster_image,18467,pca_r32_l01,0.5975401044886036,0.8883580615388948,0.40146591553413025,0.08487687535027719,0.1346733060407519,0.45265040554480773,0.987098957296642,False
v3,test,raster_image,18467,pca_r64_l01,1.2010011506420932,1.7855187393714769,0.8340865542490836,0.08487687535027719,0.22815361922463917,-0.04740955762165499,0.9584042786085267,False
v3,test,raster_image,18467,pca_r96_l01,1.1472771323045323,1.7056476739318085,0.9127655177122683,0.08487687535027719,0.21934358189229436,0.12163821182174137,0.9616196208056305,False
v3,test,raster_image,18467,pca_r64_l001,1.3992794794225392,2.0802975340957532,0.959528125234877,0.08487687535027719,0.2610860528984549,-0.10462404125373244,0.9453886042846211,False
v3,test,raster_image,18467,pca_r64_l1,0.6916261847000953,1.0282350793434258,0.47163824037056346,0.08487687535027719,0.14807867233425612,0.2753721046666401,0.9838207736125005,False
v3,test,raster_image,18467,template_1,0.8905719249706046,1.3240061093555222,0.48550335897416064,0.08487687535027719,0.17822431061304717,-0.018415833493467076,0.9754646368458321,False
v3,test,raster_image,18467,dictionary_8,0.6635181027341912,0.9864470202303439,0.40840659137294394,0.08487687535027719,0.1440033501891104,0.2664951230324831,0.9849270197922618,False
v3,test,raster_image,18467,dictionary_24,0.5245402678281834,0.7798297922207914,0.32324989287262973,0.08487687535027719,0.12480849024847074,0.6272421342369726,0.9892034789971021,False
v3,test,raster_image,18467,dictionary_48,0.5247763751007737,0.780180811001653,0.32497795522236805,0.08487687535027719,0.12483950282637019,0.629382973319168,0.9892193806770085,True
v3,test,raster_image,18467,local_pca_8,0.619711344301589,0.9213198652307729,0.3627354284248806,0.08487687535027719,0.13776891354979448,0.3822862191869488,0.9864249622015119,False
v3,test,raster_image,18467,local_pca_16,0.3367861124247347,0.5006972013082074,0.23674010177461774,0.08487687535027719,0.10258403393197137,0.8717826004350058,0.992987819904658,False
v3,test,raster_image,18467,local_pca_32,0.44978491059705605,0.6686916046068779,0.279435761982699,0.08487687535027719,0.11533010622323737,0.7471706491994321,0.9910410432947057,False
v3,test,raster_image,18467,local_dictionary_8,0.52786792551282,0.78477699410395,0.3092330061908668,0.08487687535027719,0.1252461513669219,0.6192261875803693,0.9890989306191726,False
v3,test,raster_image,18467,local_dictionary_24,0.5115508989095973,0.7605186020488708,0.3069818053215668,0.08487687535027719,0.12311210912482856,0.6471296873874954,0.98951345724,False
v3,test,raster_image,18570,zero_fill,1.2751517931952008,1.0,0.6635440238222498,0.10219038776788883,0.24683884112447946,,0.9642569778445853,False
v3,test,raster_image,18570,linear,1.5114495996839212,1.1853095511841922,0.9363369485328474,0.10219038776788883,0.285493488777622,0.3432685525029648,0.9488624655368509,False
v3,test,raster_image,18570,pchip,1.821417262268947,1.4283925035347722,1.1910100974087885,0.10219038776788883,0.337328196049856,0.28799835699065446,0.9285611901108586,False
v3,test,raster_image,18570,autoregression,3.256260200693819,2.553625551146717,1.7966287364207298,0.10219038776788883,0.584352195558767,0.2733963667221089,0.8179288886752637,False
v3,test,raster_image,18570,pca_r32_l01,1.0487284266760057,0.822434185696562,0.5195046328463461,0.10219038776788883,0.21091767120394292,0.5854552684197986,0.9750439884336117,False
v3,test,raster_image,18570,pca_r64_l01,0.8687683487514223,0.6813058283630009,0.5206900849610319,0.10219038776788883,0.18358305168480363,0.8150146575241426,0.9797355628794975,False
v3,test,raster_image,18570,pca_r96_l01,0.9658493680710295,0.7574387404113362,0.6860302384120378,0.10219038776788883,0.19816298040690386,0.7232131553095134,0.9764723440247214,False
v3,test,raster_image,18570,pca_r64_l001,1.158578699941859,0.9085810066884353,0.6840686629382978,0.10219038776788883,0.22817439464390935,0.7719070504410221,0.9675293478703806,False
v3,test,raster_image,18570,pca_r64_l1,0.6425178292055124,0.5038755641754059,0.3743792503578453,0.10219038776788883,0.1517150182871306,0.9451257301209417,0.9891354527784627,False
v3,test,raster_image,18570,template_1,1.425344791397128,1.1177844073179573,0.8423099789790087,0.10219038776788883,0.2713010844914522,0.09590596283311853,0.9547602052661339,False
v3,test,raster_image,18570,dictionary_8,1.0000562535623387,0.7842644765110327,0.502958242214355,0.10219038776788883,0.20339629161794567,0.6898729680071527,0.9772094696207112,False
v3,test,raster_image,18570,dictionary_24,0.6860972111546063,0.538051402833716,0.3846876577535505,0.10219038776788883,0.15756531572958327,0.920598329326051,0.9879544757387642,False
v3,test,raster_image,18570,dictionary_48,0.6055256488608154,0.4748655431393973,0.3640853576893873,0.10219038776788883,0.14688329203667613,0.9553787034852523,0.9900302633371598,True
v3,test,raster_image,18570,local_pca_8,0.9972257916253088,0.7820447706280668,0.5118398387489554,0.10219038776788883,0.20296154310911185,0.6628524509805415,0.9772457588310962,False
v3,test,raster_image,18570,local_pca_16,0.3163201094974674,0.24806467056353423,0.22348734539060616,0.10219038776788883,0.11507980214686699,0.9676496850013117,0.9940252189256648,False
v3,test,raster_image,18570,local_pca_32,0.40203944811184966,0.31528752126399223,0.2711194942904612,0.10219038776788883,0.123157020424484,0.9600710947768605,0.9934328542626276,False
v3,test,raster_image,18570,local_dictionary_8,0.946172776556352,0.7420079567041095,0.5357725532021514,0.10219038776788883,0.19517396559008038,0.7058297666024299,0.9792337699808903,False
v3,test,raster_image,18570,local_dictionary_24,0.6360990221579772,0.4988418049933314,0.3836418424172887,0.10219038776788883,0.15086739851470465,0.9142751341736955,0.9891012570604869,False
v3,test,raster_image,18673,zero_fill,1.556414932173687,1.0,0.8818734988058123,0.13038230688802996,0.3035937543374163,,0.9651528289832014,False
v3,test,raster_image,18673,linear,4.717439348795611,3.0309651053059747,2.831879283757659,0.13038230688802996,0.8437494432220002,0.1417111974239031,0.7583277648574188,False
v3,test,raster_image,18673,pchip,5.034138869714663,3.2344452405657607,2.9259124650731403,0.13038230688802996,0.8991235330170989,0.14064673542194756,0.7372953661365076,False
v3,test,raster_image,18673,autoregression,13.293650496807228,8.541199536193945,7.569411230706972,0.13038230688802996,2.3535088794161143,0.03910441069650846,0.37694151303282103,False
v3,test,raster_image,18673,pca_r32_l01,1.2524032189954346,0.8046718089798393,0.6536998924165438,0.13038230688802996,0.2558991346326043,0.6430202455883874,0.974972211757061,False
v3,test,raster_image,18673,pca_r64_l01,1.0911926358327062,0.7010936565024778,0.6315530728879907,0.13038230688802996,0.23168454394717308,0.7321073397630782,0.980335456806105,False
v3,test,raster_image,18673,pca_r96_l01,0.9361811556071393,0.601498441228439,0.6895936470562761,0.13038230688802996,0.20942041153403423,0.810942516543135,0.9845630224722021,False
v3,test,raster_image,18673,pca_r64_l001,1.1038099156978476,0.7092002864276482,0.6504896440332526,0.13038230688802996,0.23354484676567386,0.7333645855876096,0.9797606596361585,False
v3,test,raster_image,18673,pca_r64_l1,1.1042658971242927,0.7094932554920148,0.5907872633833374,0.13038230688802996,0.23361219841762437,0.7108646204044953,0.9803450934265748,False
v3,test,raster_image,18673,template_1,1.3650862231171021,0.8770708857249425,0.7148578643252939,0.13038230688802996,0.27331565548012043,0.6585812209106072,0.9698378367776005,False
v3,test,raster_image,18673,dictionary_8,1.5842103043043783,1.017858587421718,0.7737174477021729,0.13038230688802996,0.3080537804455249,0.6015949416781636,0.9603264831295556,False
v3,test,raster_image,18673,dictionary_24,1.2439821677816287,0.7992612651462324,0.5876937428265498,0.13038230688802996,0.25461230075053926,0.6739506818088595,0.974862524022293,False
v3,test,raster_image,18673,dictionary_48,1.2030513687612372,0.7729631372021452,0.5676219730270258,0.13038230688802996,0.24838972152591327,0.6788362755483757,0.976564658780679,True
v3,test,raster_image,18673,local_pca_8,1.274883077348585,0.8191151671669489,0.6600759844166351,0.13038230688802996,0.25934489496027385,0.6326388754048736,0.974116182655473,False
v3,test,raster_image,18673,local_pca_16,1.1540884563174911,0.7415043588059725,0.5952342703930635,0.13038230688802996,0.24102036282218892,0.6933213482101023,0.9784581781556966,False
v3,test,raster_image,18673,local_pca_32,1.0471036068358108,0.6727663588869758,0.5602210667813752,0.13038230688802996,0.2252368120363364,0.7447586410278486,0.9819830875683324,False
v3,test,raster_image,18673,local_dictionary_8,1.3912700603209924,0.8938940584294873,0.7275750815472244,0.13038230688802996,0.277410926311174,0.6440445966481333,0.9688089573309955,False
v3,test,raster_image,18673,local_dictionary_24,1.1901146642258262,0.7646512762272935,0.5771819069756772,0.13038230688802996,0.24643450184824264,0.6972333720973909,0.9768038066117792,False
v3,test,raster_image,18776,zero_fill,1.3460140616604874,1.0,0.7723853537965493,0.09277323704312987,0.2548631331864128,,0.9650583309355617,False
v3,test,raster_image,18776,linear,2.773595910920512,2.060599506292611,1.6855652092997644,0.09277323704312987,0.49873738567789455,-0.14505978122402313,0.8606053362040575,False
v3,test,raster_image,18776,pchip,2.901762706776272,2.1558190136561883,1.7579432480715131,0.09277323704312987,0.5210278269108103,-0.17269712618577013,0.8491695157292525,False
v3,test,raster_image,18776,autoregression,12.473109412765417,9.266700674269464,7.197125861515891,0.09277323704312987,2.206844972903006,-0.3571068913774467,0.28058514061864487,False
v3,test,raster_image,18776,pca_r32_l01,1.5317922196610476,1.1380209637419227,0.9825355143029153,0.09277323704312987,0.28576653949669967,0.2217111295811967,0.9536037976352832,False
v3,test,raster_image,18776,pca_r64_l01,1.5247941941750984,1.1328218906525107,0.8927367078666516,0.09277323704312987,0.28459458079901634,0.444019651664118,0.9536188995264555,False
v3,test,raster_image,18776,pca_r96_l01,1.3208589694669348,0.9813114194642807,0.9192399740324022,0.09277323704312987,0.25071656656948654,0.5969886023782301,0.9643003291998293,False
v3,test,raster_image,18776,pca_r64_l001,1.5897543111003827,1.1810829889393646,0.9417590676942778,0.09277323704312987,0.2954938582545718,0.4630006283426483,0.9498978031833677,False
v3,test,raster_image,18776,pca_r64_l1,1.4460295445923876,1.0743049317096418,0.8458535847374924,0.09277323704312987,0.27144373972158986,0.35770272680239795,0.9582798962006657,False
v3,test,raster_image,18776,template_1,2.2333722520486767,1.6592488263410228,1.1869861549625456,0.09277323704312987,0.40523005406945467,0.025308209465449285,0.9054516215524001,False
v3,test,raster_image,18776,dictionary_8,1.5123509612781665,1.1235773862662923,0.8776439485469564,0.09277323704312987,0.28251208541263534,0.3417739801445209,0.9544923727305025,False
v3,test,raster_image,18776,dictionary_24,1.238709394865405,0.9202796836589451,0.7699459359418399,0.09277323704312987,0.23725079318776143,0.580808532886834,0.9684690064403302,False
v3,test,raster_image,18776,dictionary_48,1.8674668316627607,1.3874051429737606,1.0036676455410347,0.09277323704312987,0.34252032084862466,0.45901330751269925,0.9332582645510008,True
v3,test,raster_image,18776,local_pca_8,1.4686330160917356,1.0910978257388941,0.845573125028793,0.09277323704312987,0.27520992072018813,0.24376420442247185,0.9573045086635679,False
v3,test,raster_image,18776,local_pca_16,1.06074224464567,0.7880617854297178,0.652807765778413,0.09277323704312987,0.2085655763506422,0.6704648994612852,0.9762953064024774,False
v3,test,raster_image,18776,local_pca_32,1.0027516433327595,0.7449785792696192,0.6515314068207244,0.09277323704312987,0.19939940579947146,0.6826229479775038,0.9788475978915535,False
v3,test,raster_image,18776,local_dictionary_8,1.5549553604151574,1.1552296552510848,0.8454521759302362,0.09277323704312987,0.28964953239535424,0.09423383115223417,0.9524631901485363,False
v3,test,raster_image,18776,local_dictionary_24,1.558917994152581,1.1581736317297073,0.8914533447728787,0.09277323704312987,0.2903143980749572,0.49554704337579525,0.9516774733759084,False
v3,test,raster_image,18879,zero_fill,1.3037350152998264,1.0,0.7627125289555053,0.10930242332954444,0.2543424489145907,,0.9661897474263115,False
v3,test,raster_image,18879,linear,2.2855735593768007,1.7530967048938055,1.355639418666463,0.10930242332954444,0.4181134754555042,0.14200834262140336,0.9006494174006741,False
v3,test,raster_image,18879,pchip,2.4970302414287207,1.9152896962382087,1.5030438343190484,0.10930242332954444,0.4543373484649998,0.12618634749110788,0.8843507488117102,False
v3,test,raster_image,18879,autoregression,5.201375753117344,3.9895958090234758,2.871167302955354,0.10930242332954444,0.9257542083558488,0.5924612743668236,0.7211429629879429,False
v3,test,raster_image,18879,pca_r32_l01,0.5598907560879113,0.42945134518700523,0.42663681214766025,0.10930242332954444,0.14618430905770677,0.9046723963611253,0.9910583284733312,False
v3,test,raster_image,18879,pca_r64_l01,1.210882579922381,0.928779672028605,0.9251249960922729,0.10930242332954444,0.23956955112741532,0.5865698978566004,0.96834949924095,False
v3,test,raster_image,18879,pca_r96_l01,1.2950693367300836,0.9933531902817307,1.01972078378979,0.10930242332954444,0.25295517136537365,0.5435970090784469,0.9642876409694762,False
v3,test,raster_image,18879,pca_r64_l001,1.3847813929915658,1.0621647625787674,1.0400796560752799,0.10930242332954444,0.26739350207680235,0.5257874368175195,0.9595886301680999,False
v3,test,raster_image,18879,pca_r64_l1,0.7945425717605016,0.6094356310417701,0.6022274278105993,0.10930242332954444,0.1769229626186945,0.7901510411717815,0.9851957112855309,False
v3,test,raster_image,18879,template_1,1.1856795963630322,0.909448302337999,0.7051028141421316,0.10930242332954444,0.23559722763043087,0.6289164553727955,0.9693105932231006,False
v3,test,raster_image,18879,dictionary_8,0.6883585426906588,0.5279896103215066,0.4285839172665371,0.10930242332954444,0.16242258688874744,0.9124088602087613,0.9890577508656726,False
v3,test,raster_image,18879,dictionary_24,0.7547915364245271,0.5789455123677444,0.4742007882836715,0.10930242332954444,0.1713975528171947,0.8664600258913571,0.9872287441890067,False
v3,test,raster_image,18879,dictionary_48,0.6900396479833066,0.5292790635255086,0.4441237103395125,0.10930242332954444,0.16264535113879341,0.878274066984379,0.988747530609427,True
v3,test,raster_image,18879,local_pca_8,0.5395730163519739,0.41386708956949014,0.3639927947159389,0.10930242332954444,0.14377680751039598,0.9139932064901711,0.9915524829577919,False
v3,test,raster_image,18879,local_pca_16,0.5198353541070051,0.39872776906851426,0.3387667801287825,0.10930242332954444,0.14148613089016385,0.9188976021870789,0.9918340102121168,False
v3,test,raster_image,18879,local_pca_32,0.6307723513562967,0.48381944486720324,0.4360137355647925,0.10930242332954444,0.1549426679606636,0.8835905610096968,0.9898175358393353,False
v3,test,raster_image,18879,local_dictionary_8,0.6616442153127124,0.5074989990665786,0.42977748893305007,0.10930242332954444,0.15891533514085948,0.8891052225334117,0.9894148956331765,False
v3,test,raster_image,18879,local_dictionary_24,0.6471636513565592,0.4963920150658282,0.41128423447528933,0.10930242332954444,0.15704083901112645,0.8896399992952906,0.9896793295435903,False
v3,test,raster_image,18982,zero_fill,1.5131385416751129,1.0,0.6868587657643404,0.08569496563808543,0.28047062499427744,,0.9440441890140016,False
v3,test,raster_image,18982,linear,1.2499379728995725,0.8260565298375353,0.8107156371308273,0.08569496563808543,0.23651092583796368,0.5381014497441083,0.9603972088990226,False
v3,test,raster_image,18982,pchip,1.325622235083215,0.8760745950041634,0.9217503602507586,0.08569496563808543,0.24905614021705216,0.5091464369112657,0.9553155084906465,False
v3,test,raster_image,18982,autoregression,4.812846325219389,3.1807043391356284,2.399060552479297,0.08569496563808543,0.8549697032531487,0.14571048995322386,0.6593819194879235,False
v3,test,raster_image,18982,pca_r32_l01,0.7320544599690146,0.4837987003877366,0.4925631310471271,0.08569496563808543,0.15447048398962193,0.8670877543947308,0.9843199026387806,False
v3,test,raster_image,18982,pca_r64_l01,0.7125279179330446,0.47089403799353624,0.4798990281354084,0.08569496563808543,0.15159036857608768,0.8802000105157833,0.9845150221815637,False
v3,test,raster_image,18982,pca_r96_l01,0.7743849709125801,0.5117740045503705,0.5608136718884811,0.08569496563808543,0.16079145309048315,0.886757858981062,0.9817103515796521,False
v3,test,raster_image,18982,pca_r64_l001,0.8219634691390864,0.5432175881457196,0.5538440960121649,0.08569496563808543,0.16801008022272182,0.8536216783193576,0.9802098643689646,False
v3,test,raster_image,18982,pca_r64_l1,0.5780778510997144,0.3820389443386698,0.39786293812218876,0.08569496563808543,0.13250311825801916,0.9239439099857395,0.9895244138667458,False
v3,test,raster_image,18982,template_1,0.8500663452459628,0.5617901612002434,0.5142355801828247,0.08569496563808543,0.17232466020992546,0.8207034799582335,0.979786072092727,False
v3,test,raster_image,18982,dictionary_8,0.6159381975632198,0.407060015060715,0.3915744819124414,0.08569496563808543,0.1377307500642694,0.9095638840124703,0.9876691593504026,False
v3,test,raster_image,18982,dictionary_24,0.6564367813845757,0.43382463885816464,0.4286467100507786,0.08569496563808543,0.14345749470244154,0.899320211405463,0.9862751935226223,False
v3,test,raster_image,18982,dictionary_48,0.6359707773313213,0.42029910666823206,0.395281473946825,0.08569496563808543,0.14054706405090087,0.9019679523110352,0.9872128363648415,True
v3,test,raster_image,18982,local_pca_8,0.7137509075886489,0.47170228497285804,0.4238746630437246,0.08569496563808543,0.15177005626221118,0.8752027140204729,0.9847572469260134,False
v3,test,raster_image,18982,local_pca_16,0.3989647844611314,0.26366705590583883,0.2683307113560305,0.08569496563808543,0.10994676843352551,0.9643884886678363,0.9932931909471332,False
v3,test,raster_image,18982,local_pca_32,0.4921300341051649,0.32523792141356384,0.333213906316663,0.08569496563808543,0.12117193513705055,0.9438242642946959,0.9914112268740328,False
v3,test,raster_image,18982,local_dictionary_8,0.5307207491261718,0.35074167666011596,0.33386573935535735,0.08569496563808543,0.12615924395879313,0.9430973987682942,0.9909682274057875,False
v3,test,raster_image,18982,local_dictionary_24,0.5857684319004358,0.3871214801335796,0.35805839002703144,0.08569496563808543,0.13355442441873036,0.9188512264373664,0.9884243310337162,False
v3,test,raster_image,19084,zero_fill,1.7596838046848442,1.0,0.8174272007767294,0.09431922665611189,0.3246279940417063,,0.9355546368391596,False
v3,test,raster_image,19084,linear,4.193438959682188,2.3830639052981595,2.482346457971329,0.09431922665611189,0.7470924875937309,-0.5270509265402515,0.6727116460833509,False
v3,test,raster_image,19084,pchip,3.4449135145990915,1.957688935607422,1.7534671802689008,0.09431922665611189,0.6160156434472333,-0.630967307933123,0.7572561782088779,False
v3,test,raster_image,19084,autoregression,8.486653279095336,4.822828542549028,4.732064995659345,0.09431922665611189,1.503112016488696,-0.29731078774851577,0.3825360761046664,False
v3,test,raster_image,19084,pca_r32_l01,1.8296144201079383,1.0397404438438975,0.9332363308594116,0.09431922665611189,0.33649240975346145,0.5458764611468567,0.9282483316204583,False
v3,test,raster_image,19084,pca_r64_l01,0.8586473258054742,0.4879554630891521,0.5649605339072628,0.09431922665611189,0.17792684962331687,0.8932392856565866,0.9808358047184498,False
v3,test,raster_image,19084,pca_r96_l01,0.8183961537434188,0.4650813694850092,0.6008953675817278,0.09431922665611189,0.17189676012155874,0.9011735752814247,0.9822740457591439,False
v3,test,raster_image,19084,pca_r64_l001,0.8317723893993497,0.47268286903868983,0.561825839584458,0.09431922665611189,0.17389157180143183,0.9042415211929739,0.9816777558364816,False
v3,test,raster_image,19084,pca_r64_l1,1.1676709860158445,0.663568638244626,0.5881192623223344,0.09431922665611189,0.2263318321355306,0.7801968135156998,0.9682937376787336,False
v3,test,raster_image,19084,template_1,1.2307683594195697,0.6994258605681706,0.6883283885963307,0.09431922665611189,0.23654877711686895,0.686335365926434,0.9671086502965266,False
v3,test,raster_image,19084,dictionary_8,1.3078350759772417,0.743221635895815,0.6403150442920578,0.09431922665611189,0.2491367720489851,0.6493356793647195,0.9624938342338761,False
v3,test,raster_image,19084,dictionary_24,1.6781733077496863,0.9536788957663015,0.7959585021789417,0.09431922665611189,0.3108478960274794,0.559625737962359,0.9386023890552767,False
v3,test,raster_image,19084,dictionary_48,1.567343361709364,0.8906960202376085,0.7505526242492165,0.09431922665611189,0.29220844580119665,0.6389983694731248,0.9459497986237586,True
v3,test,raster_image,19084,local_pca_8,1.8856162917749086,1.071565406668398,0.8581290968063938,0.09431922665611189,0.34601880421419,0.5215848457237792,0.9241415592513528,False
v3,test,raster_image,19084,local_pca_16,0.6867645555757541,0.39027724966688104,0.37142750689052356,0.09431922665611189,0.15283009017598395,0.9205318642372656,0.9868183547640546,False
v3,test,raster_image,19084,local_pca_32,0.6467178215599445,0.36751933491583755,0.4034209449051238,0.09431922665611189,0.14726926367525506,0.9240260659753428,0.9884915080957093,False
v3,test,raster_image,19084,local_dictionary_8,1.365182554021607,0.775811285179219,0.706918723425265,0.09431922665611189,0.25857198090136424,0.6313566176290689,0.9588835201951841,False
v3,test,raster_image,19084,local_dictionary_24,1.7718097493067184,1.0068909792711571,0.8605695065556991,0.09431922665611189,0.32668263459001545,0.5980244286568732,0.9326158445101855,False
v3,test,raster_image,19187,zero_fill,1.5156128390211798,1.0,0.7787359014125538,0.0966424906230622,0.2843092054994071,,0.9500856209563026,False
v3,test,raster_image,19187,linear,3.211278080664764,2.118798414731487,1.9754104609112235,0.0966424906230622,0.5755931672025025,0.19582968983578602,0.8134359329061449,False
v3,test,raster_image,19187,pchip,3.5787043453026146,2.361225936574825,2.2646731364094563,0.0966424906230622,0.6397425676565268,0.1990718865587117,0.783702015302644,False
v3,test,raster_image,19187,autoregression,13.920699266845226,9.184864965801925,8.144921530140568,0.0966424906230622,2.462692892056592,-0.15079649706155118,0.2562677430907981,False
v3,test,raster_image,19187,pca_r32_l01,1.4736230779528237,0.9722951930814506,0.7657130779187639,0.0966424906230622,0.27732527588802663,0.5034576738580057,0.9505227596170682,False
v3,test,raster_image,19187,pca_r64_l01,0.883462901881773,0.5829080350443159,0.4671525108108481,0.0966424906230622,0.18286261918189872,0.8123740250809046,0.9805392871511291,False
v3,test,raster_image,19187,pca_r96_l01,0.8048882394985291,0.5310645428540615,0.611653524196627,0.0966424906230622,0.17115215990564234,0.8648073191601133,0.9823717074051453,False
v3,test,raster_image,19187,pca_r64_l001,0.817281455868232,0.5392415759660973,0.47082975905066843,0.0966424906230622,0.17297776942742396,0.8443057484009164,0.9826016851268171,False
v3,test,raster_image,19187,pca_r64_l1,1.1776570019233228,0.7770170399743267,0.542610462951326,0.0966424906230622,0.2288837665571025,0.6394535103377184,0.9678686355180093,False
v3,test,raster_image,19187,template_1,1.7787009776777531,1.1735853193395236,0.8777917904917452,0.0966424906230622,0.32850561585765187,0.2503337070841467,0.9295589709600784,False
v3,test,raster_image,19187,dictionary_8,1.1103172692954464,0.7325863444205953,0.5419508067255382,0.0966424906230622,0.21811245231132964,0.6802895884984717,0.9712197294104689,False
v3,test,raster_image,19187,dictionary_24,1.1123335302172133,0.7339166715792574,0.572890237762466,0.0966424906230622,0.21843325519868312,0.6776649617757108,0.9712138956851076,False
v3,test,raster_image,19187,dictionary_48,0.9576693694481246,0.6318693961886804,0.4915442230062145,0.0966424906230622,0.19418608359540224,0.7704621824214656,0.9781408373275595,True
v3,test,raster_image,19187,local_pca_8,1.4149421787579588,0.9335775881073713,0.6258337664456841,0.0966424906230622,0.2676047849696573,0.5350458008475742,0.9541451800012439,False
v3,test,raster_image,19187,local_pca_16,0.767932785100647,0.5066813669885489,0.4478234680572386,0.0966424906230622,0.16576090303894087,0.8598942756972034,0.9847269006948718,False
v3,test,raster_image,19187,local_pca_32,0.5542881262626813,0.3657188115539152,0.3601428120903727,0.0966424906230622,0.13656136758391843,0.930123108725208,0.9904173668540173,False
v3,test,raster_image,19187,local_dictionary_8,1.3533438487788754,0.8929350649027876,0.6497418363111277,0.0966424906230622,0.25745585021005957,0.5013337249976952,0.9584124521620156,False
v3,test,raster_image,19187,local_dictionary_24,0.970318366496605,0.6402151931645422,0.5628081726561839,0.0966424906230622,0.1961385537994545,0.7651413483828092,0.9773692345700531,False
v3,test,raster_image,19290,zero_fill,1.3827526979566558,1.0,0.858588157547129,0.15162357957824057,0.28639385196101136,,0.9765735514948003,False
v3,test,raster_image,19290,linear,1.553102508575867,1.123196151322607,0.9734351822844312,0.15162357957824057,0.3124904202807835,-0.2705814327510375,0.9703412935619693,False
v3,test,raster_image,19290,pchip,1.5246894058371483,1.1026479341463138,1.007327757272932,0.15162357957824057,0.30808677707545556,-0.2612857802924842,0.9714403745210168,False
v3,test,raster_image,19290,autoregression,9.428525824448768,6.818663842335397,5.3090526635089414,0.15162357957824057,1.6734113756476712,0.49758688887896096,0.587009765043237,False
v3,test,raster_image,19290,pca_r32_l01,0.857832493778974,0.6203802712130841,0.6083085112680305,0.15162357957824057,0.21276142696917774,0.7917307839016827,0.9885357369713524,False
v3,test,raster_image,19290,pca_r64_l01,1.24319399071737,0.8990718243070385,0.8945487086798498,0.15162357957824057,0.2656485168980028,0.5802594734836145,0.9787193904181429,False
v3,test,raster_image,19290,pca_r96_l01,1.5655921084952429,1.1322285690049823,1.147240761378316,0.15162357957824057,0.31443201056579145,0.3801489174433584,0.9677246923948025,False
v3,test,raster_image,19290,pca_r64_l001,1.3302333790080245,0.9620182849570708,0.9591348661342354,0.15162357957824057,0.27851177314852854,0.5446097259399901,0.9758613222763813,False
v3,test,raster_image,19290,pca_r64_l1,0.9992734806812634,0.7226697023682733,0.7014214712662833,0.15162357957824057,0.23124854699547157,0.698971157864289,0.9857377669268209,False
v3,test,raster_image,19290,template_1,1.1728872348473809,0.8482263217281002,0.6909257963668138,0.15162357957824057,0.25546192671778567,0.6311677577828333,0.9806831695021383,False
v3,test,raster_image,19290,dictionary_8,1.2102519171951747,0.8752482775724164,0.6875961353022657,0.15162357957824057,0.2608514130138487,0.532213061696133,0.9803689009373977,False
v3,test,raster_image,19290,dictionary_24,0.8533104703975474,0.6171099659819976,0.5388113646842375,0.15162357957824057,0.21219240718167898,0.7797846095097379,0.9894768714849308,False
v3,test,raster_image,19290,dictionary_48,0.9827072279685999,0.7106890692896729,0.6251442403239158,0.15162357957824057,0.2290192747285027,0.7103365106729045,0.9860905977805298,True
v3,test,raster_image,19290,local_pca_8,0.8966145169694909,0.6484272410348221,0.5889591164067027,0.15162357957824057,0.21770095590397365,0.7783728377166526,0.9875864329893511,False
v3,test,raster_image,19290,local_pca_16,0.8986136228627691,0.6498729846563911,0.5859812596139522,0.15162357957824057,0.21795838547775595,0.7584985130292758,0.9888244542185263,False
v3,test,raster_image,19290,local_pca_32,0.8269312073856352,0.5980326117660965,0.5688582531680775,0.15162357957824057,0.208903104643932,0.7980792174049892,0.9900811785755937,False
v3,test,raster_image,19290,local_dictionary_8,1.217924215404881,0.880796846178389,0.703792140093529,0.15162357957824057,0.2619649547695554,0.5911139178744051,0.9794961617419881,False
v3,test,raster_image,19290,local_dictionary_24,0.7500907351757001,0.5424619574303754,0.4852843444364091,0.15162357957824057,0.19963381456776938,0.8379608843889735,0.9913808396278069,False
v3,test,raster_image,19393,zero_fill,0.8640834263740311,1.0,0.5526740466928375,0.10573101588298206,0.18483021322312232,,0.9814992327115684,False
v3,test,raster_image,19393,linear,0.8487819855083852,0.9822917088806394,0.6173003371819465,0.10573101588298206,0.18260111396092185,0.28179987263444617,0.9815875278972351,False
v3,test,raster_image,19393,pchip,0.8694155416852767,1.0061708339131337,0.6658766628347839,0.10573101588298206,0.1856099626428506,0.2605854680857723,0.9808328561479457,False
v3,test,raster_image,19393,autoregression,7.389296177629692,8.551600403490585,4.350160498238585,0.10573101588298206,1.310394125826771,0.18920086053488577,0.5463548777134649,False
v3,test,raster_image,19393,pca_r32_l01,0.6740958900369562,0.780128248571642,0.4504451810171278,0.10573101588298206,0.15820830298551275,0.5980161596955179,0.9871532849651546,False
v3,test,raster_image,19393,pca_r64_l01,0.5403241725214795,0.6253148203395724,0.4014831256716995,0.10573101588298206,0.1412556072692438,0.768841568128979,0.9901210733617601,False
v3,test,raster_image,19393,pca_r96_l01,0.6659869880958005,0.7707438515404625,0.49606401739306516,0.10573101588298206,0.15713142862962534,0.6728018178328751,0.9867647738226709,False
v3,test,raster_image,19393,pca_r64_l001,0.586417338357952,0.6786582411593585,0.4339060064104875,0.10573101588298206,0.1468881136737132,0.7378793923432848,0.9888994441817909,False
v3,test,raster_image,19393,pca_r64_l1,0.5114997545713529,0.5919564465178652,0.358487878868577,0.10573101588298206,0.13786117091067826,0.8285927142408333,0.9911457743239629,False
v3,test,raster_image,19393,template_1,0.9521344583665183,1.1019010772628488,0.5264893523263162,0.10573101588298206,0.1978881080716743,0.1878671566842045,0.9775290824156849,False
v3,test,raster_image,19393,dictionary_8,0.6402402690505545,0.7409472853069365,0.39436214584295054,0.10573101588298206,0.1537508212806313,0.6594040518414831,0.9877669394826571,False
v3,test,raster_image,19393,dictionary_24,0.4699295549539424,0.5438474348778061,0.2912181662159822,0.10573101588298206,0.13315689358894922,0.8583832656598839,0.991919934900132,False
v3,test,raster_image,19393,dictionary_48,0.4593700973838267,0.5316270204504324,0.2856329845607293,0.10573101588298206,0.13200039839896033,0.8562820561421842,0.9920641405493773,True
v3,test,raster_image,19393,local_pca_8,0.6806740226618183,0.7877410929152328,0.42283318298566647,0.10573101588298206,0.15908602276320616,0.5872517339478411,0.9869495615832111,False
v3,test,raster_image,19393,local_pca_16,0.4886849747095354,0.5655530007793496,0.32621030227987935,0.10573101588298206,0.13525017142040072,0.8248612505361343,0.9914694677198673,False
v3,test,raster_image,19393,local_pca_32,0.3892966161490315,0.45053128467310605,0.29460335613837496,0.10573101588298206,0.12476256633278418,0.9120095984814307,0.9932683764510146,False
v3,test,raster_image,19393,local_dictionary_8,0.5875521426937327,0.6799715452931302,0.3643916388067877,0.10573101588298206,0.1470297588599271,0.7193556624059376,0.9893253872997891,False
v3,test,raster_image,19393,local_dictionary_24,0.5463171423911942,0.6322504583657098,0.31670262354093043,0.10573101588298206,0.1419741282967109,0.7779768780699842,0.990344931638051,False
v3,test,raster_image,19496,zero_fill,1.1320604558828382,1.0,0.5724901073094442,0.1223215502855269,0.2335460532318489,,0.9804462748859644,False
v3,test,raster_image,19496,linear,4.083847736336639,3.6074466828291847,2.518521664953117,0.1223215502855269,0.731899321653382,0.15599148018637862,0.810634539075196,False
v3,test,raster_image,19496,pchip,3.2939324471378293,2.9096789221994808,1.878416389267314,0.1223215502855269,0.5946067602284331,0.15728970044742493,0.8621885384990462,False
v3,test,raster_image,19496,autoregression,12.925795606425226,11.41793756619211,7.703144426546567,0.1223215502855269,2.28814902999314,-0.022783170054428984,0.391025473292996,False
v3,test,raster_image,19496,pca_r32_l01,0.7537294351897216,0.6658031656109082,0.5215006460448087,0.1223215502855269,0.17957827968111428,0.7813472357825548,0.9889767854745866,False
v3,test,raster_image,19496,pca_r64_l01,0.7195801506037125,0.6356375641109621,0.4756587318794659,0.1223215502855269,0.17514592172802984,0.8012846210142576,0.9896750027759108,False
v3,test,raster_image,19496,pca_r96_l01,0.7447688451314338,0.6578878727378789,0.5377651629005529,0.1223215502855269,0.17840614166403307,0.7911142241588504,0.9891130449795394,False
v3,test,raster_image,19496,pca_r64_l001,0.7405456941169878,0.6541573731938836,0.4972898663113297,0.1223215502855269,0.17785592278821383,0.7962081955925339,0.9891708842235784,False
v3,test,raster_image,19496,pca_r64_l1,0.6963996555249483,0.6151611885266857,0.43523803789838394,0.1223215502855269,0.17219283265854538,0.7980223337450715,0.9903636582334904,False
v3,test,raster_image,19496,template_1,1.1682347007266978,1.0319543401201565,0.6294232657791619,0.1223215502855269,0.2390483559589652,0.41495586108142196,0.9780487155655163,False
v3,test,raster_image,19496,dictionary_8,0.5450537487584441,0.48147053094738085,0.33097148062820164,0.1223215502855269,0.1542039032243032,0.8844814978980283,0.9928329471544153,False
v3,test,raster_image,19496,dictionary_24,0.9615311690248087,0.8493637985746599,0.5340761843731268,0.1223215502855269,0.20829528323678131,0.7540442010013534,0.9832832629775702,False
v3,test,raster_image,19496,dictionary_48,1.2040044461031167,1.0635513676380233,0.6322982765582583,0.1223215502855269,0.24453183061132144,0.6597982275083412,0.9757554585194589,True
v3,test,raster_image,19496,local_pca_8,0.7172704505716035,0.6335973020206237,0.4397592873158917,0.1223215502855269,0.17484960598817903,0.8002842345256609,0.9897508841985413,False
v3,test,raster_image,19496,local_pca_16,0.497452565372595,0.4394222612295527,0.33355043824553976,0.1223215502855269,0.1490908349785953,0.9042390320788294,0.9934940577687424,False
v3,test,raster_image,19496,local_pca_32,0.5696677131258349,0.5032131545320864,0.3765567461641743,0.1223215502855269,0.15695946082606746,0.875412303167556,0.992392104934953,False
v3,test,raster_image,19496,local_dictionary_8,0.6726958902862165,0.5942225848367912,0.41338010731457353,0.1223215502855269,0.1692224102697265,0.8450226109570524,0.9903666844554623,False
v3,test,raster_image,19496,local_dictionary_24,1.2979355403878687,1.14652493481514,0.6824476121213916,0.1223215502855269,0.2591136381128126,0.6872002110520465,0.972244513965116,False
v3,test,raster_image,19599,zero_fill,0.5597283297308661,1.0,0.3562774815312163,0.1144338243497487,0.1499212197203385,,0.9927165691339374,False
v3,test,raster_image,19599,linear,0.563303412471675,1.0063871749041682,0.3992723661633977,0.1144338243497487,0.15033907917986775,0.3179089411035027,0.9924919923529376,False
v3,test,raster_image,19599,pchip,0.6447054022670063,1.1518184233715663,0.4999794605859921,0.1144338243497487,0.16023353664718237,0.23735562495720688,0.990865288806159,False
v3,test,raster_image,19599,autoregression,10.847262766020224,19.379513578017228,6.204164734081244,0.1144338243497487,1.9208482632998316,-0.349930191786159,0.4280377480792656,False
v3,test,raster_image,19599,pca_r32_l01,0.4649600071036983,0.8306887152330932,0.37217020274386503,0.1144338243497487,0.13943366624273065,0.5700665939545965,0.993937065088138,False
v3,test,raster_image,19599,pca_r64_l01,1.0453846988030864,1.867664442329975,0.6635126701129301,0.1144338243497487,0.2164180902577667,0.29937535912236124,0.9799007644711636,False
v3,test,raster_image,19599,pca_r96_l01,0.93104435059992,1.6633861485045676,0.764544054955544,0.1144338243497487,0.1994360555101724,0.46024726508113945,0.9833013042940828,False
v3,test,raster_image,19599,pca_r64_l001,1.2052553462354871,2.1532863037591996,0.7587052230816411,0.1144338243497487,0.24099977661062053,0.24950533412165676,0.9743530117879405,False
v3,test,raster_image,19599,pca_r64_l1,0.596639043797999,1.0659439805108324,0.37960115241544823,0.1144338243497487,0.154305526209244,0.5180475540779438,0.9915634548923976,False
v3,test,raster_image,19599,template_1,0.7285890875096535,1.3016834217770978,0.4224166696820885,0.1144338243497487,0.17109848801683755,0.287001622455035,0.9889299451055249,False
v3,test,raster_image,19599,dictionary_8,0.5173848052815742,0.9243498636746653,0.32897745318793714,0.1144338243497487,0.14508996579179284,0.5740069651042194,0.9930218272374555,False
v3,test,raster_image,19599,dictionary_24,0.39356112696326717,0.703128832432875,0.23921441146286843,0.1144338243497487,0.13238656293587497,0.7067430970501649,0.9948397157227551,False
v3,test,raster_image,19599,dictionary_48,0.40112244084398746,0.7166377321599194,0.24302189277297293,0.1144338243497487,0.13309387163803102,0.6830423171346439,0.9947861882719958,True
v3,test,raster_image,19599,local_pca_8,0.4275655642485216,0.7638805140595756,0.2745295905499823,0.1144338243497487,0.13564204000623986,0.641951115902955,0.9944295903912058,False
v3,test,raster_image,19599,local_pca_16,0.3576390760943063,0.6389511788089585,0.24782138493717593,0.1144338243497487,0.12916242361414712,0.7926670203068085,0.9951204719477997,False
v3,test,raster_image,19599,local_pca_32,0.33770368487801017,0.6033349876008386,0.24088707574029905,0.1144338243497487,0.12747449298717198,0.7959735793012324,0.9953990525023657,False
v3,test,raster_image,19599,local_dictionary_8,0.6495989829961254,1.1605612017324043,0.39772608849617785,0.1144338243497487,0.16084998285710428,0.5418254281212549,0.9904314694777382,False
v3,test,raster_image,19599,local_dictionary_24,0.4306692711998994,0.7694255379336935,0.26716837679704214,0.1144338243497487,0.1359485341464781,0.697815999080394,0.994249910618189,False
