source,split,profile,row,method,gap_rmse,gap_nrmse,gap_mae,visible_rmse,whole_rmse,gap_correlation,whole_correlation,selected_on_validation
am_9db,validation,short_gaps,12000,zero_fill,2.885860874705908,1.0,1.7374390170988692,0.0,0.5101529485163723,,0.9154665592905432,
am_9db,validation,short_gaps,12000,linear,2.92743418959087,1.014405862475681,1.7692693585748502,0.0,0.5175021417342623,0.09625803350492318,0.9129611555779032,
am_9db,validation,short_gaps,12000,pchip,2.9746632742964083,1.0307715456309203,1.7920756410034235,0.0,0.5258511432503923,0.08537256289170937,0.9100743117843335,
am_9db,validation,short_gaps,12000,autoregression,2.448735121408226,0.8485284730358914,1.361081129184946,0.0,0.43287930241935507,0.5727245729581927,0.9399954709748628,
am_9db,validation,short_gaps,12000,pca_r32_l01,16.482116843451752,5.711334523405052,7.996890722886588,0.0,2.9136541470784367,0.3668319302734218,0.4625361454209411,
am_9db,validation,short_gaps,12000,pca_r64_l01,3.6873939780457308,1.2777448872761428,2.673265706684758,0.0,0.6518453216956439,0.41531110355228956,0.8765201282950178,
am_9db,validation,short_gaps,12000,pca_r96_l01,4.424752166089769,1.5332520721535776,2.995237690808731,0.0,0.7821930654279852,0.25479571127203493,0.8278645656894522,
am_9db,validation,short_gaps,12000,pca_r64_l001,5.511079374495127,1.9096829728691442,3.69451166696941,0.0,0.9742303993407052,0.28119923980276584,0.771105429371487,
am_9db,validation,short_gaps,12000,pca_r64_l1,2.3006657280960154,0.797219903516822,1.8076640559265547,0.0,0.4067040843950446,0.6380834932162877,0.9476031384475457,
am_9db,validation,short_gaps,12000,template_1,3.339153170366956,1.1570735095492926,1.9185487502399943,0.0,0.5902844625467585,0.5189641778291791,0.8985185685498942,
am_9db,validation,short_gaps,12000,dictionary_8,2.1138277088474955,0.7324773440656287,1.3971720608278244,0.0,0.37367547679652174,0.7949788574152403,0.9586860178681893,
am_9db,validation,short_gaps,12000,dictionary_24,2.9916916922162953,1.0366721827923089,2.0060855749412236,0.0,0.5288613706964,0.34179527713934144,0.91063091942908,
am_9db,validation,short_gaps,12000,dictionary_48,3.501444573862902,1.213310248097018,2.4276357780318225,0.0,0.6189738005318248,0.08410388841480806,0.8773366217874137,
am_9db,validation,short_gaps,12000,local_pca_8,6.322221977577927,2.1907577156581435,3.3215843421152687,0.0,1.1176215081279943,0.6622203158689195,0.7916000758457543,
am_9db,validation,short_gaps,12000,local_pca_16,3.013990514748845,1.0443991050178378,1.9172867744584885,0.0,0.5328032828527104,0.6872454686584762,0.9216520112368015,
am_9db,validation,short_gaps,12000,local_pca_32,0.8974734906777049,0.31098986737160866,0.6800306260493563,0.0,0.15865239779834173,0.9543788338928609,0.9922489059696303,
am_9db,validation,short_gaps,12000,local_dictionary_8,1.6096781625159349,0.5577809299902491,1.000445089482351,0.0,0.2845535860607297,0.8943578191777084,0.9765603363556719,
am_9db,validation,short_gaps,12000,local_dictionary_24,2.414119814672752,0.8365336790252474,1.5149196828704592,0.0,0.42676012288797854,0.827056186971521,0.9510945407951983,
am_9db,validation,short_gaps,12113,zero_fill,3.2703472431345144,1.0,2.5322748431799162,0.0,0.5781211781137865,,0.8982838369853781,
am_9db,validation,short_gaps,12113,linear,4.759105075351897,1.4552292834783074,3.432764239737914,0.0,0.8412988677901604,-0.07969856275453399,0.7966765808313657,
am_9db,validation,short_gaps,12113,pchip,5.091541953344756,1.556881142830781,3.7326067820677644,0.0,0.9000659604764693,-0.04576946551360545,0.7748159097767331,
am_9db,validation,short_gaps,12113,autoregression,3.4326662026909447,1.0496335549373812,2.5114514468827336,0.0,0.6068153873681608,0.14314750304013676,0.8880188687269376,
am_9db,validation,short_gaps,12113,pca_r32_l01,7.6021404481618315,2.324566745663205,4.958723177261584,0.0,1.3438812656069425,0.07733720413869216,0.6397311680816063,
am_9db,validation,short_gaps,12113,pca_r64_l01,10.53795781332608,3.2222748931167975,6.357993467573772,0.0,1.8628653574151584,0.21340253863088235,0.5543781769211208,
am_9db,validation,short_gaps,12113,pca_r96_l01,4.823220765000386,1.4748344461359082,3.3323157788819397,0.0,0.8526330275228851,0.4523930819939787,0.8266510537610207,
am_9db,validation,short_gaps,12113,pca_r64_l001,17.85877986488967,5.460820682690762,10.364722044827127,0.0,3.157016086545315,0.11779990946782253,0.3621392742820667,
am_9db,validation,short_gaps,12113,pca_r64_l1,4.282478351387064,1.3094873519554628,2.874891238260357,0.0,0.7570423706375948,0.47799057768655717,0.8543210679389559,
am_9db,validation,short_gaps,12113,template_1,5.751110646712567,1.7585626904867528,4.339252889623126,0.0,1.0166623344111516,0.11990959801521432,0.7442827982852033,
am_9db,validation,short_gaps,12113,dictionary_8,3.0031004477078,0.9182818289440825,2.5326664838474446,0.0,0.5308781727896356,0.4720956954578998,0.9157647365423771,
am_9db,validation,short_gaps,12113,dictionary_24,3.2612430699015182,0.9972161447833686,2.8533856462105365,0.0,0.5765117724562494,0.3820675809539077,0.9006974202954419,
am_9db,validation,short_gaps,12113,dictionary_48,3.0443740061023927,0.9309023720626272,2.626289922078387,0.0,0.5381743760457645,0.4764704224682182,0.9137838326714526,
am_9db,validation,short_gaps,12113,local_pca_8,6.129780473322391,1.874351565018279,4.147638089267748,0.0,1.083602334967787,0.29274882573717537,0.7449182118713726,
am_9db,validation,short_gaps,12113,local_pca_16,4.125657009626092,1.2615348471900474,3.031943156120386,0.0,0.7293200120891059,0.42396792859429855,0.8577402006758053,
am_9db,validation,short_gaps,12113,local_pca_32,3.2094083524036585,0.9813662323293694,2.395558392455847,0.0,0.5673486023953429,0.5772976288169992,0.9095727535439324,
am_9db,validation,short_gaps,12113,local_dictionary_8,2.4275285365287793,0.7422846432056791,2.037244777151553,0.0,0.4291304724258388,0.6888001337592863,0.9456982015226352,
am_9db,validation,short_gaps,12113,local_dictionary_24,2.6055894423442547,0.7967317378343248,2.091707982290112,0.0,0.4606074909174243,0.6599464703100246,0.9379483584002377,
am_9db,validation,short_gaps,12226,zero_fill,4.231699552226708,1.0,3.5353569557066797,0.0,0.7480658623308954,,0.8462606553699533,
am_9db,validation,short_gaps,12226,linear,5.1920024021894555,1.2269307728752716,4.045316952748294,0.0,0.9178250266312521,-0.1453194640917188,0.7682898906386216,
am_9db,validation,short_gaps,12226,pchip,5.452707101808238,1.2885383365506275,4.180976523416201,0.0,0.9639115418781627,-0.15899692062683507,0.7487047260315439,
am_9db,validation,short_gaps,12226,autoregression,3.090484747721906,0.7303176205162538,2.468089969852048,0.0,0.5463256805669391,0.7236283152035543,0.9235725110100925,
am_9db,validation,short_gaps,12226,pca_r32_l01,8.926934078837311,2.109538725200844,6.921526726732001,0.0,1.5780739055877873,-0.2916151794786499,0.4885808313706526,
am_9db,validation,short_gaps,12226,pca_r64_l01,13.400461086782714,3.1666853757921993,8.482108637921261,0.0,2.368889226372627,-0.14937867349851908,0.34166934753721795,
am_9db,validation,short_gaps,12226,pca_r96_l01,4.690262968200528,1.1083638879165052,3.591986515477598,0.0,0.8291291875906845,0.3618617524187742,0.8238997169939315,
am_9db,validation,short_gaps,12226,pca_r64_l001,24.217412202304526,5.722857188564201,14.040473967477368,0.0,4.281074097759844,-0.18147300917187073,0.14391956115171406,
am_9db,validation,short_gaps,12226,pca_r64_l1,4.968047979034137,1.1740077285070876,3.9435272886567327,0.0,0.8782351038087902,0.10016287734981252,0.792335473629771,
am_9db,validation,short_gaps,12226,template_1,4.6504743970389315,1.0989613841067392,3.970748180987013,0.0,0.8220954954701624,-0.281290669002337,0.8119276848898117,
am_9db,validation,short_gaps,12226,dictionary_8,4.521190107363098,1.0684099973458798,3.8560027308207934,0.0,0.7992410459874953,-0.09817919410828396,0.8230325408444088,
am_9db,validation,short_gaps,12226,dictionary_24,4.405044694804349,1.040963480615354,3.6411807874176025,0.0,0.7787092437814953,-0.03875103179359575,0.8324784904501248,
am_9db,validation,short_gaps,12226,dictionary_48,4.754753431588679,1.1236037371998069,4.11032553127181,0.0,0.8405295985865904,-0.11634465824407898,0.8040721623119732,
am_9db,validation,short_gaps,12226,local_pca_8,4.724931049243504,1.1165563601407522,3.856910994519027,0.0,0.8352576963897379,0.18200117597809629,0.8120391515208194,
am_9db,validation,short_gaps,12226,local_pca_16,4.453052722534986,1.052308337956508,3.678541859717342,0.0,0.7871959442714265,0.1557399074015895,0.8302406409588253,
am_9db,validation,short_gaps,12226,local_pca_32,4.50694490179294,1.0650436889881274,3.0220636578918887,0.0,0.7967228256229816,0.38540186858997266,0.835609634534564,
am_9db,validation,short_gaps,12226,local_dictionary_8,4.041782088828535,0.955120286529265,3.1533602713343507,0.0,0.7144928807722465,0.32467166007704146,0.8610837235858828,
am_9db,validation,short_gaps,12226,local_dictionary_24,4.407233263106861,1.0414806648519714,3.361833981895859,0.0,0.7790961316534443,0.19547156453538314,0.8341842550609726,
am_9db,validation,short_gaps,12339,zero_fill,6.469535063796908,1.0,3.4682281527818253,0.0,1.1436630286837342,,0.5040961932554603,
am_9db,validation,short_gaps,12339,linear,9.136832747544972,1.4122858377681706,4.618002194877624,0.0,1.615179098589091,-0.03717447896763892,0.22891989250160472,
am_9db,validation,short_gaps,12339,pchip,9.393889817599828,1.45201930663726,4.528945026729518,0.0,1.6606207979360244,-0.027256627650934485,0.22227059399039786,
am_9db,validation,short_gaps,12339,autoregression,12.42135739182163,1.9199768251246876,6.676749789623219,0.0,2.1958065108246805,0.34378018851875086,0.4252471272442588,
am_9db,validation,short_gaps,12339,pca_r32_l01,4.874155510275886,0.7534012046014463,2.897329407952628,0.0,0.8616371034684638,0.8466738261722636,0.8698950451154971,
am_9db,validation,short_gaps,12339,pca_r64_l01,2.316859889279979,0.35811845309332574,1.4593328732752429,0.0,0.4095668346922467,0.9543410391226199,0.9630857522299789,
am_9db,validation,short_gaps,12339,pca_r96_l01,2.2521475141188567,0.34811582160234755,1.489928883722057,0.0,0.39812719486646736,0.9376461259932869,0.9538623674677049,
am_9db,validation,short_gaps,12339,pca_r64_l001,3.9497035431526375,0.6105080974450419,2.488283326101847,0.0,0.6982155397599409,0.9160474496198482,0.9251952208292102,
am_9db,validation,short_gaps,12339,pca_r64_l1,1.8588349933254045,0.28732126420139875,1.1314675813724673,0.0,0.32859870722181106,0.9593984749844334,0.9695522832658663,
am_9db,validation,short_gaps,12339,template_1,3.52802414952807,0.5453288551244835,1.607704810329936,0.0,0.6236724500803001,0.9375448689077175,0.9430239244915464,
am_9db,validation,short_gaps,12339,dictionary_8,2.5002526967564154,0.38646559174671835,1.3989433578291872,0.0,0.4419864091391035,0.939496246619735,0.9525810707163127,
am_9db,validation,short_gaps,12339,dictionary_24,2.130798590092141,0.3293588440405787,1.2312926078754822,0.0,0.37667553309922186,0.9558291553817194,0.9654042018831748,
am_9db,validation,short_gaps,12339,dictionary_48,2.0991293559659128,0.32446371111156075,1.288583594631759,0.0,0.37107715054781176,0.9524595447501656,0.9636656702716111,
am_9db,validation,short_gaps,12339,local_pca_8,8.852091457794948,1.3682732020930946,4.337297985694413,0.0,1.5648434743725799,0.466984398512452,0.5580830905999933,
am_9db,validation,short_gaps,12339,local_pca_16,3.0712457685197387,0.47472434081178844,1.8199148645804408,0.0,0.5429246774026992,0.8886230937490993,0.9167313288125241,
am_9db,validation,short_gaps,12339,local_pca_32,2.181150728862791,0.33714180499126856,1.3720880470696046,0.0,0.3855766177922151,0.9415097268061323,0.956720334032369,
am_9db,validation,short_gaps,12339,local_dictionary_8,1.892329505550773,0.2924985314849168,1.1451267185905118,0.0,0.3345197564035845,0.9593053385944911,0.9692862149743775,
am_9db,validation,short_gaps,12339,local_dictionary_24,2.3224149169750103,0.3589770971288325,1.3820822896550045,0.0,0.41054883413045556,0.9437896029705327,0.9566950961631941,
am_9db,validation,short_gaps,12452,zero_fill,5.673048285545272,1.0,3.368969922805346,0.0,1.0028627281769449,,0.36800855657953296,
am_9db,validation,short_gaps,12452,linear,6.03520779548692,1.0638386087536778,3.5952186154956745,0.0,1.0668840895146787,0.035747393671308886,0.28416735498790013,
am_9db,validation,short_gaps,12452,pchip,6.086949020180695,1.072959141858536,3.647962460468429,0.0,1.076030732226645,0.03597320837027765,0.276797924921388,
am_9db,validation,short_gaps,12452,autoregression,8.522511508631839,1.502280798551794,4.456676790753882,0.0,1.5065814201234917,0.10550142611469748,0.20584521380145654,
am_9db,validation,short_gaps,12452,pca_r32_l01,2.1996752029510236,0.3877413151154942,1.2004658984696959,0.0,0.38885131310364096,0.9549681413522007,0.958461509089485,
am_9db,validation,short_gaps,12452,pca_r64_l01,1.8812305896290067,0.3316084219523243,1.0789734831902371,0.0,0.33255772672555944,0.9614198313998021,0.9651080857632639,
am_9db,validation,short_gaps,12452,pca_r96_l01,0.8617017103760964,0.15189394960231206,0.598375270723023,0.0,0.15232878069174602,0.9937539140016987,0.9938374689607425,
am_9db,validation,short_gaps,12452,pca_r64_l001,4.071591230099711,0.7177078397999859,2.1735691653418296,0.0,0.7197624422557957,0.9292804939667415,0.9283653516062373,
am_9db,validation,short_gaps,12452,pca_r64_l1,1.9886267627589134,0.35053936837200284,1.0291916147188271,0.0,0.35154286729896983,0.972370683270783,0.968959569621454,
am_9db,validation,short_gaps,12452,template_1,2.9075578433004217,0.5125212578762597,1.808997606720816,0.0,0.5139884669224654,0.8594425597992699,0.8797085159031259,
am_9db,validation,short_gaps,12452,dictionary_8,2.134858537304038,0.3763159468858361,1.293021564562763,0.0,0.3773932371504199,0.9779818151027813,0.96959267937482,
am_9db,validation,short_gaps,12452,dictionary_24,2.3306805574444924,0.4108339009528589,1.4402099581672796,0.0,0.41201000673716087,0.9637403693841207,0.9568983771661883,
am_9db,validation,short_gaps,12452,dictionary_48,2.2067018918213916,0.3889799241518868,1.3663269711942267,0.0,0.3900934679410223,0.9644315847962749,0.9600611667224244,
am_9db,validation,short_gaps,12452,local_pca_8,5.490129938395405,0.967756603162371,2.755463493730808,0.0,0.9705270272586685,0.8466154948986809,0.8512165488673307,
am_9db,validation,short_gaps,12452,local_pca_16,1.1512899883698684,0.20294027662400033,0.6554884719860408,0.0,0.20352123947212883,0.9903894287376996,0.9899475616601512,
am_9db,validation,short_gaps,12452,local_pca_32,1.0656208150656195,0.18783919357442874,0.6000137782486636,0.0,0.18837692612660886,0.9901590901542517,0.9903071092834869,
am_9db,validation,short_gaps,12452,local_dictionary_8,2.60017948249349,0.4583390360203095,1.5747294013922404,0.0,0.4596511360933186,0.9214534335826222,0.925478032422725,
am_9db,validation,short_gaps,12452,local_dictionary_24,2.0354957213625675,0.35880105701707826,1.2563081401858833,0.0,0.35982820691291867,0.9552127021897167,0.9573793760364808,
am_9db,validation,short_gaps,12565,zero_fill,5.134849189558157,1.0,2.7478709985590113,0.0,0.907721670576705,,0.46507154119543104,
am_9db,validation,short_gaps,12565,linear,5.165971448270869,1.0060609878817863,2.873953598674452,0.0,0.9132233606221053,0.004027675420070097,0.45525221870772725,
am_9db,validation,short_gaps,12565,pchip,5.1795907899832825,1.0087133231714203,2.8972866334808627,0.0,0.9156309428421415,0.019392886311379302,0.4514845576912903,
am_9db,validation,short_gaps,12565,autoregression,5.020406866975721,0.9777126224436821,2.538539941215836,0.0,0.8874909349885104,0.23922321743728414,0.5013768142412592,
am_9db,validation,short_gaps,12565,pca_r32_l01,5.038627389921072,0.9812610271334251,2.4352646760999805,0.0,0.8907118988213661,0.24136693219763602,0.5013183427559338,
am_9db,validation,short_gaps,12565,pca_r64_l01,4.680881652343439,0.9115908723983809,2.979706516297238,0.0,0.8274707895759343,0.5953255817392326,0.6811423072339972,
am_9db,validation,short_gaps,12565,pca_r96_l01,4.608565903327016,0.8975075475826338,2.5515579120710976,0.0,0.81468705044691,0.4859900165201134,0.6241135781517602,
am_9db,validation,short_gaps,12565,pca_r64_l001,6.552443681319347,1.2760732476123942,4.13371023227187,0.0,1.158319340100964,0.5074608596898182,0.5809393854364515,
am_9db,validation,short_gaps,12565,pca_r64_l1,4.083261805287147,0.7952057898001292,2.0951469018215323,0.0,0.7218255279696414,0.6333731882557817,0.7180458920006918,
am_9db,validation,short_gaps,12565,template_1,5.685278614952253,1.107194857156352,2.8060418260160596,0.0,1.0050247653919002,0.08887631463941463,0.37269671008143723,
am_9db,validation,short_gaps,12565,dictionary_8,3.4331409114063116,0.6685962497959412,1.6463945449957074,0.0,0.6068993048060918,0.8025285416689565,0.8267959951737163,
am_9db,validation,short_gaps,12565,dictionary_24,4.5498641429666575,0.8860755155611812,2.161205953919162,0.0,0.8043099472423108,0.49098228946975253,0.6248941376291226,
am_9db,validation,short_gaps,12565,dictionary_48,4.977145883660563,0.9692876460289647,2.3319180932335284,0.0,0.8798434013227737,0.2528020373995392,0.5142535380166741,
am_9db,validation,short_gaps,12565,local_pca_8,3.0007000972697635,0.5843794017109133,1.8155016029770126,0.0,0.5304538467716456,0.970980655029988,0.9648469905466722,
am_9db,validation,short_gaps,12565,local_pca_16,3.7571110188597476,0.7316886787054868,2.0008279909098636,0.0,0.6641696697766065,0.6941096264655017,0.7666034756713488,
am_9db,validation,short_gaps,12565,local_pca_32,3.7136695755976894,0.7232285581336115,1.791084126744721,0.0,0.6564902349978236,0.8008772747293895,0.7978946715128296,
am_9db,validation,short_gaps,12565,local_dictionary_8,5.2304984190634904,1.018627466158079,2.4963355258288242,0.0,0.9246302252763277,0.14768404293166704,0.451178534429474,
am_9db,validation,short_gaps,12565,local_dictionary_24,4.876424420817675,0.9496723741631994,2.2936581710638095,0.0,0.8620381939759652,0.31759599843034386,0.5422082700054219,
am_9db,validation,short_gaps,12678,zero_fill,3.351132309636893,1.0,2.654492663729234,0.0,0.592402095199396,,0.8771578586230591,
am_9db,validation,short_gaps,12678,linear,3.3796732856408567,1.0085168156213613,2.631791856420428,0.0,0.5974474746179174,0.1536174008334048,0.8751634104949835,
am_9db,validation,short_gaps,12678,pchip,3.4479336001770005,1.0288861440241364,2.7251823920241227,0.0,0.6095143074415258,0.13926301670684735,0.8700434023921874,
am_9db,validation,short_gaps,12678,autoregression,3.1175926556343456,0.930310225791159,2.319970491470121,0.0,0.5511177269441058,0.5059328293399328,0.8974719426925183,
am_9db,validation,short_gaps,12678,pca_r32_l01,16.119787372503783,4.8102509489547485,9.718425364570106,0.0,2.849602740595676,0.038507371622546686,0.3324584857475081,
am_9db,validation,short_gaps,12678,pca_r64_l01,9.976246685706563,2.976977858205642,6.044165325550078,0.0,1.7635679205632326,0.30425320046526766,0.5688318545102915,
am_9db,validation,short_gaps,12678,pca_r96_l01,3.8443620859402787,1.1471830207613705,2.6838633463091317,0.0,0.679593625076208,0.5417963133897097,0.8630711601277046,
am_9db,validation,short_gaps,12678,pca_r64_l001,21.51454988123939,6.420083689136872,11.925811456686883,0.0,3.803271028800151,0.22401084848683975,0.33862401453769325,
am_9db,validation,short_gaps,12678,pca_r64_l1,2.581186309035844,0.7702430314712118,2.1423977410706323,0.0,0.4562935856562802,0.6458474377362874,0.9292694099544091,
am_9db,validation,short_gaps,12678,template_1,2.908156336225929,0.8678130457167887,2.3998145735399627,0.0,0.5140942665239949,0.4999764624244123,0.9090539945678154,
am_9db,validation,short_gaps,12678,dictionary_8,2.7747505647809576,0.8280038829865276,2.1359216400184713,0.0,0.49051123511445444,0.6565652903917784,0.9179783762250434,
am_9db,validation,short_gaps,12678,dictionary_24,3.3869606291574796,1.0106914070260833,2.636423366044099,0.0,0.5987357071222773,0.2409865688417425,0.8751187820406675,
am_9db,validation,short_gaps,12678,dictionary_48,3.2929526244744394,0.9826387979384922,2.6270510766914166,0.0,0.5821172827229787,0.27478161684541547,0.8820118623748229,
am_9db,validation,short_gaps,12678,local_pca_8,2.890721332381,0.8626103254915113,2.3982878630808795,0.0,0.5110121641618043,0.6323373417471648,0.9144498007991858,
am_9db,validation,short_gaps,12678,local_pca_16,4.324869825398541,1.2905697017576594,3.183902416637115,0.0,0.764536195322097,0.4764750004554026,0.8328113968780915,
am_9db,validation,short_gaps,12678,local_pca_32,1.88202094204361,0.5616074711915907,1.4947039129684958,0.0,0.33269744261353273,0.8542978641199621,0.9643267186614995,
am_9db,validation,short_gaps,12678,local_dictionary_8,2.2738128754872977,0.678520770113572,1.9073190036815793,0.0,0.4019571258515877,0.7505385788627686,0.9457071539957572,
am_9db,validation,short_gaps,12678,local_dictionary_24,2.589122259440757,0.7726111714524628,2.06614227758852,0.0,0.4576964767428987,0.6475694820848923,0.9289383581752498,
am_9db,validation,short_gaps,12791,zero_fill,4.09255602056695,1.0,3.0314359418839185,0.0,0.7234685286321805,,0.9045326881803736,
am_9db,validation,short_gaps,12791,linear,5.124954983988362,1.2522626344595258,3.7444008036874465,0.0,0.9059726056134911,-0.07510350354444877,0.8515743594872915,
am_9db,validation,short_gaps,12791,pchip,4.750082738054798,1.160664072570657,3.455031198636317,0.0,0.8397039288189274,-0.09078239540444993,0.8710254174286891,
am_9db,validation,short_gaps,12791,autoregression,4.4641838165666305,1.0908057932822623,3.1875730922424297,0.0,0.7891636622893766,0.4098560232803606,0.8920132484614387,
am_9db,validation,short_gaps,12791,pca_r32_l01,19.83421890415574,4.846413538258193,11.850682323275889,0.0,3.506227671666734,-0.3972594211111659,0.24329833198947468,
am_9db,validation,short_gaps,12791,pca_r64_l01,13.779093126923113,3.366867321467787,8.975755034511156,0.0,2.4358225471620707,-0.46660667487972207,0.3903460715737761,
am_9db,validation,short_gaps,12791,pca_r96_l01,9.407737039624315,2.298743619475499,6.032979790692752,0.0,1.6630686640845522,-0.3938828329867183,0.5982500274967847,
am_9db,validation,short_gaps,12791,pca_r64_l001,22.83430435798795,5.5794726433151345,13.671957710973548,0.0,4.036572863802704,-0.42207914946780206,0.18237221982496185,
am_9db,validation,short_gaps,12791,pca_r64_l1,6.159097581547539,1.5049513190767043,4.315035301050917,0.0,1.0887849164754824,-0.3620852972712912,0.7881491725562668,
am_9db,validation,short_gaps,12791,template_1,4.8460271584498384,1.1841077151042905,3.5098899080508854,0.0,0.8566646663885141,-0.08062083146279066,0.8659570632772122,
am_9db,validation,short_gaps,12791,dictionary_8,4.84900721048474,1.1848358791220646,3.551299458883513,0.0,0.8571914701390562,-0.26965014050230246,0.864887716547373,
am_9db,validation,short_gaps,12791,dictionary_24,4.568607509208161,1.116321312707471,3.4039979415925603,0.0,0.8076233375852183,-0.256805599460399,0.8800823752142167,
am_9db,validation,short_gaps,12791,dictionary_48,5.115628592259344,1.2499837672474097,3.5092718957791362,0.0,0.9043239169045936,-0.323773569011669,0.849786037908718,
am_9db,validation,short_gaps,12791,local_pca_8,7.184675913157076,1.75554735892455,4.860965627989878,0.0,1.2700832647052547,-0.5687734647119008,0.718912500148126,
am_9db,validation,short_gaps,12791,local_pca_16,4.350532015200598,1.0630354217113223,3.4493420928955105,0.0,0.7690726724293798,0.13468822361452443,0.8922186823657399,
am_9db,validation,short_gaps,12791,local_pca_32,4.345023092939138,1.0616893381797161,3.1611865906081307,0.0,0.7680988233573527,0.3622756266956155,0.8954604883552425,
am_9db,validation,short_gaps,12791,local_dictionary_8,4.121359362041321,1.0070379834337322,3.128289725519701,0.0,0.7285602881515204,0.21742716592477485,0.9033939103606163,
am_9db,validation,short_gaps,12791,local_dictionary_24,4.776934025278483,1.1672250792102108,3.464251516383772,0.0,0.8444506106387913,-0.043929787501679494,0.8698229030182039,
am_9db,validation,short_gaps,12904,zero_fill,1.9537503466886241,1.0,1.1786389819068839,0.0,0.3453775297222736,,0.9592340192282715,
am_9db,validation,short_gaps,12904,linear,3.014182512968011,1.542767487195431,1.7407756242654504,0.0,0.5328372236633973,-0.085657651227056,0.9066503630400833,
am_9db,validation,short_gaps,12904,pchip,3.3582003299397423,1.718848232391357,1.9781697512232286,0.0,0.5936515564708233,-0.1065776135581004,0.8868706260780799,
am_9db,validation,short_gaps,12904,autoregression,2.1804509645539105,1.1160335650097348,1.3197512281054444,0.0,0.38545291577020463,0.34948668346322115,0.9500927855752905,
am_9db,validation,short_gaps,12904,pca_r32_l01,10.961178302340713,5.610326990302837,5.953003556245258,0.0,1.9376808768449916,0.045954597471588234,0.5104534878632182,
am_9db,validation,short_gaps,12904,pca_r64_l01,4.184947165374677,2.142007126175393,2.695659431216731,0.0,0.7398011298859635,0.2665292296306701,0.8478560630057195,
am_9db,validation,short_gaps,12904,pca_r96_l01,4.880044800458282,2.4977832038414634,2.7738814343046245,0.0,0.8626781927245508,0.1243671793503141,0.8017913524587055,
am_9db,validation,short_gaps,12904,pca_r64_l001,6.370796623474374,3.26080383518402,3.8854177899215205,0.0,1.1262083735047723,0.1179201619898156,0.7184549048679701,
am_9db,validation,short_gaps,12904,pca_r64_l1,1.6118985276614666,0.825027890791392,1.1759414602932066,0.0,0.2849460948735087,0.6938404213662448,0.9730643704162062,
am_9db,validation,short_gaps,12904,template_1,4.38168272287781,2.242703490906217,2.4598031546060732,0.0,0.7745793915887087,-0.3097958077442119,0.8158991384905421,
am_9db,validation,short_gaps,12904,dictionary_8,2.7132305711738853,1.388729412523197,1.4629173345605013,0.0,0.479635933949926,-0.14348038914902933,0.9220901912134557,
am_9db,validation,short_gaps,12904,dictionary_24,2.274496151650048,1.1641692888270245,1.2681395565291391,0.0,0.4020779131536138,0.1093168308780287,0.9449868778620729,
am_9db,validation,short_gaps,12904,dictionary_48,2.9779194834019527,1.5242067587853148,1.942099640403815,0.0,0.5264267651352653,-0.324712882878315,0.9063600111951443,
am_9db,validation,short_gaps,12904,local_pca_8,8.989227027429715,4.601011097792199,4.792288276773388,0.0,1.5890858471802356,0.37064673802862713,0.6339192991824739,
am_9db,validation,short_gaps,12904,local_pca_16,2.638923143140473,1.3506961867534077,1.4651201246490007,0.0,0.4665001123861866,0.2483161743412677,0.9284547406874436,
am_9db,validation,short_gaps,12904,local_pca_32,1.7981816780845452,0.9203743360211045,1.3225134696090286,0.0,0.31787661459474686,0.663789345975241,0.9669005638844856,
am_9db,validation,short_gaps,12904,local_dictionary_8,3.378487010123999,1.7292316880967598,2.0037152406578715,0.0,0.597237768752336,0.7536037841544635,0.9096599673540682,
am_9db,validation,short_gaps,12904,local_dictionary_24,2.457417720385626,1.2577951551234057,1.4615143244069935,0.0,0.43441418357316575,0.7046212974708614,0.944252438417662,
am_9db,validation,short_gaps,13017,zero_fill,4.234545105143733,1.0,2.491115577152998,0.0,0.7485688897718589,,0.4605154399057835,
am_9db,validation,short_gaps,13017,linear,4.286346197245216,1.0122329768169336,2.53040396745142,0.0,0.7577261156463159,0.0803808965501658,0.44558907844947193,
am_9db,validation,short_gaps,13017,pchip,4.343511706552215,1.0257327761785133,2.558332934514306,0.0,0.7678316454665561,0.0748039771303043,0.4300796376502768,
am_9db,validation,short_gaps,13017,autoregression,4.878684709871537,1.152115419421407,2.6173964345066967,0.0,0.8624377604053219,0.080881850897908,0.342975400847964,
am_9db,validation,short_gaps,13017,pca_r32_l01,2.893302782094424,0.6832617696243,1.648113201516261,0.0,0.5114685043112177,0.8669954954067738,0.8841921692413923,
am_9db,validation,short_gaps,13017,pca_r64_l01,2.4549048713239636,0.5797328426947143,1.2668079959043885,0.0,0.4339699704202659,0.9101382888641201,0.9205081944397842,
am_9db,validation,short_gaps,13017,pca_r96_l01,1.4335839784590083,0.33854497776340214,0.8655326388277971,0.0,0.25342423814218856,0.9468233576056305,0.9574979973636409,
am_9db,validation,short_gaps,13017,pca_r64_l001,4.533592765960162,1.0706209648004867,2.31813388067129,0.0,0.8014335469871766,0.889363156101023,0.8841003660820194,
am_9db,validation,short_gaps,13017,pca_r64_l1,1.7983727834218088,0.4246909027459201,0.982107332720125,0.0,0.31791039756472184,0.9089117311310909,0.9282982835931515,
am_9db,validation,short_gaps,13017,template_1,2.204416404034094,0.5205792710429211,1.2864802220201337,0.0,0.3896894469628429,0.8749371750401403,0.8999840760984953,
am_9db,validation,short_gaps,13017,dictionary_8,1.4601274783398406,0.34481330156720097,0.8636876886299033,0.0,0.25811651033272875,0.9411263402790085,0.9534561015173106,
am_9db,validation,short_gaps,13017,dictionary_24,2.0951432914592125,0.49477411137130806,1.1335844806733189,0.0,0.3703725072370781,0.8691152089951633,0.8985906829082789,
am_9db,validation,short_gaps,13017,dictionary_48,2.18667937013898,0.5163906194983742,1.145246614045457,0.0,0.3865539527265004,0.8561524519971874,0.8888128416545231,
am_9db,validation,short_gaps,13017,local_pca_8,2.7873250329536745,0.658234819501129,1.5327727330941952,0.0,0.4927341080431401,0.8878874988881892,0.9005583409005644,
am_9db,validation,short_gaps,13017,local_pca_16,1.195552501241904,0.2823331601285006,0.6498482384113105,0.0,0.21134582022317214,0.9609178473342671,0.9690776004163605,
am_9db,validation,short_gaps,13017,local_pca_32,1.701217699269788,0.4017474503231307,0.8992553980200827,0.0,0.300735642857061,0.9163370468144604,0.9346971655618749,
am_9db,validation,short_gaps,13017,local_dictionary_8,1.7513531782836573,0.4135870878211395,0.9965278336175926,0.0,0.3095984271542467,0.9119413011416678,0.9311022945653765,
am_9db,validation,short_gaps,13017,local_dictionary_24,2.099204102325901,0.4957330835314477,1.1395831774146084,0.0,0.3710903639623159,0.8687015935388549,0.8982589734367171,
am_9db,validation,short_gaps,13130,zero_fill,3.5991105375578187,1.0,2.3278084893285085,0.0,0.6362388668367734,,0.5309639151152414,
am_9db,validation,short_gaps,13130,linear,3.85265300878826,1.0704458694959902,2.4810081816356684,0.0,0.6810592670182335,0.024493317621498426,0.4538298951373289,
am_9db,validation,short_gaps,13130,pchip,3.8785014138947886,1.0776277564752292,2.495891855852096,0.0,0.6856286626516545,0.022651403840938167,0.4473950791602011,
am_9db,validation,short_gaps,13130,autoregression,3.580967618129227,0.994959054677742,2.0699113285049724,0.0,0.633031621497154,0.2970768412385519,0.5617329691986842,
am_9db,validation,short_gaps,13130,pca_r32_l01,3.462426860926858,0.9620229289418525,2.036660973476394,0.0,0.6120763781809581,0.6267385264967648,0.7174163463502234,
am_9db,validation,short_gaps,13130,pca_r64_l01,4.075949861198268,1.1324881018975341,2.3682977995007666,0.0,0.7205329466574156,0.3790531440663731,0.5504729091560292,
am_9db,validation,short_gaps,13130,pca_r96_l01,2.2358127712132756,0.6212125879107868,1.2750024896398915,0.0,0.3952395929970985,0.7978887657287885,0.8569636175881672,
am_9db,validation,short_gaps,13130,pca_r64_l001,5.646283855997487,1.568799790136143,3.137086652810278,0.0,0.9981314007699876,0.20414556418060328,0.3718986929799257,
am_9db,validation,short_gaps,13130,pca_r64_l1,2.502325071870869,0.6952620781602404,1.5330439680351564,0.0,0.44235275676325164,0.7251005828212901,0.8101958259764691,
am_9db,validation,short_gaps,13130,template_1,4.41937816669147,1.2279084292004672,2.5625468477185724,0.0,0.7812430675738278,0.11999628608040687,0.39891096978538376,
am_9db,validation,short_gaps,13130,dictionary_8,3.4457430984424198,0.9573874051616468,2.091187246439246,0.0,0.6091270777838451,0.40218082609219885,0.6105627007184453,
am_9db,validation,short_gaps,13130,dictionary_24,3.1415665765028837,0.8728730456371584,1.9173287626326558,0.0,0.555355757448549,0.5015274352651792,0.6767812854626583,
am_9db,validation,short_gaps,13130,dictionary_48,3.6267147619846276,1.0076697351022565,2.1710296000750127,0.0,0.6411186504071714,0.28364407797972047,0.5512151120340186,
am_9db,validation,short_gaps,13130,local_pca_8,7.198467971787513,2.0000685993578964,3.867512682946402,0.0,1.2725213792512808,0.12933274466097527,0.27325679323889107,
am_9db,validation,short_gaps,13130,local_pca_16,2.0066128525078435,0.5575302096360267,1.1185132289085091,0.0,0.3547223888060944,0.8301902221132688,0.8814898811042065,
am_9db,validation,short_gaps,13130,local_pca_32,1.8130464981449348,0.5037484898630482,1.0050894075475822,0.0,0.32050436836120166,0.8706306428834683,0.9071724779362296,
am_9db,validation,short_gaps,13130,local_dictionary_8,3.012067351487067,0.8368921487837685,1.722348744023753,0.0,0.5324633124067774,0.5897023702114798,0.7204892438738164,
am_9db,validation,short_gaps,13130,local_dictionary_24,2.6052720877066484,0.7238655385878922,1.595063277294961,0.0,0.4605513900133512,0.6914153485627001,0.7904233360855009,
am_9db,validation,short_gaps,13243,zero_fill,4.237931725564827,1.0,2.5861038832729433,0.0,0.7491675653381239,,0.8805874331421454,
am_9db,validation,short_gaps,13243,linear,4.350779222694323,1.026627964874648,2.7710872512215867,0.0,0.769116372953173,-0.057240568370288264,0.8738755159749082,
am_9db,validation,short_gaps,13243,pchip,4.308931705494204,1.0167534506280689,2.7597919599118987,0.0,0.7617187071561666,-0.016862811612113615,0.8763632109686695,
am_9db,validation,short_gaps,13243,autoregression,4.147258582373186,0.9786043879270954,2.415751223610326,0.0,0.733138666732547,0.2556575266484474,0.8859762644857785,
am_9db,validation,short_gaps,13243,pca_r32_l01,8.654177329458708,2.042075684526345,4.671297541135646,0.0,1.5298568688127847,0.38680709718436007,0.7071836513507419,
am_9db,validation,short_gaps,13243,pca_r64_l01,4.085360915395825,0.9639987569293209,2.3596675127409914,0.0,0.7221966017177172,0.3844286888675489,0.890667533753357,
am_9db,validation,short_gaps,13243,pca_r96_l01,3.491411479083776,0.8238479770738744,2.3583804482406103,0.0,0.617200183193173,0.5791570545021747,0.920862552689596,
am_9db,validation,short_gaps,13243,pca_r64_l001,5.184257132588144,1.2232988798084499,3.0215999769487003,0.0,0.9164558434669506,0.29238137485539584,0.8341957097533428,
am_9db,validation,short_gaps,13243,pca_r64_l1,3.3298772082475225,0.7857316785356471,1.91077831976773,0.0,0.5886446886175882,0.6701074683314775,0.9284711088169937,
am_9db,validation,short_gaps,13243,template_1,4.845214836025483,1.1432970490763907,2.827708988593372,0.0,0.8565210667148212,-0.4145851226982411,0.8419074411843177,
am_9db,validation,short_gaps,13243,dictionary_8,4.803245266667947,1.1333937348950038,2.891697875392916,0.0,0.849101824940773,-0.009871049432725437,0.8463028946111143,
am_9db,validation,short_gaps,13243,dictionary_24,3.8768762572900313,0.914803849694706,2.739782064376815,0.0,0.6853413728377258,0.41338509541403146,0.9012148930571885,
am_9db,validation,short_gaps,13243,dictionary_48,4.850046138747666,1.1444370633652097,3.34270289686397,0.0,0.8573751284440264,-0.16079171168233497,0.8423283411187911,
am_9db,validation,short_gaps,13243,local_pca_8,3.8687657519825303,0.9128900611221871,2.2545070492636494,0.0,0.68390762451228,0.4085547860962404,0.901588770165807,
am_9db,validation,short_gaps,13243,local_pca_16,2.5418079670043765,0.5997755819592887,1.6309240993600655,0.0,0.4493324124856967,0.8158128018912434,0.9590900053367654,
am_9db,validation,short_gaps,13243,local_pca_32,3.504387769207595,0.8269099164735917,2.4896503690884275,0.0,0.619494088878472,0.561754272377582,0.9200230201150194,
am_9db,validation,short_gaps,13243,local_dictionary_8,4.085991490353345,0.964147550019525,2.4283670933979193,0.0,0.7223080726748445,0.3318631946011739,0.8899089465143563,
am_9db,validation,short_gaps,13243,local_dictionary_24,2.6906433698371504,0.6348954027754057,1.8090128581318465,0.0,0.4756430431416182,0.8020348094563381,0.9541632379819708,
am_9db,validation,short_gaps,13356,zero_fill,3.4446788313805836,1.0,2.898438313565645,0.0,0.6089389401697406,,0.8907660938062142,
am_9db,validation,short_gaps,13356,linear,4.077146246686601,1.1836070781241839,3.332922686830214,0.0,0.720744439730344,0.006127629851755792,0.8478890887820018,
am_9db,validation,short_gaps,13356,pchip,4.065587469999738,1.180251532584912,3.310171118531216,0.0,0.7187011173859685,0.015646687623362285,0.8487300667757599,
am_9db,validation,short_gaps,13356,autoregression,3.6108576053365655,1.0482421677289955,2.9526750492965252,0.0,0.6383154746581259,0.0300223803160285,0.8795886283838622,
am_9db,validation,short_gaps,13356,pca_r32_l01,15.85989046495784,4.604171024734226,9.323578334386088,0.0,2.8036590241618886,-0.2951707004750892,0.25475857641101735,
am_9db,validation,short_gaps,13356,pca_r64_l01,11.336900645641391,3.291134297445578,7.109771606481201,0.0,2.0040998310427938,-0.18652750889887912,0.4221376917645217,
am_9db,validation,short_gaps,13356,pca_r96_l01,5.241349658888265,1.521578618923843,4.040706970426864,0.0,0.9265484715924225,-0.11193062981059158,0.7630967483535859,
am_9db,validation,short_gaps,13356,pca_r64_l001,20.93994585375099,6.078925461204325,12.120442516987024,0.0,3.7016944277166135,-0.22347511381119237,0.19039511492406994,
am_9db,validation,short_gaps,13356,pca_r64_l1,4.2314585521255665,1.2284043765060244,3.1674435010494593,0.0,0.7480232591294496,-0.013375088087624283,0.8368530300209055,
am_9db,validation,short_gaps,13356,template_1,3.0753334104931693,0.8927779804831949,2.5940148703466837,0.0,0.543647277242318,0.5556904212038272,0.9141545421705658,
am_9db,validation,short_gaps,13356,dictionary_8,3.405217622082012,0.9885442994165131,2.9418931348203494,0.0,0.6019631179975302,0.304873087977542,0.894038724156494,
am_9db,validation,short_gaps,13356,dictionary_24,3.425340364273653,0.9943859883450498,2.922080254310952,0.0,0.6055203498624747,0.271706580495828,0.8925444829118977,
am_9db,validation,short_gaps,13356,dictionary_48,3.2721476669419625,0.9499137153609549,2.787286239139373,0.0,0.5784394510846006,0.3390294521930729,0.9021265314974181,
am_9db,validation,short_gaps,13356,local_pca_8,3.1399962679253863,0.9115497907440374,2.565323320371909,0.0,0.555078163487623,0.48380122349560983,0.9111035293971617,
am_9db,validation,short_gaps,13356,local_pca_16,4.418033266503518,1.282567543381926,3.4402084239251653,0.0,0.7810053205630978,0.1197098588600327,0.8279215669892959,
am_9db,validation,short_gaps,13356,local_pca_32,3.00583788886836,0.8726032341493091,2.3184739656040874,0.0,0.5313620885915683,0.5247426452502866,0.9185285522462777,
am_9db,validation,short_gaps,13356,local_dictionary_8,2.834128331099078,0.8227554642483739,2.1698554438106763,0.0,0.5010078404182677,0.5710004239345315,0.9275117710290084,
am_9db,validation,short_gaps,13356,local_dictionary_24,4.44899222813562,1.2915550174390338,3.404112730275445,0.0,0.7864781434902361,0.11049633422104696,0.8256277552471276,
am_9db,validation,short_gaps,13469,zero_fill,3.303366235895052,1.0,1.9311255631813224,0.0,0.5839581665360178,,0.9137547243095886,
am_9db,validation,short_gaps,13469,linear,3.673954605864985,1.1121850692614836,2.1361964517069048,0.0,0.64946955389467,-0.07047877194765517,0.893238054967001,
am_9db,validation,short_gaps,13469,pchip,3.6347507401097854,1.1003172160004064,2.1499625524232933,0.0,0.6425392240636129,-0.05548227631830333,0.8955128194199662,
am_9db,validation,short_gaps,13469,autoregression,2.4473733402216404,0.7408725419627961,1.3954270138781353,0.0,0.43263857124147337,0.7990460090935538,0.954043785890432,
am_9db,validation,short_gaps,13469,pca_r32_l01,8.855990990231575,2.680898924860516,5.643073509675149,0.0,1.5655328208299286,0.7005665236007025,0.751108205267725,
am_9db,validation,short_gaps,13469,pca_r64_l01,5.6965982198410225,1.7244827890836394,3.6571700850879787,0.0,1.0070258077362004,0.1391330770407067,0.7843610041450999,
am_9db,validation,short_gaps,13469,pca_r96_l01,2.161944461830069,0.6544670821957127,1.6397799061873486,0.0,0.3821813973771857,0.8078435409519004,0.9643581002255641,
am_9db,validation,short_gaps,13469,pca_r64_l001,9.73600118846995,2.947296936887159,5.532345449991119,0.0,1.721098115501847,0.17230693606801165,0.6097052981116062,
am_9db,validation,short_gaps,13469,pca_r64_l1,2.7030817442354036,0.8182809749833868,1.8080331010627144,0.0,0.4778418578626037,0.5761533984114879,0.9431290694332347,
am_9db,validation,short_gaps,13469,template_1,4.33032012733969,1.3108810280511884,2.40442694391934,0.0,0.7654996816876223,0.23262887306414853,0.8610571095138561,
am_9db,validation,short_gaps,13469,dictionary_8,3.6027994051550074,1.090644859781593,2.036025980773009,0.0,0.6368909726599913,0.25407497237252674,0.8988601255759274,
am_9db,validation,short_gaps,13469,dictionary_24,2.667363030358558,0.8074681521456648,1.4424435107022813,0.0,0.4715276216632087,0.6921946999647658,0.9467247236445997,
am_9db,validation,short_gaps,13469,dictionary_48,1.9094468163594716,0.5780306148349622,1.270561222780198,0.0,0.33754569804071166,0.8315099156695194,0.9723869766028763,
am_9db,validation,short_gaps,13469,local_pca_8,9.015051761199242,2.7290500409067118,4.601465199703037,0.0,1.5936510582729282,-0.4680434053797849,0.5356491371374821,
am_9db,validation,short_gaps,13469,local_pca_16,1.5876973470284284,0.48063013109965974,1.0096971154926784,0.0,0.28066789013892324,0.9152453304038185,0.9811992791483778,
am_9db,validation,short_gaps,13469,local_pca_32,1.5640626054997642,0.4734753865630582,1.1071382411800819,0.0,0.27648981863729577,0.8968840028397561,0.9815491243470782,
am_9db,validation,short_gaps,13469,local_dictionary_8,2.79267245576885,0.8454020100535934,1.5089124242156382,0.0,0.4936794077767606,0.5645606950282137,0.9394600772602579,
am_9db,validation,short_gaps,13469,local_dictionary_24,3.4755811937867565,1.0521331713148792,2.1945426090130074,0.0,0.614401757672763,0.32094268726556857,0.9060932270688694,
am_9db,validation,short_gaps,13582,zero_fill,3.877677003261074,1.0,2.2739094504837345,0.0,0.6854829260642589,,0.476551257653404,
am_9db,validation,short_gaps,13582,linear,4.1083192782250615,1.0594794962989493,2.4494069269835848,0.0,0.7262551052280909,-0.0028166740999620394,0.39849655225454206,
am_9db,validation,short_gaps,13582,pchip,4.0345680118853116,1.0404600508222563,2.407537113845784,0.0,0.7132176000906078,-0.050838889400870016,0.41713576973653976,
am_9db,validation,short_gaps,13582,autoregression,3.176470908531766,0.8191685139995922,1.9085023235675966,0.0,0.5615260299161513,0.7055672233831458,0.7148036605904129,
am_9db,validation,short_gaps,13582,pca_r32_l01,5.598332921415656,1.4437336881611165,3.266706169777506,0.0,0.9896547930182265,0.09236765970995894,0.2788371269368904,
am_9db,validation,short_gaps,13582,pca_r64_l01,3.5074104648398725,0.9045133109050052,2.183455426410942,0.0,0.6200284310232337,0.5321885812601727,0.6509655784428308,
am_9db,validation,short_gaps,13582,pca_r96_l01,2.4007090447877917,0.6191101122576295,1.5156171132847667,0.0,0.4243894113063316,0.806473975531921,0.8508810928967837,
am_9db,validation,short_gaps,13582,pca_r64_l001,4.330548557707008,1.1167893958328854,2.45817497500938,0.0,0.7655400628530621,0.6092696351238563,0.6720102367278044,
am_9db,validation,short_gaps,13582,pca_r64_l1,3.7169849980052803,0.9585597239995354,2.2279455559397188,0.0,0.6570763244145499,0.3366903929162698,0.5495181540546205,
am_9db,validation,short_gaps,13582,template_1,4.381250089480537,1.1298646292086643,2.477290740994918,0.0,0.7745029120864642,0.47113530521497154,0.5758564923587454,
am_9db,validation,short_gaps,13582,dictionary_8,4.84673999859169,1.2499081265705336,2.873593247471082,0.0,0.8567906799130653,0.0256559774700799,0.2918738198393273,
am_9db,validation,short_gaps,13582,dictionary_24,4.3452279566502865,1.1205750125644836,2.4992548912868235,0.0,0.7681350384871958,0.289391139981506,0.468034073941038,
am_9db,validation,short_gaps,13582,dictionary_48,3.988982585669205,1.0287041912759947,2.3014940794560643,0.0,0.7051591590904359,0.3883245458386639,0.5449316750033202,
am_9db,validation,short_gaps,13582,local_pca_8,4.8749744404675805,1.2571894039570064,2.819383573115804,0.0,0.8617818712414304,0.28608643064172323,0.43671891680008884,
am_9db,validation,short_gaps,13582,local_pca_16,2.9054900295748105,0.749286242028754,1.7821321050407075,0.0,0.5136229256455628,0.6750355638001987,0.7586194471483289,
am_9db,validation,short_gaps,13582,local_pca_32,3.759783277159095,0.9695968163405998,2.2271937727031568,0.0,0.6646420627677442,0.40667374274233264,0.5713710783790413,
am_9db,validation,short_gaps,13582,local_dictionary_8,4.28371016649357,1.1047104137067187,2.553367782861206,0.0,0.7572601268413395,0.29147207852876117,0.47356981293408745,
am_9db,validation,short_gaps,13582,local_dictionary_24,4.562002929935854,1.1764783209378376,2.6922334292676213,0.0,0.8064558018876352,0.48568134682284253,0.5798420143176464,
am_9db,validation,short_gaps,13695,zero_fill,4.63814665925553,1.0,2.719661501605188,0.0,0.8199162387243292,,0.4399613335376315,
am_9db,validation,short_gaps,13695,linear,4.787909466117921,1.032289364236367,2.8689752026032718,0.0,0.8463908127998111,-0.10050198575208279,0.38485378783851604,
am_9db,validation,short_gaps,13695,pchip,4.725737474222462,1.0188848739382017,2.864610056843003,0.0,0.8354002535325226,-0.09039331095263264,0.4066076961077828,
am_9db,validation,short_gaps,13695,autoregression,6.567609452688419,1.4159986596332828,3.8313485359951365,0.0,1.1610002950452127,-0.042860901837659164,0.1673838994437537,
am_9db,validation,short_gaps,13695,pca_r32_l01,3.3850632340290243,0.7298310042167493,1.8301529721554215,0.0,0.598400291881797,0.7743809140619566,0.8130284319498804,
am_9db,validation,short_gaps,13695,pca_r64_l01,2.393188639019828,0.5159795096699161,1.4499876155087934,0.0,0.42305997882738133,0.8577541093601281,0.8870387661552658,
am_9db,validation,short_gaps,13695,pca_r96_l01,2.718110021899884,0.5860336512809123,1.4807214934576773,0.0,0.48049850712413084,0.8233940363390314,0.8571643664904819,
am_9db,validation,short_gaps,13695,pca_r64_l001,3.042969437236659,0.6560744324814185,1.7530561798947963,0.0,0.5379260810033636,0.7669713605512869,0.815528644213302,
am_9db,validation,short_gaps,13695,pca_r64_l1,2.420242626999382,0.521812440356911,1.5362223918766738,0.0,0.42784249341700176,0.9047460264386111,0.908094373396304,
am_9db,validation,short_gaps,13695,template_1,2.724369990847864,0.5873833216143176,1.4719297245097516,0.0,0.48160512374741427,0.8454413617403045,0.8731209567542969,
am_9db,validation,short_gaps,13695,dictionary_8,2.5991033367929415,0.5603754102096729,1.5111867469308973,0.0,0.45946089861271805,0.8325839076705317,0.8670383611472758,
am_9db,validation,short_gaps,13695,dictionary_24,2.2747960985530407,0.4904536802461026,1.3415413221450176,0.0,0.4021309367758893,0.8716799354701594,0.8981026420373046,
am_9db,validation,short_gaps,13695,dictionary_48,2.658887941809047,0.5732651718770415,1.5676167326599844,0.0,0.47002942351707994,0.8335069067402253,0.8647115165891042,
am_9db,validation,short_gaps,13695,local_pca_8,4.830271713992096,1.0414228071794962,2.590323131175924,0.0,0.8538794709843448,0.7011910427730045,0.7372368230848446,
am_9db,validation,short_gaps,13695,local_pca_16,3.2051401053760173,0.6910389732890583,1.6358402982593354,0.0,0.5665940757910869,0.7233846836695832,0.7848191853675353,
am_9db,validation,short_gaps,13695,local_pca_32,2.5536700469569036,0.550579840303453,1.435897939937341,0.0,0.4514293517790489,0.8560664937251248,0.8801326519273743,
am_9db,validation,short_gaps,13695,local_dictionary_8,2.482128363694095,0.5351552130722192,1.4202100415054,0.0,0.438782449435891,0.8521212692144793,0.8817505087068152,
am_9db,validation,short_gaps,13695,local_dictionary_24,2.851789136101541,0.6148553173519705,1.622169305689399,0.0,0.5041298591628814,0.8245572217538074,0.8568377401026683,
am_9db,validation,short_gaps,13808,zero_fill,7.988384777709895,1.0,4.57014850277459,0.0,1.4121602617615145,,0.38993677787525277,
am_9db,validation,short_gaps,13808,linear,8.299858229207146,1.0389907922771022,4.71925857104032,0.0,1.467221509189836,-0.012439333263057612,0.32307189660970487,
am_9db,validation,short_gaps,13808,pchip,8.301419544138348,1.0391862404151986,4.75138247527374,0.0,1.467497513283691,-0.012408613523658315,0.3228554821680622,
am_9db,validation,short_gaps,13808,autoregression,7.480331164322896,0.9364009587013601,4.032774582854308,0.0,1.3223482229534456,0.44159710338832453,0.5084043754402907,
am_9db,validation,short_gaps,13808,pca_r32_l01,7.169146659790327,0.8974463373114551,4.00973493606757,0.0,1.2673380546146567,0.46113427570033744,0.5681229831753245,
am_9db,validation,short_gaps,13808,pca_r64_l01,3.023695974078591,0.3785115587466009,2.046986250521167,0.0,0.5345189818793588,0.9589572517583284,0.9580087245443718,
am_9db,validation,short_gaps,13808,pca_r96_l01,6.5106350133853255,0.8150126958771495,3.403976627536685,0.0,1.150928541948833,0.6132996918885836,0.6733769376848773,
am_9db,validation,short_gaps,13808,pca_r64_l001,2.0630919705001007,0.25826146685582496,1.4316056114791862,0.0,0.3647065806380345,0.9749229877923514,0.9778263285463534,
am_9db,validation,short_gaps,13808,pca_r64_l1,6.086331252611292,0.761897607836076,3.467245321813267,0.0,1.0759215253172647,0.8475961057924823,0.7698921246023998,
am_9db,validation,short_gaps,13808,template_1,3.8810032187700596,0.48583078141144115,2.2827909829013815,0.0,0.6860709234497818,0.8889742287186713,0.9036113773489806,
am_9db,validation,short_gaps,13808,dictionary_8,6.659649784455236,0.8336666259539416,3.6730539771642334,0.0,1.1772708807289567,0.6635669355751953,0.6694965537873712,
am_9db,validation,short_gaps,13808,dictionary_24,6.4192602545258195,0.8035742434988327,3.640370914494151,0.0,1.1347756140441225,0.7396391282075931,0.7121684979898383,
am_9db,validation,short_gaps,13808,dictionary_48,6.806247415109121,0.8520179741592683,3.7931826653785574,0.0,1.2031859254142676,0.6857189683619246,0.6523707034048161,
am_9db,validation,short_gaps,13808,local_pca_8,3.3768111741803803,0.42271513805929145,1.6116106548296671,0.0,0.5969415200123637,0.9088084877447677,0.922924030402256,
am_9db,validation,short_gaps,13808,local_pca_16,5.76598364590108,0.7217959332642547,2.8902606580084047,0.0,1.0192915340568467,0.7551495554626433,0.7742837245912005,
am_9db,validation,short_gaps,13808,local_pca_32,5.850274100147657,0.7323475599813071,3.224607058631686,0.0,1.0341921220036088,0.7816207391102943,0.7770028857092267,
am_9db,validation,short_gaps,13808,local_dictionary_8,6.229521260366436,0.7798223838376889,3.2541038620721867,0.0,1.1012341816877187,0.6821765155373448,0.717279282115449,
am_9db,validation,short_gaps,13808,local_dictionary_24,4.2884807389682695,0.5368395311821332,2.4223581028603234,0.0,0.75810345287809,0.9462880100855151,0.9213658430244124,
am_9db,validation,short_gaps,13921,zero_fill,2.5488366720671394,1.0,2.076372973055226,0.0,0.45057492373890673,,0.9245244332940564,
am_9db,validation,short_gaps,13921,linear,2.849360793684079,1.117906386435193,2.3901158630800383,0.0,0.5037005848152738,-0.0583791432360496,0.9054066707959845,
am_9db,validation,short_gaps,13921,pchip,2.853696819198261,1.1196075646870995,2.4045655922340616,0.0,0.5044670930763928,-0.05563058752379181,0.9051348936137953,
am_9db,validation,short_gaps,13921,autoregression,2.3890668876876715,0.9373165859819913,1.734633170978153,0.0,0.42233134924804805,0.35825717399073037,0.9340277248360691,
am_9db,validation,short_gaps,13921,pca_r32_l01,19.224957494812426,7.542640022995564,11.384008644400069,0.0,3.398524453151252,0.031966948475246254,0.2959023783886729,
am_9db,validation,short_gaps,13921,pca_r64_l01,4.715294912841043,1.849979233473943,2.9886947982839978,0.0,0.8335542520410829,0.0023080878412122426,0.7783292100671031,
am_9db,validation,short_gaps,13921,pca_r96_l01,3.7932522538710907,1.488228843943427,2.6862600046098137,0.0,0.6705585978658509,0.4786340123157765,0.8639322181844024,
am_9db,validation,short_gaps,13921,pca_r64_l001,8.035534775717002,3.1526283593526925,4.307963102455109,0.0,1.4204952825924537,-0.1414818189607956,0.55808091949626,
am_9db,validation,short_gaps,13921,pca_r64_l1,2.762059176387399,1.083654832283676,2.065263166545894,0.0,0.4882676934155151,0.35833604574839667,0.9137068570763616,
am_9db,validation,short_gaps,13921,template_1,2.56786903028114,1.0074670764206188,2.044095184517223,0.0,0.45393940112767955,0.030296178531561014,0.9233496984567025,
am_9db,validation,short_gaps,13921,dictionary_8,2.593774155341505,1.0176305856576995,2.0533760611466367,0.0,0.45851882352709683,-0.04389165064327795,0.9217368113825541,
am_9db,validation,short_gaps,13921,dictionary_24,2.2718135275113145,0.8913138893551953,1.815266739382087,0.0,0.4016036877236454,0.45667123436337026,0.9405442317563301,
am_9db,validation,short_gaps,13921,dictionary_48,2.262828164929044,0.887788609496842,1.862232445619326,0.0,0.4000152850203096,0.4755021090140946,0.9410816151445689,
am_9db,validation,short_gaps,13921,local_pca_8,2.5916511771549073,1.0167976652082007,1.9017765173878687,0.0,0.45814353045908335,0.6771196280100164,0.9313062443148757,
am_9db,validation,short_gaps,13921,local_pca_16,1.7357186564030713,0.6809846528908348,1.4017534119542914,0.0,0.3068346080436537,0.7423951515272899,0.9658656622083406,
am_9db,validation,short_gaps,13921,local_pca_32,1.4425235547984703,0.5659537037453894,1.1118606708852388,0.0,0.25500454690483065,0.8244715051616305,0.9764634867985018,
am_9db,validation,short_gaps,13921,local_dictionary_8,1.626592033046621,0.6381703664548399,1.299382361770459,0.0,0.2875435641978196,0.7790411779305468,0.9701045963987854,
am_9db,validation,short_gaps,13921,local_dictionary_24,1.730572298393309,0.6789655521512065,1.362828992567544,0.0,0.3059248518818745,0.7341796400659993,0.9659429297367562,
am_9db,validation,short_gaps,14034,zero_fill,3.139562326316818,1.0,1.91852578786696,0.0,0.5550014527241086,,0.7994667522666032,
am_9db,validation,short_gaps,14034,linear,3.183682639577656,1.0140530139793713,1.9390672397431028,0.0,0.5628008958978119,0.015362223627942304,0.7933350134269807,
am_9db,validation,short_gaps,14034,pchip,3.2335474632121257,1.029935744899056,1.9733332910818813,0.0,0.5716158346314631,-0.03509344119793022,0.7863208446225127,
am_9db,validation,short_gaps,14034,autoregression,3.093298709697881,0.9852643101775235,1.9185667484705826,0.0,0.5468231234657422,0.18097006679863498,0.8060467971342458,
am_9db,validation,short_gaps,14034,pca_r32_l01,6.883785833700517,2.1925941001388685,4.141161525534814,0.0,1.216892910811382,-0.11986013266702855,0.4111631625900409,
am_9db,validation,short_gaps,14034,pca_r64_l01,6.376529494398917,2.03102497470708,3.6034238767747686,0.0,1.1272218114813755,0.04090970175594044,0.49353636935275824,
am_9db,validation,short_gaps,14034,pca_r96_l01,5.36072962435682,1.7074767331170542,3.322146033341383,0.0,0.9476520673725801,-0.28661758825702494,0.49897094063227765,
am_9db,validation,short_gaps,14034,pca_r64_l001,10.952749627510194,3.488623091091626,6.008318624637504,0.0,1.9361908835627226,-0.08158780986926684,0.2566880546991338,
am_9db,validation,short_gaps,14034,pca_r64_l1,3.3681945690568487,1.0728229666993905,2.160485747338622,0.0,0.5954183050339497,0.14403643862844678,0.7706780392449537,
am_9db,validation,short_gaps,14034,template_1,2.823064019481916,0.8991903093683117,1.6634895268944514,0.0,0.49905192797485365,0.4385440112718745,0.8415916839858288,
am_9db,validation,short_gaps,14034,dictionary_8,3.0108226670677176,0.9589943928903837,1.9234486177963475,0.0,0.5322432812084374,0.3927833406521927,0.8206360854125921,
am_9db,validation,short_gaps,14034,dictionary_24,2.837693142567849,0.9038499152513696,1.680954707933652,0.0,0.5016380160090727,0.43294347413080003,0.8398698778022576,
am_9db,validation,short_gaps,14034,dictionary_48,2.0987506943532805,0.6684851186934176,1.343280573341375,0.0,0.37101021199929496,0.7533183053429346,0.9163263359749112,
am_9db,validation,short_gaps,14034,local_pca_8,5.417960027372288,1.7257055169624154,2.6635071746486445,0.0,0.9577690688881494,0.5067297322796709,0.69610302934731,
am_9db,validation,short_gaps,14034,local_pca_16,2.964884443380339,0.9443623458364648,1.887175077137742,0.0,0.524122473837185,0.4586924038431885,0.8292216961468626,
am_9db,validation,short_gaps,14034,local_pca_32,2.602201780449229,0.8288422111059045,1.7424463909961254,0.0,0.4600086312428393,0.5716114088573105,0.8678542890310277,
am_9db,validation,short_gaps,14034,local_dictionary_8,3.545432384536701,1.1292759996569426,2.1137957252555113,0.0,0.6267498203360732,0.2706830615509703,0.7595646067179119,
am_9db,validation,short_gaps,14034,local_dictionary_24,2.896662684442263,0.9226326421875773,1.6497081285371735,0.0,0.5120624567447881,0.521197296676312,0.8403309525863031,
am_9db,validation,short_gaps,14147,zero_fill,4.018223319525058,1.0,2.386117449533309,0.0,0.7103282393895219,,0.4881937917606471,
am_9db,validation,short_gaps,14147,linear,5.099044463480968,1.2689798595075747,2.766948840171364,0.0,0.9013922294247785,-0.11003748762196401,0.2439255736835273,
am_9db,validation,short_gaps,14147,pchip,5.236871580490985,1.3032803714627708,2.870900468396212,0.0,0.925756851692072,-0.13420165614070717,0.21887313018801377,
am_9db,validation,short_gaps,14147,autoregression,4.978413505254861,1.238958890379267,2.902247608099332,0.0,0.8800674872791004,0.5091201496101393,0.593814418135969,
am_9db,validation,short_gaps,14147,pca_r32_l01,9.768608359080936,2.4310765187225973,5.691834645293274,0.0,1.7268623033654305,-0.2045046249582071,-0.041641855367231,
am_9db,validation,short_gaps,14147,pca_r64_l01,9.856212275534592,2.4528781732070497,5.812213233934665,0.0,1.7423486342111503,0.036406237556418516,0.1474984426643063,
am_9db,validation,short_gaps,14147,pca_r96_l01,5.554851890136505,1.3824149253090972,3.47112328075758,0.0,0.9819683600006084,0.1674043063479674,0.3468120242396205,
am_9db,validation,short_gaps,14147,pca_r64_l001,11.597163202956322,2.8861420286434134,6.727384465187415,0.0,2.050108185834379,0.07265640549251576,0.15856010944840548,
am_9db,validation,short_gaps,14147,pca_r64_l1,6.426011344481379,1.5992170751825996,3.980077401443314,0.0,1.1359690494161168,-0.07653636598402958,0.14991813467149134,
am_9db,validation,short_gaps,14147,template_1,6.041117640975406,1.5034300387489286,3.7442720446944264,0.0,1.0679288124698472,-0.17424317506233622,0.11419509710762324,
am_9db,validation,short_gaps,14147,dictionary_8,5.773731122346665,1.4368865698159112,3.459729867445751,0.0,1.0206611073397855,-0.1921281570612603,0.1265750217694283,
am_9db,validation,short_gaps,14147,dictionary_24,4.570866627418403,1.1375342443532148,2.7145634070082654,0.0,0.8080226970367093,0.17123225705175948,0.41381506629166176,
am_9db,validation,short_gaps,14147,dictionary_48,4.220241012033971,1.0502753770621167,2.4553476153283134,0.0,0.7460402594626998,0.2859033446381651,0.4973448622865916,
am_9db,validation,short_gaps,14147,local_pca_8,17.396212096774654,4.329329336237796,9.403766701958213,0.0,3.0752448851472023,-0.10007352897224156,-0.020681786089530512,
am_9db,validation,short_gaps,14147,local_pca_16,5.762750308351263,1.4341538162772902,3.3691104087222565,0.0,1.0187199553300115,0.11006629607308199,0.3009018999548191,
am_9db,validation,short_gaps,14147,local_pca_32,5.924147395309798,1.474320097273741,3.5367343020133557,0.0,1.047251198993045,0.12817176229922844,0.30540176740970226,
am_9db,validation,short_gaps,14147,local_dictionary_8,5.588070075663244,1.3906818091742439,3.2388253394851283,0.0,0.9878405610617759,-0.15199409476172346,0.16412421392418833,
am_9db,validation,short_gaps,14147,local_dictionary_24,4.630615859871071,1.152403809258266,2.6030565821272895,0.0,0.8185849688962025,0.1647123779559332,0.405210120673606,
am_9db,validation,short_gaps,14260,zero_fill,4.503249171956364,1.0,2.42405677297989,0.0,0.7960695067157625,,0.446498080768827,
am_9db,validation,short_gaps,14260,linear,4.763657321040508,1.0578267244694821,2.7367008947197125,0.0,0.8421035987391715,-0.13532865955884232,0.3526793494873603,
am_9db,validation,short_gaps,14260,pchip,4.67230963840138,1.0375418858671706,2.7259135233454677,0.0,0.8259554572792204,-0.10652282858920539,0.3832208884096019,
am_9db,validation,short_gaps,14260,autoregression,7.313203586914979,1.6239837743062029,3.868847022390745,0.0,1.2928039621263412,0.03826585361386797,0.1910196580996872,
am_9db,validation,short_gaps,14260,pca_r32_l01,4.753027643443967,1.05546627822486,2.292835946925382,0.0,0.8402245194615862,0.5327754151021076,0.6146415312451551,
am_9db,validation,short_gaps,14260,pca_r64_l01,4.214190224916134,0.9358110253280404,2.201555568718142,0.0,0.744970621312065,0.5777342898122636,0.6600597836890418,
am_9db,validation,short_gaps,14260,pca_r96_l01,3.210363344248851,0.7128993359375138,1.7398905638223137,0.0,0.5675174226977713,0.7056402190739522,0.7728115994828165,
am_9db,validation,short_gaps,14260,pca_r64_l001,5.291980658878282,1.17514720078864,2.7206254719651746,0.0,0.9354988524502218,0.5065871236258468,0.5833628168719543,
am_9db,validation,short_gaps,14260,pca_r64_l1,3.3220603921748646,0.7377029929551175,1.8685265921599608,0.0,0.587262857704522,0.6745593627002032,0.7513302963245144,
am_9db,validation,short_gaps,14260,template_1,3.387484138123602,0.7522311133078973,1.8419939803150043,0.0,0.5988282513072667,0.6903025402198892,0.7573110274477381,
am_9db,validation,short_gaps,14260,dictionary_8,3.8648438448229987,0.8582345096271854,2.0057400844810367,0.0,0.6832143227253579,0.5836935284059792,0.6761973244214599,
am_9db,validation,short_gaps,14260,dictionary_24,3.889046873829679,0.8636090798724657,2.0437961758359195,0.0,0.6874928542093274,0.5884342851595429,0.678022024549116,
am_9db,validation,short_gaps,14260,dictionary_48,3.4307251867699686,0.7618333020820932,1.8726575368883498,0.0,0.6064722609881323,0.6798478759762085,0.74951958803811,
am_9db,validation,short_gaps,14260,local_pca_8,5.789947480222941,1.2857266518316133,2.846246272648574,0.0,1.0235277814949013,0.5213472903711757,0.5849741873400218,
am_9db,validation,short_gaps,14260,local_pca_16,3.2230258080138445,0.7157111865106174,1.7141168713498778,0.0,0.5697558511964603,0.7006246890002785,0.7695855562613443,
am_9db,validation,short_gaps,14260,local_pca_32,3.3478048826245526,0.7434198630341728,1.7278013533883216,0.0,0.5918138836483138,0.6858288422152982,0.7561763562102773,
am_9db,validation,short_gaps,14260,local_dictionary_8,4.11639390982378,0.9140941912471344,2.0340040708304024,0.0,0.7276825119178503,0.5732543991105764,0.6603395802410156,
am_9db,validation,short_gaps,14260,local_dictionary_24,5.374812925373798,1.1935410900300676,2.723074872267186,0.0,0.9501416667852294,0.3828330515116178,0.49367706390847466,
am_9db,validation,short_gaps,14373,zero_fill,3.051568818324274,1.0,1.9083759688637232,0.0,0.5394462511736284,,0.5717161464016581,
am_9db,validation,short_gaps,14373,linear,3.408153213357663,1.1168528112137421,2.097737440557963,0.0,0.6024820621219815,-0.06777280380718782,0.455934794764514,
am_9db,validation,short_gaps,14373,pchip,3.447753547542237,1.1298298523824615,2.1361863914588453,0.0,0.6094824783317729,-0.05997068096824503,0.4462174774530229,
am_9db,validation,short_gaps,14373,autoregression,3.6566831436846376,1.1982961425371534,2.1119405727567284,0.0,0.6464163618874874,-0.16939788257592536,0.3777717837374427,
am_9db,validation,short_gaps,14373,pca_r32_l01,2.2887834464885612,0.7500350091220994,1.2722300864776173,0.0,0.40460357391989477,0.6836126364312481,0.7960448470472472,
am_9db,validation,short_gaps,14373,pca_r64_l01,2.132937341547417,0.6989641946592866,1.110722138152711,0.0,0.37705361451354646,0.739209258066115,0.8285001238092039,
am_9db,validation,short_gaps,14373,pca_r96_l01,3.0105701419648616,0.9865647216889815,1.7354612530044895,0.0,0.5321986406552751,0.48921868659171985,0.6620560896439648,
am_9db,validation,short_gaps,14373,pca_r64_l001,2.7045043021323325,0.8862668558847946,1.341952610304311,0.0,0.478093332946491,0.7425313869819679,0.8056158683896476,
am_9db,validation,short_gaps,14373,pca_r64_l1,2.40319139375314,0.7875265271169006,1.375699100631885,0.0,0.4248282327529989,0.6208868940999369,0.7642507774237929,
am_9db,validation,short_gaps,14373,template_1,3.4207328226998666,1.1209751528980145,1.895547669344038,0.0,0.6047058438896189,0.31318064170171617,0.5523130480580859,
am_9db,validation,short_gaps,14373,dictionary_8,2.674298496437989,0.8763684044676213,1.2815858444630255,0.0,0.47275365043707246,0.6325027512640622,0.7494027498931299,
am_9db,validation,short_gaps,14373,dictionary_24,2.440546442874933,0.7997677877096426,1.1629379822426689,0.0,0.431431734889393,0.6836719315523272,0.7865147231774827,
am_9db,validation,short_gaps,14373,dictionary_48,1.8374066524967054,0.6021187008673431,0.9574111707747034,0.0,0.32481067594442364,0.7995159130935352,0.8699426160558442,
am_9db,validation,short_gaps,14373,local_pca_8,4.142220977206392,1.3574070335012252,2.0096281164542815,0.0,0.7322481355389518,0.29688473536710513,0.4901336764512865,
am_9db,validation,short_gaps,14373,local_pca_16,2.607218148027493,0.8543861545482726,1.3820569848980615,0.0,0.46089540812571805,0.5875397354999599,0.734547307777354,
am_9db,validation,short_gaps,14373,local_pca_32,2.526987091707299,0.8280944137759798,1.4200687586507927,0.0,0.4467124271292758,0.579133674935131,0.7389677569924401,
am_9db,validation,short_gaps,14373,local_dictionary_8,2.4301061911761876,0.7963465141548556,1.265248455993947,0.0,0.4295861416960237,0.6369514849929425,0.7676341535088325,
am_9db,validation,short_gaps,14373,local_dictionary_24,2.106216510815286,0.6902077705630394,1.119632205654779,0.0,0.3723299943611395,0.7653174465686566,0.8414033589505838,
am_9db,validation,short_gaps,14486,zero_fill,3.6058740164848415,1.0,2.201180747419163,0.0,0.637434492290201,,0.9345874815295854,
am_9db,validation,short_gaps,14486,linear,3.780594945175924,1.048454529440662,2.3670183961780022,0.0,0.66832108066337,-0.053978132843287105,0.9279185594314591,
am_9db,validation,short_gaps,14486,pchip,3.844533413241867,1.0661862826227304,2.414842904594659,0.0,0.6796239117503969,-0.05263619785919141,0.9254311897040252,
am_9db,validation,short_gaps,14486,autoregression,4.014391995874658,1.1132923606099963,2.3219963572043305,0.0,0.7096509506559925,-0.0006899710688054076,0.918970972508185,
am_9db,validation,short_gaps,14486,pca_r32_l01,26.227225204320064,7.273472418730667,14.732181148144763,0.0,4.636362198420363,0.0056639954266488315,0.3218598957737542,
am_9db,validation,short_gaps,14486,pca_r64_l01,8.134646442807298,2.2559430544767882,5.150940090374753,0.0,1.4380159155660168,0.6197074152889713,0.8064461539413053,
am_9db,validation,short_gaps,14486,pca_r96_l01,3.2232563191807055,0.8938904422187418,2.1406571646090935,0.0,0.5697966001987669,0.4669719290270616,0.9481512298557795,
am_9db,validation,short_gaps,14486,pca_r64_l001,16.338381880318686,4.5310462333473405,9.71621319637471,0.0,2.8882451552971897,0.5996823236786017,0.6200160880466766,
am_9db,validation,short_gaps,14486,pca_r64_l1,3.1030414815898646,0.860551829432699,2.055220761548135,0.0,0.5485454184838362,0.5774468098550378,0.9524559101114958,
am_9db,validation,short_gaps,14486,template_1,4.2494621376600215,1.1784832521138875,2.4379829162897275,0.0,0.7512058734837208,-0.34165171609670064,0.9085649770999608,
am_9db,validation,short_gaps,14486,dictionary_8,5.960650678870555,1.653039083345804,3.500834005221126,0.0,1.053704128828392,-0.5011269543827205,0.8252009143261061,
am_9db,validation,short_gaps,14486,dictionary_24,4.328359556638576,1.2003635004580786,2.8200615149579678,0.0,0.7651530984781837,-0.41949779304304724,0.9050682137147343,
am_9db,validation,short_gaps,14486,dictionary_48,4.087328011422776,1.1335193611138072,2.719758043312593,0.0,0.7225443384526927,-0.15790765360567918,0.9155804495906485,
am_9db,validation,short_gaps,14486,local_pca_8,3.693460842551189,1.0242900405465998,2.140108736577615,0.0,0.6529178019537313,0.3692336878071552,0.9323213870948164,
am_9db,validation,short_gaps,14486,local_pca_16,3.1850184362822356,0.8832861108628322,1.9083037323423973,0.0,0.5630370336248356,0.4693810229395252,0.9493532153545806,
am_9db,validation,short_gaps,14486,local_pca_32,3.520533262223128,0.9763328519322737,2.175858715238208,0.0,0.6223482357776929,0.3331709570195605,0.9379546149248242,
am_9db,validation,short_gaps,14486,local_dictionary_8,2.0077702010852794,0.5568054213503939,1.2517083442181631,0.0,0.3549269810629198,0.8630397204320739,0.9803767831538409,
am_9db,validation,short_gaps,14486,local_dictionary_24,1.8398275839342073,0.5102306890155162,1.2238407967072882,0.0,0.325238640203485,0.9057140150170262,0.9836638053645109,
am_9db,validation,short_gaps,14599,zero_fill,2.6083613514059034,1.0,1.5994714774065977,0.0,0.46109749984100534,,0.9095703686399059,
am_9db,validation,short_gaps,14599,linear,2.6045580516792235,0.9985418815822317,1.6351538714029294,0.0,0.4604251650841003,0.08916744986180407,0.9098553903364694,
am_9db,validation,short_gaps,14599,pchip,2.6041156898228417,0.9983722878040754,1.6464379675248138,0.0,0.4603469658170039,0.10120761172437011,0.9098902889726296,
am_9db,validation,short_gaps,14599,autoregression,2.374061996020857,0.9101737359899312,1.4875471846212398,0.0,0.41967883408590456,0.4616440993103867,0.9257680954381258,
am_9db,validation,short_gaps,14599,pca_r32_l01,8.193379324219167,3.1411979478238115,4.554857155178093,0.0,1.4483985202472562,0.10785050681626401,0.5626075189268136,
am_9db,validation,short_gaps,14599,pca_r64_l01,9.153448107066051,3.5092714827001843,5.816410946700752,0.0,1.6181163069363929,0.23678359664680318,0.5558155727745627,
am_9db,validation,short_gaps,14599,pca_r96_l01,3.3354999777249295,1.2787721976968793,1.6945477079853686,0.0,0.5896386632242189,0.8332863300118701,0.9062550637426053,
am_9db,validation,short_gaps,14599,pca_r64_l001,16.269645115668975,6.237496620972266,9.982024021904412,0.0,2.876094097197031,0.13667378786740828,0.3523667883757799,
am_9db,validation,short_gaps,14599,pca_r64_l1,2.2290947115643536,0.8545958213814487,1.5064663375763288,0.0,0.3940519966135564,0.6003738587783349,0.9360310743790555,
am_9db,validation,short_gaps,14599,template_1,3.763024774677356,1.4426777074614645,2.129838556068001,0.0,0.6652150839868346,-0.6756929266287796,0.8106495377331335,
am_9db,validation,short_gaps,14599,dictionary_8,3.1790168467784707,1.2187793094944397,1.860790952931365,0.0,0.561976092465833,0.009172147209476202,0.8668301352127322,
am_9db,validation,short_gaps,14599,dictionary_24,2.8402331570936554,1.08889558402741,1.6726694583793003,0.0,0.5020870313829501,0.1345961929930952,0.8930882769364521,
am_9db,validation,short_gaps,14599,dictionary_48,3.113843771283844,1.1937930952724347,1.9233534623952648,0.0,0.5504550115575748,-0.12958389458623534,0.8707527920297559,
am_9db,validation,short_gaps,14599,local_pca_8,7.811746099131087,2.994886461923907,4.2211363430469735,0.0,1.380934659900788,-0.3720363425719931,0.4866996877067754,
am_9db,validation,short_gaps,14599,local_pca_16,1.3948031967918315,0.5347430853627831,0.9103723281353429,0.0,0.24656869971804463,0.8574114540668657,0.975174216427424,
am_9db,validation,short_gaps,14599,local_pca_32,1.3325829723212865,0.5108889424400596,1.0996934767631508,0.0,0.2355696140555268,0.8619301136230139,0.9772449747035404,
am_9db,validation,short_gaps,14599,local_dictionary_8,1.392330619304514,0.5337951425150697,0.7941354258567314,0.0,0.2461316056409718,0.8459948456010317,0.9750897466972629,
am_9db,validation,short_gaps,14599,local_dictionary_24,1.3447837872373176,0.5155665209164677,0.9352176293058219,0.0,0.23772643379630867,0.8580811273586109,0.9768002204560668,
am_9db,test,short_gaps,16000,zero_fill,4.149252045255678,1.0,2.558314378829599,0.0,0.7334910645131105,,0.8016809377992173,False
am_9db,test,short_gaps,16000,linear,4.6595853642355145,1.1229940513166368,2.8341858229852814,0.0,0.8237061021421304,-0.05225508158616078,0.748969994836852,False
am_9db,test,short_gaps,16000,pchip,4.770310382163184,1.1496795880639823,2.919441481993608,0.0,0.8432797048980446,-0.07034626484280604,0.7375339195532346,False
am_9db,test,short_gaps,16000,autoregression,2.699024687094725,0.6504846313640632,1.6848216297267218,0.0,0.47712466470864495,0.7764083305181985,0.9221850059972491,False
am_9db,test,short_gaps,16000,pca_r32_l01,4.8979886446042045,1.1804509803651586,2.9348632981456078,0.0,0.8658502461935849,0.9310021853523428,0.9042999831216123,False
am_9db,test,short_gaps,16000,pca_r64_l01,3.4352614256875373,0.8279230541358583,2.2055730583449966,0.0,0.6072741623130561,0.6678053101034388,0.8789286063576871,False
am_9db,test,short_gaps,16000,pca_r96_l01,2.892069603080915,0.6970098638350385,1.7449943459992405,0.0,0.5112505070005006,0.7628345430145215,0.9139552873722472,False
am_9db,test,short_gaps,16000,pca_r64_l001,3.8517451280211694,0.9282986634724485,2.5101374335140973,0.0,0.6808987748565039,0.5656316633733091,0.8456093759086497,False
am_9db,test,short_gaps,16000,pca_r64_l1,2.3453072796186776,0.56523615679128,1.4693645281062313,0.0,0.4145956703461353,0.8274704405422771,0.9414345007194428,False
am_9db,test,short_gaps,16000,template_1,4.061821734452212,0.9789286575387882,2.3110112419940876,0.0,0.7180354231005158,0.2737610545698443,0.8116774187412017,False
am_9db,test,short_gaps,16000,dictionary_8,4.220541496188053,1.0171812775302211,2.8392674861888967,0.0,0.7460933780584474,0.1947882507235512,0.7956658897674863,False
am_9db,test,short_gaps,16000,dictionary_24,4.415162797169663,1.0640864302803759,2.799052888546126,0.0,0.7804978884803085,-0.05712046069478297,0.7732401314794379,False
am_9db,test,short_gaps,16000,dictionary_48,4.488011603165198,1.0816435237519164,2.6797189016387937,0.0,0.793375859660505,-0.046382036303371364,0.765692298947777,False
am_9db,test,short_gaps,16000,local_pca_8,5.801195137473398,1.3981303314910885,3.171709096824274,0.0,1.0255161051734663,0.6895867189045166,0.8005666038113881,False
am_9db,test,short_gaps,16000,local_pca_16,1.3358672913569831,0.3219537586019715,0.8797424709997912,0.0,0.23615020512095705,0.9509671795677676,0.9817299595300759,False
am_9db,test,short_gaps,16000,local_pca_32,1.6863510530710726,0.4064229009657954,1.2265252194953,0.0,0.2981075662719077,0.9137119222649561,0.970043099850827,True
am_9db,test,short_gaps,16000,local_dictionary_8,2.2326945948452877,0.538095678568909,1.460674571773575,0.0,0.39468837208341356,0.8622746971981482,0.948117045777495,False
am_9db,test,short_gaps,16000,local_dictionary_24,2.1600061080724076,0.5205772231991049,1.3197020385679932,0.0,0.3818387416055905,0.8906778558549254,0.9525729439435463,False
am_9db,test,short_gaps,16102,zero_fill,4.109924619210773,1.0,2.389477389617139,0.0,0.7265388921023691,,0.45898845971901037,False
am_9db,test,short_gaps,16102,linear,4.4281405772450935,1.0774262273684785,2.572034134171905,0.0,0.7827920575543297,0.03381095964126493,0.367372422584308,False
am_9db,test,short_gaps,16102,pchip,4.556133245773313,1.1085685670430192,2.664699443089477,0.0,0.8054181785189459,0.04377188992804454,0.34528967948517547,False
am_9db,test,short_gaps,16102,autoregression,4.124880384975247,1.0036389391899228,2.4141741265309413,0.0,0.7291827229498435,0.11745521765316319,0.4564920130386593,False
am_9db,test,short_gaps,16102,pca_r32_l01,4.442206000554499,1.0808485342506196,2.585863282183033,0.0,0.7852784966049147,0.36301412371047154,0.507085216673358,False
am_9db,test,short_gaps,16102,pca_r64_l01,5.05030386671306,1.2288069331263958,2.680082995060471,0.0,0.8927760278013617,0.39931954967755556,0.5059868962971682,False
am_9db,test,short_gaps,16102,pca_r96_l01,4.431113179884622,1.0781495016167781,2.646898052230873,0.0,0.7833175444253755,0.34969173759270755,0.5000378368977962,False
am_9db,test,short_gaps,16102,pca_r64_l001,5.87860336729856,1.4303433546738444,2.86248157769045,0.0,1.0392000762307212,0.4190334431295527,0.5000307553141263,False
am_9db,test,short_gaps,16102,pca_r64_l1,3.8115657433289005,0.9274052680948767,2.2604657756951556,0.0,0.6737959960115524,0.43023251671932977,0.5855301566407761,False
am_9db,test,short_gaps,16102,template_1,5.4211564536992425,1.3190403610712123,3.26718793141234,0.0,0.9583341225709877,-0.29218056296484574,0.096077692943421,False
am_9db,test,short_gaps,16102,dictionary_8,4.248689495382325,1.0337633628419685,2.5327019225746854,0.0,0.7510692883352232,0.26009637627407095,0.4698926716336113,False
am_9db,test,short_gaps,16102,dictionary_24,4.698917864338876,1.1433099873352925,2.767008179136048,0.0,0.8306591715281573,0.10159321608109109,0.3529598561525576,False
am_9db,test,short_gaps,16102,dictionary_48,5.100767463184739,1.241085405640417,3.0179465406534507,0.0,0.9016968156184081,-0.022111404932691692,0.2534851122614182,False
am_9db,test,short_gaps,16102,local_pca_8,4.095025399435761,0.9963748192107054,2.4374556109643404,0.0,0.7239050572680442,0.6529856591325979,0.7086767756888832,False
am_9db,test,short_gaps,16102,local_pca_16,5.11565621562916,1.2447080395872365,3.1068730713548645,0.0,0.9043288000726226,0.058482666089958786,0.2924473593915677,False
am_9db,test,short_gaps,16102,local_pca_32,4.835292441326708,1.176491758200477,2.9187628007490876,0.0,0.8547670185705429,0.1868008832344114,0.3829092546257313,True
am_9db,test,short_gaps,16102,local_dictionary_8,4.745799964243272,1.154717033509633,2.800040241226293,0.0,0.8389468342178231,-0.028809718656627115,0.29595696078361017,False
am_9db,test,short_gaps,16102,local_dictionary_24,3.921155343813479,0.9540698935170391,2.3248448316116272,0.0,0.6931688834240949,0.3618112336921137,0.5470588052648907,False
am_9db,test,short_gaps,16205,zero_fill,5.868456116805563,1.0,3.576796216740584,0.0,1.0374062788222218,,0.3388215276248789,False
am_9db,test,short_gaps,16205,linear,6.339296693605778,1.0802324440071835,3.8490362105026317,0.0,1.1206399200005264,-0.04823032269525283,0.20742730279791846,False
am_9db,test,short_gaps,16205,pchip,6.597209177754111,1.1241813939549807,3.9586258388065367,0.0,1.1662328366240147,-0.05448338260014733,0.1700427555844299,False
am_9db,test,short_gaps,16205,autoregression,6.371455365860376,1.0857123643839424,3.7302959741564834,0.0,1.1263248238068218,-0.16910412155313795,0.16639082542769001,False
am_9db,test,short_gaps,16205,pca_r32_l01,1.782307336688892,0.303709749415162,1.0674081397694066,0.0,0.31507040098281264,0.9659125173860291,0.9679792183702155,False
am_9db,test,short_gaps,16205,pca_r64_l01,2.008201488026009,0.34220269318792385,1.1633054615036076,0.0,0.35500322254302663,0.9652676049613125,0.9650817098158536,False
am_9db,test,short_gaps,16205,pca_r96_l01,3.238226453819641,0.5518021076354812,1.882870293433915,0.0,0.5724429711283837,0.8840234184036125,0.8865698963412804,False
am_9db,test,short_gaps,16205,pca_r64_l001,1.5970235263570791,0.2721369120889675,0.978044715279514,0.0,0.2823165413003859,0.9665491011902047,0.9700388292028573,False
am_9db,test,short_gaps,16205,pca_r64_l1,3.9523272473455253,0.6734867175758888,2.328477766726164,0.0,0.6986793495165955,0.8793312171272982,0.8426739692447504,False
am_9db,test,short_gaps,16205,template_1,5.812650344839251,0.9904905530763874,3.1210000382944036,0.0,1.0275411188755394,0.5250156173928935,0.5782127082789038,False
am_9db,test,short_gaps,16205,dictionary_8,3.7317891702589465,0.6359064626166635,1.9308965727605587,0.0,0.6596933570621552,0.7880184587909062,0.8118241899908748,False
am_9db,test,short_gaps,16205,dictionary_24,3.668988620459258,0.6252050875787134,2.014276747468468,0.0,0.6485916834057545,0.8276680805296764,0.8373778877681813,False
am_9db,test,short_gaps,16205,dictionary_48,3.5020604257576595,0.5967600943165904,1.95181534597047,0.0,0.6190826687945721,0.8556797709359049,0.8602484765072651,False
am_9db,test,short_gaps,16205,local_pca_8,2.668409062186742,0.45470376008183644,1.4842699783692836,0.0,0.4717125357129703,0.8951014192979645,0.9071510400820555,False
am_9db,test,short_gaps,16205,local_pca_16,3.3136410756334334,0.5646529529536947,1.8450567558006663,0.0,0.5857745187496716,0.8731925203265795,0.8775863022213084,False
am_9db,test,short_gaps,16205,local_pca_32,3.3311006117110433,0.5676281027597248,1.898191329714423,0.0,0.5888609578388838,0.895664069283358,0.8895490220698923,True
am_9db,test,short_gaps,16205,local_dictionary_8,4.0436967406110815,0.6890563139819862,2.1453515492671995,0.0,0.7148313465870088,0.7488123202517935,0.7759368645737215,False
am_9db,test,short_gaps,16205,local_dictionary_24,3.861055484180816,0.6579337746300715,1.9624099177402183,0.0,0.6825446288504409,0.7649370323185054,0.7930744285273372,False
am_9db,test,short_gaps,16308,zero_fill,3.7190380833703203,1.0,2.263759631480498,0.0,0.6574392620605435,,0.7716937761961058,False
am_9db,test,short_gaps,16308,linear,3.8895683370788885,1.0458533227909372,2.3208361894197016,0.0,0.6875850367592412,0.0027653118280371912,0.7484979528617836,False
am_9db,test,short_gaps,16308,pchip,4.0882184038421,1.0992676902456495,2.4276584166847375,0.0,0.722701739082098,-0.03844274465311541,0.7221186603771153,False
am_9db,test,short_gaps,16308,autoregression,3.7191574589132355,1.0000320984997302,2.2482031073724302,0.0,0.6574603648745193,0.10368763963848025,0.7717577361141877,False
am_9db,test,short_gaps,16308,pca_r32_l01,6.599357720621721,1.774479737147826,4.0403025482562445,0.0,1.166612648931854,0.6312441515640477,0.7217211657294821,False
am_9db,test,short_gaps,16308,pca_r64_l01,4.224091964953843,1.1358022881889462,3.0066634234487175,0.0,0.7467210181936176,0.4182317656039452,0.7503624191239927,False
am_9db,test,short_gaps,16308,pca_r96_l01,3.9655674885364967,1.0662884863342843,2.4899475514303218,0.0,0.7010199155992658,0.2708760716071766,0.7501315036901264,False
am_9db,test,short_gaps,16308,pca_r64_l001,8.112725749738008,2.181404322266573,4.9404493813093024,0.0,1.4341408478866156,0.35577039758990425,0.5574418021700519,False
am_9db,test,short_gaps,16308,pca_r64_l1,3.0516780499379768,0.8205557409007335,2.065275451145429,0.0,0.5394655607773208,0.591138868202547,0.8536528478730478,False
am_9db,test,short_gaps,16308,template_1,3.425033127499147,0.9209459679410607,2.091941048930977,0.0,0.605466037560804,0.41307104986182747,0.811309986415624,False
am_9db,test,short_gaps,16308,dictionary_8,4.717571928667372,1.2684925034142553,2.8721521841495727,0.0,0.8339567753739996,-0.2765071145649751,0.62978823812006,False
am_9db,test,short_gaps,16308,dictionary_24,3.9492624767416142,1.0619042849818459,2.4097860556514545,0.0,0.6981375694973938,0.041461736527064585,0.7409724137640065,False
am_9db,test,short_gaps,16308,dictionary_48,3.88211414045107,1.0438489882128243,2.3716309561896427,0.0,0.6862673085132842,0.08110935627332087,0.750285698264001,False
am_9db,test,short_gaps,16308,local_pca_8,4.678636643912116,1.2580233218994559,2.622560313467063,0.0,0.8270739244045318,0.05180829486826684,0.6585465623465235,False
am_9db,test,short_gaps,16308,local_pca_16,3.8403979981929535,1.0326320710092467,2.34354300675882,0.0,0.67889286674437,0.410391565334458,0.7759715080800027,False
am_9db,test,short_gaps,16308,local_pca_32,2.4720381912655363,0.6646982730075435,1.5621140570743601,0.0,0.4369987420989971,0.7765157150163415,0.9080268854187342,True
am_9db,test,short_gaps,16308,local_dictionary_8,4.122047263775486,1.1083638218729788,2.3901512013298736,0.0,0.7286818931467749,0.16507851037991625,0.7261615031695878,False
am_9db,test,short_gaps,16308,local_dictionary_24,3.161801285384047,0.8501664179030708,1.6598575254392274,0.0,0.5589327824148506,0.5285626190715366,0.8413093740090678,False
am_9db,test,short_gaps,16411,zero_fill,5.394714422839529,1.0,3.04326573092907,0.0,0.9536597877386757,,0.3839539341541907,False
am_9db,test,short_gaps,16411,linear,5.496695900116404,1.018903962153236,3.123628540282596,0.0,0.9716877362731509,-0.09861365221628497,0.34440922791469764,False
am_9db,test,short_gaps,16411,pchip,5.4601387042781875,1.0121274781778387,3.1137550192437566,0.0,0.9652252760035588,-0.07276456720025283,0.3583277333068336,False
am_9db,test,short_gaps,16411,autoregression,3.648487391752766,0.6763077905118043,1.9059772414170888,0.0,0.6449675439455002,0.749790932880349,0.7882613537709346,False
am_9db,test,short_gaps,16411,pca_r32_l01,3.9213077483544487,0.7268795789732375,2.2069174479612315,0.0,0.6931958249951956,0.687424773448062,0.7417196927436943,False
am_9db,test,short_gaps,16411,pca_r64_l01,4.907798054226576,0.9097419565804072,2.640935168806469,0.0,0.8675843212094387,0.5141669073417456,0.5973135764361803,False
am_9db,test,short_gaps,16411,pca_r96_l01,4.452383952508646,0.8253233820234578,2.5331814311062506,0.0,0.7870777213162568,0.6279943271474839,0.6873562886526493,False
am_9db,test,short_gaps,16411,pca_r64_l001,5.652579263575649,1.0477995349752716,3.163079584381317,0.0,0.9992442821172005,0.4302908638712911,0.5171026830669629,False
am_9db,test,short_gaps,16411,pca_r64_l1,4.086337978047388,0.7574706755091826,2.1164719669662664,0.0,0.7223693236243585,0.6643347956972551,0.7203742142942089,False
am_9db,test,short_gaps,16411,template_1,2.8401183167914468,0.5264631441411016,1.5697892014922084,0.0,0.5020667302938389,0.851764980256491,0.8749575447085358,False
am_9db,test,short_gaps,16411,dictionary_8,3.209375971223866,0.5949111889289959,1.501467779917851,0.0,0.5673428781573895,0.8434786034167984,0.8575286310004557,False
am_9db,test,short_gaps,16411,dictionary_24,3.8910171785844554,0.7212647183159703,1.8266390849389156,0.0,0.687841158172604,0.7274758743119929,0.76258290267396,False
am_9db,test,short_gaps,16411,dictionary_48,3.4207260458922675,0.6340884387521953,1.5936863633422012,0.0,0.6047046459079669,0.8138217281477359,0.8321850438554995,False
am_9db,test,short_gaps,16411,local_pca_8,7.118775530206797,1.3195833870404954,3.738069346196537,0.0,1.2584336127885216,-0.1473274818623429,0.07296100365977015,False
am_9db,test,short_gaps,16411,local_pca_16,5.078725286030332,0.941426160489349,2.936814158723217,0.0,0.8978002723839091,0.5221969485514193,0.5975253526599569,False
am_9db,test,short_gaps,16411,local_pca_32,4.4522280370087435,0.8252944804936116,2.422185559645916,0.0,0.7870501590894385,0.582937413870431,0.6578967612771837,True
am_9db,test,short_gaps,16411,local_dictionary_8,3.4279222112408045,0.6354223676285916,1.6380374712001453,0.0,0.6059767602370894,0.8121146762591873,0.8309634681371649,False
am_9db,test,short_gaps,16411,local_dictionary_24,3.886722713048099,0.7204686677376163,1.8862281074737712,0.0,0.6870819967470216,0.7083852801940086,0.7542979170627595,False
am_9db,test,short_gaps,16514,zero_fill,5.944347913259768,1.0,3.3626700351481644,0.0,1.0508221797995214,,0.32339746147443543,False
am_9db,test,short_gaps,16514,linear,6.1009095955884645,1.0263379069686454,3.5217920460879335,0.0,1.07849863661167,-0.05826109748936982,0.2608783638085025,False
am_9db,test,short_gaps,16514,pchip,6.050283076506623,1.0178211579794227,3.5178068302141074,0.0,1.06954904787401,-0.048560015759298115,0.2788851323629625,False
am_9db,test,short_gaps,16514,autoregression,6.1361241415612895,1.0322619454816457,3.5473160685609635,0.0,1.0847237476751177,0.08387119822065088,0.28283354307295416,False
am_9db,test,short_gaps,16514,pca_r32_l01,6.469305090678938,1.0883119872994267,3.586052969946018,0.0,1.1436223747959324,0.23881976819500259,0.3420829238611498,False
am_9db,test,short_gaps,16514,pca_r64_l01,6.5482382089605355,1.101590671426499,3.5299446898000655,0.0,1.157575910595212,0.236763489645091,0.33769543434996563,False
am_9db,test,short_gaps,16514,pca_r96_l01,4.82359108000772,0.8114584055970159,2.5601754712071907,0.0,0.8526984905861005,0.5956803162166353,0.6469318902898533,False
am_9db,test,short_gaps,16514,pca_r64_l001,8.102732146024431,1.363098570988764,4.257617677220184,0.0,1.4323742116480258,0.1386641180672538,0.22330902590238863,False
am_9db,test,short_gaps,16514,pca_r64_l1,5.488907895920471,0.9233826781364246,3.087580983977901,0.0,0.9703109986284375,0.3872102227351344,0.4877039584234665,False
am_9db,test,short_gaps,16514,template_1,5.582294708117187,0.9390928642761696,2.908524348887595,0.0,0.9868196106728606,0.38253979099572016,0.478409166420031,False
am_9db,test,short_gaps,16514,dictionary_8,4.394387322782015,0.7392547318738981,2.3936319734665417,0.0,0.7768252687748401,0.7125609480309408,0.7368836860538847,False
am_9db,test,short_gaps,16514,dictionary_24,5.112367019134104,0.8600383244275113,2.8690229079873117,0.0,0.9037473467860453,0.5592334749644043,0.6004008759535946,False
am_9db,test,short_gaps,16514,dictionary_48,4.637439640090233,0.7801427015645773,2.5644212345054065,0.0,0.8197912542127765,0.7160789410591542,0.7165259328273641,False
am_9db,test,short_gaps,16514,local_pca_8,6.628273638995975,1.1150547941870306,3.589303585988844,0.0,1.1717243094235221,0.3066602400631201,0.3873212326265627,False
am_9db,test,short_gaps,16514,local_pca_16,5.074588528152361,0.8536829610583061,2.668680563437897,0.0,0.8970689899969989,0.5208456654542569,0.5896921807900167,False
am_9db,test,short_gaps,16514,local_pca_32,4.704854206403966,0.7914836538939917,2.4360119735235077,0.0,0.8317085784605742,0.6382817847918913,0.6771988808761243,True
am_9db,test,short_gaps,16514,local_dictionary_8,4.464293842062717,0.7510148980520527,2.504128040698149,0.0,0.7891831122329733,0.6751449517872529,0.7125781939822677,False
am_9db,test,short_gaps,16514,local_dictionary_24,4.566113648183899,0.7681437417211888,2.5809302450959626,0.0,0.80718248107482,0.7421456944563516,0.7343133001622142,False
am_9db,test,short_gaps,16616,zero_fill,4.160008871918981,1.0,2.2753094255186634,0.0,0.7353926207825279,,0.44524269330947114,False
am_9db,test,short_gaps,16616,linear,4.457053159329239,1.071404724498396,2.569541754374872,0.0,0.7879031282676575,-0.052297213744341875,0.343863893656234,False
am_9db,test,short_gaps,16616,pchip,4.6852620313508115,1.126262509432951,2.7206075684608813,0.0,0.8282451385010045,-0.08201020264803649,0.2886862634872,False
am_9db,test,short_gaps,16616,autoregression,5.1371286263459215,1.2348840554217864,2.5239482105278617,0.0,0.9081246218791839,-0.14042227697646778,0.18825259227339128,False
am_9db,test,short_gaps,16616,pca_r32_l01,4.454080305895714,1.0706900977932483,2.6360587313419055,0.0,0.7873775970620778,0.44274902622808177,0.5507707063728178,False
am_9db,test,short_gaps,16616,pca_r64_l01,3.7402429584888495,0.8990949475459901,2.2128322810844363,0.0,0.6611877898081749,0.5249357457906156,0.6331793009352952,False
am_9db,test,short_gaps,16616,pca_r96_l01,3.1787897289814784,0.7641305167493854,1.7940105770610963,0.0,0.5619359433322377,0.6451317638193631,0.7293204500415159,False
am_9db,test,short_gaps,16616,pca_r64_l001,4.726515814313849,1.1361792630344902,2.7865077198414676,0.0,0.8355378459216949,0.42963288430919533,0.532347043532958,False
am_9db,test,short_gaps,16616,pca_r64_l1,3.2491275209886616,0.7810386037686173,1.7007788694505845,0.0,0.5743700257577298,0.6350095909704712,0.7186566867925239,False
am_9db,test,short_gaps,16616,template_1,2.4738539135212783,0.5946751532719948,1.5540723331036215,0.0,0.43731971947894366,0.8112754567057703,0.850759533262271,False
am_9db,test,short_gaps,16616,dictionary_8,3.731887686711569,0.8970864730367936,2.1419939156147016,0.0,0.6597107724750821,0.5545364035886398,0.650672189005582,False
am_9db,test,short_gaps,16616,dictionary_24,3.0687320123740065,0.7376743912948492,1.7539901997695257,0.0,0.5424803038984751,0.6771267562973703,0.7517829841236188,False
am_9db,test,short_gaps,16616,dictionary_48,2.7540230047318355,0.6620233488736348,1.6199555632929243,0.0,0.4868470855474081,0.7494860440281841,0.8053683488381534,False
am_9db,test,short_gaps,16616,local_pca_8,3.6874777038043143,0.8864110191436463,2.187116308048025,0.0,0.6518601224585575,0.5509573637428132,0.6506668955406784,False
am_9db,test,short_gaps,16616,local_pca_16,3.099201093102068,0.7449986739264886,1.7436534285299456,0.0,0.5478665272983082,0.6697599543562895,0.7463122774893548,False
am_9db,test,short_gaps,16616,local_pca_32,2.980977373204564,0.716579571098237,1.5168059433226628,0.0,0.5269673287891522,0.7111234558088348,0.7727099048416254,True
am_9db,test,short_gaps,16616,local_dictionary_8,3.6258215061524153,0.8715898493937227,2.0870766489193144,0.0,0.6409607435930985,0.5906932592912557,0.6769982388767053,False
am_9db,test,short_gaps,16616,local_dictionary_24,3.158130900989946,0.7591644629193119,1.8587979563575805,0.0,0.558283943991193,0.6920940439262332,0.7565599778086022,False
am_9db,test,short_gaps,16719,zero_fill,4.473043476521735,1.0,2.6764722717776226,0.0,0.790729843697692,,0.771059334314268,False
am_9db,test,short_gaps,16719,linear,4.575712658840221,1.0229528693064085,2.7231084098351275,0.0,0.8088793624567618,0.04698537609970431,0.7594255646533098,False
am_9db,test,short_gaps,16719,pchip,4.594327010043923,1.0271143202964124,2.722737437903389,0.0,0.8121699459476432,0.05296871079703306,0.7573875513838337,False
am_9db,test,short_gaps,16719,autoregression,4.643440362151806,1.038094171568968,2.690939192985905,0.0,0.820852042028215,0.02990557327091642,0.7516731448708459,False
am_9db,test,short_gaps,16719,pca_r32_l01,28.1122086649879,6.2848055943440375,14.970973265121305,0.0,4.969583345286042,-0.2270482993722068,0.011278894878085973,False
am_9db,test,short_gaps,16719,pca_r64_l01,12.133431742520216,2.7125673618435844,6.817340458660305,0.0,2.144907966050038,-0.48806184599295965,0.1193084646715216,False
am_9db,test,short_gaps,16719,pca_r96_l01,4.25352744181062,0.9509246811788623,2.690030015887209,0.0,0.7519245245168394,0.4627127964136414,0.8050462804923307,False
am_9db,test,short_gaps,16719,pca_r64_l001,21.884093302654012,4.892439212254475,11.857941266897125,0.0,3.86859769360644,-0.6518440832798623,-0.18421211020155054,False
am_9db,test,short_gaps,16719,pca_r64_l1,4.148761196218795,0.9275029894064202,2.5401132079305704,0.0,0.7334042938424806,0.42148829588366477,0.8089194795050091,False
am_9db,test,short_gaps,16719,template_1,4.6675952991257645,1.043494283841684,2.7660134421851046,0.0,0.82512207196157,-0.45749534595625074,0.7477551334924677,False
am_9db,test,short_gaps,16719,dictionary_8,4.239954399251548,0.94789027236296,2.3237201773562584,0.0,0.749525126908126,0.32352467865382734,0.7973374305669818,False
am_9db,test,short_gaps,16719,dictionary_24,4.430805245260971,0.9905571605815,2.4061162152671236,0.0,0.7832631087602392,0.1862631151810995,0.7762441618560305,False
am_9db,test,short_gaps,16719,dictionary_48,5.055868256479528,1.1302971417597312,2.8224203464243214,0.0,0.8937596822356202,-0.12962673575208028,0.7031546138333116,False
am_9db,test,short_gaps,16719,local_pca_8,4.093281984545953,0.9150999774607409,2.02630817833425,0.0,0.7235968621452931,0.4884838088637291,0.8180680853965407,False
am_9db,test,short_gaps,16719,local_pca_16,2.998758649788216,0.6704067746106659,1.556974925141036,0.0,0.5301106441017657,0.7497994474861563,0.905173402738373,False
am_9db,test,short_gaps,16719,local_pca_32,2.3856986340559834,0.5333502002782046,1.466680137043304,0.0,0.42173592050211733,0.8480921612770478,0.9408018015389994,True
am_9db,test,short_gaps,16719,local_dictionary_8,1.623491281481386,0.362950033909311,0.8615282472169654,0.0,0.2869954235831815,0.9351665742209252,0.9733608868455983,False
am_9db,test,short_gaps,16719,local_dictionary_24,1.3242849833026016,0.29605904576013053,0.7954245875142703,0.0,0.23410272297919585,0.9592934187753862,0.9826230281801038,False
am_9db,test,short_gaps,16822,zero_fill,3.3309211512387034,1.0,2.02646386306,0.0,0.5888292334096472,,0.6479182556404056,False
am_9db,test,short_gaps,16822,linear,4.630618614340649,1.3901916028899735,2.516124222095142,0.0,0.8185854558222317,0.07219263947990905,0.4468323979631277,False
am_9db,test,short_gaps,16822,pchip,4.831720659388975,1.45056590654875,2.639180614707265,0.0,0.8541356107632705,0.08881798198624224,0.43358455651184885,False
am_9db,test,short_gaps,16822,autoregression,5.573992237110881,1.67340864104154,3.316531085820428,0.0,0.9853519272855694,-0.41652062286422775,0.18216851243592203,False
am_9db,test,short_gaps,16822,pca_r32_l01,7.638486985999363,2.2932055846349777,4.4973785850542365,0.0,1.3503064864513357,0.03179751835565991,0.2662179021758493,False
am_9db,test,short_gaps,16822,pca_r64_l01,8.297017843802259,2.4909079101787692,4.843524934112268,0.0,1.4667193952445914,0.021680368316186586,0.24002119052325277,False
am_9db,test,short_gaps,16822,pca_r96_l01,5.404141996614308,1.6224166683154941,3.121793347510971,0.0,0.9553263630752463,-0.006490223572039217,0.35629274273095307,False
am_9db,test,short_gaps,16822,pca_r64_l001,12.188879212730013,3.6593118417700197,7.001250461967432,0.0,2.1547097865962845,-0.09124241487572354,0.08854892834406337,False
am_9db,test,short_gaps,16822,pca_r64_l1,3.9193120669170547,1.1766451047511408,2.3100452169719903,0.0,0.6928430350258283,0.3916341295402731,0.6287499641292845,False
am_9db,test,short_gaps,16822,template_1,5.562009097706784,1.6698110958400751,3.2993679130737625,0.0,0.9832335875024344,0.07373027156106196,0.3823073724079734,False
am_9db,test,short_gaps,16822,dictionary_8,3.883523996641494,1.165900908581186,2.2163334289225842,0.0,0.6865165382314709,0.4940624940844472,0.6731655296209886,False
am_9db,test,short_gaps,16822,dictionary_24,3.312809171477012,0.994562471178594,1.7280444971169842,0.0,0.5856274574820957,0.5950583423427996,0.7464985915769884,False
am_9db,test,short_gaps,16822,dictionary_48,3.043521983495835,0.9137178111718465,1.6457317971870196,0.0,0.5380237583050592,0.6182567292932515,0.7704625632960027,False
am_9db,test,short_gaps,16822,local_pca_8,9.934658290612541,2.9825558275127704,5.66535248924116,0.0,1.7562160615158207,-0.14648497454067316,0.09066660556111067,False
am_9db,test,short_gaps,16822,local_pca_16,4.663602654788869,1.4000939809261377,2.553574355590599,0.0,0.8244162654901988,0.16000040711409122,0.4827959611749535,False
am_9db,test,short_gaps,16822,local_pca_32,3.695687001790127,1.1095090018614744,2.014148122344468,0.0,0.6533113350271949,0.418087035406781,0.6546111419408445,True
am_9db,test,short_gaps,16822,local_dictionary_8,4.247417195591851,1.275147925375634,2.28729795608122,0.0,0.7508443753828365,0.4484967433421507,0.6334877559971416,False
am_9db,test,short_gaps,16822,local_dictionary_24,3.9104853711092575,1.1739951783773164,2.081166745898174,0.0,0.6912826809105371,0.5467116119728991,0.6956293075149677,False
am_9db,test,short_gaps,16925,zero_fill,6.684248782395251,1.0,4.032908083120513,0.0,1.1816194102924014,,0.3275373268079639,False
am_9db,test,short_gaps,16925,linear,7.046454306917276,1.0541879179416527,4.3553265760132955,0.0,1.24564890593559,-0.08235355347074604,0.21464401458444937,False
am_9db,test,short_gaps,16925,pchip,7.0359903556665016,1.0526224538795828,4.38057641253185,0.0,1.2437991232137329,-0.06542526103666757,0.22032958758371207,False
am_9db,test,short_gaps,16925,autoregression,6.651129656353611,0.9950451984778202,3.959388196281018,0.0,1.1757647206396473,0.25585078687044877,0.38632798954647457,False
am_9db,test,short_gaps,16925,pca_r32_l01,2.695845772091855,0.40331320090779427,1.4196146844238156,0.0,0.47656270661980865,0.9183621695220411,0.9270610231748453,False
am_9db,test,short_gaps,16925,pca_r64_l01,3.4066277714453963,0.509650056774915,1.8000747254854788,0.0,0.6022123995418639,0.860470502107278,0.8765283087049005,False
am_9db,test,short_gaps,16925,pca_r96_l01,3.948628079614663,0.5907362529674878,2.251577738670282,0.0,0.6980254228697857,0.8086032431714287,0.8310929264089418,False
am_9db,test,short_gaps,16925,pca_r64_l001,4.5837192040854475,0.6857493419691219,2.3776731107411173,0.0,0.8102947330659561,0.7892607461296949,0.8098559700485007,False
am_9db,test,short_gaps,16925,pca_r64_l1,4.0198202191706205,0.6013869845416119,2.1402925754831923,0.0,0.7106105340315848,0.8962997732997665,0.8805054815082116,False
am_9db,test,short_gaps,16925,template_1,2.5602223278835634,0.3830231954601377,1.551458880379775,0.0,0.4525876423479191,0.9395665492648975,0.9449888121903244,False
am_9db,test,short_gaps,16925,dictionary_8,3.239264329928955,0.4846115749701627,1.8368546830103885,0.0,0.5726264434371156,0.9068777227756456,0.9113974726274857,False
am_9db,test,short_gaps,16925,dictionary_24,3.250933274804069,0.48635731263717585,1.7999154805806266,0.0,0.5746892409497368,0.9339337999808616,0.928372026728816,False
am_9db,test,short_gaps,16925,dictionary_48,3.789495842497857,0.5669292041431048,2.098865199747098,0.0,0.669894551877116,0.8883273945758009,0.8854984865878326,False
am_9db,test,short_gaps,16925,local_pca_8,1.6470117954123673,0.24640192922654397,1.0273644421172055,0.0,0.2911533023075789,0.9746588337178329,0.976958942527978,False
am_9db,test,short_gaps,16925,local_pca_16,3.164731455590665,0.47346105128908844,1.7118008713960824,0.0,0.5594507682206331,0.8810331328098976,0.8945617122522804,False
am_9db,test,short_gaps,16925,local_pca_32,3.4737540088393857,0.5196925072550325,1.8900288117362596,0.0,0.6140787539560709,0.8801677088151895,0.8890538202382368,True
am_9db,test,short_gaps,16925,local_dictionary_8,2.5127595601773134,0.3759225070729466,1.3622341922142782,0.0,0.4441973311231763,0.9492620011931684,0.9512868980799566,False
am_9db,test,short_gaps,16925,local_dictionary_24,2.7905875227569763,0.417487082483634,1.5978887204022976,0.0,0.49331084020900673,0.930643437029728,0.9347913085533252,False
am_9db,test,short_gaps,17028,zero_fill,5.214549463659625,1.0,3.1451139147201683,0.0,0.9218108216465988,,0.40259007565181426,False
am_9db,test,short_gaps,17028,linear,5.7770454771528215,1.1078704914802804,3.4090940557761344,0.0,1.0212470080294584,-0.02712859082673575,0.26532804043723535,False
am_9db,test,short_gaps,17028,pchip,5.911481599401643,1.133651457445933,3.4650549057035667,0.0,1.0450121814491,-0.03333770131942052,0.2452379223915462,False
am_9db,test,short_gaps,17028,autoregression,5.450938181961246,1.0453325296747153,3.2113486355490863,0.0,0.963598838073367,0.09674422812221406,0.35330168304901166,False
am_9db,test,short_gaps,17028,pca_r32_l01,4.279343827866407,0.820654566169005,2.5625826189879337,0.0,0.7564882599282836,0.5797012603572061,0.6643235508200267,False
am_9db,test,short_gaps,17028,pca_r64_l01,4.334211413041302,0.8311765845250046,2.4432092188167713,0.0,0.7661875703144083,0.5619501554946258,0.6512783328450563,False
am_9db,test,short_gaps,17028,pca_r96_l01,4.187450358184845,0.8030320524078505,2.3123257517101345,0.0,0.7402436360386353,0.5979614223646761,0.6789069220195864,False
am_9db,test,short_gaps,17028,pca_r64_l001,5.4206191828893076,1.0395182212127412,3.057479587136813,0.0,0.9582391456127278,0.23936880210408526,0.4131270906790748,False
am_9db,test,short_gaps,17028,pca_r64_l1,3.482777647968334,0.6678961763120537,2.1268532878729025,0.0,0.6156739230608358,0.8606664872717453,0.8380761145481214,False
am_9db,test,short_gaps,17028,template_1,1.593694515549076,0.30562458495323286,0.9855020792282727,0.0,0.28172804977114035,0.9522518883734196,0.9601237346615331,False
am_9db,test,short_gaps,17028,dictionary_8,2.327002026755068,0.4462517889555033,1.3865826989957644,0.0,0.4113597282383371,0.9502279541866142,0.943764696322837,False
am_9db,test,short_gaps,17028,dictionary_24,2.975643616298551,0.5706425141876424,1.7706848855255366,0.0,0.5260244448697916,0.905058004780111,0.8935186578413232,False
am_9db,test,short_gaps,17028,dictionary_48,3.2304800953147037,0.6195127916281226,1.9036967930466915,0.0,0.5710735954712979,0.8975791991766641,0.8727605421162069,False
am_9db,test,short_gaps,17028,local_pca_8,6.988410506537737,1.3401753219986139,3.5474577692773543,0.0,1.2353881147220374,0.28595518074280496,0.38261810952685993,False
am_9db,test,short_gaps,17028,local_pca_16,3.795828679912119,0.7279303238688941,2.1528765036982347,0.0,0.6710140499470599,0.7097332584362638,0.7567020359887621,False
am_9db,test,short_gaps,17028,local_pca_32,3.608257244570423,0.6919595393075647,2.007128493779904,0.0,0.6378557914753082,0.760238915413311,0.7915870288232352,True
am_9db,test,short_gaps,17028,local_dictionary_8,1.6338615324647998,0.3133274588439974,1.0584406278027432,0.0,0.2888286422814261,0.9662497288602594,0.9685367446750875,False
am_9db,test,short_gaps,17028,local_dictionary_24,3.6882785543534853,0.7073053156475407,2.1345959824987846,0.0,0.6520016941720664,0.7418346517649801,0.7780772933018913,False
am_9db,test,short_gaps,17131,zero_fill,3.642375656775975,1.0,2.1530216062175986,0.0,0.6438871316337741,,0.7691340191715156,False
am_9db,test,short_gaps,17131,linear,3.7555685126566276,1.0310766561571094,2.283376251363869,0.0,0.6638969906275445,-0.09696599872187835,0.7528640613041239,False
am_9db,test,short_gaps,17131,pchip,3.7046806947837183,1.0171056046599247,2.2552759724795015,0.0,0.6549012103531143,-0.05348263385524694,0.7602207477619519,False
am_9db,test,short_gaps,17131,autoregression,3.8182579182592242,1.0482877874378642,2.2237990066881617,0.0,0.6749790165800819,-0.129821958570559,0.7433536417474326,False
am_9db,test,short_gaps,17131,pca_r32_l01,4.977724923188696,1.3666149217554064,2.9786952305973005,0.0,0.8799457620170034,0.7022989076334188,0.7937734464779798,False
am_9db,test,short_gaps,17131,pca_r64_l01,4.469342615356733,1.2270405462002079,2.5395627670146395,0.0,0.7900756176911914,0.24848567162903826,0.6927466953558507,False
am_9db,test,short_gaps,17131,pca_r96_l01,2.061706808251349,0.5660335458304308,1.3068250053684005,0.0,0.36446171623325047,0.82705702180732,0.9326215298228058,False
am_9db,test,short_gaps,17131,pca_r64_l001,8.165450912534883,2.241792632603546,4.373683459166394,0.0,1.4434614279248248,-0.23975169968806057,0.3037010408612871,False
am_9db,test,short_gaps,17131,pca_r64_l1,2.3056853429838124,0.6330168989281778,1.440875097573122,0.0,0.4075914353265711,0.7757745203634883,0.9146606358650906,False
am_9db,test,short_gaps,17131,template_1,3.787601563397211,1.0398712050337449,2.1780565210938683,0.0,0.6695596874777343,-0.15649078439182765,0.7477862004708832,False
am_9db,test,short_gaps,17131,dictionary_8,4.522631159214625,1.2416707076331064,2.8382915419017096,0.0,0.7994957903715595,-0.5044192509882843,0.633168485831626,False
am_9db,test,short_gaps,17131,dictionary_24,2.349632496232963,0.6450824180811501,1.6910497780096505,0.0,0.41536026784565083,0.7962406772336108,0.9131339224926187,False
am_9db,test,short_gaps,17131,dictionary_48,2.0622620861643295,0.5661859952110836,1.488947449847406,0.0,0.36455987642767834,0.8429732201172787,0.9338354355762466,False
am_9db,test,short_gaps,17131,local_pca_8,6.119848487894772,1.6801804823480826,2.9306851012121404,0.0,1.081846591406158,0.7374100545102635,0.7761459889376072,False
am_9db,test,short_gaps,17131,local_pca_16,1.947660921432795,0.5347226933634721,1.1946445462858546,0.0,0.3443010612492922,0.8482976373096554,0.9401480474656275,False
am_9db,test,short_gaps,17131,local_pca_32,1.5375487514474317,0.4221280000559808,1.1709189981420591,0.0,0.2718027871383471,0.9095393880024545,0.9632931342889399,True
am_9db,test,short_gaps,17131,local_dictionary_8,2.286651444516818,0.6277912164998469,1.4038655548397383,0.0,0.40422668565696407,0.7847381461887306,0.916745671989187,False
am_9db,test,short_gaps,17131,local_dictionary_24,1.6739077767326058,0.4595648374759495,1.066459579091463,0.0,0.2959078850021307,0.8989026482384572,0.9576470047665903,False
am_9db,test,short_gaps,17233,zero_fill,4.153777180522381,1.0,2.5381547383266185,0.0,0.7342910029713283,,0.601887315984397,False
am_9db,test,short_gaps,17233,linear,6.809132981828781,1.639262937299025,3.873938796730008,0.0,1.203696026363027,-0.12583559205257097,0.24859760912398032,False
am_9db,test,short_gaps,17233,pchip,7.2681277514157205,1.7497635129532099,4.170059456417784,0.0,1.2848356048890475,-0.1411827301193565,0.21468348698466969,False
am_9db,test,short_gaps,17233,autoregression,8.482558376874428,2.0421312959805076,4.635301973707285,0.0,1.4995186375246654,0.3278965836240123,0.447190794766103,False
am_9db,test,short_gaps,17233,pca_r32_l01,7.737345779282322,1.8627252842458126,4.5244677449864525,0.0,1.3677824172289104,0.45753906292067686,0.5476839156287407,False
am_9db,test,short_gaps,17233,pca_r64_l01,5.723308829464534,1.3778564859718276,3.606830619845578,0.0,1.0117476210348035,0.43247501398199384,0.5815512968155749,False
am_9db,test,short_gaps,17233,pca_r96_l01,5.507782050211885,1.3259695479186064,3.3306765291850153,0.0,0.9736475092505924,0.3774046508997799,0.559500368249416,False
am_9db,test,short_gaps,17233,pca_r64_l001,6.066661900643991,1.460516931214169,3.7613616631073095,0.0,1.0724444422778587,0.41668368966117253,0.5615461520629331,False
am_9db,test,short_gaps,17233,pca_r64_l1,5.014788227898802,1.2072838792157214,2.961589277066732,0.0,0.8864976905404282,0.4779600333786457,0.6315054381240843,False
am_9db,test,short_gaps,17233,template_1,5.108516050737988,1.229848359390221,2.880764975865644,0.0,0.9030665853192881,0.40978442809536053,0.5931485040051786,False
am_9db,test,short_gaps,17233,dictionary_8,4.796599280718418,1.1547560382416073,2.6850579934446355,0.0,0.8479269695076274,0.4904438433717084,0.6464926322214933,False
am_9db,test,short_gaps,17233,dictionary_24,4.693545487025322,1.1299463796551215,2.5337638325228706,0.0,0.8297094604207804,0.47170894146955306,0.6417509839859993,False
am_9db,test,short_gaps,17233,dictionary_48,4.652153578334699,1.1199814954324636,2.5223906570490735,0.0,0.822392335590432,0.5514874174395933,0.6830920054934227,False
am_9db,test,short_gaps,17233,local_pca_8,10.227991725515833,2.4623351906010416,5.5662811770828595,0.0,1.8080705767580358,0.2333203341461761,0.35248760859697653,False
am_9db,test,short_gaps,17233,local_pca_16,5.32758541070969,1.2825881551113174,3.0458191481166494,0.0,0.9417929428158349,0.4051013407373882,0.58129888097247,False
am_9db,test,short_gaps,17233,local_pca_32,5.782397197343333,1.3920816996293808,3.377716696980994,0.0,1.0221930674388895,0.3949769210248712,0.5585403853752615,True
am_9db,test,short_gaps,17233,local_dictionary_8,4.702407747127855,1.132079922143652,2.700983152942679,0.0,0.8312761014745654,0.5371376807758734,0.6738950065415532,False
am_9db,test,short_gaps,17233,local_dictionary_24,4.201169545727983,1.0114094625556305,2.3855575336055996,0.0,0.742668868674666,0.582093913750007,0.7154890877860706,False
am_9db,test,short_gaps,17336,zero_fill,3.7017340499446805,1.0,2.272649472952298,0.0,0.6543803122162564,,0.5374506585692956,False
am_9db,test,short_gaps,17336,linear,5.035498418349707,1.3603079936077416,3.127996038156716,0.0,0.8901587695673032,-0.06458800479048671,0.2721900701487163,False
am_9db,test,short_gaps,17336,pchip,5.037131992026118,1.3607492931863632,3.145586180292942,0.0,0.8904475473233425,-0.06456989540608848,0.2720904128522873,False
am_9db,test,short_gaps,17336,autoregression,5.00178606982243,1.3512008162491245,2.9739451866106767,0.0,0.8841992120039625,0.2616031846454458,0.44506624829397484,False
am_9db,test,short_gaps,17336,pca_r32_l01,4.396851503018055,1.187781575795204,2.275864252418467,0.0,0.7772608784135826,0.8044858107171483,0.8173540236082318,False
am_9db,test,short_gaps,17336,pca_r64_l01,4.258224271013745,1.1503323073891223,2.123801684537494,0.0,0.7527548144617405,0.7795377593724199,0.801967575632746,False
am_9db,test,short_gaps,17336,pca_r96_l01,2.813642348292275,0.7600876536050241,1.539241520075966,0.0,0.4973863960777774,0.863537654329751,0.883870944482065,False
am_9db,test,short_gaps,17336,pca_r64_l001,7.896480996402364,2.133184310342438,4.012339334972039,0.0,1.3959138150167043,0.682840872244571,0.6842587137353814,False
am_9db,test,short_gaps,17336,pca_r64_l1,1.51700668916754,0.40980974556781313,0.9202819862974396,0.0,0.26817142925393017,0.91633437655404,0.9402894756183903,False
am_9db,test,short_gaps,17336,template_1,2.0908932881330617,0.5648415742250064,1.2308337280442883,0.0,0.36962120569408147,0.9004357208514148,0.9201910585203981,False
am_9db,test,short_gaps,17336,dictionary_8,2.4692139219632656,0.6670424964754467,1.5816691459371421,0.0,0.43649947710511394,0.7627293586697393,0.8347925878250607,False
am_9db,test,short_gaps,17336,dictionary_24,2.6718439758274735,0.7217817216953774,1.6894359251896722,0.0,0.4723197483950081,0.7211167877254805,0.8060253323979301,False
am_9db,test,short_gaps,17336,dictionary_48,1.5568686332700956,0.4205781972082413,0.9605772106631194,0.0,0.2752180920004792,0.9070669043027355,0.9350035856616031,False
am_9db,test,short_gaps,17336,local_pca_8,6.131348002079233,1.65634481552527,3.091729004716213,0.0,1.0838794375212037,0.7992713782852738,0.7914300411351689,False
am_9db,test,short_gaps,17336,local_pca_16,3.14368103022805,0.8492455124578789,1.7370912443059732,0.0,0.5557295435904415,0.8505617463803974,0.8694843134161202,False
am_9db,test,short_gaps,17336,local_pca_32,1.7122850665876252,0.4625629619754056,0.9550779740353098,0.0,0.30269209547714226,0.9155911470912935,0.9361262041849964,True
am_9db,test,short_gaps,17336,local_dictionary_8,1.9344508199492028,0.5225796326394955,1.2039933098176894,0.0,0.3419658231644896,0.8595836945364496,0.9011379727688706,False
am_9db,test,short_gaps,17336,local_dictionary_24,2.0922257858113866,0.5652015400303145,1.2374319161428597,0.0,0.3698567602301462,0.857737511376778,0.8957413733609788,False
am_9db,test,short_gaps,17439,zero_fill,5.582290276607445,1.0,3.4519184436249004,0.0,0.9868188272852131,,0.3580017851850877,False
am_9db,test,short_gaps,17439,linear,5.622459117926326,1.007195763625408,3.494511623475473,0.0,0.9939197423074598,0.061853234980514225,0.3437869568394093,False
am_9db,test,short_gaps,17439,pchip,5.642753574206709,1.010831270787303,3.5288251961885697,0.0,0.9975073292215481,0.05894718631676144,0.33728888197813767,False
am_9db,test,short_gaps,17439,autoregression,6.062442024783472,1.0860133967214318,3.6476838980405226,0.0,1.0716984665686742,-0.351337473397234,0.16661251352708029,False
am_9db,test,short_gaps,17439,pca_r32_l01,5.477003360867845,0.981139118440185,3.12642336512513,0.0,0.9682065542627911,0.2821596797624545,0.4284458791452323,False
am_9db,test,short_gaps,17439,pca_r64_l01,5.866918927746444,1.0509877912174748,3.380780741079638,0.0,1.0371345396203047,0.15513438231549234,0.33026879890623917,False
am_9db,test,short_gaps,17439,pca_r96_l01,4.787215474020303,0.8575719349602978,2.745655815424148,0.0,0.8462681311702323,0.5146556528098086,0.5991884497536815,False
am_9db,test,short_gaps,17439,pca_r64_l001,6.588633363024912,1.1802742309253502,3.772246226531206,0.0,1.164716832436711,-0.059986183270493966,0.15347493784909294,False
am_9db,test,short_gaps,17439,pca_r64_l1,5.082366347434256,0.9104446554368344,2.9841799450620705,0.0,0.898443927186267,0.4148657173527331,0.5270685443169374,False
am_9db,test,short_gaps,17439,template_1,3.743188399796385,0.6705470719575788,2.2187400573953564,0.0,0.6617084751887113,0.744332857637373,0.781426726890128,False
am_9db,test,short_gaps,17439,dictionary_8,3.385365849819578,0.6064474762278009,2.0006272455576024,0.0,0.5984537873011957,0.8338703235675401,0.8472179462555518,False
am_9db,test,short_gaps,17439,dictionary_24,4.869873986544523,0.8723792109041161,2.764671575648843,0.0,0.8608802298523994,0.49618950042634014,0.5839043433845258,False
am_9db,test,short_gaps,17439,dictionary_48,4.840694018004264,0.8671519713493159,2.7635593877952895,0.0,0.8557218914449924,0.49797186966809376,0.5868732850751489,False
am_9db,test,short_gaps,17439,local_pca_8,7.679936043339435,1.3757679487794037,4.131937035295046,0.0,1.3576337138310743,-0.2624966440724513,-0.04747093910822254,False
am_9db,test,short_gaps,17439,local_pca_16,5.072156771975088,0.9086157330853846,2.812516318468943,0.0,0.8966391121762135,0.43130144139971066,0.5357190065298553,False
am_9db,test,short_gaps,17439,local_pca_32,4.856171753321543,0.869924621023615,2.7540217409495855,0.0,0.8584579943450571,0.493149603586581,0.5833013728578217,True
am_9db,test,short_gaps,17439,local_dictionary_8,4.383296528202779,0.7852147256782682,2.546698061636553,0.0,0.774864674760909,0.6833383630141969,0.7069863581231454,False
am_9db,test,short_gaps,17439,local_dictionary_24,4.830441869417506,0.8653154225353428,2.5711651282595085,0.0,0.8539095504981356,0.5197015198692896,0.5995893775277771,False
am_9db,test,short_gaps,17542,zero_fill,3.951501592604492,1.0,2.09982255489029,0.0,0.6985333930000196,,0.503158916558432,False
am_9db,test,short_gaps,17542,linear,4.170553904541471,1.0554352078073181,2.553465374390435,0.0,0.7372567368013269,-0.1287831085389233,0.4279966924170792,False
am_9db,test,short_gaps,17542,pchip,4.076164390346609,1.0315482089075787,2.4284246041903272,0.0,0.7205708704113042,-0.07781999190916694,0.45878538097933336,False
am_9db,test,short_gaps,17542,autoregression,3.685378097661914,0.9326525654347081,2.1371545606317586,0.0,0.6514889610232795,0.36398125930508823,0.5922564319406116,False
am_9db,test,short_gaps,17542,pca_r32_l01,4.982268899175749,1.260854584621808,2.5753751346487057,0.0,0.880749031075502,0.808295512989904,0.8143493422164308,False
am_9db,test,short_gaps,17542,pca_r64_l01,3.6845679870717207,0.932447552081883,2.154369374225527,0.0,0.6513457523503203,0.7641191882985461,0.8009389716352784,False
am_9db,test,short_gaps,17542,pca_r96_l01,1.9993393192876197,0.5059695086621049,1.2047520507358511,0.0,0.35343659764029295,0.8745673891142979,0.9046201724606611,False
am_9db,test,short_gaps,17542,pca_r64_l001,4.768986536854032,1.2068795684606377,2.6170699085171574,0.0,0.8430456798992088,0.7716824001931051,0.7894710638597566,False
am_9db,test,short_gaps,17542,pca_r64_l1,2.789549376215559,0.7059466663094337,1.706327209508701,0.0,0.49312732009418137,0.712532043851551,0.7941909802074881,False
am_9db,test,short_gaps,17542,template_1,2.931940297639634,0.7419813022793569,1.606759403855416,0.0,0.5182987166237724,0.770065828938615,0.8210652145775825,False
am_9db,test,short_gaps,17542,dictionary_8,3.708834947469409,0.9385887517825501,2.191453889943095,0.0,0.655635585414318,0.5439016431073039,0.6624586684064441,False
am_9db,test,short_gaps,17542,dictionary_24,2.5896277043928704,0.655352818088075,1.5731114671509165,0.0,0.45778582763118764,0.7554586031283664,0.8242104292107398,False
am_9db,test,short_gaps,17542,dictionary_48,2.049116101918709,0.5185664370612355,1.2307731789957246,0.0,0.3622359727763159,0.8554629965063603,0.8941749025289744,False
am_9db,test,short_gaps,17542,local_pca_8,9.927551820631805,2.5123491887772245,4.903554875636672,0.0,1.7549598032374016,0.7650626991455214,0.7406857661435344,False
am_9db,test,short_gaps,17542,local_pca_16,2.8858578669356034,0.7303192974378868,1.49317478161639,0.0,0.5101524168126776,0.6967101770346097,0.7799995006129338,False
am_9db,test,short_gaps,17542,local_pca_32,2.5416721108096874,0.6432167750018378,1.5381349335636467,0.0,0.449308396276564,0.7671058730954957,0.831923533921245,True
am_9db,test,short_gaps,17542,local_dictionary_8,4.152073580667775,1.0507584226813085,2.3704299213394426,0.0,0.7339898462189232,0.4915104479025486,0.61272668090201,False
am_9db,test,short_gaps,17542,local_dictionary_24,4.081300191189636,1.0328479175683671,2.233826872517671,0.0,0.7214787603120362,0.4730587311692504,0.6052724206679434,False
am_9db,test,short_gaps,17645,zero_fill,4.167368818205282,1.0,2.4864256607859847,0.0,0.7366936877645809,,0.4304360173260615,False
am_9db,test,short_gaps,17645,linear,4.184795809198606,1.004181773141171,2.6106501122187016,0.0,0.739774373641345,0.013222332077022307,0.4228152676041796,False
am_9db,test,short_gaps,17645,pchip,4.194756255885477,1.0065718775742987,2.644904709613865,0.0,0.7415351484903285,-0.006857451602520319,0.41840075164602664,False
am_9db,test,short_gaps,17645,autoregression,4.334749832653812,1.040164675062433,2.5774447680337227,0.0,0.7662827503541907,-0.24402676259708406,0.35607867755179573,False
am_9db,test,short_gaps,17645,pca_r32_l01,7.742511819307387,1.8578897517983002,4.499750463739389,0.0,1.3686956527123115,-0.3333301170585385,-0.12984425009382639,False
am_9db,test,short_gaps,17645,pca_r64_l01,6.982719535304561,1.675570327445061,4.189259964069452,0.0,1.2343820836344082,-0.2061695400703045,-0.007401638711570843,False
am_9db,test,short_gaps,17645,pca_r96_l01,5.260021691598839,1.2621925058853127,3.183606254061778,0.0,0.9298492518294685,0.032118619907000254,0.24488303923628105,False
am_9db,test,short_gaps,17645,pca_r64_l001,8.149860050957573,1.9556368554073382,4.746409598313652,0.0,1.4407053269383605,-0.13285261672368145,0.011879888918020784,False
am_9db,test,short_gaps,17645,pca_r64_l1,5.261442564481555,1.2625334579211653,3.181561378980769,0.0,0.9301004290421114,-0.2622698275938336,0.10245785614796751,False
am_9db,test,short_gaps,17645,template_1,6.8467117625027685,1.6429339617344865,4.135914440272277,0.0,1.2103390790238515,-0.43468342847310826,-0.15470548944403267,False
am_9db,test,short_gaps,17645,dictionary_8,5.480077014976716,1.3149968850937377,3.316436127710099,0.0,0.9687499046786424,-0.17417545229142178,0.11337705923261983,False
am_9db,test,short_gaps,17645,dictionary_24,5.67448927907193,1.3616479670056427,3.4489572406524083,0.0,1.0031174622505312,-0.24363833445547686,0.056934999920808194,False
am_9db,test,short_gaps,17645,dictionary_48,5.7765655662042015,1.386142148246897,3.5022748839603635,0.0,1.0211621709579248,-0.2674892619814749,0.03374053302064189,False
am_9db,test,short_gaps,17645,local_pca_8,10.273128779892883,2.465135491491513,5.720648480624575,0.0,1.8160497560662352,-0.28833379014805866,-0.15225758485383387,False
am_9db,test,short_gaps,17645,local_pca_16,5.595884310007749,1.3427859529883586,3.382090306444667,0.0,0.989221935585471,-0.13106452754010686,0.12510506871604482,False
am_9db,test,short_gaps,17645,local_pca_32,5.371744999534113,1.2890015820216045,3.2348196888747163,0.0,0.9495993289938747,-0.08872456166061884,0.1686702340208806,True
am_9db,test,short_gaps,17645,local_dictionary_8,4.909260244991493,1.178023942480261,2.9400053872643648,0.0,0.8678428024607541,0.049910897912695644,0.2853904824108747,False
am_9db,test,short_gaps,17645,local_dictionary_24,5.560315951106425,1.3342509851338353,3.3262404303335495,0.0,0.9829342786417703,-0.11801787576187628,0.1354769774760437,False
am_9db,test,short_gaps,17748,zero_fill,3.7949596942497346,1.0,2.1859910182901814,0.0,0.6708604335334036,,0.5116393188276388,False
am_9db,test,short_gaps,17748,linear,4.191305899673268,1.104440162045487,2.5264776738307324,0.0,0.7409252059215379,-0.06029638628726061,0.3919796477686794,False
am_9db,test,short_gaps,17748,pchip,4.240374957457767,1.1173702223723068,2.5763419544672304,0.0,0.7495994717980013,-0.05241131842904382,0.381672529134955,False
am_9db,test,short_gaps,17748,autoregression,5.859253718814353,1.5439567718446428,3.2963470639326298,0.0,1.0357795093165314,-0.3598979889725305,0.03435184690945635,False
am_9db,test,short_gaps,17748,pca_r32_l01,3.415790428900208,0.9000860889447501,1.9035271119023793,0.0,0.6038321438468607,0.8842950523872838,0.8882178627249407,False
am_9db,test,short_gaps,17748,pca_r64_l01,3.1114485053162855,0.8198897369136408,1.9167104798934933,0.0,0.5500315843554733,0.8350703422271738,0.8584865232579648,False
am_9db,test,short_gaps,17748,pca_r96_l01,2.286762645243309,0.6025789018809073,1.3552411529412727,0.0,0.40424634335390774,0.8143364338947509,0.861737576507125,False
am_9db,test,short_gaps,17748,pca_r64_l001,6.111292405105783,1.6103708332833793,3.3531928202372736,0.0,1.0803340753660362,0.8040715421455216,0.7970241573530475,False
am_9db,test,short_gaps,17748,pca_r64_l1,2.1792400249116843,0.5742458946833482,1.3183002813262978,0.0,0.38523884986204815,0.8741411914097308,0.8885483656161896,False
am_9db,test,short_gaps,17748,template_1,4.2507915383426385,1.1201150686220982,2.3921451523087454,0.0,0.751440880543119,0.016113378872575725,0.3946337935525601,False
am_9db,test,short_gaps,17748,dictionary_8,3.235785808094294,0.8526535375322374,1.8357314491025103,0.0,0.572011521842667,0.5223639678558394,0.6807840187473319,False
am_9db,test,short_gaps,17748,dictionary_24,2.537667097886544,0.6686940843486988,1.5034688353173233,0.0,0.44860040332739043,0.7635311569931778,0.8251862468333385,False
am_9db,test,short_gaps,17748,dictionary_48,2.2792626950101225,0.6006026094200018,1.3655684037697347,0.0,0.4029205269367958,0.8565071123477394,0.8750252586370436,False
am_9db,test,short_gaps,17748,local_pca_8,8.491062995931498,2.2374580180120165,4.365133460954364,0.0,1.501022055976331,0.8258183946518558,0.7957352783184889,False
am_9db,test,short_gaps,17748,local_pca_16,2.3673920674563598,0.6238253520962347,1.3283645057187725,0.0,0.41849974615640817,0.7846031753518377,0.8455361994400352,False
am_9db,test,short_gaps,17748,local_pca_32,2.045115197388982,0.5389030087691886,1.1120464837080672,0.0,0.3615287060953535,0.8709013269509057,0.8973589231275805,True
am_9db,test,short_gaps,17748,local_dictionary_8,2.8702996659359155,0.7563452308294871,1.6693317100782221,0.0,0.5074020894551919,0.6581416090738986,0.7613771856313403,False
am_9db,test,short_gaps,17748,local_dictionary_24,1.827891119890189,0.48166285472277304,1.091900286498098,0.0,0.3231285515362563,0.9048028578325386,0.9219016016297291,False
am_9db,test,short_gaps,17850,zero_fill,4.67232825225073,1.0,2.7727205554290046,0.0,0.8259587477739951,,0.4284419047277335,False
am_9db,test,short_gaps,17850,linear,5.093367584820318,1.0901133888370893,2.9458592861124284,0.0,0.9003886895755486,-0.02802646382445904,0.3117561173356752,False
am_9db,test,short_gaps,17850,pchip,5.23147736722357,1.1196724812096601,3.007421746908997,0.0,0.924803280496933,-0.037280280718228975,0.2859793588997262,False
am_9db,test,short_gaps,17850,autoregression,3.9187795146345787,0.8387209337757561,2.288298810751279,0.0,0.6927488921932595,0.5579203902567328,0.6566162037248945,False
am_9db,test,short_gaps,17850,pca_r32_l01,7.087965206742572,1.5170092562157194,3.7842819001891885,0.0,1.2529870656254956,0.02411534741778655,0.18166762097920783,False
am_9db,test,short_gaps,17850,pca_r64_l01,6.591205309422847,1.4106896933552915,3.4585444138732337,0.0,1.1651714926214178,-0.23982449236823533,0.0363756307116185,False
am_9db,test,short_gaps,17850,pca_r96_l01,5.726851832196712,1.2256955254455855,3.022562119337401,0.0,1.012373941349225,0.23595299984592025,0.37817542231382184,False
am_9db,test,short_gaps,17850,pca_r64_l001,8.511040263182124,1.8215844015416147,4.432723878800948,0.0,1.5045535712619547,-0.5378212074047632,-0.27212096763819393,False
am_9db,test,short_gaps,17850,pca_r64_l1,4.420225600006171,0.9460434629944681,2.381528190827832,0.0,0.7813928740346848,0.3689629445722314,0.5326911426690376,False
am_9db,test,short_gaps,17850,template_1,4.789726536283899,1.0251262920101165,2.4369595188777584,0.0,0.8467120284588747,0.4332323848474521,0.5440910692197621,False
am_9db,test,short_gaps,17850,dictionary_8,5.551857914631299,1.1882422670018713,3.0670293090906573,0.0,0.9814390949049989,0.16558975004857315,0.3426680098826769,False
am_9db,test,short_gaps,17850,dictionary_24,4.7550819942807685,1.0177114572355175,2.6626306212466084,0.0,0.8405876808134958,0.26411587347769244,0.4545765467267718,False
am_9db,test,short_gaps,17850,dictionary_48,4.791127209187163,1.0254260725108957,2.7139148855634936,0.0,0.8469596347859053,0.2694510293902827,0.45340843063559033,False
am_9db,test,short_gaps,17850,local_pca_8,12.767038341980273,2.7324788954693413,6.4056798061014995,0.0,2.256914846820727,-0.4966202642068708,-0.3430547368048816,False
am_9db,test,short_gaps,17850,local_pca_16,6.459310440275441,1.3824607543709917,3.4571430216289345,0.0,1.141855553526957,0.17822270429589143,0.31226916628021817,False
am_9db,test,short_gaps,17850,local_pca_32,4.933744160533224,1.0559498164874366,2.61834183404517,0.0,0.8721709881381432,0.3000678466989567,0.45774584334786106,True
am_9db,test,short_gaps,17850,local_dictionary_8,5.656994173461036,1.2107441660880691,3.1012442605680945,0.0,1.0000247352967717,0.21530063790073434,0.36777394128144614,False
am_9db,test,short_gaps,17850,local_dictionary_24,4.212513039784196,0.9015875624224317,2.3669188359900524,0.0,0.7446741340670405,0.5395446139282227,0.6336537002047694,False
am_9db,test,short_gaps,17953,zero_fill,3.5838725649885346,1.0,2.0446635385140794,0.0,0.6335451484029546,,0.47368560398075843,False
am_9db,test,short_gaps,17953,linear,3.5944007666328432,1.0029376607157185,2.1320644041795678,0.0,0.6354062890970522,0.010353531914325078,0.4689716435394752,False
am_9db,test,short_gaps,17953,pchip,3.5990330103113886,1.004230185378509,2.1456455795889386,0.0,0.6362251618263541,-0.002077264738891291,0.46688618321300124,False
am_9db,test,short_gaps,17953,autoregression,3.52395467075064,0.9832812430823454,1.9913996631152593,0.0,0.6229530610704462,0.22098530547981315,0.5004675857691798,False
am_9db,test,short_gaps,17953,pca_r32_l01,4.204035582545571,1.1730427090559847,2.2848179000182167,0.0,0.7431755171918778,0.1569562256203387,0.3809032675627927,False
am_9db,test,short_gaps,17953,pca_r64_l01,4.117385621373527,1.1488649628887404,2.3864404249398277,0.0,0.727857823408302,0.32462783457509325,0.4789781804760184,False
am_9db,test,short_gaps,17953,pca_r96_l01,3.5559566233238935,0.9922106768144167,2.01483569675048,0.0,0.6286102604893857,0.522949431507949,0.6274682014821621,False
am_9db,test,short_gaps,17953,pca_r64_l001,5.191904342240548,1.4486855344582148,2.960982976833035,0.0,0.9178076919175434,0.18775756107998606,0.3389141364625945,False
am_9db,test,short_gaps,17953,pca_r64_l1,3.496032184739633,0.9754900938423343,1.8665487589636727,0.0,0.6180170162689538,0.301041027726708,0.5266219672619035,False
am_9db,test,short_gaps,17953,template_1,3.136565598227575,0.8751889307865526,1.8077293697417574,0.0,0.5544717010357896,0.52392697349975,0.6528114361309164,False
am_9db,test,short_gaps,17953,dictionary_8,3.0121480281486424,0.8404729726092476,1.6196678980164552,0.0,0.5324775741603982,0.5981009192772505,0.6983289328275756,False
am_9db,test,short_gaps,17953,dictionary_24,3.320137206088931,0.9264105087116994,1.684248948055687,0.0,0.5869228832238104,0.4798180022486454,0.6170516673630824,False
am_9db,test,short_gaps,17953,dictionary_48,3.0670121166025868,0.8557815773263686,1.5428112703544676,0.0,0.5421762664077489,0.582410157363491,0.686743024068001,False
am_9db,test,short_gaps,17953,local_pca_8,4.754533077164027,1.326646802012961,2.685197653855182,0.0,0.8404906450596065,0.1742915259713192,0.3508427105028079,False
am_9db,test,short_gaps,17953,local_pca_16,4.17601698999223,1.1652247434209733,2.3157250815068418,0.0,0.7382224829934352,0.31880910404773277,0.4721286836704802,False
am_9db,test,short_gaps,17953,local_pca_32,3.6919927099116614,1.030168523841883,2.0481477567869226,0.0,0.6526582703174584,0.43569885728338553,0.5686660090460984,True
am_9db,test,short_gaps,17953,local_dictionary_8,3.2919111638682925,0.9185346588568849,1.82119795324693,0.0,0.5819331767587423,0.5020466057248606,0.630261967662554,False
am_9db,test,short_gaps,17953,local_dictionary_24,2.3159700669438963,0.6462199826994421,1.296239291566482,0.0,0.4094095348402728,0.7652847971360277,0.823324316086481,False
am_9db,test,short_gaps,18056,zero_fill,4.353803012498485,1.0,2.534864796994535,0.0,0.7696509085220243,,0.4240748878210287,False
am_9db,test,short_gaps,18056,linear,4.397126809371321,1.00995079399515,2.635976933305148,0.0,0.7773095461609072,0.005265935051837316,0.40595004165609977,False
am_9db,test,short_gaps,18056,pchip,4.368519981109486,1.0033802559667382,2.6447524543193897,0.0,0.7722525255978615,0.03466491958409841,0.4179357601062744,False
am_9db,test,short_gaps,18056,autoregression,5.574782670799449,1.2804398028105293,3.094732357400273,0.0,0.9854916575408859,-0.3444565902758222,0.05015852951745129,False
am_9db,test,short_gaps,18056,pca_r32_l01,3.101745251808698,0.7124220464050628,1.8038275763733764,0.0,0.5483162752667765,0.7646026611366443,0.7881016450814227,False
am_9db,test,short_gaps,18056,pca_r64_l01,3.0307811943711065,0.6961227197626138,1.7000638546214364,0.0,0.5357714837081182,0.7277426135854261,0.7811576958094635,False
am_9db,test,short_gaps,18056,pca_r96_l01,4.036846052956924,0.9271999769783632,2.354001662225845,0.0,0.7136203046629974,0.4530269268078586,0.576664635646206,False
am_9db,test,short_gaps,18056,pca_r64_l001,3.0234716607362353,0.6944438349775448,1.7819313022144168,0.0,0.5344793285079862,0.7207341445787864,0.7783870931770052,False
am_9db,test,short_gaps,18056,pca_r64_l1,3.55671279564021,0.8169209276188968,2.0450280252678263,0.0,0.6287439341325388,0.6239746018940021,0.6867863503073479,False
am_9db,test,short_gaps,18056,template_1,3.638178256013636,0.8356322611678798,2.1709868943775263,0.0,0.6431451289981723,0.581357538234045,0.6704141746201442,False
am_9db,test,short_gaps,18056,dictionary_8,3.666896573979131,0.8422284066257825,1.9871132297196876,0.0,0.6482218583425905,0.5384029128312211,0.6467414072276992,False
am_9db,test,short_gaps,18056,dictionary_24,3.2225233992210236,0.7401628851765018,1.8168805703832427,0.0,0.5696670370303774,0.6948010415638204,0.7515472682108647,False
am_9db,test,short_gaps,18056,dictionary_48,3.0299888278213083,0.6959407256421808,1.7820790879886161,0.0,0.5356314117679815,0.7898073973617245,0.8040943487134766,False
am_9db,test,short_gaps,18056,local_pca_8,4.044457925758219,0.9289483043095363,2.170089305238581,0.0,0.7149659063818287,0.4492421885455482,0.574142767959569,False
am_9db,test,short_gaps,18056,local_pca_16,3.1990245404568967,0.7347655673151587,1.8109309646461156,0.0,0.5655129864348126,0.6789281345284525,0.7470417768245158,False
am_9db,test,short_gaps,18056,local_pca_32,2.9407992753043155,0.675455289746033,1.577443474419546,0.0,0.5198647774190416,0.761352120228597,0.8023028606095759,True
am_9db,test,short_gaps,18056,local_dictionary_8,3.0889733671234265,0.7094885455901184,1.7490590074851764,0.0,0.5460585036994045,0.7072725685332718,0.7677401509526216,False
am_9db,test,short_gaps,18056,local_dictionary_24,3.165226920296575,0.7270027861182836,1.8558485670051765,0.0,0.55953835483398,0.687101796804088,0.7531388521217406,False
am_9db,test,short_gaps,18159,zero_fill,5.497085746106985,1.0,3.1557537249856304,0.0,0.9717566519590405,,0.3404571276897575,False
am_9db,test,short_gaps,18159,linear,5.759058845166751,1.0476567241552115,3.3309881758728577,0.0,1.0180673906674442,-0.007817217440030477,0.25672818000636,False
am_9db,test,short_gaps,18159,pchip,5.850782250835617,1.0643425482273254,3.3926235920828685,0.0,1.034281951202939,-0.020780460346070413,0.235832133380495,False
am_9db,test,short_gaps,18159,autoregression,5.499570871327942,1.0004520804905974,3.1167891188775174,0.0,0.9721959641829991,0.05400620188260303,0.3397460201495463,False
am_9db,test,short_gaps,18159,pca_r32_l01,5.028685767457533,0.9147912184231125,2.672816726382191,0.0,0.8889544516563749,0.4052893787180286,0.5106330599680395,False
am_9db,test,short_gaps,18159,pca_r64_l01,5.482672103298213,0.9973779483394487,2.864351581448715,0.0,0.9692086558161193,0.2212543870670574,0.3783987741133145,False
am_9db,test,short_gaps,18159,pca_r96_l01,5.514229989925515,1.0031187877741714,2.9413782117842926,0.0,0.97478735472464,0.2914681797993328,0.41129776711243465,False
am_9db,test,short_gaps,18159,pca_r64_l001,6.256031589960892,1.138063308252266,3.1843670511647812,0.0,1.1059205901446514,-0.02499376677429082,0.17558524133406667,False
am_9db,test,short_gaps,18159,pca_r64_l1,4.825207052197457,0.8777754750532406,2.6258011144250104,0.0,0.8529841568094934,0.5130770835931989,0.5764826904159167,False
am_9db,test,short_gaps,18159,template_1,5.510350673881214,1.002413083656849,3.01762107635429,0.0,0.9741015820543172,0.23873455745475755,0.3832565752811137,False
am_9db,test,short_gaps,18159,dictionary_8,4.097959957475183,0.7454786311778641,2.293268339575315,0.0,0.7244238187404095,0.8166723311543189,0.7760709972331526,False
am_9db,test,short_gaps,18159,dictionary_24,4.436948514458112,0.8071455893880392,2.435471865812075,0.0,0.7843490955872273,0.6898380528623063,0.68965056651448,False
am_9db,test,short_gaps,18159,dictionary_48,4.366530641937227,0.7943355522568639,2.397082449705173,0.0,0.7719008567931653,0.7129722273477606,0.7069832754103452,False
am_9db,test,short_gaps,18159,local_pca_8,6.599984275412635,1.200633313767521,3.3061703951276753,0.0,1.166723409217214,-0.10181509680244603,0.1016664213509606,False
am_9db,test,short_gaps,18159,local_pca_16,5.715654036696447,1.039760757005519,2.8874323789096583,0.0,1.0103944320660803,0.2427094744083888,0.36917855179836767,False
am_9db,test,short_gaps,18159,local_pca_32,4.909329077032321,0.8930784971853656,2.6153993534116466,0.0,0.8678549703614622,0.45214148130382487,0.5439419004990175,True
am_9db,test,short_gaps,18159,local_dictionary_8,5.196257108180163,0.9452748871272623,2.9932820882714917,0.0,0.9185771594957481,0.32680034745430553,0.4584388554514474,False
am_9db,test,short_gaps,18159,local_dictionary_24,5.427136285810498,0.9872751738780816,3.0394037703175867,0.0,0.9593912175300441,0.20096563734856013,0.37975318816931586,False
am_9db,test,short_gaps,18262,zero_fill,2.431083313239671,1.0,1.405224941310173,0.0,0.4297588741053078,,0.6718119593851533,False
am_9db,test,short_gaps,18262,linear,2.6731852303375283,1.0995860223215597,1.4713164900046027,0.0,0.4725568509348473,0.08254671823440973,0.606339116072653,False
am_9db,test,short_gaps,18262,pchip,2.7071428976598195,1.113554143914661,1.4723440007272424,0.0,0.47855977514406456,0.1074629927299413,0.601388750231222,False
am_9db,test,short_gaps,18262,autoregression,2.016947838735367,0.8296498222628061,1.3120663833755348,0.0,0.35654937351733224,0.5603998430387522,0.7891414875905852,False
am_9db,test,short_gaps,18262,pca_r32_l01,4.157648607183226,1.7102040824930542,2.3411677757324,0.0,0.7349753809825159,0.20722135644870318,0.46347594368081074,False
am_9db,test,short_gaps,18262,pca_r64_l01,4.257334042930862,1.7512086154124935,2.059319772979215,0.0,0.7525974428831881,0.04611599092147664,0.3794121403953958,False
am_9db,test,short_gaps,18262,pca_r96_l01,2.240675479642697,0.921677783496759,1.3389034941695734,0.0,0.39609920652344277,0.5891609473207637,0.7712341440561857,False
am_9db,test,short_gaps,18262,pca_r64_l001,7.062641390282574,2.905141650974878,3.426297269609943,0.0,1.2485104050393985,-0.13396757077391688,0.12782936338669115,False
am_9db,test,short_gaps,18262,pca_r64_l1,1.7502010464817646,0.7199263953440739,1.0092257792759904,0.0,0.3093947571017619,0.6943983605767498,0.8460032654190294,False
am_9db,test,short_gaps,18262,template_1,2.66694628907687,1.0970197008686167,1.5128463807690098,0.0,0.4714539515166382,0.7193864417184233,0.7975583738945012,False
am_9db,test,short_gaps,18262,dictionary_8,2.5394190484048296,1.0445627406412452,1.5144266408222502,0.0,0.44891010735033615,0.4941322161470661,0.7131750680376651,False
am_9db,test,short_gaps,18262,dictionary_24,2.2652971372801574,0.9318056378172468,1.3369921819678754,0.0,0.40045174179331816,0.5612315366476524,0.7604154960167819,False
am_9db,test,short_gaps,18262,dictionary_48,2.6530250702122276,1.0912933570659065,1.5179212227426333,0.0,0.46899300445124564,0.4326335951992576,0.6820155275230255,False
am_9db,test,short_gaps,18262,local_pca_8,9.347693830096395,3.845073420227471,4.5773018376082,0.0,1.652454423929203,-0.11682775169677222,0.0803150094379758,False
am_9db,test,short_gaps,18262,local_pca_16,1.9796233651870225,0.8142968011034425,1.2095422621809226,0.0,0.3499512764297692,0.7103076575531067,0.8316988972447424,False
am_9db,test,short_gaps,18262,local_pca_32,1.5974641057991268,0.6570996958842763,1.0171993076822745,0.0,0.28239442547816673,0.7843694373599303,0.8816263452061552,True
am_9db,test,short_gaps,18262,local_dictionary_8,3.272466233392413,1.346093823922271,1.9232502547249744,0.0,0.5784957662089436,0.3500979836409864,0.594611487077644,False
am_9db,test,short_gaps,18262,local_dictionary_24,3.0898815603055847,1.2709895804385232,1.7359663370945277,0.0,0.5462190510888374,0.31228322779613155,0.5965621460829992,False
am_9db,test,short_gaps,18365,zero_fill,2.231837513489164,1.0,1.376455454342378,0.0,0.3945368600736777,,0.6949174922484667,False
am_9db,test,short_gaps,18365,linear,2.7604066691577396,1.2368313788409409,1.89354259701636,0.0,0.48797556864850206,-0.21352216094293291,0.5361005007406262,False
am_9db,test,short_gaps,18365,pchip,2.5399400172095685,1.1380488059091405,1.7279617028345564,0.0,0.4490022024939906,-0.16553568501617832,0.5978079458755794,False
am_9db,test,short_gaps,18365,autoregression,4.055621101334003,1.8171668308386884,2.487745885404725,0.0,0.716939295669132,-0.481324952355374,0.1953721864816865,False
am_9db,test,short_gaps,18365,pca_r32_l01,5.39662956692302,2.4180208166167745,3.3361213567771415,0.0,0.9539983405807723,-0.23167445275200252,0.15505997434505214,False
am_9db,test,short_gaps,18365,pca_r64_l01,5.868857723000148,2.6296079743838585,3.4757580673063906,0.0,1.0374772734381115,-0.06227265369712415,0.2210806281534673,False
am_9db,test,short_gaps,18365,pca_r96_l01,3.7272670694161194,1.6700440990388505,2.3132623092007396,0.0,0.658893955019362,0.3680620008040468,0.567106802093068,False
am_9db,test,short_gaps,18365,pca_r64_l001,7.405388423850941,3.31806790552313,4.2342378166260275,0.0,1.30910009295634,-0.1768179597728589,0.09280637452754724,False
am_9db,test,short_gaps,18365,pca_r64_l1,3.6088355861053594,1.616979535604029,2.173451089707521,0.0,0.637958028780607,0.08692522309082173,0.45356784011053136,False
am_9db,test,short_gaps,18365,template_1,1.8645291020049575,0.8354233185596152,0.9913389230023926,0.0,0.3296052929368424,0.827889484868925,0.8810420506035118,False
am_9db,test,short_gaps,18365,dictionary_8,2.141409287086276,0.9594826120376854,1.1994748321798663,0.0,0.37855125704863907,0.633338423592498,0.7905676348177678,False
am_9db,test,short_gaps,18365,dictionary_24,1.8024203380434194,0.8075947855296995,1.0209351675717246,0.0,0.3186259108947628,0.6679201688936443,0.8298251118826412,False
am_9db,test,short_gaps,18365,dictionary_48,1.8940442089638625,0.8486478955194147,1.1167521239760765,0.0,0.33482287600636434,0.6309091701694303,0.8114766102498618,False
am_9db,test,short_gaps,18365,local_pca_8,9.27737173949846,4.156831168678849,5.102647148940338,0.0,1.640023117146949,-0.3221681166149546,-0.04958856553966929,False
am_9db,test,short_gaps,18365,local_pca_16,3.3950350309935726,1.52118378263385,2.0331876973322016,0.0,0.6001630731953589,0.3452355812456555,0.5794293983071558,False
am_9db,test,short_gaps,18365,local_pca_32,3.237409570356584,1.4505579150765997,1.974329423212029,0.0,0.5722985651693421,0.34956530944875996,0.5936853398550084,True
am_9db,test,short_gaps,18365,local_dictionary_8,1.8871675465480098,0.84556672927219,1.1067431286692773,0.0,0.3336072423498193,0.6347006334248777,0.8131163484606426,False
am_9db,test,short_gaps,18365,local_dictionary_24,1.9534192472119838,0.8752515518739926,1.0981744039535746,0.0,0.3453189990509786,0.6463663469971949,0.8102672514909063,False
am_9db,test,short_gaps,18467,zero_fill,2.8656164737207828,1.0,1.7053095900472446,0.0,0.5065742102119618,,0.6021634017506666,False
am_9db,test,short_gaps,18467,linear,3.1581863017991147,1.1020966450888847,1.9445525964708705,0.0,0.5582937375631546,-0.08808261588489516,0.5042084677159487,False
am_9db,test,short_gaps,18467,pchip,3.0231040179814923,1.0549576489753438,1.9002527778493326,0.0,0.534414337836753,-0.04936570600233261,0.5473790840398842,False
am_9db,test,short_gaps,18467,autoregression,3.8240669316437854,1.334465713298517,2.0371975655863404,0.0,0.6760059147691385,-0.1359294421247024,0.34706432517428304,False
am_9db,test,short_gaps,18467,pca_r32_l01,3.0207979967801966,1.0541529281683402,1.4761895114474466,0.0,0.5340066870295038,0.5485816675816958,0.6928258001888873,False
am_9db,test,short_gaps,18467,pca_r64_l01,3.459572381367556,1.2072698538320332,1.7538229739137268,0.0,0.6115717727176729,0.5401002082238961,0.6653220533178528,False
am_9db,test,short_gaps,18467,pca_r96_l01,1.7879931150896706,0.6239471092822477,1.0030204104854137,0.0,0.31607551409869133,0.8066541724351387,0.8767886879724188,False
am_9db,test,short_gaps,18467,pca_r64_l001,5.814263753300523,2.0289748494330606,2.8878406870780187,0.0,1.0278263318914869,0.35964860594073045,0.4701895941080272,False
am_9db,test,short_gaps,18467,pca_r64_l1,1.6064644134525685,0.5605999365877102,0.9695561424766153,0.0,0.2839854701217952,0.849896063704165,0.90004055403745,False
am_9db,test,short_gaps,18467,template_1,5.931897694716761,2.070024983843929,3.3958151447360376,0.0,1.0486212713097673,0.37441291567006074,0.47688619821531697,False
am_9db,test,short_gaps,18467,dictionary_8,1.7186167687964375,0.5997371890331666,1.060245276977092,0.0,0.3038113928692185,0.8439264200878485,0.895833437449333,False
am_9db,test,short_gaps,18467,dictionary_24,1.8970575354767505,0.6620067803468366,1.1820443015376232,0.0,0.33535556190916244,0.823608899080888,0.8793677542945992,False
am_9db,test,short_gaps,18467,dictionary_48,1.2974489496291584,0.4527643393759949,0.831706477452493,0.0,0.2293587376315353,0.8917771285451377,0.9325732011339397,False
am_9db,test,short_gaps,18467,local_pca_8,5.78276718051172,2.0179836462913827,2.6418946642037837,0.0,1.0222584718407124,0.24512048563676542,0.39526283288741154,False
am_9db,test,short_gaps,18467,local_pca_16,1.8195354673057516,0.6349542878441178,0.94585618487807,0.0,0.32165146688533264,0.8005464381283295,0.8727187107850609,False
am_9db,test,short_gaps,18467,local_pca_32,1.347993649599338,0.47040267319829854,0.700136162432188,0.0,0.23829386265702368,0.8822015687543191,0.9269045114070422,True
am_9db,test,short_gaps,18467,local_dictionary_8,1.456226958042573,0.5081723152406973,0.8440094781306209,0.0,0.25742698924464036,0.8608907146666631,0.9140890619848621,False
am_9db,test,short_gaps,18467,local_dictionary_24,1.6007000819602002,0.558588386352279,0.9971851172099748,0.0,0.28296647064998004,0.8557014029507588,0.9057093790025674,False
am_9db,test,short_gaps,18570,zero_fill,4.106919574601238,1.0,2.4593361438601056,0.0,0.7260076702470767,,0.45308289842845845,False
am_9db,test,short_gaps,18570,linear,4.2119820844010265,1.0255818279105184,2.660902852449773,0.0,0.7445802735290538,0.030303988237808218,0.41563677656229714,False
am_9db,test,short_gaps,18570,pchip,4.255156040252512,1.0360943191018457,2.709999611480609,0.0,0.7522124227673622,0.0358735034402509,0.40358770066616184,False
am_9db,test,short_gaps,18570,autoregression,4.441973564963949,1.081582798074453,2.64849761226343,0.0,0.785237407409348,-0.414984265685956,0.3124574935603868,False
am_9db,test,short_gaps,18570,pca_r32_l01,2.2601529110693375,0.5503280183636874,1.1036297579736765,0.0,0.3995423624839111,0.839856911190463,0.8739415752738432,False
am_9db,test,short_gaps,18570,pca_r64_l01,1.9137943004620204,0.46599264136986185,1.1231143694613581,0.0,0.3383142319132149,0.9282986744389579,0.9307059014442229,False
am_9db,test,short_gaps,18570,pca_r96_l01,3.8270731521592958,0.9318597753477765,2.1959866336250435,0.0,0.6765373444972035,0.38050209699624504,0.5612348547219537,False
am_9db,test,short_gaps,18570,pca_r64_l001,0.8714995651896458,0.21220273476484236,0.5442046669164037,0.0,0.15406081308668154,0.9838350267815402,0.9858454474766548,False
am_9db,test,short_gaps,18570,pca_r64_l1,3.3341024027044965,0.8118255890190451,1.9136115732625099,0.0,0.5893916045306776,0.6176370152705118,0.6994065681126916,False
am_9db,test,short_gaps,18570,template_1,3.6425191179005876,0.8869224370565519,1.7540088732102475,0.0,0.6439124922172866,0.5214122273928954,0.6380138844499127,False
am_9db,test,short_gaps,18570,dictionary_8,2.0267501810066846,0.4934964379485011,1.0308660514630197,0.0,0.35828219919022236,0.8793734422472284,0.9031160270128669,False
am_9db,test,short_gaps,18570,dictionary_24,2.7327067735564126,0.6653908662970944,1.4680329773982597,0.0,0.4830788726440376,0.7646462632900474,0.8129071533392576,False
am_9db,test,short_gaps,18570,dictionary_48,2.914531002711621,0.7096635202540112,1.4841731836122893,0.0,0.5152211589989537,0.7066909874966845,0.7754110627382067,False
am_9db,test,short_gaps,18570,local_pca_8,1.8905325109822466,0.4603285933997887,0.972549982468897,0.0,0.3342020896422944,0.9303850548031808,0.9401832582507392,False
am_9db,test,short_gaps,18570,local_pca_16,3.9448332567861306,0.9605333596456305,2.0466717920315745,0.0,0.6973545866309215,0.34721484379097534,0.5342681011440894,False
am_9db,test,short_gaps,18570,local_pca_32,3.5488491023825617,0.8641145846463618,1.9425226316258777,0.0,0.6273538164256254,0.5058665582020202,0.6385243123293064,True
am_9db,test,short_gaps,18570,local_dictionary_8,2.5878100288030566,0.6301097408400845,1.3284851008910747,0.0,0.45746450494729907,0.7783941462883236,0.8283489534645234,False
am_9db,test,short_gaps,18570,local_dictionary_24,1.9012161193239367,0.4629299612005515,1.0897140644537586,0.0,0.336090702618782,0.8902541131781488,0.9132196443031362,False
am_9db,test,short_gaps,18673,zero_fill,6.01325480190377,1.0,3.218962597812683,0.0,1.0630033118571813,,0.358602957041203,False
am_9db,test,short_gaps,18673,linear,6.03518134915012,1.0036463692241027,3.255624974333465,0.0,1.0668794144186566,-0.02158900512141066,0.35011281594928695,False
am_9db,test,short_gaps,18673,pchip,6.034765593850359,1.0035772294132255,3.2571036658469694,0.0,1.0668059185707126,-0.0188121967207343,0.3502820104581556,False
am_9db,test,short_gaps,18673,autoregression,6.242702784921874,1.0381570365096555,3.452987275394694,0.0,1.1035643680376006,0.08860528058505815,0.3128336922154743,False
am_9db,test,short_gaps,18673,pca_r32_l01,4.596293810387742,0.7643603941300767,2.4844482504852854,0.0,0.812517630412732,0.8168829047631923,0.8324339084583001,False
am_9db,test,short_gaps,18673,pca_r64_l01,2.979144781488764,0.49542965991489,1.8646689947688169,0.0,0.5266433692818051,0.8815161511464702,0.8963014286026754,False
am_9db,test,short_gaps,18673,pca_r96_l01,2.209801869840105,0.36748848047158944,1.3379269541984078,0.0,0.39064147181066267,0.9373285246831804,0.9444931365237401,False
am_9db,test,short_gaps,18673,pca_r64_l001,3.636990438432351,0.6048289251406569,2.145714870089324,0.0,0.6429351505315375,0.8999698081741512,0.9068679341593662,False
am_9db,test,short_gaps,18673,pca_r64_l1,3.5325212050212627,0.5874557658695724,2.0503531602263942,0.0,0.6244674246889523,0.890598359270621,0.881477813456908,False
am_9db,test,short_gaps,18673,template_1,6.31156974243974,1.0496095626018584,3.548284545279392,0.0,1.115738441202743,0.305579996071585,0.41770924664964104,False
am_9db,test,short_gaps,18673,dictionary_8,4.14262278319983,0.6889152247279283,2.2524811754286964,0.0,0.7323191654746221,0.7415731421332682,0.7754389393242481,False
am_9db,test,short_gaps,18673,dictionary_24,3.963076634290247,0.659056827765814,2.0517706619740874,0.0,0.7005795906171483,0.8084857487982182,0.8188393819571977,False
am_9db,test,short_gaps,18673,dictionary_48,3.5343652044707414,0.5877624216675098,1.824164808056908,0.0,0.6247934008177599,0.8581327341109802,0.8649198908690953,False
am_9db,test,short_gaps,18673,local_pca_8,10.708014345727076,1.7807351756218555,5.2052543848199075,0.0,1.8929273892266119,0.668018574388587,0.6744130558237893,False
am_9db,test,short_gaps,18673,local_pca_16,1.9561000118273693,0.32529804178729904,1.0878287990569464,0.0,0.34579289576055466,0.9562363110608739,0.9603096530676122,False
am_9db,test,short_gaps,18673,local_pca_32,2.433447522134775,0.40468059350559304,1.476511410812824,0.0,0.43017681114077516,0.9248385862692072,0.9331299725956796,True
am_9db,test,short_gaps,18673,local_dictionary_8,4.364298553334651,0.7257797477587234,2.158732199488197,0.0,0.7715062755463928,0.6905577303779226,0.7370782931604304,False
am_9db,test,short_gaps,18673,local_dictionary_24,3.810537760745474,0.6336897215030826,1.87462193861212,0.0,0.6736142726476316,0.8022124568680419,0.8232007525508753,False
am_9db,test,short_gaps,18776,zero_fill,4.543202192957336,1.0,2.646372808526645,0.0,0.8031322697354315,,0.43173148546972673,False
am_9db,test,short_gaps,18776,linear,4.5617025107556355,1.004072087706547,2.697391292678337,0.0,0.8064026947777524,-0.10242834713741523,0.42415574694003644,False
am_9db,test,short_gaps,18776,pchip,4.556513883392558,1.002930023773949,2.698946971908774,0.0,0.805485466379382,-0.04422193158151466,0.4262780729935983,False
am_9db,test,short_gaps,18776,autoregression,4.5120339009562045,0.9931395762994112,2.6252737521560343,0.0,0.7976224420774309,0.19174467711430512,0.44919398155456763,False
am_9db,test,short_gaps,18776,pca_r32_l01,9.394564974761648,2.067828939976449,5.479539502606114,0.0,1.6607401499878969,-0.37231283935476417,-0.18621259595930675,False
am_9db,test,short_gaps,18776,pca_r64_l01,8.702130786089864,1.9154178961217063,5.187524618243472,0.0,1.538333922404091,-0.013411998271619787,0.1107841924882184,False
am_9db,test,short_gaps,18776,pca_r96_l01,6.177378747228519,1.3596970781543485,3.4962761390064676,0.0,1.0920166005307366,0.10377996394469975,0.26677049208349046,False
am_9db,test,short_gaps,18776,pca_r64_l001,10.584204311573133,2.3296793455462494,6.267155820765112,0.0,1.8710406605443142,-0.07187332080854922,0.03588839756849764,False
am_9db,test,short_gaps,18776,pca_r64_l1,5.923955204021346,1.3039162582736004,3.5544875187558684,0.0,1.0472172240522077,-0.06672858225859403,0.17625153663350288,False
am_9db,test,short_gaps,18776,template_1,4.819572659124506,1.0608316457047822,2.655447563123305,0.0,0.8519881274220548,0.22480060659778225,0.4203391575639315,False
am_9db,test,short_gaps,18776,dictionary_8,4.9930825155904595,1.0990227384839941,2.8661126253185567,0.0,0.8826606264494997,0.22235141277002052,0.40464385507132566,False
am_9db,test,short_gaps,18776,dictionary_24,4.781096096361161,1.0523626053387183,2.71778062599233,0.0,0.845186367810377,0.3061993022830742,0.4645678780746393,False
am_9db,test,short_gaps,18776,dictionary_48,4.551920252597977,1.0019189239814497,2.5887943339242385,0.0,0.804673419508103,0.3669231294833553,0.5125832244280586,False
am_9db,test,short_gaps,18776,local_pca_8,13.887658433932787,3.056799553288823,7.759013770304925,0.0,2.4550143633591057,-0.22975967617468357,-0.12773407927483488,False
am_9db,test,short_gaps,18776,local_pca_16,6.509672730449295,1.432837997071821,3.5587528119677185,0.0,1.1507584327514613,0.11102974421298388,0.25916106668309447,False
am_9db,test,short_gaps,18776,local_pca_32,6.01963163353742,1.3249755079949506,3.372778001640484,0.0,1.0641305870798412,0.10774735141362463,0.2763691277372158,True
am_9db,test,short_gaps,18776,local_dictionary_8,5.179610106488373,1.1400791526552718,3.008222814268832,0.0,0.915634357550076,0.23019814767611124,0.39649687028541597,False
am_9db,test,short_gaps,18776,local_dictionary_24,4.571582924420176,1.006246856348774,2.6659754994951657,0.0,0.8081493216535335,0.46331872227429505,0.5683882599847041,False
am_9db,test,short_gaps,18879,zero_fill,4.434839139052696,1.0,2.7089516925879797,0.0,0.7839762071739179,,0.4770806391262122,False
am_9db,test,short_gaps,18879,linear,4.7917514969009005,1.0804792116821724,3.0163395444239316,0.0,0.8470699943048541,-0.06292250685582308,0.36991301762366663,False
am_9db,test,short_gaps,18879,pchip,4.805179924644922,1.083507151889918,3.038181580434917,0.0,0.8494438273844721,-0.028816214108819984,0.3749440068824287,False
am_9db,test,short_gaps,18879,autoregression,5.845290978650801,1.3180390078137951,3.0884999102471804,0.0,1.033311222253133,0.26232182713371716,0.4115963825161665,False
am_9db,test,short_gaps,18879,pca_r32_l01,4.1279460686582725,0.9307995034832364,2.000372894042808,0.0,0.7297246643801536,0.6399569260259433,0.7115295107741316,False
am_9db,test,short_gaps,18879,pca_r64_l01,5.0720754557977585,1.1436887104052165,2.638904633725341,0.0,0.896624737371111,0.509530102137964,0.6002218349120263,False
am_9db,test,short_gaps,18879,pca_r96_l01,2.914585784149189,0.6572021425723593,1.481328308621666,0.0,0.5152308430804506,0.7544480260856224,0.8168651575325102,False
am_9db,test,short_gaps,18879,pca_r64_l001,8.381891330462436,1.8900102275756614,4.342627781868595,0.0,1.4817230497346803,0.3510246321078229,0.4234344666135869,False
am_9db,test,short_gaps,18879,pca_r64_l1,2.672693869414109,0.6026585825579708,1.5030464499973593,0.0,0.47246998977460736,0.8383138831318475,0.8642013315060132,False
am_9db,test,short_gaps,18879,template_1,3.103737503092043,0.6998534570872884,1.6995077500411369,0.0,0.5486684588648466,0.7218419324192293,0.7916400431055468,False
am_9db,test,short_gaps,18879,dictionary_8,1.4138658209356438,0.31880881732221134,0.906784643000091,0.0,0.24993852741786965,0.955518441303643,0.9640970908972594,False
am_9db,test,short_gaps,18879,dictionary_24,1.5690144090126872,0.35379285692599816,1.0159467735460526,0.0,0.27736518209806865,0.9571088067592749,0.9614314347669994,False
am_9db,test,short_gaps,18879,dictionary_48,1.7337362349253496,0.390935540290123,1.064932755738229,0.0,0.306484162126137,0.9551575346913764,0.955740802189791,False
am_9db,test,short_gaps,18879,local_pca_8,8.905542517607195,2.0080869313130183,4.329532665686775,0.0,1.5742923760862917,0.2804443395738844,0.3610323489944703,False
am_9db,test,short_gaps,18879,local_pca_16,2.970988708054656,0.6699202868244899,1.502985934074886,0.0,0.5252015655735267,0.743127080308504,0.808825283747813,False
am_9db,test,short_gaps,18879,local_pca_32,2.3523879489892217,0.530433658410371,1.1950189094694836,0.0,0.4158473676779482,0.8731941482218126,0.8961424361512556,True
am_9db,test,short_gaps,18879,local_dictionary_8,1.3883513298572188,0.31305562306230067,0.8867648633941557,0.0,0.24542816000285017,0.9506909428683664,0.9619725906990949,False
am_9db,test,short_gaps,18879,local_dictionary_24,3.1598920156841737,0.7125155877376744,1.7321142015141542,0.0,0.5585952680268769,0.7128926812775718,0.7840813034348509,False
am_9db,test,short_gaps,18982,zero_fill,3.5040545868366,1.0,2.2012507461709094,0.0,0.6194351899999965,,0.49012268769562933,False
am_9db,test,short_gaps,18982,linear,3.548747440397325,1.0127546111092616,2.2459099497851502,0.0,0.6273358449558379,0.014460129286106545,0.47198634888546637,False
am_9db,test,short_gaps,18982,pchip,3.5557102428643286,1.0147416813144918,2.261186209432078,0.0,0.6285667061659581,0.0317858715594231,0.4698426810756729,False
am_9db,test,short_gaps,18982,autoregression,3.4961354185811206,0.9977399986046939,2.230430954549444,0.0,0.6180352656062947,0.07654996757060313,0.4936506145874349,False
am_9db,test,short_gaps,18982,pca_r32_l01,2.5181462572771696,0.7186378507734688,1.4905925100379918,0.0,0.4451495736350528,0.7102457590701199,0.7864914101478084,False
am_9db,test,short_gaps,18982,pca_r64_l01,1.8308263124477913,0.5224879541904139,1.1386202440303608,0.0,0.3236474251766485,0.8609719169265316,0.8948349296816805,False
am_9db,test,short_gaps,18982,pca_r96_l01,2.681082331918952,0.7651371476890679,1.6288546970396096,0.0,0.4739528744548332,0.6443959859155185,0.7453271361184293,False
am_9db,test,short_gaps,18982,pca_r64_l001,2.8410118762246097,0.810778429907231,1.7124947683439715,0.0,0.5022246907774846,0.7731706715791883,0.8142450309494297,False
am_9db,test,short_gaps,18982,pca_r64_l1,2.0644446161170316,0.5891588058794416,1.2382904465779245,0.0,0.364945696860103,0.9474459422550388,0.8996178230077817,False
am_9db,test,short_gaps,18982,template_1,4.5979168784199835,1.312170448397867,2.742654202467632,0.0,0.8128045510157133,0.16865404774504336,0.36318114364858184,False
am_9db,test,short_gaps,18982,dictionary_8,2.066892671146195,0.5898574408374584,1.234315775036158,0.0,0.3653784559380628,0.8127966032582977,0.8600533741530932,False
am_9db,test,short_gaps,18982,dictionary_24,2.2242259654620598,0.634757795674083,1.3330319002526134,0.0,0.3931913157673545,0.7820439714702827,0.8368279911897849,False
am_9db,test,short_gaps,18982,dictionary_48,2.1871828535854947,0.6241862960131696,1.2970761150325738,0.0,0.3866429568663117,0.7998425913524373,0.8463937804484272,False
am_9db,test,short_gaps,18982,local_pca_8,6.357861276618689,1.8144298609110583,3.1237959005131444,0.0,1.1239217056351087,0.5325362101823948,0.5735615011434175,False
am_9db,test,short_gaps,18982,local_pca_16,2.681238442520456,0.7651816991073279,1.5476316801657237,0.0,0.4739804711710679,0.6470716190450394,0.7464245907905102,False
am_9db,test,short_gaps,18982,local_pca_32,1.859133224833506,0.5305662850737435,1.117149666290334,0.0,0.3286514276022466,0.907903414372335,0.909805673251616,True
am_9db,test,short_gaps,18982,local_dictionary_8,2.459119858600703,0.7017926797826383,1.4412479977944803,0.0,0.4347150819417652,0.7501681460021908,0.8030963416591217,False
am_9db,test,short_gaps,18982,local_dictionary_24,1.7580742392743693,0.501725699673397,0.9451413825791193,0.0,0.3107865541050719,0.884809749369662,0.908148610710934,False
am_9db,test,short_gaps,19084,zero_fill,4.60727324982942,1.0,2.7356912157551267,0.0,0.8144585394334415,,0.3993791959251322,False
am_9db,test,short_gaps,19084,linear,4.988618244642899,1.0827702144272857,2.822731481790406,0.0,0.8818714473844813,-0.04065259435632746,0.28214591491369395,False
am_9db,test,short_gaps,19084,pchip,5.1272210799765325,1.112853699347301,2.875688608741474,0.0,0.906373198573505,-0.05341691446597378,0.2536894329906955,False
am_9db,test,short_gaps,19084,autoregression,4.809950663293663,1.043990751681973,2.8306187497330884,0.0,0.8502871827969204,-0.02309924909918335,0.3254077508192231,False
am_9db,test,short_gaps,19084,pca_r32_l01,7.78337877145979,1.6893677343205034,4.462627302112878,0.0,1.3759199774606592,-0.2694086036060597,-0.08521923546475223,False
am_9db,test,short_gaps,19084,pca_r64_l01,6.147393181965605,1.3342801367800805,3.482676900453982,0.0,1.0867158513969568,0.04034598350161433,0.20368046132541232,False
am_9db,test,short_gaps,19084,pca_r96_l01,5.707804746229234,1.2388682929627757,3.213735279803233,0.0,1.0090068604368632,0.08896132911379533,0.2585038249119494,False
am_9db,test,short_gaps,19084,pca_r64_l001,5.624649078314028,1.220819511523931,3.231680617983745,0.0,0.9943068762676284,0.31531491511044685,0.41720785412612593,False
am_9db,test,short_gaps,19084,pca_r64_l1,5.930105696284803,1.2871182963815657,3.359068934975797,0.0,1.0483044877489893,-0.23204065760470258,0.058682244370893144,False
am_9db,test,short_gaps,19084,template_1,7.930671222090318,1.7213372839095105,4.513523255799511,0.0,1.401957850125267,-0.538232749478488,-0.2848987923298201,False
am_9db,test,short_gaps,19084,dictionary_8,6.4774933137639135,1.4059277499991423,3.634565281402866,0.0,1.145069861813246,-0.28662160246524787,-0.024497363255863342,False
am_9db,test,short_gaps,19084,dictionary_24,6.377529681080413,1.3842308313961051,3.5739827398229327,0.0,1.1273986211776101,-0.24932101497869105,0.0057018281458767256,False
am_9db,test,short_gaps,19084,dictionary_48,6.566014828109588,1.4251411783211878,3.7743891692580815,0.0,1.1607184025819282,-0.26794637055820975,-0.020290411403544397,False
am_9db,test,short_gaps,19084,local_pca_8,7.735386579354037,1.6789511192201225,4.437566715202198,0.0,1.3674360763401627,-0.1838038405915978,-0.019442864703302965,False
am_9db,test,short_gaps,19084,local_pca_16,6.06727838748481,1.3168913712051797,3.453523843921395,0.0,1.0725534227842728,0.011978495578815269,0.1888093285413875,False
am_9db,test,short_gaps,19084,local_pca_32,5.825604714612465,1.2644365547079615,3.306234623483455,0.0,1.029831149553699,0.008203199790749544,0.2009167200492573,True
am_9db,test,short_gaps,19084,local_dictionary_8,7.593141233915318,1.6480770343275053,4.2771488744984865,0.0,1.3422904142521777,-0.47718257923603363,-0.22378212153213567,False
am_9db,test,short_gaps,19084,local_dictionary_24,7.24135116241039,1.5717216604590347,4.0985372115580265,0.0,1.2801021279733689,-0.39735232724178154,-0.14896993215983304,False
am_9db,test,short_gaps,19187,zero_fill,4.199263517809973,1.0,2.2981990173397557,0.0,0.742331927358177,,0.4895178162975066,False
am_9db,test,short_gaps,19187,linear,4.174918520886884,0.9942025555624607,2.394322151707712,0.0,0.7380282992551066,0.11258941751854365,0.49850910771820744,False
am_9db,test,short_gaps,19187,pchip,4.192259151949759,0.9983320013544026,2.4348998112647795,0.0,0.7410937187087598,0.10164359453362606,0.4927363252899173,False
am_9db,test,short_gaps,19187,autoregression,2.4583390125506406,0.5854214678655674,1.4600817527639833,0.0,0.43457704655749985,0.8123277350677346,0.8606953835777039,False
am_9db,test,short_gaps,19187,pca_r32_l01,6.185592488769672,1.4730184144279714,3.572848990329994,0.0,1.0934685986164019,0.6433177453842651,0.676654112635855,False
am_9db,test,short_gaps,19187,pca_r64_l01,6.79213093508351,1.6174576580575697,3.87334735400475,0.0,1.2006904607261193,0.5405351653757821,0.5897643542598321,False
am_9db,test,short_gaps,19187,pca_r96_l01,6.651846351365069,1.5840507086905047,3.9183231656510933,0.0,1.1758914156153086,0.48926305231210415,0.5525297771139364,False
am_9db,test,short_gaps,19187,pca_r64_l001,9.93797711522727,2.3666000176169435,5.490848068673566,0.0,1.7568027523634813,0.5154174617558078,0.5390986579095389,False
am_9db,test,short_gaps,19187,pca_r64_l1,3.719246178612557,0.88569011276345,2.065558360496674,0.0,0.657476048449773,0.6042336381039173,0.6998723735541961,False
am_9db,test,short_gaps,19187,template_1,5.331974929650807,1.2697404930737886,3.19807391604496,0.0,0.9425689074681876,0.20211363941363397,0.3921349676404132,False
am_9db,test,short_gaps,19187,dictionary_8,4.217307441951142,1.0042969258929908,2.3266792435214674,0.0,0.7455216726380363,0.5096666960866116,0.6248656001852656,False
am_9db,test,short_gaps,19187,dictionary_24,3.9022543962038045,0.9292711399638319,2.2019549832749403,0.0,0.6898276363676817,0.5491975369384622,0.6610140603716307,False
am_9db,test,short_gaps,19187,dictionary_48,3.4603014746940017,0.824025798814036,2.0030981025308696,0.0,0.6117006594264849,0.6129511671383144,0.7161273455109529,False
am_9db,test,short_gaps,19187,local_pca_8,6.204126064004634,1.4774319443615793,3.626365421392366,0.0,1.0967449027984704,0.6460177153041975,0.6784871706774567,False
am_9db,test,short_gaps,19187,local_pca_16,6.884319673920253,1.6394112073991984,3.975469297740638,0.0,1.216987281321243,0.4739806258958322,0.5374075856228594,False
am_9db,test,short_gaps,19187,local_pca_32,5.020254219755655,1.1955082595944944,2.835936876336185,0.0,0.887463950517401,0.5394969842891504,0.6197880551899606,True
am_9db,test,short_gaps,19187,local_dictionary_8,4.512074369889797,1.0744918366644833,2.522966377502228,0.0,0.7976295960417735,0.43001050987273937,0.5655666829628961,False
am_9db,test,short_gaps,19187,local_dictionary_24,4.1231553423790555,0.9818758277235695,2.344953211524933,0.0,0.7288777756204426,0.6197779771444547,0.6964146728881668,False
am_9db,test,short_gaps,19290,zero_fill,6.8208957881199535,1.0,4.110746695062576,0.0,1.2057754163865948,,0.3271000427791105,False
am_9db,test,short_gaps,19290,linear,7.07136601536535,1.0367210165681822,4.402497249993228,0.0,1.2500527154292338,-0.02605009090668766,0.25070890105843197,False
am_9db,test,short_gaps,19290,pchip,7.159821472106501,1.049689321537042,4.47131374316022,0.0,1.265689578752889,-0.020815215121276712,0.23381326592494164,False
am_9db,test,short_gaps,19290,autoregression,7.403050786349347,1.085348760091503,4.352436685354343,0.0,1.3086868531240066,0.10493929513206672,0.26082718605638894,False
am_9db,test,short_gaps,19290,pca_r32_l01,2.751370060422807,0.40337371305612163,1.6783009362446375,0.0,0.48637810681965193,0.923697178491339,0.9314274908312876,False
am_9db,test,short_gaps,19290,pca_r64_l01,2.6323793003227913,0.38592867888520477,1.6201509507368175,0.0,0.46534331347833624,0.9242488624036973,0.9324517866475451,False
am_9db,test,short_gaps,19290,pca_r96_l01,4.743521384562644,0.6954396507309933,2.6934909725623397,0.0,0.8385440344319117,0.8167491959080098,0.8059308252636016,False
am_9db,test,short_gaps,19290,pca_r64_l001,4.642717129734751,0.680660909351677,2.495326682272201,0.0,0.8207241913915967,0.9001188705500899,0.9038277117925517,False
am_9db,test,short_gaps,19290,pca_r64_l1,5.046034738321609,0.7397906220925345,2.9787368905499916,0.0,0.8920213453925239,0.8046270975884018,0.776103473368036,False
am_9db,test,short_gaps,19290,template_1,7.169857704154462,1.0511607165502075,4.256121951051465,0.0,1.2674637506875577,0.2929536678740476,0.3905019765394095,False
am_9db,test,short_gaps,19290,dictionary_8,4.772936957577462,0.6997522181603406,2.8242336112364472,0.0,0.8437440222197282,0.8481675402826483,0.81691473457366,False
am_9db,test,short_gaps,19290,dictionary_24,5.570787699468175,0.8167237665719642,3.250483949723086,0.0,0.9847854397111384,0.6680457554264962,0.67288471560442,False
am_9db,test,short_gaps,19290,dictionary_48,4.994064966025631,0.7321714216370028,2.907876324509771,0.0,0.8828343007907222,0.8215914616752481,0.7872540912534883,False
am_9db,test,short_gaps,19290,local_pca_8,6.5455375125153274,0.9596301887379336,3.414558289289455,0.0,1.1570984904026287,0.8848903375577131,0.884245457438179,False
am_9db,test,short_gaps,19290,local_pca_16,5.005772161496865,0.7338877937727015,2.7781309661329088,0.0,0.8849038601173187,0.7873632992920178,0.7733114039447679,False
am_9db,test,short_gaps,19290,local_pca_32,4.939229595370621,0.7241321006506718,2.7232226840927685,0.0,0.8731406851809634,0.787458951147953,0.7788545503858622,True
am_9db,test,short_gaps,19290,local_dictionary_8,5.336025684637133,0.7823057044693398,3.0473775426558785,0.0,0.9432849865481266,0.6656009793662084,0.695288204567118,False
am_9db,test,short_gaps,19290,local_dictionary_24,6.085959404725479,0.8922522193236666,3.418064146468234,0.0,1.0758557912768576,0.4580450687845605,0.5404257912633063,False
am_9db,test,short_gaps,19393,zero_fill,4.086644216717982,1.0,2.2801393393891694,0.0,0.7224234594845178,,0.42658864589398887,False
am_9db,test,short_gaps,19393,linear,4.092443000251824,1.001418959720085,2.395255468397665,0.0,0.7234485492743711,0.0585290388396008,0.42434783170230067,False
am_9db,test,short_gaps,19393,pchip,4.097895560723871,1.0027531988128209,2.430010267796712,0.0,0.7244124348955249,0.06399151028757255,0.4222533459211239,False
am_9db,test,short_gaps,19393,autoregression,4.1048468539450065,1.0044541771345201,2.318495118821894,0.0,0.7256412615391951,-0.023091755201004937,0.4181668270364948,False
am_9db,test,short_gaps,19393,pca_r32_l01,5.5305215993005,1.3533161454759837,2.702415709485749,0.0,0.9776673315910134,-0.07329573058807742,0.15078257949829207,False
am_9db,test,short_gaps,19393,pca_r64_l01,6.1497836480408665,1.5048492900073913,3.0224662513965304,0.0,1.0871384300899603,-0.1555469073049249,0.05835056473698576,False
am_9db,test,short_gaps,19393,pca_r96_l01,3.8941446256404197,0.9528954367277511,1.9795721373298043,0.0,0.6883940179278726,0.37566004507944617,0.531053010048314,False
am_9db,test,short_gaps,19393,pca_r64_l001,7.66915209834012,1.8766380657671442,3.8577805636517444,0.0,1.3557273636718348,-0.2605426137582321,-0.08154830932583985,False
am_9db,test,short_gaps,19393,pca_r64_l1,4.258195067945939,1.0419784160622945,2.188315143906128,0.0,0.7527496520399212,0.12795269814055105,0.3891344265086291,False
am_9db,test,short_gaps,19393,template_1,3.2085019188761947,0.7851189750628621,1.8019169265280341,0.0,0.5671883660718519,0.6961268050203618,0.7508058119780594,False
am_9db,test,short_gaps,19393,dictionary_8,3.877737507977149,0.9488806224221281,1.7816173868425733,0.0,0.6854936218880164,0.3996017294582176,0.5436105575368749,False
am_9db,test,short_gaps,19393,dictionary_24,3.6334740354421875,0.8891094606616528,1.7780233873279832,0.0,0.6423135324316052,0.46753125032554355,0.5981181697077422,False
am_9db,test,short_gaps,19393,dictionary_48,3.52606500047838,0.8628265181621786,1.7451108160186806,0.0,0.6233261181857024,0.5068422312069348,0.6258366268308506,False
am_9db,test,short_gaps,19393,local_pca_8,9.084721007552442,2.2230271405540796,4.393670636000532,0.0,1.6059669574070543,-0.3664639115578478,-0.20158677099955014,False
am_9db,test,short_gaps,19393,local_pca_16,3.361217086269403,0.8224883077707275,1.728288281665508,0.0,0.594184848685296,0.5698142351071149,0.6687647784005742,False
am_9db,test,short_gaps,19393,local_pca_32,3.2581075952435032,0.7972574617371797,1.6717688301812914,0.0,0.5759574936080192,0.6184465270014271,0.6983145996036804,True
am_9db,test,short_gaps,19393,local_dictionary_8,4.428991306186204,1.083772178666232,2.4139901534662243,0.0,0.7829424466051325,-0.0057795092502367085,0.3178498980514828,False
am_9db,test,short_gaps,19393,local_dictionary_24,2.8459802367141736,0.696410082647176,1.395053895960833,0.0,0.5031029811258719,0.7281696960401798,0.7816832854806016,False
am_9db,test,short_gaps,19496,zero_fill,5.905131817463083,1.0,3.437008709502904,0.0,1.0438896879821469,,0.32227459443147527,False
am_9db,test,short_gaps,19496,linear,5.952923015273032,1.0080931635884263,3.5610507399462206,0.0,1.0523380579952577,0.05019522588276399,0.30512812265761513,False
am_9db,test,short_gaps,19496,pchip,5.984278824988465,1.013403089037119,3.596613762889139,0.0,1.057881034415102,0.051181366514846144,0.2957107080860959,False
am_9db,test,short_gaps,19496,autoregression,5.621167585317583,0.9519122957923241,3.3211115474493966,0.0,0.9936914294410185,0.30976338493341044,0.43437226792515204,False
am_9db,test,short_gaps,19496,pca_r32_l01,4.988508621487142,0.8447751507823693,2.748703053323367,0.0,0.8818520685652785,0.7129344506572606,0.7376687233017876,False
am_9db,test,short_gaps,19496,pca_r64_l01,3.6436585402722867,0.6170325494677352,2.072529279582524,0.0,0.6441139155387027,0.8219823677140221,0.8394103195771601,False
am_9db,test,short_gaps,19496,pca_r96_l01,3.8551251273081975,0.6528431957958233,2.330100699781661,0.0,0.6814962799605697,0.7637449557086331,0.7904537967938464,False
am_9db,test,short_gaps,19496,pca_r64_l001,4.705891934134984,0.796915645509958,2.748845097870141,0.0,0.8318920245394812,0.8460416126834982,0.8535944728170818,False
am_9db,test,short_gaps,19496,pca_r64_l1,4.208705392338334,0.712719973480024,2.516094575497637,0.0,0.7440010307347062,0.7253177967541484,0.7527584195480633,False
am_9db,test,short_gaps,19496,template_1,4.212965005376108,0.7134413143695155,2.453989193883321,0.0,0.7447540310507664,0.7015173894180239,0.7380289523690159,False
am_9db,test,short_gaps,19496,dictionary_8,4.301837008458181,0.7284912752898212,2.517675366180266,0.0,0.7604645300600078,0.6863716234273644,0.725083704008321,False
am_9db,test,short_gaps,19496,dictionary_24,4.927608884724286,0.8344621317600405,2.964933262761462,0.0,0.871086414355906,0.5576534600957521,0.6173377568065153,False
am_9db,test,short_gaps,19496,dictionary_48,4.593653731293133,0.7779087534859845,2.7337169756997426,0.0,0.8120509259550653,0.6289076997467764,0.6768888999659051,False
am_9db,test,short_gaps,19496,local_pca_8,5.930774421992948,1.0043424271163657,3.131118556738589,0.0,1.0484227028697353,0.7233224476084735,0.7401961765191646,False
am_9db,test,short_gaps,19496,local_pca_16,3.86672798273477,0.6548080724125078,2.2732185796755533,0.0,0.6835473943988838,0.758718804021955,0.7867360668739393,False
am_9db,test,short_gaps,19496,local_pca_32,3.783098455917705,0.6406458945979924,2.257370791195088,0.0,0.6687636430189416,0.768196657830283,0.7953669857046067,True
am_9db,test,short_gaps,19496,local_dictionary_8,4.171923325685699,0.7064911427291404,2.371078933365415,0.0,0.7374988185456729,0.7088778826971939,0.7442243991203373,False
am_9db,test,short_gaps,19496,local_dictionary_24,5.167438068298828,0.8750758201565131,3.0286798034067486,0.0,0.9134826248639036,0.5291873436390871,0.5896591449987223,False
am_9db,test,short_gaps,19599,zero_fill,5.575625072539372,1.0,3.1624736051532905,0.0,0.9856405745365815,,0.33516339474555684,False
am_9db,test,short_gaps,19599,linear,5.5836430434980935,1.0014380398348897,3.237953471278927,0.0,0.9870579649456486,0.00700268064121749,0.33144117715727117,False
am_9db,test,short_gaps,19599,pchip,5.582872710345734,1.001299878975374,3.2598887521914617,0.0,0.9869217879966973,0.018208211639497186,0.3318603069083283,False
am_9db,test,short_gaps,19599,autoregression,6.4709274163082195,1.1605743449605892,3.4304148682019706,0.0,1.143909164159372,-0.25941934607300376,0.04917296811775888,False
am_9db,test,short_gaps,19599,pca_r32_l01,5.5754582150036756,0.9999700737525343,2.7770853561812525,0.0,0.9856110780128358,0.22030517139247643,0.37230973885388846,False
am_9db,test,short_gaps,19599,pca_r64_l01,6.290572930892195,1.1282273913778793,3.371726905957037,0.0,1.1120266942456016,-0.0660368299049902,0.156151887806729,False
am_9db,test,short_gaps,19599,pca_r96_l01,5.000178791177464,0.8967925077681334,2.5980863924312105,0.0,0.8839150825966846,0.4441742679170254,0.5356863947818323,False
am_9db,test,short_gaps,19599,pca_r64_l001,7.459223934166169,1.337827389238159,3.9042672131915137,0.0,1.3186169565594739,-0.27488005307188074,-0.06710800047814035,False
am_9db,test,short_gaps,19599,pca_r64_l1,5.009012340063405,0.8983768232073919,2.717850640761549,0.0,0.8854766481764828,0.4756367137342062,0.5436351634842408,False
am_9db,test,short_gaps,19599,template_1,5.541416298771313,0.9938645849885888,2.819519905609746,0.0,0.9795932605597139,0.6385050698517835,0.6698221929012588,False
am_9db,test,short_gaps,19599,dictionary_8,3.0164536667994977,0.5410072642179433,1.6153764777847042,0.0,0.5332387107322378,0.8461828858159364,0.8640080871032435,False
am_9db,test,short_gaps,19599,dictionary_24,3.1860598151297843,0.5714264810992249,1.6671996249441063,0.0,0.563221125136057,0.8668247775334247,0.8721409280171011,False
am_9db,test,short_gaps,19599,dictionary_48,3.102593434141612,0.5564566113712093,1.5783109834976865,0.0,0.548466214136598,0.8945779335777304,0.8914517602787814,False
am_9db,test,short_gaps,19599,local_pca_8,7.304538594003635,1.3100842504599834,3.7309891124069017,0.0,1.2912721933147049,-0.3611575964408712,-0.10649221775709644,False
am_9db,test,short_gaps,19599,local_pca_16,4.471563971699577,0.8019843360204707,2.261255570700714,0.0,0.7904683017245556,0.6335599242501473,0.6724397383288145,False
am_9db,test,short_gaps,19599,local_pca_32,4.5296446928633,0.8124012346476358,2.3403826856526257,0.0,0.800735619672324,0.6363566444555462,0.6670252044919897,True
am_9db,test,short_gaps,19599,local_dictionary_8,4.124617992686519,0.7397588501782091,2.105916388246073,0.0,0.7291363381081708,0.7077125684034102,0.7362771274072991,False
am_9db,test,short_gaps,19599,local_dictionary_24,4.3899907751757965,0.7873540128795661,2.1917083160500077,0.0,0.7760480616182985,0.6452458886728161,0.6853336599499151,False
am_9db,validation,long_gaps,12000,zero_fill,1.6628475684559894,1.0,0.8073456030003069,0.0,0.5499351417928751,,0.9010130370269882,
am_9db,validation,long_gaps,12000,linear,1.7514037785617587,1.0532557594488332,1.0457842120656198,0.0,0.5792223554166563,-0.009383029791289743,0.8904502084056305,
am_9db,validation,long_gaps,12000,pchip,1.7240434749351365,1.0368018738698759,0.9502899245039668,0.0,0.5701737855177488,-0.012883841369981228,0.8936970756295762,
am_9db,validation,long_gaps,12000,autoregression,1.669681912084717,1.0041100241287142,0.8167401028031361,0.0,0.5521953884948716,0.026617372605335147,0.9001572409766613,
am_9db,validation,long_gaps,12000,pca_r32_l01,16.692827963812753,10.038700047120141,7.7252798708213275,0.0,5.520633933829156,-0.29049907361749105,0.06541708932624139,
am_9db,validation,long_gaps,12000,pca_r64_l01,4.982465721034121,2.996345435114362,2.86459417835086,0.0,1.6477956517200507,0.11944402340238297,0.5614783237978905,
am_9db,validation,long_gaps,12000,pca_r96_l01,4.500942026153404,2.706767662614248,2.4844486500219936,0.0,1.4885466583401357,-0.2222796461101613,0.5318838701897718,
am_9db,validation,long_gaps,12000,pca_r64_l001,10.64944694745667,6.404343458459662,5.2880265771696475,0.0,3.521973527918286,-0.0825969038466569,0.2504094227735193,
am_9db,validation,long_gaps,12000,pca_r64_l1,2.3991202113595556,1.4427781937867104,1.5091538639841648,0.0,0.7934344305757628,0.09772884259212201,0.8099283833631662,
am_9db,validation,long_gaps,12000,template_1,2.0500792802845997,1.2328726451987226,0.8882366680812253,0.0,0.6779999929499165,0.4990729550081344,0.8707052770847992,
am_9db,validation,long_gaps,12000,dictionary_8,1.8657590810745945,1.1220265263442128,1.045625036489151,0.0,0.6170418168604718,0.35612774018099136,0.8810627824169863,
am_9db,validation,long_gaps,12000,dictionary_24,2.0533273795047773,1.2348259807189432,1.1977175419285382,0.0,0.6790742007961981,0.32224500146377716,0.8599811312567244,
am_9db,validation,long_gaps,12000,dictionary_48,2.846867802024311,1.7120437591689326,1.5811071796602973,0.0,0.9415130274541739,0.006780396478377147,0.7494059188725369,
am_9db,validation,long_gaps,12000,local_pca_8,6.911831322348499,4.1566235254902955,3.3486374314806446,0.0,2.2858733478701057,-0.3321712664952708,0.31384239087585525,
am_9db,validation,long_gaps,12000,local_pca_16,6.662926573090596,4.006937676961786,3.4771141324381025,0.0,2.203555839535193,-0.3128993919828525,0.33478670149297296,
am_9db,validation,long_gaps,12000,local_pca_32,5.576615558880878,3.3536540959427543,3.064338088011087,0.0,1.844292240776535,-0.14708388391717972,0.45355912659472597,
am_9db,validation,long_gaps,12000,local_dictionary_8,2.0479864859376105,1.231614084650727,1.0737315189532795,0.0,0.6773078662764996,0.24580961709420024,0.8574394416787935,
am_9db,validation,long_gaps,12000,local_dictionary_24,1.911917016738859,1.149784894904191,1.1032012673260756,0.0,0.632307119210442,0.44131274895335054,0.8799832682710937,
am_9db,validation,long_gaps,12113,zero_fill,2.324058101063378,1.0,1.5310126981985606,0.0,0.7686099709848395,,0.8116080534251208,
am_9db,validation,long_gaps,12113,linear,2.5143171554020567,1.0818650163055843,1.7422141617070968,0.0,0.8315322387921481,0.002715561612886039,0.7782136881751829,
am_9db,validation,long_gaps,12113,pchip,2.581759001543439,1.11088401807259,1.8084322144281368,0.0,0.8538365328982952,0.0011911023865382126,0.7665827080466383,
am_9db,validation,long_gaps,12113,autoregression,2.250598855878551,0.9683918206901903,1.474173993033172,0.0,0.7443156092026428,0.2848786872372114,0.824916004964043,
am_9db,validation,long_gaps,12113,pca_r32_l01,12.785047340973051,5.501173716407186,6.471555074493615,0.0,4.228256970550289,-0.3243139033978871,0.03078356394559127,
am_9db,validation,long_gaps,12113,pca_r64_l01,8.781836468214813,3.7786647692657356,5.32148477128013,0.0,2.9043194186667725,-0.5283896106091697,0.04478397587752929,
am_9db,validation,long_gaps,12113,pca_r96_l01,4.529510194919869,1.9489659887794462,2.7350869359621197,0.0,1.497994692086209,-0.028296104541404174,0.5111345480995011,
am_9db,validation,long_gaps,12113,pca_r64_l001,13.227440711021908,5.69152755043846,7.681851307461263,0.0,4.37456482540192,-0.38418389146445114,-0.008566645015703925,
am_9db,validation,long_gaps,12113,pca_r64_l1,4.151207293288869,1.7861891195359851,2.600888816380699,0.0,1.3728827673399893,-0.44656495459563955,0.474592283598899,
am_9db,validation,long_gaps,12113,template_1,3.599526138948362,1.5488107364017236,2.1382095789101827,0.0,1.1904313751667366,0.07641830123760965,0.6308814536883639,
am_9db,validation,long_gaps,12113,dictionary_8,2.8251666247876233,1.21561789849185,1.8550735112214336,0.0,0.9343360376884723,-0.029623751964394308,0.7251959123519022,
am_9db,validation,long_gaps,12113,dictionary_24,2.7180008700383804,1.1695064201685632,1.796877558287642,0.0,0.8988942956723429,-0.04300247572402974,0.7423687341581912,
am_9db,validation,long_gaps,12113,dictionary_48,2.7248351333998193,1.1724470795945527,1.834142521183418,0.0,0.9011545158284289,0.014719116281887278,0.7433107559879828,
am_9db,validation,long_gaps,12113,local_pca_8,3.443804899197394,1.4818067145660745,2.113154105984935,0.0,1.1389314158877706,-0.15086553748230436,0.6194509188043867,
am_9db,validation,long_gaps,12113,local_pca_16,3.8418416420776205,1.653074697366549,2.381044478540503,0.0,1.2705696951786756,-0.34212946373004566,0.5365807014920918,
am_9db,validation,long_gaps,12113,local_pca_32,3.9647309534422717,1.705951736588771,2.4793255523542532,0.0,1.311211514761032,-0.31520905666522364,0.5213389116514189,
am_9db,validation,long_gaps,12113,local_dictionary_8,2.5910651895124004,1.114888301771308,1.6763326640308607,0.0,0.856914265275782,-0.008911770079628338,0.7646958800365581,
am_9db,validation,long_gaps,12113,local_dictionary_24,2.8776718788317512,1.2382099559021635,1.8513980589945533,0.0,0.9517005182791013,-0.06905789799650097,0.7147830177724565,
am_9db,validation,long_gaps,12226,zero_fill,3.101389168231802,1.0,2.064243189359732,0.0,1.0256880572463511,,0.682904535125509,
am_9db,validation,long_gaps,12226,linear,3.24152514445064,1.0451849054140903,2.2190379931129263,0.0,1.0720336750973896,0.0037787008750872235,0.6495143339214211,
am_9db,validation,long_gaps,12226,pchip,3.3650307597835454,1.085007581200154,2.2776974925111255,0.0,1.112879318058749,0.0007112943114036825,0.6231511496500792,
am_9db,validation,long_gaps,12226,autoregression,3.3449281292905857,1.0785257663093062,2.1443476043355343,0.0,1.1062309979359244,-0.024910004672479023,0.6258217425374206,
am_9db,validation,long_gaps,12226,pca_r32_l01,12.779763373988956,4.120657770038933,6.035708312262905,0.0,4.226509462728314,-0.21514981200832767,0.011050569939255094,
am_9db,validation,long_gaps,12226,pca_r64_l01,7.932044176512253,2.5575778292391975,4.911674170768406,0.0,2.623277034928693,-0.3784615562350087,0.037940818484968275,
am_9db,validation,long_gaps,12226,pca_r96_l01,6.1379783021061725,1.979106126047904,3.8812493023337717,0.0,2.029945517510427,-0.3489519388533148,0.16862024794459649,
am_9db,validation,long_gaps,12226,pca_r64_l001,15.867390705190974,5.116220456214937,8.494458359954471,0.0,5.24764622017914,-0.299410948662365,-0.08205368133428034,
am_9db,validation,long_gaps,12226,pca_r64_l1,4.079534402207532,1.3153893887278263,2.679161141600096,0.0,1.34917918664671,-0.3449742218144107,0.4489688549851379,
am_9db,validation,long_gaps,12226,template_1,3.7868361458900486,1.2210128882500229,2.4711749333424273,0.0,1.2523783372219222,-0.2906248782053122,0.5156746778998362,
am_9db,validation,long_gaps,12226,dictionary_8,3.427881994303753,1.1052730916249685,2.3190734343931365,0.0,1.133665410075482,-0.1376098031522415,0.6034147131464593,
am_9db,validation,long_gaps,12226,dictionary_24,3.1760258609007095,1.0240655682406539,2.151924906822498,0.0,1.050371823181637,0.06008435724552024,0.6654348731409477,
am_9db,validation,long_gaps,12226,dictionary_48,3.029500180135939,0.9768203910582273,2.0296661947983994,0.0,1.0019130091831343,0.24219513714422486,0.7011988165766776,
am_9db,validation,long_gaps,12226,local_pca_8,4.332538676899187,1.3969671143751694,2.9076340457473,0.0,1.4328524855805087,-0.024019720694585557,0.4660501512176586,
am_9db,validation,long_gaps,12226,local_pca_16,5.589310759581677,1.8021958730088414,3.5826340486238553,0.0,1.8484907837638305,-0.21599954588104217,0.2709039236751655,
am_9db,validation,long_gaps,12226,local_pca_32,4.461235083277148,1.438463488869614,2.9605090621168166,0.0,1.4754148213184828,-0.11039274080344737,0.427432146575194,
am_9db,validation,long_gaps,12226,local_dictionary_8,3.2952490190614974,1.0625074250002042,2.1913155119962413,0.0,1.089801176558283,-0.007357909141964867,0.6372599252646228,
am_9db,validation,long_gaps,12226,local_dictionary_24,3.2880115476396568,1.060173802539671,2.2533011405081913,0.0,1.0874076078703918,0.17286546070135184,0.6497577183743645,
am_9db,validation,long_gaps,12339,zero_fill,3.8559456420978666,1.0,1.5107330598354434,0.0,1.2752341547467783,,0.26944487944456724,
am_9db,validation,long_gaps,12339,linear,3.8582367945656983,1.0005941869207953,1.5263885338756784,0.0,1.2759918822024798,0.0003899599641297471,0.26746605442390403,
am_9db,validation,long_gaps,12339,pchip,3.8583040510413222,1.0006116291987386,1.5280549851408423,0.0,1.27601412519105,0.0008133891645246157,0.26740839484995305,
am_9db,validation,long_gaps,12339,autoregression,3.8393560412467904,0.995697656971624,1.4816228730058056,0.0,1.2697476599715567,0.15803155729481064,0.28414535727973933,
am_9db,validation,long_gaps,12339,pca_r32_l01,4.4527751540432625,1.1547816196964553,1.8434388588655133,0.0,1.4726169627107244,0.04194643230906577,0.14760400876660468,
am_9db,validation,long_gaps,12339,pca_r64_l01,3.8074163477966603,0.9874144246818781,1.7908386975188166,0.0,1.2591845992439714,0.2942373975879401,0.3753808871998909,
am_9db,validation,long_gaps,12339,pca_r96_l01,3.7339813687538412,0.9683698151725838,1.5921674787919937,0.0,1.2348982627339036,0.2583950604772313,0.36434532014854754,
am_9db,validation,long_gaps,12339,pca_r64_l001,5.18588118794324,1.344905159275484,2.4221994973755825,0.0,1.715068994003253,0.3436415020540394,0.3800471890171649,
am_9db,validation,long_gaps,12339,pca_r64_l1,3.8248647203004085,0.9919394813406788,1.5209796844490169,0.0,1.264955106047438,0.1410347406868458,0.2978669459297438,
am_9db,validation,long_gaps,12339,template_1,4.288981266993759,1.112303353078467,1.60006016019398,0.0,1.4184472262850258,0.03843145274223667,0.1590802114386376,
am_9db,validation,long_gaps,12339,dictionary_8,2.767064955943547,0.7176099490961955,1.0764334461627152,0.0,0.9151207168735652,0.8006776868889381,0.787628565874235,
am_9db,validation,long_gaps,12339,dictionary_24,3.2254539015066666,0.8364884261573318,1.2406449445165442,0.0,1.066718611086208,0.6571014950359334,0.644220913846449,
am_9db,validation,long_gaps,12339,dictionary_48,3.2458548603122805,0.8417792058257181,1.2426559696630755,0.0,1.0734655940245739,0.6772815583972396,0.6457423656096113,
am_9db,validation,long_gaps,12339,local_pca_8,3.5794943174815055,0.9283051810694212,1.531872545929189,0.0,1.1838064729281181,0.38197700581084526,0.4522013552652085,
am_9db,validation,long_gaps,12339,local_pca_16,3.53039174768545,0.9155709326246374,1.4025354710052778,0.0,1.1675673243762987,0.4355812623748716,0.4847041008278524,
am_9db,validation,long_gaps,12339,local_pca_32,3.6973929731387734,0.9588809896000424,1.5650965628674298,0.0,1.2227977882753642,0.28402042455003124,0.3838437212656719,
am_9db,validation,long_gaps,12339,local_dictionary_8,4.1062532191362475,1.064914705826143,1.5465291717003535,0.0,1.3580156047616154,-0.3076866025392741,0.07597419268165592,
am_9db,validation,long_gaps,12339,local_dictionary_24,3.6142894945811395,0.9373289537906319,1.3681260920554354,0.0,1.1953138961068785,0.4539175952857793,0.45280964428564596,
am_9db,validation,long_gaps,12452,zero_fill,3.1174914738228807,1.0,1.2642374554711258,0.0,1.031013394262446,,0.2936190895121587,
am_9db,validation,long_gaps,12452,linear,3.134005657636581,1.0052972667134352,1.34834674277263,0.0,1.0364749471969785,-0.0012114227560019344,0.2792466421767583,
am_9db,validation,long_gaps,12452,pchip,3.136966570626517,1.0062470409196516,1.356632129180575,0.0,1.0374541771251125,-0.001275805537245302,0.2769329539050331,
am_9db,validation,long_gaps,12452,autoregression,3.114884313955542,0.9991636994393631,1.2508285316526409,0.0,1.0301511571828006,0.041644549442068315,0.29620342318626414,
am_9db,validation,long_gaps,12452,pca_r32_l01,3.072883270604044,0.9856909943159732,1.1553626307709715,0.0,1.016260617743637,0.19821705053267671,0.3422262392348986,
am_9db,validation,long_gaps,12452,pca_r64_l01,2.7374903320429995,0.8781067582796311,1.060849341292522,0.0,0.905339829378676,0.5172220147217471,0.5601651432507647,
am_9db,validation,long_gaps,12452,pca_r96_l01,2.5642722958501345,0.8225434832402762,1.0189558810082624,0.0,0.8480533485840126,0.6308496491287845,0.648796489793597,
am_9db,validation,long_gaps,12452,pca_r64_l001,2.6393873546040365,0.8466381950894126,1.0348806638564905,0.0,0.8728953192313664,0.5333102243734202,0.5880859299235954,
am_9db,validation,long_gaps,12452,pca_r64_l1,2.8747245389922482,0.9221274743269995,1.0978819685583212,0.0,0.9507257772485364,0.4526467775032133,0.4897047232397019,
am_9db,validation,long_gaps,12452,template_1,2.259907494015083,0.7249121651145466,0.942589935651318,0.0,0.7473941518968874,0.7084339135481148,0.7362728370151567,
am_9db,validation,long_gaps,12452,dictionary_8,3.232561112503094,1.0369109714161004,1.203469900107838,0.0,1.069069100187684,0.07639746955376617,0.24598574987791932,
am_9db,validation,long_gaps,12452,dictionary_24,2.7761708045418434,0.8905143214834564,1.0590664189561951,0.0,0.9181321932319776,0.4549681684908602,0.524789697413183,
am_9db,validation,long_gaps,12452,dictionary_48,2.6439728247167933,0.8481090796615952,0.9977540995604511,0.0,0.8744118209267004,0.5396420111544638,0.590912310869627,
am_9db,validation,long_gaps,12452,local_pca_8,2.7312329879842943,0.8760995854898266,1.0441422197986405,0.0,0.9032704073477881,0.5391695299903583,0.5695413626067679,
am_9db,validation,long_gaps,12452,local_pca_16,2.756907690678141,0.8843352784851188,1.0505130558023235,0.0,0.9117615171369681,0.5164549829261292,0.5538728064367032,
am_9db,validation,long_gaps,12452,local_pca_32,2.7159676677520213,0.8712029176527358,1.0469042569491909,0.0,0.8982218772204936,0.5940834393775293,0.5907387659825287,
am_9db,validation,long_gaps,12452,local_dictionary_8,2.6635178643603075,0.8543785561966976,1.0226219644714913,0.0,0.8808757352094053,0.6131347574157631,0.6149329044885,
am_9db,validation,long_gaps,12452,local_dictionary_24,2.7954748893713957,0.8967065067682105,1.1078396794574132,0.0,0.924516419200314,0.48482241090261025,0.5309434153415559,
am_9db,validation,long_gaps,12565,zero_fill,2.791449942805416,1.0,1.058761119630233,0.0,0.9231852932435757,,0.4351561751779068,
am_9db,validation,long_gaps,12565,linear,2.797105454100642,1.0020260120765563,1.0826534003558075,0.0,0.9250556777965864,0.0013961469825361044,0.43158847883320256,
am_9db,validation,long_gaps,12565,pchip,2.798298133088098,1.002453273539915,1.085191753422271,0.0,0.9254501192959289,0.0010641090088107372,0.43085869480987926,
am_9db,validation,long_gaps,12565,autoregression,2.7881270332176373,0.998809611615518,1.043132378169174,0.0,0.922086344193774,0.055329931819326064,0.4373681439025399,
am_9db,validation,long_gaps,12565,pca_r32_l01,5.414272847846153,1.9395915953286955,2.169575100038171,0.0,1.7906024357062968,-0.49674229987142765,-0.25823130304239245,
am_9db,validation,long_gaps,12565,pca_r64_l01,3.47560256610228,1.2450886232297214,1.7039673274481673,0.0,1.1494475057505704,0.27187850296002253,0.40311905561953165,
am_9db,validation,long_gaps,12565,pca_r96_l01,2.959195409585197,1.060092593532663,1.4458357638687198,0.0,0.9786618918257942,0.36031983030272846,0.4956260224617362,
am_9db,validation,long_gaps,12565,pca_r64_l001,7.358487620247066,2.6360808078298414,3.0483276383767657,0.0,2.4335910335901545,0.3143756583682853,0.3535735586326687,
am_9db,validation,long_gaps,12565,pca_r64_l1,2.9366481272384646,1.0520153280223696,1.2039952991283442,0.0,0.9712050790970679,0.03403273488128916,0.3665714216984428,
am_9db,validation,long_gaps,12565,template_1,2.933557621355083,1.0509081951893604,1.040275081938208,0.0,0.9701829903479665,0.07657316072077748,0.37690230142417697,
am_9db,validation,long_gaps,12565,dictionary_8,2.5633851358196327,0.9182988011038531,0.9161301676102733,0.0,0.8477599479822846,0.3980130146539801,0.5630724592477021,
am_9db,validation,long_gaps,12565,dictionary_24,2.3768569174483565,0.8514775353842124,0.7887030634659175,0.0,0.7860715381939912,0.542228048525096,0.6469984388368353,
am_9db,validation,long_gaps,12565,dictionary_48,2.1501459807580523,0.7702613426043201,0.7692098375864519,0.0,0.7110939434463598,0.6418523656674999,0.7221708533740226,
am_9db,validation,long_gaps,12565,local_pca_8,2.6678101747096696,0.9557076893266845,1.0496870279017363,0.0,0.8822952834261955,0.7273305352655793,0.7613609360240778,
am_9db,validation,long_gaps,12565,local_pca_16,1.8825383109647411,0.6743944364170773,0.8406700259038905,0.0,0.6225910255455355,0.8554578207338075,0.8740312316383079,
am_9db,validation,long_gaps,12565,local_pca_32,2.6131273171606066,0.9361182792819152,1.0505183520140766,0.0,0.8642106281695464,0.38571193977291207,0.5486659450274648,
am_9db,validation,long_gaps,12565,local_dictionary_8,3.390109117936388,1.2144617268434044,1.1340734227091205,0.0,1.1211732054290275,-0.2803629364354808,0.1394809235921027,
am_9db,validation,long_gaps,12565,local_dictionary_24,3.8802822276396647,1.3900597564504305,1.346264956854124,0.0,1.2832827238847841,-0.44726364409076835,-0.04836046950137484,
am_9db,validation,long_gaps,12678,zero_fill,2.5411745339184684,1.0,1.7414489455917739,0.0,0.8404144818448422,,0.7320673376612268,
am_9db,validation,long_gaps,12678,linear,2.7200214220424312,1.0703796160935797,1.8242516214935287,0.0,0.8995625304365668,0.009826859439246115,0.6912413917723798,
am_9db,validation,long_gaps,12678,pchip,2.7253348592023947,1.0724705536065453,1.8346362670866934,0.0,0.9013197846030959,0.00928587645238717,0.6898098440687332,
am_9db,validation,long_gaps,12678,autoregression,2.374344179671066,0.9343491161190918,1.5548294020405293,0.0,0.7852405282854127,0.357616995821098,0.7712930137561534,
am_9db,validation,long_gaps,12678,pca_r32_l01,7.057489026146178,2.7772547426184038,3.901140215475997,0.0,2.3340451054687765,-0.14700527564085258,0.20258829509415965,
am_9db,validation,long_gaps,12678,pca_r64_l01,5.7586426535980255,2.2661342527772974,3.6407745009520633,0.0,1.9044920438386812,-0.3540122528313685,0.18535046846210418,
am_9db,validation,long_gaps,12678,pca_r96_l01,4.374552840579714,1.7214688649638688,2.7574256634609187,0.0,1.446747364160638,-0.04414939557103472,0.43077271356550517,
am_9db,validation,long_gaps,12678,pca_r64_l001,10.808233094761071,4.253243116715353,6.055545344639745,0.0,3.5744871100944757,-0.20930035937835276,0.05559006825029592,
am_9db,validation,long_gaps,12678,pca_r64_l1,3.083502984098468,1.2134164509132452,1.9957267905049443,0.0,1.0197727578562623,-0.1939176750407717,0.6013692480853372,
am_9db,validation,long_gaps,12678,template_1,2.9871792309651473,1.1755112413939328,2.0093682229750613,0.0,0.9879166708388691,-0.2660438993924751,0.6205194382473039,
am_9db,validation,long_gaps,12678,dictionary_8,2.9265817036125057,1.151664974030628,1.9258114421016692,0.0,0.9678759224088037,-0.2830275723758868,0.6348148459210348,
am_9db,validation,long_gaps,12678,dictionary_24,2.970336513569493,1.168883315145324,1.9601831829824259,0.0,0.9823464656349389,-0.16708411256720362,0.6279756529858146,
am_9db,validation,long_gaps,12678,dictionary_48,2.938986172911327,1.1565463661322926,1.9331384323426906,0.0,0.9719783150226059,-0.0743468680375627,0.6392664631114245,
am_9db,validation,long_gaps,12678,local_pca_8,4.26888214950842,1.6798854594713108,2.5217081033556092,0.0,1.4118000679802665,0.45334981804172575,0.6317294750215766,
am_9db,validation,long_gaps,12678,local_pca_16,3.8951684737747327,1.532822095367223,2.4306305362639447,0.0,1.28820588703837,0.22731269681842356,0.5667499601419108,
am_9db,validation,long_gaps,12678,local_pca_32,3.6878937483973075,1.4512555903472748,2.1405119463939757,0.0,1.2196562149861354,0.05927818864238531,0.5376322183539144,
am_9db,validation,long_gaps,12678,local_dictionary_8,2.6593296278528182,1.046496252955973,1.8156238133606497,0.0,0.8794906061805631,0.16886783114445042,0.7089975197561612,
am_9db,validation,long_gaps,12678,local_dictionary_24,2.787458263542188,1.0969172822788966,1.9323443536018392,0.0,0.9218651694130714,0.21329884174904254,0.6905258284356267,
am_9db,validation,long_gaps,12791,zero_fill,3.197958553067558,1.0,2.0808828926320335,0.0,1.0576253793135888,,0.781968691020767,
am_9db,validation,long_gaps,12791,linear,3.9403514194840694,1.2321458687150246,2.5775303072394147,0.0,1.3031487417693997,-0.03349619851816841,0.6765891940228385,
am_9db,validation,long_gaps,12791,pchip,3.5945321177908793,1.124008350371808,2.326265388601583,0.0,1.1887797579136248,-0.054726665577582906,0.7221169478708562,
am_9db,validation,long_gaps,12791,autoregression,3.4426500151772146,1.076514894752136,2.1515744984019576,0.0,1.138549473898956,0.23264755856341846,0.7544402144938964,
am_9db,validation,long_gaps,12791,pca_r32_l01,11.848709123423363,3.7050852682433297,5.763202004727808,0.0,3.918592212215042,-0.32560934218766835,0.09190358660485942,
am_9db,validation,long_gaps,12791,pca_r64_l01,9.030334533557536,2.8237809789296437,4.567961617736723,0.0,2.9865024289389615,-0.17137807579295422,0.2584122311483857,
am_9db,validation,long_gaps,12791,pca_r96_l01,5.866944191224135,1.8345904407036242,3.164126077793879,0.0,1.9403094107342551,-0.026400327791705442,0.4867931662405269,
am_9db,validation,long_gaps,12791,pca_r64_l001,17.922489927886073,5.604353411864702,7.841060033682115,0.0,5.927306403030812,-0.2758969735262565,0.014798287113515296,
am_9db,validation,long_gaps,12791,pca_r64_l1,3.7215807294008214,1.1637363860863652,2.231942373755658,0.0,1.2307971367556174,0.11833636978750517,0.7139505851928261,
am_9db,validation,long_gaps,12791,template_1,4.049321162003551,1.2662206513337535,2.5477144129669074,0.0,1.3391870966615607,0.1694186639905527,0.6843305557230689,
am_9db,validation,long_gaps,12791,dictionary_8,3.7318767113853304,1.1669559343743294,2.341930820229355,0.0,1.234202212734894,0.0451238365028768,0.7076237261435661,
am_9db,validation,long_gaps,12791,dictionary_24,3.6752791304365817,1.149257899828366,2.2920373090577786,0.0,1.2154843222351144,0.012638670449846227,0.713279019296361,
am_9db,validation,long_gaps,12791,dictionary_48,3.576315945272156,1.1183121625643548,2.177475862570255,0.0,1.1827553251231258,0.016218165850877007,0.726820615956992,
am_9db,validation,long_gaps,12791,local_pca_8,6.776640617302251,2.1190520467508676,3.9776615175333174,0.0,2.241163224730123,-0.1687879831963811,0.37846221745540076,
am_9db,validation,long_gaps,12791,local_pca_16,6.1471283726954375,1.9222038906035745,3.591330327729245,0.0,2.0329716189176623,-0.3990401315800386,0.3669075787740113,
am_9db,validation,long_gaps,12791,local_pca_32,4.225230322859474,1.321227355747476,2.5633551566733104,0.0,1.3973635832819147,-0.008157144535995912,0.6432775345627358,
am_9db,validation,long_gaps,12791,local_dictionary_8,3.4825298413992654,1.088985295965997,2.223884633343567,0.0,1.1517384867129583,0.21999037632581758,0.7490562249880945,
am_9db,validation,long_gaps,12791,local_dictionary_24,3.7588030649699076,1.1753757913354987,2.484056459269695,0.0,1.243107267147217,-0.03419436411634376,0.6998308028682659,
am_9db,validation,long_gaps,12904,zero_fill,1.3627009221064084,1.0,0.7140272671005984,0.0,0.4506709689064945,,0.9295261476357779,
am_9db,validation,long_gaps,12904,linear,1.3769081630013693,1.0104257953190492,0.760554646463149,0.0,0.4553695721845512,-0.0027101023605079514,0.9280003321786138,
am_9db,validation,long_gaps,12904,pchip,1.389295890252952,1.0195163646806917,0.7823858548308154,0.0,0.4594664278866744,-0.003992702352538901,0.9267662763809794,
am_9db,validation,long_gaps,12904,autoregression,1.3591548935128328,0.99739779394286,0.7022379028000924,0.0,0.4494982301814289,0.0702958535379772,0.9299027577273591,
am_9db,validation,long_gaps,12904,pca_r32_l01,6.373341820728111,4.676992373995356,3.5472621087487752,0.0,2.107784684756773,-0.34433397278657785,0.36613880239861973,
am_9db,validation,long_gaps,12904,pca_r64_l01,3.3567248873085247,2.4632880427789203,1.774668365070818,0.0,1.1101324089349585,0.16334656567845743,0.7122045009302763,
am_9db,validation,long_gaps,12904,pca_r96_l01,2.48293076922393,1.822065817190404,1.6245350346085095,0.0,0.8211521672446032,-0.08464091905899505,0.7915166861779628,
am_9db,validation,long_gaps,12904,pca_r64_l001,6.65103098515636,4.880770884689403,3.050371860431374,0.0,2.199621743613582,0.19311416015273827,0.4836903803486647,
am_9db,validation,long_gaps,12904,pca_r64_l1,1.6623247174845515,1.2198749487268246,1.0138193071076242,0.0,0.5497622250874784,0.07660929228472393,0.8963856269793917,
am_9db,validation,long_gaps,12904,template_1,2.646698766107148,1.9422447898662807,1.1459430018074566,0.0,0.8753133413026276,-0.18112910679642336,0.7656377494900442,
am_9db,validation,long_gaps,12904,dictionary_8,1.7970784790862635,1.3187622096185359,0.8295639362433329,0.0,0.5943278427660553,-0.09887232703651783,0.8787063152383086,
am_9db,validation,long_gaps,12904,dictionary_24,1.8852041227236869,1.3834320445087935,1.1002879303347037,0.0,0.6234726599150708,-0.03174938359817082,0.8686295343426147,
am_9db,validation,long_gaps,12904,dictionary_48,1.8698006726992786,1.3721284269838285,1.0882208360829309,0.0,0.6183784476529464,-0.13753045540600317,0.8692033176845463,
am_9db,validation,long_gaps,12904,local_pca_8,4.850614717222528,3.559559282989728,2.2188790568339027,0.0,1.6041900309450876,0.09477875414300864,0.5703803977063088,
am_9db,validation,long_gaps,12904,local_pca_16,2.596999794848937,1.9057738588997204,1.5112639127379983,0.0,0.858876951507006,0.12567832327215767,0.7896161377604817,
am_9db,validation,long_gaps,12904,local_pca_32,2.4441543354053956,1.7936102454728804,1.5283957708252873,0.0,0.8083280671678785,0.07874646746186977,0.8043868426362322,
am_9db,validation,long_gaps,12904,local_dictionary_8,1.0317940641407652,0.7571683906589418,0.5194203915823034,0.0,0.3412338122436365,0.7881038351767746,0.9628698076106728,
am_9db,validation,long_gaps,12904,local_dictionary_24,1.3702135771970283,1.0055130623079107,0.8284933897007166,0.0,0.4531555460384425,0.660625917709599,0.935822095276695,
am_9db,validation,long_gaps,13017,zero_fill,2.360490941915177,1.0,1.008802010526617,0.0,0.7806590005410212,,0.3781821137004673,
am_9db,validation,long_gaps,13017,linear,2.4014693964897704,1.0173601405737003,1.1262020747445638,0.0,0.7942113505305376,-0.0004680489811958692,0.34629004145464787,
am_9db,validation,long_gaps,13017,pchip,2.4090652308612457,1.0205780450513646,1.140239058425308,0.0,0.7967234366239077,-0.0006394418152281909,0.3412724702230707,
am_9db,validation,long_gaps,13017,autoregression,2.3627027631145694,1.0009370174484118,0.9791081854645105,0.0,0.7813904916457879,0.008303434780771796,0.3760829080166227,
am_9db,validation,long_gaps,13017,pca_r32_l01,2.311629009218506,0.9793000973530417,0.9387772917975031,0.0,0.7644994352293504,0.23361317113049318,0.4279297360959115,
am_9db,validation,long_gaps,13017,pca_r64_l01,2.1118737324021697,0.8946756350137517,0.8934016515077203,0.0,0.698436587038239,0.45176089309192796,0.5620109381855624,
am_9db,validation,long_gaps,13017,pca_r96_l01,2.1577555734147364,0.9141130495777494,0.9561514028082652,0.0,0.7136105796648708,0.40884059593724614,0.5337857965286048,
am_9db,validation,long_gaps,13017,pca_r64_l001,2.0156905585891396,0.8539285293565734,0.9187781287947692,0.0,0.6666269922609667,0.5610482731301754,0.6360624017292245,
am_9db,validation,long_gaps,13017,pca_r64_l1,2.210836558881851,0.9366003146311994,0.8864163381282522,0.0,0.7311654655263982,0.36424529430109237,0.5007260880873873,
am_9db,validation,long_gaps,13017,template_1,2.913005292079291,1.234067557876682,1.1592706709753742,0.0,0.9633859463321094,0.08712749707476326,0.24156957527610878,
am_9db,validation,long_gaps,13017,dictionary_8,2.4426050566385102,1.0347868798245463,0.9803908012745322,0.0,0.807815691376792,0.31536378417019056,0.4397459897227789,
am_9db,validation,long_gaps,13017,dictionary_24,2.056512709280196,0.8712224532459553,0.8078625470187301,0.0,0.6801276495998841,0.4909939115385827,0.591277740336518,
am_9db,validation,long_gaps,13017,dictionary_48,2.0453801214930554,0.8665062361279567,0.806134835039579,0.0,0.6764458922582129,0.49919689865287326,0.5971580035827962,
am_9db,validation,long_gaps,13017,local_pca_8,2.6384833832172596,1.1177689083087667,0.9902343859345619,0.0,0.8725963587961502,-0.1837387973562477,0.1775910503832166,
am_9db,validation,long_gaps,13017,local_pca_16,2.634625270979,1.1161344549966394,1.0204959519859602,0.0,0.8713204081070741,-0.17672662059523953,0.18118039384455728,
am_9db,validation,long_gaps,13017,local_pca_32,2.4534327197725028,1.039373918453556,0.9891669053138225,0.0,0.8113966043683578,-0.017129787620501182,0.308095923962329,
am_9db,validation,long_gaps,13017,local_dictionary_8,1.8311190364990102,0.7757365232731364,0.693706723058044,0.0,0.6055856989415733,0.7227365878264171,0.7294963866927714,
am_9db,validation,long_gaps,13017,local_dictionary_24,2.8066171741384323,1.1889972226969412,1.1032273426643202,0.0,0.9282013835166442,-0.3994858639897507,0.04119317378671621,
am_9db,validation,long_gaps,13130,zero_fill,2.0481282419768867,1.0,1.0194418207920788,0.0,0.6773547476798455,,0.4313720177817476,
am_9db,validation,long_gaps,13130,linear,2.05646269283086,1.004069301268913,1.057148345704835,0.0,0.6801111082140833,0.000992353453599507,0.4240634823935583,
am_9db,validation,long_gaps,13130,pchip,2.060229888515688,1.0059086371110826,1.0618193295533243,0.0,0.6813569910793545,-0.0002833561636400207,0.4211033616144915,
am_9db,validation,long_gaps,13130,autoregression,2.046708822690343,0.9993069675729028,1.0048685125625776,0.0,0.6768853188750551,0.036927444311095695,0.4326747906985508,
am_9db,validation,long_gaps,13130,pca_r32_l01,1.9454531020434547,0.9498687934529293,0.9045172710303039,0.0,0.6433981369182682,0.3133227834741607,0.5155221270823297,
am_9db,validation,long_gaps,13130,pca_r64_l01,1.9316239064294651,0.9431166793369493,0.9630222153592316,0.0,0.6388245603649331,0.36706731023188743,0.5355624680887985,
am_9db,validation,long_gaps,13130,pca_r96_l01,2.0404396713951645,0.9962460502110448,1.0348630672191537,0.0,0.6748119919677449,0.2885688754572603,0.47764088491953816,
am_9db,validation,long_gaps,13130,pca_r64_l001,2.304238641041584,1.1250460756390408,1.0313481833266553,0.0,0.7620553006926828,0.4414437665509516,0.5357220156768382,
am_9db,validation,long_gaps,13130,pca_r64_l1,2.0324160392187367,0.9923285063717571,0.9676221566928405,0.0,0.6721584250489594,0.18699881627036258,0.45131525259092203,
am_9db,validation,long_gaps,13130,template_1,2.417612805303425,1.1804010880538933,1.0985238968472186,0.0,0.79955028115976,0.16989545032721734,0.34979219154360586,
am_9db,validation,long_gaps,13130,dictionary_8,2.301208196051743,1.123566458822217,1.038437489806524,0.0,0.7610530752170601,-0.05661776696003859,0.27603009809276213,
am_9db,validation,long_gaps,13130,dictionary_24,2.5216724701316457,1.231208289817676,1.1242380733478452,0.0,0.8339647804907859,-0.21444166396460593,0.14332431066675208,
am_9db,validation,long_gaps,13130,dictionary_48,2.451125579966267,1.1967637229592618,1.0928215834874477,0.0,0.8106335895974632,-0.1789265620256358,0.1806160569173078,
am_9db,validation,long_gaps,13130,local_pca_8,2.187585150170929,1.068089929788496,1.014337171297989,0.0,0.7234757848912705,0.0882182655686834,0.3626055687288553,
am_9db,validation,long_gaps,13130,local_pca_16,2.182671894787525,1.0656910295230217,1.043812525849517,0.0,0.721850878407241,0.10041158615396328,0.36819546734700415,
am_9db,validation,long_gaps,13130,local_pca_32,2.0608934699457606,1.0062326311933245,0.9968941417307139,0.0,0.6815764500091812,0.17997049619952593,0.4366423049102918,
am_9db,validation,long_gaps,13130,local_dictionary_8,2.540202991629652,1.2402558294776536,1.174984333934969,0.0,0.8400931744342934,-0.3056059058472089,0.10467442702980172,
am_9db,validation,long_gaps,13130,local_dictionary_24,2.453500257987629,1.197923161110005,1.0876469045770112,0.0,0.8114189405335102,-0.05196500883386031,0.22950818800975537,
am_9db,validation,long_gaps,13243,zero_fill,2.553785256182976,1.0,1.3039767468197583,0.0,0.8445850862154413,,0.8453418407930609,
am_9db,validation,long_gaps,13243,linear,2.8190501365936527,1.1038712553330172,1.5962210390862115,0.0,0.9323131993561836,-0.034404757312115924,0.8110854072152827,
am_9db,validation,long_gaps,13243,pchip,2.759385172482793,1.0805079110712377,1.5546021035047983,0.0,0.9125808672285676,-0.04148778958708649,0.8184230848558611,
am_9db,validation,long_gaps,13243,autoregression,2.5513143373658274,0.9990324484757807,1.3420236048406842,0.0,0.8437679066279407,0.17359021193679489,0.8458730862311116,
am_9db,validation,long_gaps,13243,pca_r32_l01,3.084187932832668,1.207692747604965,1.7548224161046675,0.0,1.0199992833577027,0.5540850884139568,0.8257814446003292,
am_9db,validation,long_gaps,13243,pca_r64_l01,3.55552424954441,1.392256549737736,2.1911559396794975,0.0,1.1758791180942587,0.39691953602451535,0.7674150224320497,
am_9db,validation,long_gaps,13243,pca_r96_l01,3.6206144824691977,1.4177442969033196,2.1619752728814823,0.0,1.1974056892315406,0.10580687903022278,0.7233678720483072,
am_9db,validation,long_gaps,13243,pca_r64_l001,7.177073889486952,2.810367031491986,3.967358606936154,0.0,2.373594081589693,0.3241177353233383,0.5502703834415114,
am_9db,validation,long_gaps,13243,pca_r64_l1,2.393194799708242,0.93711669527188,1.3372103501326944,0.0,0.7914747848701303,0.3914144825569609,0.8662540058047712,
am_9db,validation,long_gaps,13243,template_1,2.390248975005395,0.9359631821894017,1.259843067523494,0.0,0.7905005449239147,0.3570230488740823,0.866050745585307,
am_9db,validation,long_gaps,13243,dictionary_8,2.892614732017058,1.1326773560986543,1.5717289372983518,0.0,0.95664240245486,0.08496415222010474,0.8031122710843034,
am_9db,validation,long_gaps,13243,dictionary_24,2.4888409570901877,0.9745693969625866,1.443030304626293,0.0,0.823106778156577,0.3021347440531926,0.8544078141443244,
am_9db,validation,long_gaps,13243,dictionary_48,2.6230021896426963,1.027103662413329,1.6772470548112988,0.0,0.8674764352715569,0.30294376612813584,0.8399724247183495,
am_9db,validation,long_gaps,13243,local_pca_8,3.175232342866122,1.2433435173057557,1.729047128614212,0.0,1.0501093917590918,0.01348314002192317,0.7665199905285528,
am_9db,validation,long_gaps,13243,local_pca_16,3.5322724008068134,1.3831516930622179,1.8460343875885346,0.0,1.168189291933987,0.13193195489342782,0.7349857920164493,
am_9db,validation,long_gaps,13243,local_pca_32,3.184587345241536,1.2470067079960319,1.7137773341824256,0.0,1.053203267984062,0.23253064680968197,0.7789670737579627,
am_9db,validation,long_gaps,13243,local_dictionary_8,3.34436969131022,1.3095735764051257,2.0339838821276133,0.0,1.1060463119335868,0.09492285237993026,0.7516207422863278,
am_9db,validation,long_gaps,13243,local_dictionary_24,3.989315382479638,1.5621185739173238,2.2032499598261213,0.0,1.3193420504307052,-0.0009429216397805231,0.6734584712032233,
am_9db,validation,long_gaps,13356,zero_fill,2.6533237762980715,1.0,1.777308306129317,0.0,0.877504357477434,,0.7557303528134045,
am_9db,validation,long_gaps,13356,linear,3.786101024735759,1.4269276364070966,2.5110026979412465,0.0,1.252135218752203,-0.04462562227448244,0.5604082611765899,
am_9db,validation,long_gaps,13356,pchip,3.5666405190992925,1.344216092645687,2.393561532862027,0.0,1.1795554786878808,-0.05243469787825455,0.5905806526110384,
am_9db,validation,long_gaps,13356,autoregression,2.4383156794809757,0.9189665058076418,1.6404314778788789,0.0,0.8063971132220175,0.3945536806236827,0.7986418854683801,
am_9db,validation,long_gaps,13356,pca_r32_l01,8.896960112628104,3.353137748247664,4.671979921878979,0.0,2.942392985309397,-0.2494389774855563,0.12253397185756305,
am_9db,validation,long_gaps,13356,pca_r64_l01,4.854591158817985,1.8296263736011633,3.020037828241511,0.0,1.6055051153906568,0.26010826303156553,0.5495156659177256,
am_9db,validation,long_gaps,13356,pca_r96_l01,3.6136174508882273,1.3619210302068605,2.3067533293926963,0.0,1.1950916385466763,0.32111038439962764,0.6591293652904004,
am_9db,validation,long_gaps,13356,pca_r64_l001,8.941270522971557,3.3698377117949985,4.992814828209554,0.0,2.9570472760918967,0.25714011704153444,0.3975166081349025,
am_9db,validation,long_gaps,13356,pca_r64_l1,2.6810148099724334,1.0104363568146955,1.7599764481232711,0.0,0.8866623060585187,0.31916898024634466,0.7586217137894855,
am_9db,validation,long_gaps,13356,template_1,2.8988069507204797,1.0925191175744513,1.9694814041447908,0.0,0.9586902862989821,0.12696994229301836,0.7116822652740323,
am_9db,validation,long_gaps,13356,dictionary_8,2.5767928825674837,0.9711565944517468,1.7286558641586343,0.0,0.8521941434243533,0.3448044380672331,0.7753229996054218,
am_9db,validation,long_gaps,13356,dictionary_24,2.610496053079523,0.9838588401456598,1.7626705080901972,0.0,0.8633404193705108,0.2799024401420628,0.7667988639528739,
am_9db,validation,long_gaps,13356,dictionary_48,2.6362572104544233,0.9935678540266731,1.7920500204275547,0.0,0.871860121357909,0.25472361722325493,0.7615691404325469,
am_9db,validation,long_gaps,13356,local_pca_8,4.457924365052753,1.680128299785738,2.7399266675458778,0.0,1.4743199041831376,-0.06525451649179059,0.47303770107119075,
am_9db,validation,long_gaps,13356,local_pca_16,3.8969367664761276,1.4687000513420756,2.589034947473066,0.0,1.2887906948800025,-0.029665785128001384,0.5469432801307479,
am_9db,validation,long_gaps,13356,local_pca_32,4.028038948236423,1.518110599323977,2.4344676394436022,0.0,1.3321486660394686,0.061019907245780734,0.5517599376349367,
am_9db,validation,long_gaps,13356,local_dictionary_8,2.867317215854798,1.0806510842997423,1.8698898447743326,0.0,0.9482760353857379,0.1924178296633471,0.7211890392648315,
am_9db,validation,long_gaps,13356,local_dictionary_24,2.991483242754631,1.127447494149531,1.9841436211944126,0.0,0.9893400889432272,0.15488016986213388,0.6991790164480237,
am_9db,validation,long_gaps,13469,zero_fill,1.9455291941511652,1.0,0.9031438946761755,0.0,0.6434233020174852,,0.8942224722085917,
am_9db,validation,long_gaps,13469,linear,1.9539969201365037,1.0043524024264425,0.9348051473865224,0.0,0.6462237391584159,0.0026473089056752567,0.893331354127415,
am_9db,validation,long_gaps,13469,pchip,1.9578587249136932,1.0063373661004904,0.9411685197772176,0.0,0.6475009110399564,0.0011612958996186442,0.8929192897443075,
am_9db,validation,long_gaps,13469,autoregression,1.9439706064241271,0.9991988875151688,0.896427332489932,0.0,0.6429078475772078,0.04492177294155892,0.8944001610237802,
am_9db,validation,long_gaps,13469,pca_r32_l01,9.693864710944435,4.9826364672846095,4.782197789591913,0.0,3.2059444085330004,0.3558733355895474,0.4668949373779933,
am_9db,validation,long_gaps,13469,pca_r64_l01,3.5992268641771545,1.8499988974709258,2.0613779109920984,0.0,1.1903323993394501,-0.13532194916478152,0.6924677606255244,
am_9db,validation,long_gaps,13469,pca_r96_l01,2.6730502865509043,1.3739450914367577,1.5233961754939152,0.0,0.8840282875229544,-0.26759098867436676,0.8021392471676199,
am_9db,validation,long_gaps,13469,pca_r64_l001,5.449154784589896,2.800859941331985,2.6976549212644696,0.0,1.8021385519403255,-0.06129629879545071,0.5291304837079632,
am_9db,validation,long_gaps,13469,pca_r64_l1,2.2767025039583584,1.1702227398091984,1.32602417753689,0.0,0.7529485793439827,0.08438533884597918,0.856637485109667,
am_9db,validation,long_gaps,13469,template_1,2.479080472842912,1.2742448071690518,1.0390566248580735,0.0,0.819878801407345,0.22694180210400572,0.8389846665123172,
am_9db,validation,long_gaps,13469,dictionary_8,2.1121001763253675,1.085617313106873,0.9377900347975892,0.0,0.6985114763265742,0.2407354086437499,0.8771544890687919,
am_9db,validation,long_gaps,13469,dictionary_24,2.4281903945078294,1.2480873593712631,1.3140013642880117,0.0,0.8030484899729419,0.04088219100143931,0.8384533056003941,
am_9db,validation,long_gaps,13469,dictionary_48,2.2234904526116455,1.1428718002773302,1.257154500212863,0.0,0.7353503475171077,0.11995575081996107,0.8631731659065822,
am_9db,validation,long_gaps,13469,local_pca_8,4.813433989504404,2.4741001080708562,2.246819271556346,0.0,1.5918936610567673,0.1320419689956186,0.6176775469629158,
am_9db,validation,long_gaps,13469,local_pca_16,4.662077351762423,2.396302952316523,2.2674507403770616,0.0,1.5418371582137458,0.14143916467515427,0.6309811374142507,
am_9db,validation,long_gaps,13469,local_pca_32,4.456109226954233,2.2904355485132846,2.3678104988337716,0.0,1.4737196036826474,0.13157651834533302,0.6452812331202264,
am_9db,validation,long_gaps,13469,local_dictionary_8,1.339315187024216,0.6884066253287756,0.6255020868097138,0.0,0.4429368639997545,0.7462150342703724,0.9515821048497546,
am_9db,validation,long_gaps,13469,local_dictionary_24,1.4913172401345114,0.766535523917015,0.8071334499322155,0.0,0.49320681791238885,0.6531046863127616,0.9394884763830087,
am_9db,validation,long_gaps,13582,zero_fill,2.1531476325334875,1.0,0.94830308937432,0.0,0.7120866464613868,,0.4073933114087768,
am_9db,validation,long_gaps,13582,linear,2.158051120604504,1.002277358039424,0.9827507608686104,0.0,0.7137083227104719,-0.002537222664199632,0.40309636095465934,
am_9db,validation,long_gaps,13582,pchip,2.164301181832565,1.0051801135837368,1.0014460681976296,0.0,0.715775336171519,-0.004657625276332495,0.39809309772348783,
am_9db,validation,long_gaps,13582,autoregression,2.1513179243178455,0.9991502170181015,0.9318006540843385,0.0,0.7114815273475867,0.03483787328462463,0.40907290223285697,
am_9db,validation,long_gaps,13582,pca_r32_l01,2.5692358005322693,1.193246464716028,1.0367665721076307,0.0,0.8496948734615418,-0.38110398321748107,0.08946401606712782,
am_9db,validation,long_gaps,13582,pca_r64_l01,2.119765643637606,0.9844961913472683,0.9029191284976684,0.0,0.7010465913504841,0.2023148308175189,0.4409284295720183,
am_9db,validation,long_gaps,13582,pca_r96_l01,2.0786486327490414,0.965399957411751,0.9183045575346487,0.0,0.6874484181672994,0.27115524944953123,0.4738573136435885,
am_9db,validation,long_gaps,13582,pca_r64_l001,1.9608388108672778,0.9106847952455862,0.8900752051664446,0.0,0.6484864818298041,0.4353314616810782,0.5641646047049882,
am_9db,validation,long_gaps,13582,pca_r64_l1,2.3149196455219285,1.0751328011809822,0.944448086233276,0.0,0.7655877108936026,-0.13270338148409913,0.2788577173276707,
am_9db,validation,long_gaps,13582,template_1,3.308031526588886,1.5363700456974758,1.3209838303235877,0.0,1.094028593564443,-0.12436470280138258,0.05532065788317616,
am_9db,validation,long_gaps,13582,dictionary_8,2.5414656631184176,1.180349003810769,1.0233557198091439,0.0,0.840510763777649,-0.30141550751238844,0.12335404427222005,
am_9db,validation,long_gaps,13582,dictionary_24,2.7309786119124455,1.2683657036090261,1.099292570025909,0.0,0.9031862803695886,-0.4385332040789914,-0.0012053662831012035,
am_9db,validation,long_gaps,13582,dictionary_48,2.779455017534107,1.2908799078787174,1.1083317144110552,0.0,0.9192183445857398,-0.5128343780114477,-0.04609838531400488,
am_9db,validation,long_gaps,13582,local_pca_8,2.2339564390075233,1.0375305460958812,0.9332327230518048,0.0,0.7388116471706674,0.12354792034019091,0.37268242257281314,
am_9db,validation,long_gaps,13582,local_pca_16,2.1882332341749744,1.0162950283163834,0.953326681752084,0.0,0.7236901185291934,0.18239095424422624,0.4073140113708383,
am_9db,validation,long_gaps,13582,local_pca_32,2.169526509802432,1.0076069457669619,0.933320404803376,0.0,0.7175034509623963,0.1684757379047664,0.41058077522102926,
am_9db,validation,long_gaps,13582,local_dictionary_8,2.5229627503361085,1.1717555787698033,1.018169835199188,0.0,0.8343915005586107,-0.230040321033293,0.15171281804764888,
am_9db,validation,long_gaps,13582,local_dictionary_24,2.576514518701455,1.1966269659223578,1.0228536227137786,0.0,0.8521020832289159,-0.29721163136618356,0.10871696661938238,
am_9db,validation,long_gaps,13695,zero_fill,2.591041385253441,1.0,1.1208400126076643,0.0,0.856906392757113,,0.3450988452279999,
am_9db,validation,long_gaps,13695,linear,2.6088687268369526,1.0068803770117196,1.18599058101,0.0,0.8628022318030345,0.0002735464811239809,0.32972393447000947,
am_9db,validation,long_gaps,13695,pchip,2.612628486063347,1.0083314380591395,1.192830330842128,0.0,0.8640456552908495,0.00019044835952767788,0.3267734733936997,
am_9db,validation,long_gaps,13695,autoregression,2.5893819210220954,0.9993595377361435,1.0966342198354133,0.0,0.8563575765488946,0.03605445040770331,0.3467297895786377,
am_9db,validation,long_gaps,13695,pca_r32_l01,2.8261028560262185,1.0907208476524528,1.1378035211850197,0.0,0.9346456670668439,0.01935148573225665,0.2310900154398035,
am_9db,validation,long_gaps,13695,pca_r64_l01,2.8212147788172195,1.0888343176893196,1.1283472399599472,0.0,0.9330290874813071,0.05174902349668057,0.2471672726429195,
am_9db,validation,long_gaps,13695,pca_r96_l01,2.6757892567825383,1.032708034696562,1.1080955164555895,0.0,0.8849341167831184,0.19835399796133946,0.3507443583285344,
am_9db,validation,long_gaps,13695,pca_r64_l001,3.7607929510994116,1.45146000851374,1.4283360431581171,0.0,1.2437653601267173,-0.12847919790977735,0.014694402127373716,
am_9db,validation,long_gaps,13695,pca_r64_l1,2.5273953248673644,0.975436108142344,1.0379815190238737,0.0,0.8358574367932933,0.22616086013553668,0.4033339577933435,
am_9db,validation,long_gaps,13695,template_1,2.925424000633789,1.1290533672227088,1.2426610204633006,0.0,0.9674930481370835,0.5513180448569633,0.5914093838448713,
am_9db,validation,long_gaps,13695,dictionary_8,2.6807825988038037,1.0346351911093017,1.0612762772761568,0.0,0.8865855094330379,0.31809317074291604,0.4216985521467092,
am_9db,validation,long_gaps,13695,dictionary_24,2.59390135283441,1.001103790775881,1.0196886291948775,0.0,0.8578522381292317,0.2607338082266908,0.39837695692298813,
am_9db,validation,long_gaps,13695,dictionary_48,2.4825672432382673,0.9581349249639395,0.9902215466144815,0.0,0.8210319423254565,0.3242177246450662,0.45177652549129543,
am_9db,validation,long_gaps,13695,local_pca_8,2.932068528161594,1.1316177907651583,1.1646858239773183,0.0,0.9696905190643452,-0.03172817592717266,0.18093758398531748,
am_9db,validation,long_gaps,13695,local_pca_16,2.897795053955443,1.1183901077180198,1.1721752039735642,0.0,0.9583556328998876,-0.0038443384585632443,0.2025089670328174,
am_9db,validation,long_gaps,13695,local_pca_32,2.7677145474604012,1.0681861599017568,1.1509430034955506,0.0,0.915335549074487,0.06123779876941144,0.2650740278500247,
am_9db,validation,long_gaps,13695,local_dictionary_8,3.1220793619691656,1.2049515610742674,1.2464045669165473,0.0,1.0325306956472025,-0.05437883678372951,0.1322796414902533,
am_9db,validation,long_gaps,13695,local_dictionary_24,2.840617176282776,1.0963225799671752,1.1639402883544712,0.0,0.9394458272978436,-0.013682602925967308,0.2128394145569652,
am_9db,validation,long_gaps,13808,zero_fill,4.307812036654802,1.0,1.611231267700003,0.0,1.4246749179749083,,0.3700833822411647,
am_9db,validation,long_gaps,13808,linear,4.319002515817946,1.0025977176041863,1.708909736828166,0.0,1.4283758210895745,0.0006104277744620382,0.36416982351423666,
am_9db,validation,long_gaps,13808,pchip,4.32151788228968,1.0031816257344228,1.7163572649252714,0.0,1.4292077003571242,0.0005471040533098873,0.36291051923129125,
am_9db,validation,long_gaps,13808,autoregression,4.317037610845502,1.0021415916275362,1.6215460601721383,0.0,1.4277259898512047,-0.022288382336268044,0.36512036119678537,
am_9db,validation,long_gaps,13808,pca_r32_l01,7.905470575841035,1.8351475200343157,3.09054107260041,0.0,2.6144886425767453,-0.6170110346611783,-0.40296219743812484,
am_9db,validation,long_gaps,13808,pca_r64_l01,5.5763439914657065,1.294472447733809,2.3100307016802417,0.0,1.844202428295943,-0.5596540104735241,-0.13320714543478848,
am_9db,validation,long_gaps,13808,pca_r96_l01,5.018156345268922,1.164896774179064,2.066274368029837,0.0,1.6595992162027928,-0.2579626108076179,0.09534353469627597,
am_9db,validation,long_gaps,13808,pca_r64_l001,7.069348711985741,1.6410531963403374,2.931271179703073,0.0,2.3379673278886313,-0.7581074458634026,-0.44747146864888115,
am_9db,validation,long_gaps,13808,pca_r64_l1,4.704138638333054,1.092001832555818,1.8181080228780853,0.0,1.55574762122491,-0.33490918531981473,0.1761939841728674,
am_9db,validation,long_gaps,13808,template_1,5.048666876439119,1.1719793792023532,2.0505488850756604,0.0,1.6696896259333964,-0.42388654004866055,0.04206548926135266,
am_9db,validation,long_gaps,13808,dictionary_8,5.31507305583096,1.233821951980602,1.9710963493224873,0.0,1.7577951882336051,-0.5260903170744745,-0.05955156706195185,
am_9db,validation,long_gaps,13808,dictionary_24,5.559375702226497,1.2905334900692618,2.0818084471489167,0.0,1.8385906941082977,-0.6268298750844031,-0.1529547392154396,
am_9db,validation,long_gaps,13808,dictionary_48,5.641734520339617,1.3096519700336466,2.1228476922881527,0.0,1.8658283129833624,-0.6846338844672375,-0.19239454269078832,
am_9db,validation,long_gaps,13808,local_pca_8,4.999856223635127,1.1606486497302528,2.187351561289801,0.0,1.6535470198521363,-0.20626777331669574,0.11671536962172108,
am_9db,validation,long_gaps,13808,local_pca_16,5.011854196732282,1.163433816073414,2.2633966443903817,0.0,1.6575149764836257,-0.15442466415383516,0.1339412813596447,
am_9db,validation,long_gaps,13808,local_pca_32,4.792501601311452,1.1125140931248783,2.084772934947932,0.0,1.5849709243686154,-0.24356152509700654,0.15865472853159435,
am_9db,validation,long_gaps,13808,local_dictionary_8,4.251022124943669,0.9868169940498999,1.6451327854051452,0.0,1.4058934200542865,0.18055535113726284,0.4015454185740409,
am_9db,validation,long_gaps,13808,local_dictionary_24,4.181506656952737,0.9706799232122146,1.5963828621603622,0.0,1.3829033399822521,0.24087455619106926,0.4323220555949565,
am_9db,validation,long_gaps,13921,zero_fill,1.9038420692074067,1.0,1.2892370096662897,0.0,0.6296365813331775,,0.8464174562669388,
am_9db,validation,long_gaps,13921,linear,2.048516649869848,1.0759908518686485,1.3972434749128395,0.0,0.6774832015163491,-0.054375681777644694,0.8208605200199357,
am_9db,validation,long_gaps,13921,pchip,2.009578268417336,1.0555383248012524,1.3836690635462539,0.0,0.6646055422940096,-0.07854268182170655,0.8276275795705406,
am_9db,validation,long_gaps,13921,autoregression,1.825839116677095,0.9590286643036597,1.2654827630870213,0.0,0.6038395295926798,0.37636854208003917,0.861117039668891,
am_9db,validation,long_gaps,13921,pca_r32_l01,10.855240872971356,5.701754913678595,5.4044241990616175,0.0,3.5900334714482365,-0.012057153386202106,0.22496806908037245,
am_9db,validation,long_gaps,13921,pca_r64_l01,4.914685628783549,2.581456575770276,2.6921132081620835,0.0,1.6253794932280472,-0.09252224081589061,0.44245833671295426,
am_9db,validation,long_gaps,13921,pca_r96_l01,3.2822719908304636,1.7240253505885152,1.944678364695299,0.0,1.0855094278762856,0.12342042463129971,0.6549675007898189,
am_9db,validation,long_gaps,13921,pca_r64_l001,9.317718871240537,4.894165866982664,4.593182648344444,0.0,3.081545864964492,-0.056605452344976756,0.24091147523455334,
am_9db,validation,long_gaps,13921,pca_r64_l1,2.485174648921339,1.305347060618294,1.4356479938249467,0.0,0.8218942607010145,0.009908703687010152,0.7491386727741517,
am_9db,validation,long_gaps,13921,template_1,1.7476927318137472,0.9179819902505535,1.1998969206040815,0.0,0.5779950420667848,0.43847106931751756,0.8724945050622346,
am_9db,validation,long_gaps,13921,dictionary_8,1.9930023703371926,1.0468317737967123,1.3049364658126643,0.0,0.659123579284308,0.053873140637952066,0.8310431478181467,
am_9db,validation,long_gaps,13921,dictionary_24,1.7227773833471467,0.9048951124734629,1.156400656011138,0.0,0.5697550650828922,0.4301069993673838,0.8762888272583709,
am_9db,validation,long_gaps,13921,dictionary_48,1.7606524635848626,0.9247891366944341,1.1669749919008103,0.0,0.5822810704823439,0.41617432138001903,0.8708892881199282,
am_9db,validation,long_gaps,13921,local_pca_8,1.7298206856006149,0.9085946327054117,1.1599428530519413,0.0,0.5720844183543095,0.464909997284925,0.8761790221346528,
am_9db,validation,long_gaps,13921,local_pca_16,3.8545382993216037,2.024610319135503,2.094696696611631,0.0,1.2747687198723514,0.07294147752693289,0.583698947091254,
am_9db,validation,long_gaps,13921,local_pca_32,2.760145238368659,1.4497763669639583,1.6151871421480557,0.0,0.9128322353928209,0.04854964239017248,0.7109454645244234,
am_9db,validation,long_gaps,13921,local_dictionary_8,1.6304593868288906,0.8564047476415264,1.1184151529838469,0.0,0.5392237575425132,0.535518054570089,0.8901294081994178,
am_9db,validation,long_gaps,13921,local_dictionary_24,2.0185972326857846,1.060275568722017,1.245007283319978,0.0,0.6675882843612212,0.3343344457202347,0.8338431023543053,
am_9db,validation,long_gaps,14034,zero_fill,1.7414268951758376,1.0,0.8124255124127641,0.0,0.5759228113793264,,0.7819624650843203,
am_9db,validation,long_gaps,14034,linear,1.7758395562528428,1.0197611861699944,0.9132574136794055,0.0,0.5873037292745399,0.0038158509491748034,0.7725264041919984,
am_9db,validation,long_gaps,14034,pchip,1.7831568675410228,1.0239630916926727,0.9244041759979732,0.0,0.5897237025163112,0.0034068594971185143,0.7705871780291453,
am_9db,validation,long_gaps,14034,autoregression,1.7411755020827424,0.9998556395942938,0.8160646563843557,0.0,0.5758396709286201,0.05726621715705673,0.7820263161547985,
am_9db,validation,long_gaps,14034,pca_r32_l01,13.680484131728031,7.855904930391389,5.8595510030358655,0.0,4.524394853439721,-0.3031495330719261,-0.05714040074262243,
am_9db,validation,long_gaps,14034,pca_r64_l01,6.302788888769539,3.619324420812466,2.992239695464119,0.0,2.084451495728168,-0.4359905376308295,0.044461798257859744,
am_9db,validation,long_gaps,14034,pca_r96_l01,3.888099851803354,2.2327092010432974,2.196923528707024,0.0,1.2858681600573456,-0.25824554114177894,0.3240009431608936,
am_9db,validation,long_gaps,14034,pca_r64_l001,15.648121833565211,8.985804616268528,5.979627333581273,0.0,5.1751298571067,-0.48007945869573454,-0.18115811654832517,
am_9db,validation,long_gaps,14034,pca_r64_l1,2.401188524404141,1.3788626620250315,1.2977835838603717,0.0,0.7941184608194383,-0.1703189543412945,0.6039764650077295,
am_9db,validation,long_gaps,14034,template_1,1.5926030978630918,0.9145391645638282,0.7368930208856682,0.0,0.5267039667721005,0.4121657155463173,0.8218050296423707,
am_9db,validation,long_gaps,14034,dictionary_8,1.9673692050283367,1.1297455038040427,0.9940744147547751,0.0,0.6506462066939778,0.3087794093677343,0.7446978472777879,
am_9db,validation,long_gaps,14034,dictionary_24,1.8783760033975168,1.0786418933812614,0.9732639409629888,0.0,0.6212144717076558,0.24663409826557206,0.7547351626473742,
am_9db,validation,long_gaps,14034,dictionary_48,1.9502629012178059,1.119922350240767,1.0140124939394852,0.0,0.6449888284772053,0.44730807438301456,0.7688750800462804,
am_9db,validation,long_gaps,14034,local_pca_8,2.662161247450147,1.5287240910456592,1.4437457299142198,0.0,0.8804270763383216,0.17603925385069022,0.6135804840477581,
am_9db,validation,long_gaps,14034,local_pca_16,2.320924222567876,1.3327715501565884,1.4442157746810846,0.0,0.7675735380925655,0.2102589632623968,0.6713943362622927,
am_9db,validation,long_gaps,14034,local_pca_32,2.922162327969168,1.6780275623767185,1.8659374612999398,0.0,0.9664143512959977,0.14891060132755915,0.5721100508611227,
am_9db,validation,long_gaps,14034,local_dictionary_8,1.6786276755171232,0.9639380672064484,0.9222414004413275,0.0,0.5551539216610919,0.40953680995526776,0.8052138499563902,
am_9db,validation,long_gaps,14034,local_dictionary_24,1.6234073600320038,0.9322282574877099,1.010688105781434,0.0,0.5368915188995725,0.5401617099048819,0.8275810100857779,
am_9db,validation,long_gaps,14147,zero_fill,2.263649721062897,1.0,1.0159018839180436,0.0,0.7486317771616442,,0.3924434964547335,
am_9db,validation,long_gaps,14147,linear,2.310105391960623,1.0205224644367297,1.1479033276512332,0.0,0.7639955461846498,-0.0038825022846165616,0.3560385089930522,
am_9db,validation,long_gaps,14147,pchip,2.313642688906444,1.0220851165170877,1.1548453982537998,0.0,0.7651653971886536,-0.003868233819708031,0.35369960852986154,
am_9db,validation,long_gaps,14147,autoregression,2.278852330867743,1.0067159727334969,1.0085115351509455,0.0,0.7536595677644912,-0.086610403134701,0.3780413118941696,
am_9db,validation,long_gaps,14147,pca_r32_l01,2.5053995223265817,1.1067964707676465,1.014758551192655,0.0,0.8285830088670191,-0.1473935918017023,0.2180266987957507,
am_9db,validation,long_gaps,14147,pca_r64_l01,2.608687358635067,1.1524253661516843,1.1076800609454744,0.0,0.8627422499082941,-0.1699293248109386,0.16688720815192135,
am_9db,validation,long_gaps,14147,pca_r96_l01,2.5007562915285777,1.1047452564146485,1.0867942600888363,0.0,0.8270474046205947,-0.046183788418942204,0.24810538928184264,
am_9db,validation,long_gaps,14147,pca_r64_l001,3.2079681217551794,1.4171663097455192,1.3723127973151343,0.0,1.0609357329983973,-0.21763492982541285,0.006148777245677678,
am_9db,validation,long_gaps,14147,pca_r64_l1,2.436354663585097,1.0762949059278952,0.9949574889962188,0.0,0.8057485681748249,-0.14035309517195546,0.2565846681074945,
am_9db,validation,long_gaps,14147,template_1,4.200177551888509,1.855489174321686,1.5852286503572213,0.0,1.3890781580766358,-0.5667794738764217,-0.3430748948381109,
am_9db,validation,long_gaps,14147,dictionary_8,2.6461498921545523,1.1689749820975184,1.0808439583639364,0.0,0.8751318183051665,-0.32086623962830346,0.10712552522879981,
am_9db,validation,long_gaps,14147,dictionary_24,2.687059157227303,1.1870472415518396,1.0297201221219332,0.0,0.8886612860177813,-0.38002111414685663,0.07210945429536508,
am_9db,validation,long_gaps,14147,dictionary_48,2.7389319111726445,1.2099627807638802,1.067369835922978,0.0,0.9058165868627086,-0.3834960994864625,0.046602841486924285,
am_9db,validation,long_gaps,14147,local_pca_8,2.4102711393538434,1.0647721318924293,0.9871601374572195,0.0,0.797122253370822,0.0058554646390291416,0.29969400183290934,
am_9db,validation,long_gaps,14147,local_pca_16,2.4035622139243276,1.0618083670629634,1.0045112461605321,0.0,0.79490348483945,0.01123605997307774,0.30400367281442536,
am_9db,validation,long_gaps,14147,local_pca_32,2.4133014510050272,1.0661108158871246,0.9964853654959837,0.0,0.7981244347488288,-0.03676402570848678,0.2881195347481919,
am_9db,validation,long_gaps,14147,local_dictionary_8,2.559542949541203,1.1307151127336827,0.9990482180800196,0.0,0.8464892643093457,-0.1228496128673731,0.20112572418044572,
am_9db,validation,long_gaps,14147,local_dictionary_24,2.4010491615979754,1.0606981898553467,0.9674320649350963,0.0,0.7940723709035473,0.062334886153010756,0.31973354262975817,
am_9db,validation,long_gaps,14260,zero_fill,2.512943495400086,1.0,1.0004821588904664,0.0,0.8310779434482517,,0.35685258469993253,
am_9db,validation,long_gaps,14260,linear,2.522332124384349,1.0037361082736036,1.0357676736713501,0.0,0.8341829406287781,0.001828127820969512,0.34853853557307174,
am_9db,validation,long_gaps,14260,pchip,2.5236737882972133,1.0042700096189066,1.0386671856304173,0.0,0.8346266542608368,0.0015599734789324112,0.34741104886170465,
am_9db,validation,long_gaps,14260,autoregression,2.5113500506894515,0.9993659050776305,0.9797157930456646,0.0,0.8305509611442179,0.035406379010609945,0.35839110500010374,
am_9db,validation,long_gaps,14260,pca_r32_l01,2.4325800429629445,0.9680201912282365,0.8661361243145966,0.0,0.804500229742346,0.3000272546270577,0.4432271363269441,
am_9db,validation,long_gaps,14260,pca_r64_l01,2.420687812694537,0.963287800591449,0.9176308629792311,0.0,0.800567244264331,0.32237510013133774,0.4559614439704031,
am_9db,validation,long_gaps,14260,pca_r96_l01,2.312122152213574,0.9200852133945259,0.8954444656080479,0.0,0.7646625269450683,0.4193262527290844,0.524216350154478,
am_9db,validation,long_gaps,14260,pca_r64_l001,2.9948154250824364,1.1917559748416195,1.2208538497761714,0.0,0.9904421046635394,0.272565284429251,0.367284078524741,
am_9db,validation,long_gaps,14260,pca_r64_l1,2.349891035254572,0.9351149516716234,0.841367602759495,0.0,0.777153410922964,0.36299277831444576,0.4887362929560005,
am_9db,validation,long_gaps,14260,template_1,3.668693081643161,1.459918652511949,1.4630431914732613,0.0,1.2133061913313732,0.43240132910937773,0.476511045246655,
am_9db,validation,long_gaps,14260,dictionary_8,2.5483314701560627,1.0140822803301204,0.9242444138013106,0.0,0.8427814160240698,0.3563120549867105,0.45861427178833375,
am_9db,validation,long_gaps,14260,dictionary_24,2.3658797389347734,0.9414774917404585,0.8318914816769609,0.0,0.7824411776384785,0.38828430047809304,0.4992159465629003,
am_9db,validation,long_gaps,14260,dictionary_48,2.427530220068871,0.9660106661818847,0.8231774304341376,0.0,0.8028301577995162,0.328039842380141,0.45735577041666897,
am_9db,validation,long_gaps,14260,local_pca_8,2.399437193257758,0.9548313353045541,0.8769519092451095,0.0,0.793539262484857,0.3498848841126902,0.47349735949178984,
am_9db,validation,long_gaps,14260,local_pca_16,2.3833677195432843,0.9484366536318907,0.8890662933679467,0.0,0.7882247835913334,0.3627953642882523,0.48291883426307247,
am_9db,validation,long_gaps,14260,local_pca_32,2.41999022729514,0.9630102036615243,0.88293191975277,0.0,0.8003365395787017,0.3319070989653823,0.4607008440849103,
am_9db,validation,long_gaps,14260,local_dictionary_8,2.4164912789592274,0.9616178331835104,0.890852575178834,0.0,0.7991793711853158,0.32425917673937205,0.4577258142990646,
am_9db,validation,long_gaps,14260,local_dictionary_24,2.311758547588326,0.9199405206762401,0.8373315476936759,0.0,0.7645422760183234,0.43785927441824646,0.5346808482501884,
am_9db,validation,long_gaps,14373,zero_fill,1.7261141751870517,1.0,0.8451649285867511,0.0,0.5708586052560395,,0.4962017104514048,
am_9db,validation,long_gaps,14373,linear,1.730832984382547,1.002733775820469,0.8678612392704989,0.0,0.5724192047079952,0.006168881033385127,0.49213233058024497,
am_9db,validation,long_gaps,14373,pchip,1.7381497919860296,1.0069726655235154,0.8751947866850962,0.0,0.5748390113717105,0.004099213882697283,0.48644042760355305,
am_9db,validation,long_gaps,14373,autoregression,1.7238548612358562,0.9986910981998334,0.8266191958592268,0.0,0.5701114073999792,0.04404893031195485,0.4981285314617127,
am_9db,validation,long_gaps,14373,pca_r32_l01,2.0481105949318668,1.1865441025706898,0.8245215902001143,0.0,0.6773489114682831,-0.09885081965764225,0.299287346157423,
am_9db,validation,long_gaps,14373,pca_r64_l01,1.745058724352456,1.0109752584375546,0.7641902409944255,0.0,0.5771239259800266,0.20683199957131038,0.49905116202405836,
am_9db,validation,long_gaps,14373,pca_r96_l01,1.5989126224707364,0.9263075672832992,0.7132620075142688,0.0,0.5287906458974593,0.376248343302318,0.5943260640847666,
am_9db,validation,long_gaps,14373,pca_r64_l001,2.098481469778463,1.2157257613338697,1.014080356722514,0.0,0.6940075124888897,0.23532012185094747,0.42881195854923954,
am_9db,validation,long_gaps,14373,pca_r64_l1,1.8951408008020874,1.09792320116757,0.7878462977018732,0.0,0.6267589072967651,-0.1194630105774555,0.36951353965010164,
am_9db,validation,long_gaps,14373,template_1,3.5618792498576393,2.063524708307116,1.3280210207590577,0.0,1.1779808368955762,-0.37652852759291566,-0.12407987702977842,
am_9db,validation,long_gaps,14373,dictionary_8,2.18178163593135,1.2639845424448355,0.899640733749462,0.0,0.7215564529652522,-0.4523057665728542,0.15176671216629584,
am_9db,validation,long_gaps,14373,dictionary_24,2.2347012347073205,1.2946427686135857,0.8786819096660012,0.0,0.739057965195569,-0.4322263541914681,0.12880136955740984,
am_9db,validation,long_gaps,14373,dictionary_48,2.0630871092121796,1.1952205357380903,0.8284751084501533,0.0,0.6823019280048226,-0.3221147917587127,0.24200613987692254,
am_9db,validation,long_gaps,14373,local_pca_8,1.79659129290333,1.0408299281295463,0.7588407186327284,0.0,0.5941667210807767,0.07328491991870457,0.45097415692619935,
am_9db,validation,long_gaps,14373,local_pca_16,1.8478746962642223,1.070540247468842,0.7947845484376999,0.0,0.6111271125405185,-0.02495869291270861,0.409172108386552,
am_9db,validation,long_gaps,14373,local_pca_32,1.7560155413587397,1.0173229364554912,0.7849601623831237,0.0,0.5807475525999604,0.1171896704940896,0.4790509189086941,
am_9db,validation,long_gaps,14373,local_dictionary_8,2.343113138068398,1.357449681921814,0.890688912878591,0.0,0.7749118321271414,-0.4037354000831266,0.08931416541526647,
am_9db,validation,long_gaps,14373,local_dictionary_24,2.0992272210675282,1.2161578018673325,0.7906985041041595,0.0,0.6942541465452363,-0.18940412249533056,0.2531688242535044,
am_9db,validation,long_gaps,14486,zero_fill,3.4779575224135617,1.0,1.7038296164388906,0.0,1.1502263343440793,,0.7667900424772555,
am_9db,validation,long_gaps,14486,linear,8.029860159761299,2.3087861504958522,4.925492249216732,0.0,2.6556266306692224,0.016879505211972626,0.3975372935650583,
am_9db,validation,long_gaps,14486,pchip,8.423638190835677,2.4220072086993207,4.956715018472258,0.0,2.785856473417156,0.014250029916886803,0.38001084333968776,
am_9db,validation,long_gaps,14486,autoregression,3.600197738038563,1.0351471272542085,2.3330352035104096,0.0,1.1906534856884126,0.6106181488132268,0.8100290376193888,
am_9db,validation,long_gaps,14486,pca_r32_l01,13.91815007590464,4.001817154525225,5.675070704158472,0.0,4.6029954763648036,0.386091674312585,0.4448150458389711,
am_9db,validation,long_gaps,14486,pca_r64_l01,4.625012874203154,1.3298071768839725,2.4915554775052025,0.0,1.5295792344517007,0.6295265980555946,0.7705290617560447,
am_9db,validation,long_gaps,14486,pca_r96_l01,2.4636816970593194,0.70837026650907,1.5115017081377538,0.0,0.8147861350050664,0.7900723220867809,0.9044957123918661,
am_9db,validation,long_gaps,14486,pca_r64_l001,11.51312155851569,3.310311147942385,5.13339990653826,0.0,3.8076070572361114,0.5173404551148173,0.5508361976740088,
am_9db,validation,long_gaps,14486,pca_r64_l1,2.4488651672041213,0.7041101426404737,1.475099804283808,0.0,0.809886028343839,0.7109668863161707,0.8921202490040916,
am_9db,validation,long_gaps,14486,template_1,3.209976818554133,0.9229488278300015,1.67575156302782,0.0,1.0616000470220677,0.3939832421759694,0.8057360286471258,
am_9db,validation,long_gaps,14486,dictionary_8,2.948672925788245,0.8478174062752742,1.6839001969918512,0.0,0.9751819074131138,0.5308455217849589,0.8389703666959238,
am_9db,validation,long_gaps,14486,dictionary_24,2.6118802145031896,0.750981056459439,1.5224579880705291,0.0,0.8637981877331846,0.6646207866658631,0.8764062568849127,
am_9db,validation,long_gaps,14486,dictionary_48,2.957941508866633,0.8504823563267505,1.710754592572822,0.0,0.9782472031420334,0.5313142398416327,0.8381206391626602,
am_9db,validation,long_gaps,14486,local_pca_8,4.328109228037284,1.244439933537127,2.1699686199779307,0.0,1.4313875830637994,0.22135094791906718,0.6802315373666628,
am_9db,validation,long_gaps,14486,local_pca_16,4.746980364712635,1.364875888828689,2.609395743765337,0.0,1.5699161904420402,0.4519259946676536,0.7066790801674385,
am_9db,validation,long_gaps,14486,local_pca_32,3.184293236137024,0.9155641538506352,1.8950349321784852,0.0,1.053106000540455,0.5129299809994431,0.8174667808075475,
am_9db,validation,long_gaps,14486,local_dictionary_8,3.101837139173619,0.8918559583272511,1.7665763188257817,0.0,1.02583620970968,0.513648560308557,0.8241458982125546,
am_9db,validation,long_gaps,14486,local_dictionary_24,3.7621429820153103,1.0817104457919127,2.1819225101851014,0.0,1.2442118408849319,0.27860896532518503,0.7403916742892154,
am_9db,validation,long_gaps,14599,zero_fill,1.5533536108799177,1.0,0.823205320181719,0.0,0.5137234190665573,,0.8863728039628818,
am_9db,validation,long_gaps,14599,linear,1.5713299483889989,1.0115725983981834,0.8686912508418804,0.0,0.5196685338831561,-0.026462144627201378,0.8836762348224617,
am_9db,validation,long_gaps,14599,pchip,1.5767689899362087,1.0150740815821242,0.8746609103438959,0.0,0.5214673277962143,-0.023210846198903026,0.8829281867916916,
am_9db,validation,long_gaps,14599,autoregression,1.5012641140211849,0.966466426901196,0.7931066081164874,0.0,0.4964964372407214,0.2693334417707408,0.8943403376404908,
am_9db,validation,long_gaps,14599,pca_r32_l01,6.189234236109574,3.984433546076865,2.950698641815244,0.0,2.0468968243340946,0.7284945460656195,0.6491174787353714,
am_9db,validation,long_gaps,14599,pca_r64_l01,5.282904361185957,3.400966994368646,2.89503314598506,0.0,1.7471563924795734,0.5839014339677268,0.6341841156090389,
am_9db,validation,long_gaps,14599,pca_r96_l01,2.1909431974145033,1.4104600408231673,1.3800018441418447,0.0,0.7245863546284332,0.5413607732846502,0.8322734423586912,
am_9db,validation,long_gaps,14599,pca_r64_l001,11.365887605028949,7.3169995070153995,5.483171226981871,0.0,3.758914004052265,0.49982765922436906,0.4368479519773761,
am_9db,validation,long_gaps,14599,pca_r64_l1,1.4553320613594534,0.9368968219252158,0.9770653086560872,0.0,0.4813058386720133,0.6420549467536508,0.9104849070434664,
am_9db,validation,long_gaps,14599,template_1,1.6889385980875713,1.0872853330098158,1.0500611980151857,0.0,0.558563938774723,0.20066798281309534,0.8670873494788327,
am_9db,validation,long_gaps,14599,dictionary_8,2.1694448689579615,1.3966200958769786,1.3222266521600048,0.0,0.7174764507909844,0.008396725381394597,0.7902264526411852,
am_9db,validation,long_gaps,14599,dictionary_24,2.032199203182925,1.3082656704494728,1.139346064359137,0.0,0.6720867132707049,0.04767426725482135,0.8126917933294254,
am_9db,validation,long_gaps,14599,dictionary_48,1.9942986621185226,1.2838664990058675,1.1139238469274892,0.0,0.6595522874943051,0.15843510256612897,0.8225726492827795,
am_9db,validation,long_gaps,14599,local_pca_8,1.7950264533096352,1.1555813439625113,0.9718713556780124,0.0,0.5936491990299487,0.12363770490701824,0.8502889957954978,
am_9db,validation,long_gaps,14599,local_pca_16,2.080017157721698,1.3390493594973811,1.2045598927920764,0.0,0.6879010152598783,0.12262009881816559,0.8087403012228702,
am_9db,validation,long_gaps,14599,local_pca_32,2.525664093157932,1.625942783064853,1.6680788874732926,0.0,0.8352848857226699,0.1567592243794829,0.7506691006673591,
am_9db,validation,long_gaps,14599,local_dictionary_8,1.6693628308510131,1.0746830722628444,0.9895828575372094,0.0,0.5520898622958207,0.6102704527934296,0.8885321480642614,
am_9db,validation,long_gaps,14599,local_dictionary_24,1.646838928481487,1.0601828952189536,1.065083731130606,0.0,0.5446407817677625,0.4512197575260292,0.8801658487846278,
am_9db,test,long_gaps,16000,zero_fill,2.329836378895301,1.0,1.0803607344548547,0.0,0.7705209567535277,,0.7782748228124764,True
am_9db,test,long_gaps,16000,linear,2.589711572388256,1.1115422507121189,1.651131746935859,0.0,0.8564665984906713,-0.02438161509091718,0.7262635458607037,False
am_9db,test,long_gaps,16000,pchip,2.472364694109569,1.0611752466848545,1.4076356928472091,0.0,0.8176577663587746,-0.03538332196428705,0.7491188691359809,False
am_9db,test,long_gaps,16000,autoregression,2.3623718511477323,1.0139647026491438,1.188436735612121,0.0,0.7812810527995245,0.0596691186448352,0.771408058471414,False
am_9db,test,long_gaps,16000,pca_r32_l01,2.9017051945602463,1.2454544966527215,1.664652047827062,0.0,0.9596487903538381,0.6160523652357937,0.7846296133627221,False
am_9db,test,long_gaps,16000,pca_r64_l01,1.9987169560093132,0.857878679427699,1.2304510263625745,0.0,0.6610135008510835,0.6007436481576907,0.8504340159414777,False
am_9db,test,long_gaps,16000,pca_r96_l01,2.3787079774038453,1.0209764080221448,1.3638451227452262,0.0,0.7866837187320032,0.38261567367799176,0.7820198562524409,False
am_9db,test,long_gaps,16000,pca_r64_l001,2.925497583605529,1.255666539550156,1.658799708215176,0.0,0.9675173834175774,0.6423554333578665,0.7913670307441768,False
am_9db,test,long_gaps,16000,pca_r64_l1,1.9241430427308617,0.8258704603295789,1.0550787168184301,0.0,0.6363504972476234,0.5645061849774893,0.855054611165029,False
am_9db,test,long_gaps,16000,template_1,2.7142323226114335,1.1649883859648527,1.6816490958295134,0.0,0.8976479657603862,0.11158037845841298,0.7082555973586417,False
am_9db,test,long_gaps,16000,dictionary_8,2.757293424522551,1.1834708434889878,1.49547287876456,0.0,0.9118890866150393,0.04727612444801778,0.6961966324368184,False
am_9db,test,long_gaps,16000,dictionary_24,2.5438885144608467,1.091874321091612,1.3937720326164684,0.0,0.8413120465421174,0.13239541063197524,0.7384005290873075,False
am_9db,test,long_gaps,16000,dictionary_48,2.562050635495012,1.0996697702479072,1.261780311775563,0.0,0.8473186034843495,0.04730624666292806,0.7315505675907342,False
am_9db,test,long_gaps,16000,local_pca_8,2.8077126667531394,1.2051115229321059,1.5071627268070824,0.0,0.928563683644347,0.09887759417446987,0.6920639252296317,False
am_9db,test,long_gaps,16000,local_pca_16,3.3645331368705267,1.4441070486099243,1.8903491812516926,0.0,1.112714744749432,0.059995380360921766,0.6063292486844882,False
am_9db,test,long_gaps,16000,local_pca_32,2.5107891315777424,1.0776675797157227,1.4734494588793476,0.0,0.8303654545848171,0.15826752466676278,0.7454340693452933,False
am_9db,test,long_gaps,16000,local_dictionary_8,3.0373304418503766,1.3036668451758555,1.6187744108046505,0.0,1.0045026248327533,-0.35946311008495596,0.6195190297125218,False
am_9db,test,long_gaps,16000,local_dictionary_24,2.880678139061105,1.2364293755370868,1.5263258140087106,0.0,0.9526947453970029,-0.2719727280596143,0.6565073638340707,False
am_9db,test,long_gaps,16102,zero_fill,2.273777885686807,1.0,0.9689827206045596,0.0,0.7519813527656929,,0.3929770926982507,True
am_9db,test,long_gaps,16102,linear,2.3225335508704803,1.0214425804255487,1.0974942593374435,0.0,0.7681057734008842,-0.002242250583742744,0.3553687170299586,False
am_9db,test,long_gaps,16102,pchip,2.3431975534491034,1.0305305404715588,1.1290078162347998,0.0,0.7749397498901635,-0.0018890949358988448,0.3431384057569792,False
am_9db,test,long_gaps,16102,autoregression,2.3013646814616187,1.0121325816160267,0.9855608839076412,0.0,0.7611048279018527,-0.10302710627027628,0.36726456458145224,False
am_9db,test,long_gaps,16102,pca_r32_l01,2.6785206351538773,1.178004523667366,1.0289844101458718,0.0,0.8858374352714913,-0.20836878286559896,0.13273669925508855,False
am_9db,test,long_gaps,16102,pca_r64_l01,2.565714636573596,1.1283928182803167,1.0331867458114803,0.0,0.8485303579415251,0.024438939989948054,0.25962378567249483,False
am_9db,test,long_gaps,16102,pca_r96_l01,2.446188687087937,1.0758257006924195,1.0555566093379571,0.0,0.8090008657467848,0.1356954344490759,0.3387687903623772,False
am_9db,test,long_gaps,16102,pca_r64_l001,3.0626133357974865,1.346927224104129,1.2302050963364182,0.0,1.0128641560587626,0.2096140329410352,0.31888809574395394,False
am_9db,test,long_gaps,16102,pca_r64_l1,2.4718566244274913,1.087114374709847,0.9551567316527338,0.0,0.817489738105341,-0.1558581597909647,0.24047101801821405,False
am_9db,test,long_gaps,16102,template_1,3.2392722898352533,1.4246212482873248,1.3184890586148548,0.0,1.0712886134658526,-0.29665677214047703,-0.04507872580898933,False
am_9db,test,long_gaps,16102,dictionary_8,2.6588694967192628,1.1693620179246913,1.024577297564031,0.0,0.8793384321118296,-0.12108178660333231,0.1719297263145656,False
am_9db,test,long_gaps,16102,dictionary_24,2.3085169578498297,1.0152781291355244,0.899232836327449,0.0,0.7634702209807533,0.1739674124864208,0.3922973603159086,False
am_9db,test,long_gaps,16102,dictionary_48,2.4609594903383365,1.0823218511490582,0.9526372406118977,0.0,0.8138858497549376,0.006945459916517819,0.2845543161196038,False
am_9db,test,long_gaps,16102,local_pca_8,2.4372548546996695,1.0718966307315825,0.9692407228013639,0.0,0.8060462784025236,0.12670028090810817,0.3368868921010493,False
am_9db,test,long_gaps,16102,local_pca_16,2.3890194542942016,1.050682861036176,0.9905682027836002,0.0,0.7900939191697122,0.14869819363768344,0.35863039878653546,False
am_9db,test,long_gaps,16102,local_pca_32,2.4820111545656345,1.091580303507055,0.9856271112578787,0.0,0.8208480332836207,0.01599793324133832,0.280228532073857,False
am_9db,test,long_gaps,16102,local_dictionary_8,2.6079611728234533,1.1469727053114094,1.0001042658909678,0.0,0.8625020865253998,-0.20696964929403602,0.16133661059512994,False
am_9db,test,long_gaps,16102,local_dictionary_24,2.643748275466084,1.1627117547884522,1.0056009327724638,0.0,0.8743375582423928,-0.293791642070615,0.12162772516095681,False
am_9db,test,long_gaps,16205,zero_fill,3.187632709267161,1.0,1.2808571591000706,0.0,1.0542104274669954,,0.29305012758218046,True
am_9db,test,long_gaps,16205,linear,3.1916407797091173,1.0012573815139694,1.312424782855906,0.0,1.0555359721703261,0.0013876524194937193,0.2893649121977393,False
am_9db,test,long_gaps,16205,pchip,3.1961718138444777,1.0026788232384778,1.3261971328626656,0.0,1.05703447085834,5.825968456340064e-05,0.2854866274080461,False
am_9db,test,long_gaps,16205,autoregression,3.1844738954453318,0.9990090408431794,1.2616931433353675,0.0,1.0531657479906813,0.048200475846422106,0.29612721576737167,False
am_9db,test,long_gaps,16205,pca_r32_l01,3.2878197864981766,1.0314299313530537,1.2202818574263097,0.0,1.0873441888339568,0.02727576900510324,0.23360346473046176,False
am_9db,test,long_gaps,16205,pca_r64_l01,3.574711162811448,1.1214313218768786,1.34872345064267,0.0,1.182224593210702,-0.34235967936899236,0.003891374589516906,False
am_9db,test,long_gaps,16205,pca_r96_l01,3.565874853063429,1.118659261682387,1.351823929264135,0.0,1.1793022584481025,-0.3649201268677363,0.0021964265943416866,False
am_9db,test,long_gaps,16205,pca_r64_l001,4.048593417380239,1.2700940750200214,1.487267024985375,0.0,1.3389464177501547,-0.3549995037121272,-0.13780717180918292,False
am_9db,test,long_gaps,16205,pca_r64_l1,3.439486746092047,1.0790097416470505,1.3006718031437945,0.0,1.1375033209827896,-0.31111606796456337,0.08326418214649213,False
am_9db,test,long_gaps,16205,template_1,3.393017806754515,1.0644318578141874,1.4060805521525375,0.0,1.1221351638357824,0.15457545949286128,0.2716949489301243,False
am_9db,test,long_gaps,16205,dictionary_8,3.960268179602492,1.2423853501343198,1.5220824067462444,0.0,1.309735591043834,-0.5984435595562986,-0.23818053617409263,False
am_9db,test,long_gaps,16205,dictionary_24,4.060342564389116,1.2737799284669131,1.5186729518592048,0.0,1.3428320828879834,-0.7356576699994809,-0.32906933845912156,False
am_9db,test,long_gaps,16205,dictionary_48,3.8949618574737315,1.2218979451899232,1.4411965282947061,0.0,1.2881375551197123,-0.6526797378437996,-0.23324605944371551,False
am_9db,test,long_gaps,16205,local_pca_8,3.2085024773767095,1.0065471056464177,1.1884779157730805,0.0,1.061112454509177,0.08433039691510044,0.28363051317425947,False
am_9db,test,long_gaps,16205,local_pca_16,3.2527904664121063,1.020440798262459,1.2110373401279373,0.0,1.075759330141029,0.026786794247465228,0.24927834938169952,False
am_9db,test,long_gaps,16205,local_pca_32,3.2768838385625894,1.0279991885627084,1.2227631410518156,0.0,1.0837274640104173,0.010532090172507912,0.23388135228211612,False
am_9db,test,long_gaps,16205,local_dictionary_8,3.733414701761259,1.171218594572514,1.4107758006023783,0.0,1.2347108552415835,-0.4591672381816326,-0.10092790479395658,False
am_9db,test,long_gaps,16205,local_dictionary_24,4.129967607804239,1.2956221699562498,1.53615908110582,0.0,1.3658584016252944,-0.7397364161784927,-0.35511658157262266,False
am_9db,test,long_gaps,16308,zero_fill,2.0341681331016392,1.0,0.894684045536532,0.0,0.6727378756349341,,0.7592617380547991,True
am_9db,test,long_gaps,16308,linear,2.0546131711303914,1.0100508103022823,0.9596443320287875,0.0,0.6794994364061011,0.0004823808899405025,0.7540914481507107,False
am_9db,test,long_gaps,16308,pchip,2.0694241117272343,1.0173318901480566,0.9774264733337247,0.0,0.6843976945938758,5.042201862817807e-05,0.7503977532676882,False
am_9db,test,long_gaps,16308,autoregression,2.031281682770113,0.9985810168370275,0.8831046046255114,0.0,0.6717832719163142,0.05498980794471147,0.7600516003254667,False
am_9db,test,long_gaps,16308,pca_r32_l01,7.306165340918517,3.59172146197094,3.4192580166147684,0.0,2.4162870661987297,0.650933714822297,0.61282531460507,False
am_9db,test,long_gaps,16308,pca_r64_l01,2.8500768370105716,1.401101900394467,1.6093352584918417,0.0,0.9425743160194426,0.33645072163243145,0.6583883737400553,False
am_9db,test,long_gaps,16308,pca_r96_l01,2.8976331971477145,1.424480675906317,1.670482209003256,0.0,0.9583021037922308,-0.1384848256798588,0.5503769276272786,False
am_9db,test,long_gaps,16308,pca_r64_l001,5.233836809534026,2.572961754913359,2.641563170136474,0.0,1.7309288250903452,0.4047518965375487,0.5344531643032344,False
am_9db,test,long_gaps,16308,pca_r64_l1,2.1494881616918726,1.0566914930549014,1.1695989824508721,0.0,0.7108763902392611,0.18439716638851764,0.7344998232788844,False
am_9db,test,long_gaps,16308,template_1,1.9060793136493919,0.9370313508662917,0.8545401439907261,0.0,0.6303764803851217,0.40063240538652445,0.7946938129224319,False
am_9db,test,long_gaps,16308,dictionary_8,2.8319738571830984,1.3922024492955696,1.08374748940807,0.0,0.9365873181928536,-0.3080045212831822,0.5449945093525244,False
am_9db,test,long_gaps,16308,dictionary_24,2.6859010735990667,1.3203928573513166,1.141304091954972,0.0,0.8882782858580653,-0.34855013949851815,0.5783932876915343,False
am_9db,test,long_gaps,16308,dictionary_48,3.413171551682796,1.6779200775692487,1.426565060702771,0.0,1.12880038846914,-0.6544765034296064,0.36582027890899843,False
am_9db,test,long_gaps,16308,local_pca_8,3.8419575521401605,1.8887118963377219,1.8157374771190304,0.0,1.2706080288286667,-0.1041755526082346,0.41239540952923015,False
am_9db,test,long_gaps,16308,local_pca_16,3.750168334929649,1.8435881842330817,1.7473751384315352,0.0,1.240251598606629,-0.32561794093735363,0.36120608774075724,False
am_9db,test,long_gaps,16308,local_pca_32,3.0508574432493054,1.499805937180546,1.9086229829547678,0.0,1.008976260043502,0.045476774333980306,0.5584047182036134,False
am_9db,test,long_gaps,16308,local_dictionary_8,2.2323985173874847,1.097450343980952,0.9081628342646507,0.0,0.7382964130245733,-0.11322252770752864,0.7054337286413961,False
am_9db,test,long_gaps,16308,local_dictionary_24,2.0112565540787144,0.9887366345730774,0.8838945482529129,0.0,0.6651605831051262,0.24484751531191423,0.7667714567140644,False
am_9db,test,long_gaps,16411,zero_fill,2.9750145933668497,1.0,1.1864388428157748,0.0,0.9838935951045791,,0.3041536872335522,True
am_9db,test,long_gaps,16411,linear,2.9886320578824814,1.0045772765437835,1.2544755868741413,0.0,0.9883971481790301,0.0005808516691367596,0.29226609329145625,False
am_9db,test,long_gaps,16411,pchip,2.994169793030539,1.006438690992104,1.2683554175292195,0.0,0.9902285819325678,-4.89834617784413e-05,0.28786187302645283,False
am_9db,test,long_gaps,16411,autoregression,2.9730411354301496,0.9993366560483098,1.1792750585662353,0.0,0.9832409352391598,0.03609248579692375,0.30612147886358015,False
am_9db,test,long_gaps,16411,pca_r32_l01,2.390890076371069,0.8036565876691308,0.8866394808586994,0.0,0.7907125692712594,0.6442384260763767,0.6689039110858302,False
am_9db,test,long_gaps,16411,pca_r64_l01,2.4996696110403596,0.840220957777374,0.9767471130653674,0.0,0.8266880188297933,0.5715689784600295,0.6140784594488926,False
am_9db,test,long_gaps,16411,pca_r96_l01,2.542736833603028,0.8546972640982546,1.0657281277001398,0.0,0.8409311638996797,0.5253407348801387,0.583926092357584,False
am_9db,test,long_gaps,16411,pca_r64_l001,2.1729104509566866,0.7303864847592513,0.9444320808389683,0.0,0.7186225843055756,0.6835096994875761,0.7186153113532293,False
am_9db,test,long_gaps,16411,pca_r64_l1,2.7902843769786787,0.9379061142086331,1.035018294114675,0.0,0.922799818579298,0.37245833519287913,0.4556447999974232,False
am_9db,test,long_gaps,16411,template_1,3.8717549799424478,1.3014238614408775,1.4516817781421563,0.0,1.2804626017879488,-0.5669272998784062,-0.2586992619318565,False
am_9db,test,long_gaps,16411,dictionary_8,3.553667382248947,1.1945041850121585,1.3391477033466084,0.0,1.175265016959078,-0.37803123105341685,-0.07794280421708656,False
am_9db,test,long_gaps,16411,dictionary_24,2.7648727543947293,0.9293644342314634,1.0556963613554642,0.0,0.9143957143583276,0.3717432972390511,0.46593661846392614,False
am_9db,test,long_gaps,16411,dictionary_48,2.7426541067554138,0.9218960178785303,1.0425473709683621,0.0,0.9070475873431023,0.42941953287821594,0.49008598031315526,False
am_9db,test,long_gaps,16411,local_pca_8,2.71215425818989,0.9116440182300153,1.0344804152914209,0.0,0.8969607105519141,0.41106966803550193,0.4958499914876574,False
am_9db,test,long_gaps,16411,local_pca_16,2.8623292068317565,0.962122744948432,1.114574453443641,0.0,0.9466264064591987,0.30238034521358853,0.4124015054475501,False
am_9db,test,long_gaps,16411,local_pca_32,2.8067549825951836,0.9434424250735371,1.1175426184448205,0.0,0.9282469593797849,0.34135503158111924,0.4428591563672654,False
am_9db,test,long_gaps,16411,local_dictionary_8,3.170332319086004,1.065652695000098,1.2077560684542814,0.0,1.04848886121653,0.07935844704328544,0.2364883689790582,False
am_9db,test,long_gaps,16411,local_dictionary_24,3.4405175946128144,1.1564708295158819,1.2958141007045405,0.0,1.1378442420859556,-0.3241671203103656,-0.017312570505656627,False
am_9db,test,long_gaps,16514,zero_fill,3.2165744370465084,1.0,1.235517967611721,0.0,1.0637820042440809,,0.28697646487280826,True
am_9db,test,long_gaps,16514,linear,3.2194806568269256,1.0009035139205689,1.2595488409269782,0.0,1.064743146093366,-0.0008934522887377115,0.2841382156026874,False
am_9db,test,long_gaps,16514,pchip,3.2230649143623724,1.0020178228245276,1.2674851990373697,0.0,1.065928527852566,-0.0028573121414891037,0.28104435362410773,False
am_9db,test,long_gaps,16514,autoregression,3.2146494659332716,0.9994015462253676,1.2317269480839914,0.0,1.0631453798882549,0.038915734065529305,0.28888094758898364,False
am_9db,test,long_gaps,16514,pca_r32_l01,3.2964246205250607,1.024824603018319,1.177268594323218,0.0,1.090189970197472,0.0807205893066664,0.25292574449361,False
am_9db,test,long_gaps,16514,pca_r64_l01,3.453431364707918,1.0736363893629939,1.3040053407653651,0.0,1.1421150701059442,0.02571748452303445,0.18749619313994642,False
am_9db,test,long_gaps,16514,pca_r96_l01,3.4376519419416955,1.0687307286748764,1.303247595608741,0.0,1.1368965165469969,0.08768393761184162,0.22428971701547573,False
am_9db,test,long_gaps,16514,pca_r64_l001,4.208885598874011,1.3084993620538292,1.6316766898202926,0.0,1.3919580739177237,-0.06834828712867039,0.04209883841436603,False
am_9db,test,long_gaps,16514,pca_r64_l1,3.2858523417426717,1.02153778998498,1.1929944969973836,0.0,1.0866935176412913,0.01630033709207599,0.2387332493190947,False
am_9db,test,long_gaps,16514,template_1,2.5537960934861204,0.7939490111197434,1.0531333803626488,0.0,0.8445886703165666,0.6651735673838378,0.6943881397364313,False
am_9db,test,long_gaps,16514,dictionary_8,3.0220226696587793,0.9395158510410944,1.1195123020591236,0.0,0.9994400550395787,0.35147969435584836,0.4388742280749954,False
am_9db,test,long_gaps,16514,dictionary_24,3.376342633640436,1.049670293574996,1.226393805889433,0.0,1.1166203686946818,-0.12348786441464701,0.16217203669788396,False
am_9db,test,long_gaps,16514,dictionary_48,3.211447259762731,0.9984060131720486,1.178273023600957,0.0,1.062086349741504,0.12556793699485586,0.29962170379836006,False
am_9db,test,long_gaps,16514,local_pca_8,3.4747380174842597,1.0802604091683325,1.3014535939425123,0.0,1.1491615831706197,0.029514922156210623,0.18520260847132808,False
am_9db,test,long_gaps,16514,local_pca_16,3.479573037955731,1.081763567439997,1.317295387508709,0.0,1.150760615889547,0.027242504688299276,0.18304418580698,False
am_9db,test,long_gaps,16514,local_pca_32,3.4635286949433026,1.0767755457646273,1.2908257465389368,0.0,1.1454544481945093,0.0002213986313260462,0.172478014211147,False
am_9db,test,long_gaps,16514,local_dictionary_8,2.9969706703389356,0.9317274414114864,1.1055758565058202,0.0,0.9911548850339206,0.3888937281731946,0.4589773236315714,False
am_9db,test,long_gaps,16514,local_dictionary_24,3.4917739663317726,1.0855567109269062,1.2493705077324058,0.0,1.1547956936704367,-0.30077194288311704,0.06289091582613879,False
am_9db,test,long_gaps,16616,zero_fill,2.284140027268859,1.0,0.9060038436761023,0.0,0.7554083089752116,,0.39246160554973314,True
am_9db,test,long_gaps,16616,linear,2.297077620243089,1.005664098006154,0.9781564577570141,0.0,0.7596870156719104,9.07571935368323e-05,0.3807512001262244,False
am_9db,test,long_gaps,16616,pchip,2.306077827483352,1.0096044025114888,0.9939535243086547,0.0,0.7626635544351328,-0.002652613941062146,0.37361448036291356,False
am_9db,test,long_gaps,16616,autoregression,2.283786703636921,0.9998453143731469,0.8949287630447342,0.0,0.7552914581674077,0.024026166942358047,0.39278374986522213,False
am_9db,test,long_gaps,16616,pca_r32_l01,2.4925000407717395,1.0912203328234724,0.9843593589044339,0.0,0.8243169063375468,-0.02401931362842818,0.26667634127968676,False
am_9db,test,long_gaps,16616,pca_r64_l01,2.325131880329047,1.0179462960111083,0.9960806228496429,0.0,0.7689650900973317,0.1694033990792132,0.3883147176985075,False
am_9db,test,long_gaps,16616,pca_r96_l01,2.324052221352849,1.0174736196588232,1.0108941446023485,0.0,0.7686080264533593,0.12833724884678965,0.37714876447190476,False
am_9db,test,long_gaps,16616,pca_r64_l001,3.412961161810282,1.494199620454597,1.4214810777360423,0.0,1.1287308085590104,-0.008557911814126004,0.13457193754997807,False
am_9db,test,long_gaps,16616,pca_r64_l1,2.3226803256860897,1.0168730016361183,0.9077218500243838,0.0,0.7681543146084878,0.06893561912995853,0.3667146792598827,False
am_9db,test,long_gaps,16616,template_1,3.8092044039514583,1.6676755183464453,1.478177530681719,0.0,1.2597759432334479,-0.5455286703207336,-0.28421150820713414,False
am_9db,test,long_gaps,16616,dictionary_8,2.359570859357939,1.0330237337416097,0.8797197363929771,0.0,0.7803547118370088,0.12720744511835116,0.3628464889491445,False
am_9db,test,long_gaps,16616,dictionary_24,2.429308596126049,1.0635550216379543,0.9383579830414135,0.0,0.8034183003976219,0.0548407087573267,0.31491185215125156,False
am_9db,test,long_gaps,16616,dictionary_48,2.3690653477048587,1.0371804352719762,0.9131227432874384,0.0,0.7834947187109775,0.06211601701433295,0.34145045022222525,False
am_9db,test,long_gaps,16616,local_pca_8,2.2525922304504906,0.9861883262664548,0.8961658479329528,0.0,0.744974855876037,0.21557106915049498,0.42880351296060104,False
am_9db,test,long_gaps,16616,local_pca_16,2.317699749757658,1.014692497871475,0.9474805217667003,0.0,0.7665071439469245,0.1287780590273887,0.3800564228632392,False
am_9db,test,long_gaps,16616,local_pca_32,2.133972870758124,0.9342565890365795,0.8669246271670242,0.0,0.7057451900730718,0.35862331513090684,0.5119415168883936,False
am_9db,test,long_gaps,16616,local_dictionary_8,2.9173575437154775,1.2772235978911306,1.129902468568124,0.0,0.9648253182661748,-0.19160353372555594,0.07576494440302325,False
am_9db,test,long_gaps,16616,local_dictionary_24,2.5849726254572616,1.1317049719355898,1.0186798041290135,0.0,0.8548993391087033,0.011333467618886104,0.251341475486199,False
am_9db,test,long_gaps,16719,zero_fill,2.4470329001892033,1.0,1.0186618347011898,0.0,0.8092800629867215,,0.7584817890673653,True
am_9db,test,long_gaps,16719,linear,2.465277903180189,1.0074559696314564,1.1197749456898294,0.0,0.8153140305596936,0.0014500773572475687,0.7543218626557441,False
am_9db,test,long_gaps,16719,pchip,2.4760539646988406,1.011859695269072,1.1690539563152451,0.0,0.8188778779210795,0.0013533789002946332,0.7518869791753184,False
am_9db,test,long_gaps,16719,autoregression,2.4487925778076547,1.0007191066447514,1.0276910903568395,0.0,0.8098620216574801,0.013059176563494349,0.7580784717993239,False
am_9db,test,long_gaps,16719,pca_r32_l01,26.610765313844375,10.874706797684185,10.222270081723883,0.0,8.800683402191986,0.01309243101030456,0.08946233330485509,False
am_9db,test,long_gaps,16719,pca_r64_l01,5.942435353805144,2.4284247887904074,3.030198174022567,0.0,1.9652757660308169,0.23714810772174272,0.46381410122114985,False
am_9db,test,long_gaps,16719,pca_r96_l01,3.080764760867434,1.258979705842627,1.9347811702552282,0.0,1.0188671756433254,0.4478758606258657,0.7185614735287604,False
am_9db,test,long_gaps,16719,pca_r64_l001,10.005153740221104,4.0886878715229,4.726316266509791,0.0,3.3088935781990974,0.270830172550774,0.37078970089288416,False
am_9db,test,long_gaps,16719,pca_r64_l1,2.725496489621924,1.1137964223575376,1.4816504626864797,0.0,0.9013732388398931,0.25549039315268196,0.717930907588415,False
am_9db,test,long_gaps,16719,template_1,2.5715122731659674,1.0508695134287485,1.1034283974920087,0.0,0.8504477460184431,-0.24238302065060555,0.729580333374421,False
am_9db,test,long_gaps,16719,dictionary_8,2.577228592776325,1.053205534170405,1.0667861622799442,0.0,0.8523382410313889,0.21881122998003785,0.7372253072222558,False
am_9db,test,long_gaps,16719,dictionary_24,2.5985611527177306,1.061923259191493,0.9920052012642759,0.0,0.8593933220855561,0.08710553401997982,0.7271220467244826,False
am_9db,test,long_gaps,16719,dictionary_48,3.3018123331652873,1.3493126034022644,1.2111599895621947,0.0,1.0919717886701619,-0.4235111716837674,0.5572134762573902,False
am_9db,test,long_gaps,16719,local_pca_8,2.0463856497335158,0.83627222567187,1.021620909031494,0.0,0.6767784394657766,0.5489437714387494,0.8384779143025471,False
am_9db,test,long_gaps,16719,local_pca_16,3.697348226723655,1.5109515799471998,1.9633412175736413,0.0,1.222782989789556,0.1861380251912486,0.5900802167027169,False
am_9db,test,long_gaps,16719,local_pca_32,2.5911999030100867,1.0589150243177101,1.46507619012886,0.0,0.856958817577422,0.25643934319955475,0.7378472655916151,False
am_9db,test,long_gaps,16719,local_dictionary_8,2.3174392175261054,0.9470404821066861,1.158356319444135,0.0,0.7664209810102742,0.3210684597641259,0.786819120521583,False
am_9db,test,long_gaps,16719,local_dictionary_24,2.2542560291058167,0.9212201556143846,1.0799448317533318,0.0,0.7455251055602465,0.38883399336990015,0.799729764094395,False
am_9db,test,long_gaps,16822,zero_fill,2.12908832442439,1.0,0.9930022922752733,0.0,0.7041297782147679,,0.4127514696685033,True
am_9db,test,long_gaps,16822,linear,2.1330305735622983,1.0018516137131015,1.0231407782460256,0.0,0.7054335545679132,0.0005451867868031154,0.40905464911687894,False
am_9db,test,long_gaps,16822,pchip,2.1366489728214297,1.0035511201251286,1.0323461962213079,0.0,0.7066302276408886,-0.00234445708470388,0.4058438977348483,False
am_9db,test,long_gaps,16822,autoregression,2.130028133371673,1.0004414137903543,0.9818251535822565,0.0,0.7044405908090708,0.00333509582262894,0.4118454534034113,False
am_9db,test,long_gaps,16822,pca_r32_l01,2.6795351388031126,1.258536392344145,1.1413038835574503,0.0,0.8861729508164969,-0.31934253208077745,0.05760636147737262,False
am_9db,test,long_gaps,16822,pca_r64_l01,2.707929617630891,1.271872841800959,1.1644446460685773,0.0,0.8955635420146956,-0.3387385934163762,0.04034116493213076,False
am_9db,test,long_gaps,16822,pca_r96_l01,2.667290729529075,1.2527853818606567,1.15409221127883,0.0,0.8821234930802473,-0.3413942824978359,0.05393047966645363,False
am_9db,test,long_gaps,16822,pca_r64_l001,3.8680177811445096,1.8167483879233841,1.5702701435023256,0.0,1.2792266394605294,-0.4729423577603308,-0.24349176891944777,False
am_9db,test,long_gaps,16822,pca_r64_l1,2.301135088970681,1.0808077159470615,0.9830668848628746,0.0,0.761028897322614,-0.11410038524730204,0.28143282171816725,False
am_9db,test,long_gaps,16822,template_1,2.775349273881339,1.3035388161417254,1.270561608029462,0.0,0.917860497504214,0.3536795051523392,0.44283103296457305,False
am_9db,test,long_gaps,16822,dictionary_8,2.2215392110660517,1.043422757797827,0.9198648485708757,0.0,0.7347050350324252,0.20834742890332025,0.4052896043929603,False
am_9db,test,long_gaps,16822,dictionary_24,2.3921324136777997,1.123547758087737,0.9765958828650688,0.0,0.7911234337160178,0.016843614087370715,0.2803368698567182,False
am_9db,test,long_gaps,16822,dictionary_48,2.359124143620901,1.1080442819387037,0.973391458689992,0.0,0.7802069744936411,0.01573200911301906,0.2900512114022236,False
am_9db,test,long_gaps,16822,local_pca_8,2.6728565115865455,1.255399543985178,1.1353139110018209,0.0,0.8839642024772039,-0.3044636950845204,0.06559669347589521,False
am_9db,test,long_gaps,16822,local_pca_16,2.6521749346611623,1.2456857257803955,1.1298769123018506,0.0,0.8771244138190518,-0.26450278448393694,0.08808139124694324,False
am_9db,test,long_gaps,16822,local_pca_32,2.5070567422904215,1.1775259455091969,1.1041993845552407,0.0,0.8291310828535255,-0.1958635774256671,0.16468255696159848,False
am_9db,test,long_gaps,16822,local_dictionary_8,2.251804178120341,1.0576377467708522,0.9412691491783189,0.0,0.7447142320653269,0.2719936493708693,0.430958561095059,False
am_9db,test,long_gaps,16822,local_dictionary_24,2.471005630721221,1.1605932935587677,1.0342605733364247,0.0,0.817208298391082,0.10502330262723106,0.30417547258661043,False
am_9db,test,long_gaps,16925,zero_fill,3.6506767355501717,1.0,1.5049331632621656,0.0,1.2073478449193584,,0.26073589332339214,True
am_9db,test,long_gaps,16925,linear,3.654255588656191,1.0009803259409875,1.5370277048174494,0.0,1.208531439331528,-0.0019702760446014688,0.2573887240425093,False
am_9db,test,long_gaps,16925,pchip,3.6583618411194476,1.0021051180715177,1.5473671027919564,0.0,1.2098894546863062,-0.002441428849637413,0.2538801037399268,False
am_9db,test,long_gaps,16925,autoregression,3.648152893861204,0.9993086647019741,1.4862833108536735,0.0,1.2065131627371701,0.038547349801606796,0.26318590230510663,False
am_9db,test,long_gaps,16925,pca_r32_l01,3.805630128849142,1.0424451148440614,1.4975547226322938,0.0,1.2585938628536906,-0.14291084917719546,0.13767823225816114,False
am_9db,test,long_gaps,16925,pca_r64_l01,3.309677674027957,0.9065929179098284,1.354653090227887,0.0,1.094573005657584,0.5810439453839215,0.5293231548495656,False
am_9db,test,long_gaps,16925,pca_r96_l01,3.251614803910978,0.8906882311016087,1.3335617414356,0.0,1.0753705163155625,0.6107084387095617,0.5625275059319654,False
am_9db,test,long_gaps,16925,pca_r64_l001,2.4453057779057854,0.6698225986687556,1.0529900657600322,0.0,0.8087088709810062,0.8040536101825249,0.8063519466776071,False
am_9db,test,long_gaps,16925,pca_r64_l1,3.754455128491938,1.028427165826866,1.475020411469678,0.0,1.2416693223175903,-0.09288039625968657,0.17608453428153228,False
am_9db,test,long_gaps,16925,template_1,4.9065456012938276,1.3440098800077382,1.9470030718534985,0.0,1.6226874321776683,0.09836413469731105,0.15962862474693348,False
am_9db,test,long_gaps,16925,dictionary_8,4.0113322067161095,1.0987914015102698,1.552103265490122,0.0,1.3266234306293454,-0.2731873735289751,0.006642031895812017,False
am_9db,test,long_gaps,16925,dictionary_24,3.922183425004337,1.0743716053547667,1.5428554808670936,0.0,1.2971402423676288,-0.16887999704445247,0.07569042995858469,False
am_9db,test,long_gaps,16925,dictionary_48,3.7205575063022014,1.0191418676081432,1.4641605821906432,0.0,1.2304587375237817,-0.007993122132099687,0.20938063714482832,False
am_9db,test,long_gaps,16925,local_pca_8,3.3647402804059086,0.9216757670270218,1.3541404755688815,0.0,1.1127832510344713,0.5003011957867343,0.48763038904951056,False
am_9db,test,long_gaps,16925,local_pca_16,3.3681450886861604,0.9226084182933187,1.369628517833496,0.0,1.1139092855308963,0.4846939504952776,0.4831371164207981,False
am_9db,test,long_gaps,16925,local_pca_32,3.3628413394659358,0.9211556056768039,1.3592125299639035,0.0,1.1121552353492756,0.516284019717986,0.4912529749749768,False
am_9db,test,long_gaps,16925,local_dictionary_8,3.571727525714261,0.9783740890922755,1.421501603965228,0.0,1.1812378479904992,0.23340307226138599,0.33855752766702446,False
am_9db,test,long_gaps,16925,local_dictionary_24,3.6692134080323155,1.0050775989836718,1.4398442481785136,0.0,1.2134782731096594,0.12369961406008557,0.2664470720537584,False
am_9db,test,long_gaps,17028,zero_fill,2.8823986063763316,1.0,1.2228981926540021,0.0,0.9532637364788661,,0.3224066797447933,True
am_9db,test,long_gaps,17028,linear,2.8926170950988705,1.0035451337993067,1.2793910364394772,0.0,0.9566431839707106,-0.00040081018771887986,0.3135265289443061,False
am_9db,test,long_gaps,17028,pchip,2.8927035314068528,1.0035751214310626,1.2796072813288173,0.0,0.9566717700926064,-0.00042772831742733246,0.31345460195197644,False
am_9db,test,long_gaps,17028,autoregression,2.8810111306309665,0.999518638490077,1.2059227798917749,0.0,0.9528048720073198,0.028442272342286176,0.32371772646815783,False
am_9db,test,long_gaps,17028,pca_r32_l01,2.6669838852935817,0.9252654644620568,1.1318177241913412,0.0,0.8820220138879538,0.393900726296407,0.4869570964573115,False
am_9db,test,long_gaps,17028,pca_r64_l01,2.776150480646135,0.9631389893489545,1.1429583595749964,0.0,0.9181254717352632,0.2695778588213942,0.4110164854825828,False
am_9db,test,long_gaps,17028,pca_r96_l01,2.8939694552033446,1.0040143125247898,1.2310300170903734,0.0,0.957090435035641,0.11099718545480805,0.32143237381446277,False
am_9db,test,long_gaps,17028,pca_r64_l001,2.985004075583293,1.0355972518790362,1.1766380853645078,0.0,0.9871973058134556,0.10810330437246791,0.28750318923825413,False
am_9db,test,long_gaps,17028,pca_r64_l1,2.7749776883930926,0.962732108686978,1.155992237438681,0.0,0.9177376071551264,0.2775168098271678,0.412925307201944,False
am_9db,test,long_gaps,17028,template_1,3.3219676298896137,1.1525011226902775,1.4557990683017163,0.0,1.098637526511822,0.35508424419761214,0.4204560764280342,False
am_9db,test,long_gaps,17028,dictionary_8,2.7532345450144273,0.9551886886580598,1.0631595818012636,0.0,0.9105467383925303,0.3146402255790483,0.4344264307217783,False
am_9db,test,long_gaps,17028,dictionary_24,2.6189090992269484,0.9085867212929878,1.0756326695583047,0.0,0.8661227728548355,0.42510618088202073,0.5130217977909461,False
am_9db,test,long_gaps,17028,dictionary_48,3.0394934750147335,1.0545014378965083,1.2347877748259226,0.0,1.0052179808115624,0.03156040943635515,0.241207069342797,False
am_9db,test,long_gaps,17028,local_pca_8,3.0791035422203126,1.068243488394991,1.2605290796865398,0.0,1.0183177792166271,-0.15885087887173274,0.17168025730306102,False
am_9db,test,long_gaps,17028,local_pca_16,3.066264735681461,1.0637892791435535,1.2605511685077382,0.0,1.014071743062543,-0.14116017729165706,0.18205088507399603,False
am_9db,test,long_gaps,17028,local_pca_32,2.948774086776489,1.0230278630628409,1.2654264100993478,0.0,0.9752153632652732,0.016441505110698317,0.2750301687828167,False
am_9db,test,long_gaps,17028,local_dictionary_8,3.609186483046301,1.2521469012169923,1.443196090320749,0.0,1.1936262336745438,-0.24631893621240591,-0.027068855828700153,False
am_9db,test,long_gaps,17028,local_dictionary_24,3.5450587484093714,1.2298988559622284,1.4147325050818795,0.0,1.1724179789256364,-0.20934348804131886,0.005730498273006101,False
am_9db,test,long_gaps,17131,zero_fill,2.0889718532005594,1.0,0.981982488786045,0.0,0.6908625024228009,,0.7278758824348059,True
am_9db,test,long_gaps,17131,linear,2.3951172636133795,1.1465531524246093,1.5572305028661741,0.0,0.7921105800448166,-0.012599590521335855,0.6432804290376899,False
am_9db,test,long_gaps,17131,pchip,2.4343707709931057,1.1653439787919369,1.5844137358912085,0.0,0.805092457371541,-0.011823627989715984,0.6334784320844192,False
am_9db,test,long_gaps,17131,autoregression,2.0860506055142007,0.9986015859036669,1.034959224121579,0.0,0.6898963905607849,0.11344932703300914,0.7289025882034174,False
am_9db,test,long_gaps,17131,pca_r32_l01,5.710022140619717,2.733412674695098,2.487368998426977,0.0,1.888412320594057,-0.31938817523199786,0.11331499590576916,False
am_9db,test,long_gaps,17131,pca_r64_l01,2.4496382351603296,1.172652580936974,1.3566375728030364,0.0,0.8101416965386741,0.2287817313972665,0.6600245404185136,False
am_9db,test,long_gaps,17131,pca_r96_l01,1.9756163566748324,0.9457362260041692,1.209487325086685,0.0,0.653373695729136,0.5558480743525311,0.7904272519837172,False
am_9db,test,long_gaps,17131,pca_r64_l001,4.230972369705191,2.025385054002918,2.1569500479147568,0.0,1.399262586778196,0.13279161464979158,0.4346712624302926,False
am_9db,test,long_gaps,17131,pca_r64_l1,1.787890733970695,0.8558711460048772,0.9115373969807866,0.0,0.5912892816804,0.5269113557122259,0.8100790446827121,False
am_9db,test,long_gaps,17131,template_1,3.7279832038017124,1.7846019313711614,1.8558249938374902,0.0,1.232914556135644,-0.39887638453525615,0.29849535109398845,False
am_9db,test,long_gaps,17131,dictionary_8,2.8060655942586474,1.3432759230141913,1.4564128170105162,0.0,0.928018965617882,-0.3326784553814559,0.5119744201270315,False
am_9db,test,long_gaps,17131,dictionary_24,2.5342277181214743,1.2131459379113838,1.3329138665309854,0.0,0.8381170384695146,-0.2906414894050773,0.5904668316322181,False
am_9db,test,long_gaps,17131,dictionary_48,2.301108714604548,1.1015508471686535,1.220803276714961,0.0,0.7610201748208922,-0.03316210259063117,0.6661106316952848,False
am_9db,test,long_gaps,17131,local_pca_8,2.543333274236637,1.2175048076114288,1.42353456460944,0.0,0.8411284180982226,0.21585989850194093,0.6425080755300488,False
am_9db,test,long_gaps,17131,local_pca_16,2.2262605974696332,1.0657207247951812,1.2856913777625922,0.0,0.7362664868158402,0.2542683460988685,0.7033284907443562,False
am_9db,test,long_gaps,17131,local_pca_32,2.1215350665339057,1.015588153226409,1.1693879243176502,0.0,0.7016317729689481,0.24660782086798386,0.7240484588150837,False
am_9db,test,long_gaps,17131,local_dictionary_8,1.86489741197894,0.8927345809478907,1.0610419581335198,0.0,0.6167568465930303,0.45312419547155186,0.7908642488837488,False
am_9db,test,long_gaps,17131,local_dictionary_24,1.9125159866584003,0.9155298017674066,1.0622787793771165,0.0,0.6325052098916814,0.40229136683649264,0.7783872437139284,False
am_9db,test,long_gaps,17233,zero_fill,2.6060608209608636,1.0,1.1800189572984567,0.0,0.8618736042214085,,0.3484248846164736,True
am_9db,test,long_gaps,17233,linear,2.6142531088589,1.0031435520737446,1.2316363250114495,0.0,0.8645829487772646,-0.0006406226044961059,0.34107591051939473,False
am_9db,test,long_gaps,17233,pchip,2.6176142616447695,1.0044332966410379,1.240970874503067,0.0,0.8656945455760024,-0.0009566857571431386,0.3382524876738044,False
am_9db,test,long_gaps,17233,autoregression,2.604847146516082,0.9995342877514524,1.1667030214801948,0.0,0.8614722191272228,0.03039579258921837,0.34959507811128504,False
am_9db,test,long_gaps,17233,pca_r32_l01,2.6997720853704026,1.0359589705872587,1.1115302008329715,0.0,0.8928656918055408,0.11283693654340615,0.31340760794479305,False
am_9db,test,long_gaps,17233,pca_r64_l01,2.6830224445929205,1.029531783377059,1.1377541745080957,0.0,0.8873262687996804,0.09790030717697143,0.3138516736720226,False
am_9db,test,long_gaps,17233,pca_r96_l01,2.690775654716073,1.0325068521324743,1.1743833973864852,0.0,0.8898904020307165,0.07516551195173529,0.3039629097404317,False
am_9db,test,long_gaps,17233,pca_r64_l001,2.638125323847119,1.0123038198603642,1.125961716897273,0.0,0.8724779417901515,0.3118732677576783,0.42565615533818124,False
am_9db,test,long_gaps,17233,pca_r64_l1,2.705317620371392,1.0380869082610023,1.1210382401435453,0.0,0.8946997051179687,-0.02231073760723072,0.2747387094361611,False
am_9db,test,long_gaps,17233,template_1,4.308952655275342,1.6534351848651854,1.8014795444951293,0.0,1.4250521421262483,-0.04795973245650904,0.05480152514181564,False
am_9db,test,long_gaps,17233,dictionary_8,2.9848765935851724,1.1453595286715672,1.2208972345517959,0.0,0.9871551451054974,-0.27785398596051164,0.07784965326197983,False
am_9db,test,long_gaps,17233,dictionary_24,2.8018428444932773,1.0751256539976792,1.1513268123911669,0.0,0.9266224224018786,-0.055154102548255625,0.22092430732421794,False
am_9db,test,long_gaps,17233,dictionary_48,2.8133584588304745,1.0795444358789676,1.1587423130996353,0.0,0.9304308538681729,-0.18120560964851137,0.1858280074951467,False
am_9db,test,long_gaps,17233,local_pca_8,2.701984970159531,1.0368081007270198,1.143693126119479,0.0,0.8935975346595497,0.051476953282845024,0.2926834732286631,False
am_9db,test,long_gaps,17233,local_pca_16,2.695348179709195,1.0342614255316616,1.1468326639863908,0.0,0.8914026225301451,0.05854871941919787,0.2974019716938417,False
am_9db,test,long_gaps,17233,local_pca_32,2.7248761573538567,1.0455919276470245,1.1623774352374387,0.0,0.9011680832259512,0.01397641797931288,0.27283448635424234,False
am_9db,test,long_gaps,17233,local_dictionary_8,3.0155697835443336,1.1571371471032985,1.2145902420232442,0.0,0.997305963552398,-0.09918697608438853,0.13617909336478237,False
am_9db,test,long_gaps,17233,local_dictionary_24,3.122277184581554,1.198083006915533,1.280079385815221,0.0,1.0325961193267132,-0.3123661818686939,0.013107303662420378,False
am_9db,test,long_gaps,17336,zero_fill,2.136011191384504,1.0,0.9933422862123277,0.0,0.7064193012567737,,0.41376324866810604,True
am_9db,test,long_gaps,17336,linear,2.143560390302839,1.0035342506391278,1.0373956810819895,0.0,0.7089159641237327,0.00015368319565293304,0.40683479566909947,False
am_9db,test,long_gaps,17336,pchip,2.1471056863767655,1.0051940247490325,1.0471550754068562,0.0,0.7100884605906957,-0.0024860556364079997,0.4039224812974514,False
am_9db,test,long_gaps,17336,autoregression,2.134956964529046,0.9995064506872855,0.9779958163748057,0.0,0.7060706484961503,0.030268182754584257,0.41474192257055426,False
am_9db,test,long_gaps,17336,pca_r32_l01,2.4245450205231105,1.1350806729395395,1.0345490009435154,0.0,0.8018428958480182,-0.13728755751442148,0.220581832158693,False
am_9db,test,long_gaps,17336,pca_r64_l01,2.3135639524479163,1.0831235162903465,1.0602193655948715,0.0,0.7651393575526064,-0.058997544056119934,0.29063763282269,False
am_9db,test,long_gaps,17336,pca_r96_l01,2.1100164411280287,0.9878302368633067,0.9901737020153465,0.0,0.6978223456852903,0.2032962936557597,0.44306080740226195,False
am_9db,test,long_gaps,17336,pca_r64_l001,2.404896124338034,1.1258817997012676,1.0923829161865142,0.0,0.7953446342426882,0.04244219019295747,0.2905303452298721,False
am_9db,test,long_gaps,17336,pca_r64_l1,2.2946581178543637,1.0742725165063527,0.9991239098191419,0.0,0.7588868404697735,-0.10691395984730834,0.2919016187128753,False
am_9db,test,long_gaps,17336,template_1,3.1293088866903704,1.4650245744555477,1.2779752098993362,0.0,1.0349216362108902,0.019801251667589937,0.17590231383304952,False
am_9db,test,long_gaps,17336,dictionary_8,2.1681525553981134,1.0150473762231442,0.9539430738302793,0.0,0.7170490582540751,0.13852803818470175,0.40249869056015486,False
am_9db,test,long_gaps,17336,dictionary_24,2.47899366678788,1.1605714786452332,1.022071809329306,0.0,0.8198500930031063,-0.2606993411558762,0.1633666521565229,False
am_9db,test,long_gaps,17336,dictionary_48,2.5419970794934366,1.190067303835512,1.059082103341668,0.0,0.840686513224015,-0.3072165322957094,0.12160671804247031,False
am_9db,test,long_gaps,17336,local_pca_8,2.1137319340495795,0.989569690727845,0.9055394743922579,0.0,0.699051129468846,0.18840580039302965,0.4385637338088185,False
am_9db,test,long_gaps,17336,local_pca_16,2.133370641744132,0.9987637940985409,0.9137174980675103,0.0,0.7055460215476553,0.15380919718636563,0.4226369319785886,False
am_9db,test,long_gaps,17336,local_pca_32,2.1271591288240996,0.9958557976680511,0.9316169045478863,0.0,0.7034917567411718,0.16399115350283502,0.42756370109320807,False
am_9db,test,long_gaps,17336,local_dictionary_8,2.6903492306832946,1.2595201942455572,1.104975519967443,0.0,0.8897493755377424,-0.3007925213519586,0.06539784982799815,False
am_9db,test,long_gaps,17336,local_dictionary_24,2.397798093450826,1.122558768943827,1.0161687429149404,0.0,0.7929971811769624,-0.18478446557784636,0.22126557614483525,False
am_9db,test,long_gaps,17439,zero_fill,3.0301069635498794,1.0,1.2622374911355128,0.0,1.0021136839347549,,0.317743476990992,True
am_9db,test,long_gaps,17439,linear,3.033400814920986,1.0010870412862416,1.2859273332110266,0.0,1.0032030228826996,0.0015752276744800662,0.3148156098069101,False
am_9db,test,long_gaps,17439,pchip,3.0341555784181384,1.0013361293568053,1.2883399836433627,0.0,1.0034526374467165,0.0012396387314757389,0.3141951079948758,False
am_9db,test,long_gaps,17439,autoregression,3.0279876163988453,0.9993005701856309,1.2493780551222222,0.0,1.0014127757468236,0.03492012091111076,0.3196737739269459,False
am_9db,test,long_gaps,17439,pca_r32_l01,2.686703298831483,0.8866694579269616,1.0633832414669706,0.0,0.8885435969156197,0.5229215834796701,0.5613691272389327,False
am_9db,test,long_gaps,17439,pca_r64_l01,2.699844180316584,0.8910062294149574,1.0877199717354429,0.0,0.8928895349678384,0.49141512306147295,0.5482988533742835,False
am_9db,test,long_gaps,17439,pca_r96_l01,2.71867172604917,0.8972197215322552,1.1506685671622443,0.0,0.8991161604436032,0.4872068933448078,0.5404218316697589,False
am_9db,test,long_gaps,17439,pca_r64_l001,2.694000798262582,0.8890777885631018,1.1023958541529806,0.0,0.8909570180015352,0.4579005364623431,0.5380866064951186,False
am_9db,test,long_gaps,17439,pca_r64_l1,2.8618646385977184,0.9444764402788411,1.1221812337015127,0.0,0.946472764957413,0.35965720568023235,0.4512118051742124,False
am_9db,test,long_gaps,17439,template_1,3.8809800930761598,1.2808063014810052,1.4840698222967839,0.0,1.2835135211839783,0.00033555375014922685,0.12320029487436476,False
am_9db,test,long_gaps,17439,dictionary_8,3.095322747533224,1.0215226012704655,1.1680926925794655,0.0,1.02368177718176,0.09619498378049188,0.2915623877328868,False
am_9db,test,long_gaps,17439,dictionary_24,3.260173345812358,1.0759268187658126,1.2304529071442634,0.0,1.0782009879976098,-0.06459001168531862,0.18060278178858732,False
am_9db,test,long_gaps,17439,dictionary_48,2.923865549820171,0.9649380648908701,1.117449903193679,0.0,0.9669776389766634,0.2629966874880817,0.40383869095502306,False
am_9db,test,long_gaps,17439,local_pca_8,2.939626910622576,0.9701396505088049,1.1374520975060691,0.0,0.9721902191025541,0.24197313621193467,0.39220545767666215,False
am_9db,test,long_gaps,17439,local_pca_16,2.9131994687245286,0.9614180303759345,1.1551168037956996,0.0,0.9634501642213237,0.2761397249722503,0.4113927147076331,False
am_9db,test,long_gaps,17439,local_pca_32,2.961091076852792,0.9772232836902124,1.1788066612181056,0.0,0.9792888248456169,0.21455456782935592,0.37660471091053177,False
am_9db,test,long_gaps,17439,local_dictionary_8,3.213858174490951,1.060641823259533,1.2621585134823625,0.0,1.062883684841886,-0.04116467075267421,0.20511578476897083,False
am_9db,test,long_gaps,17439,local_dictionary_24,2.9559848854194937,0.9755381314844579,1.1494160817163668,0.0,0.9776001107607174,0.22610472392875502,0.3814792616135522,False
am_9db,test,long_gaps,17542,zero_fill,2.2425917229934575,1.0,0.948283089730964,0.0,0.7416674989115674,,0.3976168222019974,True
am_9db,test,long_gaps,17542,linear,2.2552760603166933,1.005656106367103,1.0193767152640307,0.0,0.7458624491744344,0.001985076518249107,0.38614977063605227,False
am_9db,test,long_gaps,17542,pchip,2.260055153999646,1.0077871646573624,1.0391990815765975,0.0,0.747442985846606,0.002487751540878011,0.38207108418187846,False
am_9db,test,long_gaps,17542,autoregression,2.2433125624902237,1.00032143144442,0.9400162463616005,0.0,0.741905894167022,0.011609850499939935,0.3969390146127575,False
am_9db,test,long_gaps,17542,pca_r32_l01,1.7653916446984002,0.7872104523519418,0.7865465019601195,0.0,0.5838484073129082,0.6400982495727805,0.7011233354698606,False
am_9db,test,long_gaps,17542,pca_r64_l01,1.8149859297660635,0.8093251710317485,0.7833870090657766,0.0,0.6002501754052935,0.6186236022748914,0.6811985550681163,False
am_9db,test,long_gaps,17542,pca_r96_l01,1.7925036447102476,0.7993000359055891,0.7917777263649549,0.0,0.5928148585100244,0.6417321484413988,0.694663002794565,False
am_9db,test,long_gaps,17542,pca_r64_l001,2.1197272717573137,0.9452131879483877,0.9734672946438467,0.0,0.7010339010439101,0.5473432841230537,0.6197750926507127,False
am_9db,test,long_gaps,17542,pca_r64_l1,2.0093459988853937,0.8959927829410149,0.8171586828637993,0.0,0.6645287263666776,0.4938268775574505,0.5792174941652334,False
am_9db,test,long_gaps,17542,template_1,2.612209276240986,1.1648171396771925,1.1267261316714132,0.0,0.8639070146737095,0.5099413848820188,0.5698778755446101,False
am_9db,test,long_gaps,17542,dictionary_8,1.6751431272157742,0.7469674974898055,0.7379404760253686,0.0,0.5540015156314965,0.6648191890563852,0.7281859389848387,False
am_9db,test,long_gaps,17542,dictionary_24,1.7497447328844438,0.7802332965667279,0.7449615154436872,0.0,0.5786736776321724,0.6255001198590839,0.698230087207444,False
am_9db,test,long_gaps,17542,dictionary_48,1.7904828486459048,0.7983989373937096,0.7549571088864235,0.0,0.5921465430304457,0.6021334646951823,0.680715418960516,False
am_9db,test,long_gaps,17542,local_pca_8,2.3371951536165883,1.042184865686052,0.9850681092783219,0.0,0.772954642736862,0.13739543516504385,0.3642128174556392,False
am_9db,test,long_gaps,17542,local_pca_16,2.27381001299483,1.0139206301714616,0.9398235266996894,0.0,0.7519919778741082,0.1803948084335619,0.39958847522868696,False
am_9db,test,long_gaps,17542,local_pca_32,2.4090359705614475,1.074219594169293,1.005441363820788,0.0,0.7967137596893383,0.03500109110168447,0.3053340822323505,False
am_9db,test,long_gaps,17542,local_dictionary_8,2.0278199252252267,0.9042305402422742,0.8354957312519194,0.0,0.6706384032209428,0.462767590340896,0.5745156383012421,False
am_9db,test,long_gaps,17542,local_dictionary_24,1.9131169593174937,0.8530830376756344,0.8267170088807403,0.0,0.6327039629167702,0.5289491859728805,0.6257792939677725,False
am_9db,test,long_gaps,17645,zero_fill,2.2727388109344036,1.0,0.9625628350872415,0.0,0.7516377110921346,,0.3897644681215108,True
am_9db,test,long_gaps,17645,linear,2.2823607416972673,1.00423362804233,1.012671462822415,0.0,0.754819865583487,-0.001104366768846882,0.38150301702829326,False
am_9db,test,long_gaps,17645,pchip,2.2916322833258613,1.0083130856482756,1.0284212058305897,0.0,0.7578861397609175,-0.002606384231645049,0.37416066156526084,False
am_9db,test,long_gaps,17645,autoregression,2.272693240310073,0.9999799490270895,0.9512859217141071,0.0,0.7516226400247511,0.015436363618790262,0.38978036290345247,False
am_9db,test,long_gaps,17645,pca_r32_l01,2.662887746890598,1.171664660311666,1.0056021248333127,0.0,0.880667343444204,-0.37045519803873156,0.08777782030365634,False
am_9db,test,long_gaps,17645,pca_r64_l01,2.7570866258434945,1.213111956630845,1.08464708759848,0.0,0.9118206943805092,-0.39443857778255964,0.03572610919616671,False
am_9db,test,long_gaps,17645,pca_r96_l01,2.7797743797402013,1.223094517665819,1.0862250781357918,0.0,0.9193239637076747,-0.427643632650435,0.01568492772166299,False
am_9db,test,long_gaps,17645,pca_r64_l001,3.098302071083011,1.3632459903340979,1.2678270947844958,0.0,1.0246670958302515,-0.3427589287983478,-0.04979598967387741,False
am_9db,test,long_gaps,17645,pca_r64_l1,2.555626152594588,1.124469798420822,0.9649386803219242,0.0,0.8451939054772608,-0.3322419315084445,0.1564910047128938,False
am_9db,test,long_gaps,17645,template_1,4.301816360657752,1.8927895893541427,1.6228403747480695,0.0,1.4226920345211693,-0.6731054010959612,-0.4325155041698951,False
am_9db,test,long_gaps,17645,dictionary_8,3.0016782873627386,1.3207317413339907,1.116777540146985,0.0,0.9927117830230101,-0.2949634624910434,-0.0031387080745755025,False
am_9db,test,long_gaps,17645,dictionary_24,2.8096173542142067,1.236225359771576,1.0729085423399911,0.0,0.929193599812758,-0.2993874517117678,0.04806067836259992,False
am_9db,test,long_gaps,17645,dictionary_48,2.768784039243119,1.2182587923971668,1.0557608697728689,0.0,0.9156892502352745,-0.32120404828888033,0.05451122445345452,False
am_9db,test,long_gaps,17645,local_pca_8,2.6391481722372934,1.161219300493331,1.0003260613046916,0.0,0.8728162170988172,-0.3146233367072935,0.11317792799811292,False
am_9db,test,long_gaps,17645,local_pca_16,2.636666465917385,1.1601273552561713,1.0257590540240051,0.0,0.8719954698801203,-0.3125316021622049,0.11492304961330099,False
am_9db,test,long_gaps,17645,local_pca_32,2.6113925849677524,1.1490069040947632,0.9980776599872463,0.0,0.8636369194228477,-0.3232174870860017,0.12568070438043372,False
am_9db,test,long_gaps,17645,local_dictionary_8,2.8121885213149653,1.2373566675524739,1.1188559472633093,0.0,0.9300439334037327,-0.18280330105811032,0.09801636698256555,False
am_9db,test,long_gaps,17645,local_dictionary_24,2.6528877115901506,1.1672646671174038,1.0324809013237175,0.0,0.8773601426308478,0.07903021141421299,0.26677100187540115,False
am_9db,test,long_gaps,17748,zero_fill,2.1392933024863416,1.0,0.9862024135341888,0.0,0.7075047574756169,,0.42298706512335904,True
am_9db,test,long_gaps,17748,linear,2.157784077780435,1.0086434035354586,1.068855641129992,0.0,0.7136200065977356,-0.0006386916532898996,0.4075010131981637,False
am_9db,test,long_gaps,17748,pchip,2.173428269915558,1.0159561886112314,1.0879688161469554,0.0,0.7187938368292414,-0.0014238224400063464,0.39607581049097235,False
am_9db,test,long_gaps,17748,autoregression,2.1334316341544346,0.9972599978109152,0.9652622581614841,0.0,0.7055661928913458,0.07868031463997845,0.4282695315090113,False
am_9db,test,long_gaps,17748,pca_r32_l01,2.361439382104359,1.1038408708893883,0.9812947041734953,0.0,0.7809726676502707,-0.1590576662823404,0.2599748401845576,False
am_9db,test,long_gaps,17748,pca_r64_l01,2.3238613422770804,1.0862752384519827,1.0358366002179153,0.0,0.768544899132738,-0.10341089758593146,0.289974576930768,False
am_9db,test,long_gaps,17748,pca_r96_l01,2.443297699295602,1.1421050570559628,1.1026905741957134,0.0,0.8080447614040547,-0.20189186896882655,0.2098086706317132,False
am_9db,test,long_gaps,17748,pca_r64_l001,2.404721853805001,1.1240730062634101,1.1450568628863482,0.0,0.7952869996812818,0.011060683181218781,0.28887453039486444,False
am_9db,test,long_gaps,17748,pca_r64_l1,2.362183055921768,1.1041884968163918,0.9825946365326458,0.0,0.7812186146474474,-0.22244818148765677,0.24950591544410258,False
am_9db,test,long_gaps,17748,template_1,2.900277813989144,1.355717708562153,1.2241100629140464,0.0,0.9591767286016653,0.07800586663172053,0.24356465548465245,False
am_9db,test,long_gaps,17748,dictionary_8,2.8539807900360894,1.3340764385692787,1.11840949515618,0.0,0.9438654271238924,-0.46575793577628655,-0.038344103473746484,False
am_9db,test,long_gaps,17748,dictionary_24,2.4046751887822437,1.1240511929745531,0.96667670280248,0.0,0.7952715666756391,-0.23731011067481234,0.22251611044496628,False
am_9db,test,long_gaps,17748,dictionary_48,2.500905882782972,1.1690336616659132,0.9994024031769992,0.0,0.8270968772777745,-0.32930751043614237,0.152947282744724,False
am_9db,test,long_gaps,17748,local_pca_8,2.0743484316864653,0.9696419043034465,0.9082117344912145,0.0,0.6860262603424054,0.25016262540993783,0.47826132815584027,False
am_9db,test,long_gaps,17748,local_pca_16,2.068341417647131,0.9668339611231669,0.9155302550793365,0.0,0.6840396271836363,0.263954881590946,0.4834734972149984,False
am_9db,test,long_gaps,17748,local_pca_32,1.9811557479942046,0.9260795355604837,0.8581871007526317,0.0,0.655205677209852,0.4015067335872095,0.5473081759054836,False
am_9db,test,long_gaps,17748,local_dictionary_8,2.3568998106785637,1.10171887507866,0.9548812521938351,0.0,0.779471345518837,0.025802425719636243,0.3092054071439583,False
am_9db,test,long_gaps,17748,local_dictionary_24,1.838738440731627,0.8595074077007571,0.7971738678586942,0.0,0.6081055800338204,0.5323891816844271,0.6330425990752325,False
am_9db,test,long_gaps,17850,zero_fill,2.5877523301111873,1.0,1.100980366755026,0.0,0.8558186400127653,,0.35143281662682824,True
am_9db,test,long_gaps,17850,linear,2.5924132466219274,1.0018011447449995,1.1352488709815998,0.0,0.8573600932588971,0.0002404454786700543,0.3471067811933277,False
am_9db,test,long_gaps,17850,pchip,2.5992302681859987,1.0044354855529463,1.152231667920043,0.0,0.8596146112264842,-0.0027624938099442475,0.34155625596884814,False
am_9db,test,long_gaps,17850,autoregression,2.583969603752526,0.9985382193208193,1.0842372009957382,0.0,0.854567620859912,0.056138101246375624,0.35503128124452277,False
am_9db,test,long_gaps,17850,pca_r32_l01,2.2211704968380928,0.8583396760935991,0.9548416641733795,0.0,0.7345830942634214,0.537385109440064,0.604633985663806,False
am_9db,test,long_gaps,17850,pca_r64_l01,2.326087889397297,0.8988835068684307,0.9995363208773711,0.0,0.7692812603780456,0.4420384937950344,0.5416890049251949,False
am_9db,test,long_gaps,17850,pca_r96_l01,2.4712268906072112,0.9549704049541057,1.0693975197456977,0.0,0.8172814732202626,0.3038693369103314,0.4501639384869574,False
am_9db,test,long_gaps,17850,pca_r64_l001,2.645246093404692,1.0222176452609104,1.15399453483205,0.0,0.8748329149642439,0.4687510022549365,0.5354588098045815,False
am_9db,test,long_gaps,17850,pca_r64_l1,2.6764240931132264,1.0342659388111648,1.0870023380481952,0.0,0.885144069164897,-0.024955418206869088,0.28355488553128716,False
am_9db,test,long_gaps,17850,template_1,1.8661400770630336,0.7211432312700696,0.85488324400011,0.0,0.6171678194399621,0.8436695795656564,0.855724685581657,False
am_9db,test,long_gaps,17850,dictionary_8,1.8816655572370724,0.7271428317702349,0.8245681614784371,0.0,0.6223023893806334,0.7839980062286904,0.7773269552616876,False
am_9db,test,long_gaps,17850,dictionary_24,2.348739089825191,0.9076367403847622,0.9502825743681068,0.0,0.7767724407817065,0.43490703990998975,0.531798810978187,False
am_9db,test,long_gaps,17850,dictionary_48,2.367121114537725,0.9147402118022699,0.9535505013612509,0.0,0.7828517240296078,0.44285677845197985,0.525386304833957,False
am_9db,test,long_gaps,17850,local_pca_8,2.7129804591278237,1.0483926253526958,1.1032110577645018,0.0,0.8972339508287568,0.06673715193630245,0.28932509991384325,False
am_9db,test,long_gaps,17850,local_pca_16,2.7153571109971386,1.0493110485888224,1.1178227460026033,0.0,0.8980199545536548,0.06406528638512894,0.287581123150519,False
am_9db,test,long_gaps,17850,local_pca_32,2.5796323626765636,0.9968621543336511,1.0799356440688768,0.0,0.8531332132020208,0.1616833185536334,0.36873615323337583,False
am_9db,test,long_gaps,17850,local_dictionary_8,2.3605871127427784,0.9122152399497024,0.9931353790855041,0.0,0.7806908060526728,0.409698715479956,0.520344143281659,False
am_9db,test,long_gaps,17850,local_dictionary_24,2.4050673967911984,0.9294040116612939,1.0005681271223714,0.0,0.795401277282377,0.3685853209735119,0.4928054159094623,False
am_9db,test,long_gaps,17953,zero_fill,1.9470839326151315,1.0,0.8078455940842101,0.0,0.6439374834336603,,0.445785361593858,True
am_9db,test,long_gaps,17953,linear,1.954564267062161,1.0038418140696086,0.8517988069315304,0.0,0.6464113715174642,0.0013708533824531824,0.43904357467611743,False
am_9db,test,long_gaps,17953,pchip,1.9601229346295415,1.0066966820464167,0.8658381147099347,0.0,0.6482497280179853,0.00012911484616559066,0.43436259903612107,False
am_9db,test,long_gaps,17953,autoregression,1.9439113681098694,0.9983706072182512,0.7953051218014952,0.0,0.6428882563462561,0.059244214533298784,0.44870340443285645,False
am_9db,test,long_gaps,17953,pca_r32_l01,1.7210974044114997,0.8839359082481314,0.6789677655301444,0.0,0.5691994642739487,0.5002507451296669,0.6248062714422935,False
am_9db,test,long_gaps,17953,pca_r64_l01,1.9266873872231636,0.989524567970435,0.7846644118927575,0.0,0.637191960094662,0.37469659428231394,0.5294533409379907,False
am_9db,test,long_gaps,17953,pca_r96_l01,1.9695165653447537,1.0115211431586788,0.8341589141466218,0.0,0.6513563793655389,0.38029804553814156,0.5257862711063827,False
am_9db,test,long_gaps,17953,pca_r64_l001,3.5945495548187574,1.8461194685074065,1.535366445871912,0.0,1.188785524668546,0.3044542081240312,0.3774090565235817,False
am_9db,test,long_gaps,17953,pca_r64_l1,1.8645992661845243,0.9576368203502035,0.7042103379047889,0.0,0.6166582441397224,0.2961120511993203,0.5162401533635891,False
am_9db,test,long_gaps,17953,template_1,4.089445736190657,2.1002924772216245,1.555255609895758,0.0,1.3524570522567416,-0.36965186891639734,-0.1749116727173221,False
am_9db,test,long_gaps,17953,dictionary_8,1.6620276884636576,0.8535983789005878,0.6707211476725157,0.0,0.5496639919722965,0.5398863454065248,0.6532064263370617,False
am_9db,test,long_gaps,17953,dictionary_24,1.683844094303139,0.8648030349886178,0.643918777223418,0.0,0.5568790900163623,0.5036109767566206,0.6335432913187498,False
am_9db,test,long_gaps,17953,dictionary_48,1.82123075868363,0.9353632517718597,0.6803294838929762,0.0,0.6023154584422966,0.3813555592664384,0.5545660989538518,False
am_9db,test,long_gaps,17953,local_pca_8,2.2119383998609723,1.1360262199329612,0.8563864395497215,0.0,0.7315298651782849,0.13813466225412677,0.3604094317150666,False
am_9db,test,long_gaps,17953,local_pca_16,2.231405803989731,1.1460244556549375,0.8760050619083682,0.0,0.7379681039278709,0.11907607518790299,0.3472003681583848,False
am_9db,test,long_gaps,17953,local_pca_32,2.1572307463394433,1.1079289958713097,0.8366960857121243,0.0,0.7134370094245536,0.08351766758345636,0.35034546116495946,False
am_9db,test,long_gaps,17953,local_dictionary_8,2.579429289323572,1.3247653304082976,0.9508258902622237,0.0,0.8530660530032806,-0.027447751904526717,0.2059713157987812,False
am_9db,test,long_gaps,17953,local_dictionary_24,2.769763796230432,1.422518952488277,0.9915821166691305,0.0,0.9160132744019879,-0.16427508797240614,0.0961633246844033,False
am_9db,test,long_gaps,18056,zero_fill,2.3803583655407885,1.0,1.0074420347784,0.0,0.7872295333041384,,0.376721328582464,True
am_9db,test,long_gaps,18056,linear,2.3906218149689575,1.0043117244767628,1.051459432527654,0.0,0.7906238501517162,-0.0010961117887705325,0.36788489678167674,False
am_9db,test,long_gaps,18056,pchip,2.3926714227591797,1.0051727745690064,1.0564378410824264,0.0,0.7913016942139849,-0.0017902316332704738,0.36632221743943005,False
am_9db,test,long_gaps,18056,autoregression,2.378742558336379,0.9993211916206396,0.9933863026264146,0.0,0.7866951553004515,0.036993660221932866,0.378260296745098,False
am_9db,test,long_gaps,18056,pca_r32_l01,2.5429943492896077,1.0683241591279766,0.9348789406389225,0.0,0.8410163292078531,0.06131219045457555,0.29696418769408656,False
am_9db,test,long_gaps,18056,pca_r64_l01,2.6644464328462205,1.119346763671398,1.0300536227044592,0.0,0.8811828303705324,0.00278006577691138,0.23825724825569863,False
am_9db,test,long_gaps,18056,pca_r96_l01,2.5892215247781247,1.0877444179250233,1.019272307706993,0.0,0.8563045304772978,0.13977463096408682,0.32054130599437164,False
am_9db,test,long_gaps,18056,pca_r64_l001,3.537724127470275,1.4862149240568434,1.3663477419136723,0.0,1.1699922810549142,-0.20819162780535921,-0.022322563103436416,False
am_9db,test,long_gaps,18056,pca_r64_l1,2.4176672505070993,1.015673642047522,0.9254920053279566,0.0,0.7995682872183854,0.09695521385899393,0.3567078819707179,False
am_9db,test,long_gaps,18056,template_1,2.516648327431738,1.0572560686088064,1.0324427509326182,0.0,0.8323032014738787,0.43135690262165854,0.5133418886981054,False
am_9db,test,long_gaps,18056,dictionary_8,2.378869371576443,0.9993744664728215,0.9267898900238265,0.0,0.7867370948374716,0.16431021241152632,0.3894252052534878,False
am_9db,test,long_gaps,18056,dictionary_24,2.58122146109186,1.0843835526863779,0.9351406174157841,0.0,0.8536587581039807,-0.011867643413246703,0.2584075390666553,False
am_9db,test,long_gaps,18056,dictionary_48,2.6591078268979955,1.117103989631359,0.9657605697500141,0.0,0.8794172524096857,-0.11602463701516011,0.1954213799607359,False
am_9db,test,long_gaps,18056,local_pca_8,2.4996932293275322,1.050133150333283,0.9270280581368278,0.0,0.8266958298440749,0.1966933480879095,0.3667807109917022,False
am_9db,test,long_gaps,18056,local_pca_16,2.500519145429835,1.0504801216609028,0.9753953870524905,0.0,0.8269689759203869,0.2048784217770245,0.3707790394482468,False
am_9db,test,long_gaps,18056,local_pca_32,2.5395623243389784,1.066882348936573,0.9583352474298399,0.0,0.8398812936437615,0.133642662965838,0.32794944356051714,False
am_9db,test,long_gaps,18056,local_dictionary_8,2.812857084186196,1.1816947922239218,1.053553126691522,0.0,0.9302650397903688,-0.11846978467971561,0.1451557852373888,False
am_9db,test,long_gaps,18056,local_dictionary_24,3.064050065447952,1.2872221720076324,1.108669937822599,0.0,1.0133393097283079,-0.24312904808633448,0.024148317203965958,False
am_9db,test,long_gaps,18159,zero_fill,2.966400570401705,1.0,1.1413596466910552,0.0,0.9810447747853825,,0.31454716295189333,True
am_9db,test,long_gaps,18159,linear,2.9776759783561166,1.0038010402461879,1.2016466528178857,0.0,0.9847737654576539,0.0007304873985785821,0.3046696014237948,False
am_9db,test,long_gaps,18159,pchip,2.9804008923383245,1.0047196329707837,1.2086568502864021,0.0,0.9856749460502747,0.00032717442387622726,0.30246137068496454,False
am_9db,test,long_gaps,18159,autoregression,2.961936463315546,0.9984951098207365,1.118697788676254,0.0,0.9795684101383905,0.06340203154582214,0.3188325013478919,False
am_9db,test,long_gaps,18159,pca_r32_l01,2.9831675713202435,1.0056523050480224,1.1121740782202785,0.0,0.9865899391182381,0.1599914014588575,0.3262463556251226,False
am_9db,test,long_gaps,18159,pca_r64_l01,2.9707363337121167,1.0014616243516379,1.1513402373983064,0.0,0.982478693718256,0.17644437220953418,0.33618590074311416,False
am_9db,test,long_gaps,18159,pca_r96_l01,3.0590129033546387,1.031220440650196,1.1807449280445528,0.0,1.0116734249517545,0.06805756643440396,0.26887151214130445,False
am_9db,test,long_gaps,18159,pca_r64_l001,3.1774439336496783,1.0711445936714454,1.3202170178751427,0.0,1.0508408066609833,0.37909313043644466,0.4453100439985636,False
am_9db,test,long_gaps,18159,pca_r64_l1,3.135695251503379,1.057070741824577,1.1737442259799824,0.0,1.0370337278455095,-0.14954804774636932,0.18104932277580915,False
am_9db,test,long_gaps,18159,template_1,4.231061246025302,1.4263283550583792,1.5180542075711099,0.0,1.3992919798582526,-0.15580623636285593,-0.026554554514929746,False
am_9db,test,long_gaps,18159,dictionary_8,4.232154108056113,1.4266967685631888,1.47204007967914,0.0,1.3996534100021067,-0.5414693970963397,-0.30163928852898875,False
am_9db,test,long_gaps,18159,dictionary_24,3.5929839273146054,1.2112268191844533,1.293798273267026,0.0,1.1882677420408274,-0.3561887845063392,-0.06742490349048268,False
am_9db,test,long_gaps,18159,dictionary_48,3.4946714684879066,1.1780848154349781,1.272025304712187,0.0,1.1557539524364873,-0.3829653721732228,-0.04622644596131462,False
am_9db,test,long_gaps,18159,local_pca_8,2.7955501491186188,0.9424048043316179,1.0306670409781569,0.0,0.9245413090221747,0.3482476523504868,0.45037252302884717,False
am_9db,test,long_gaps,18159,local_pca_16,2.810196767143498,0.9473423094585455,1.0624133504097302,0.0,0.9293852226274228,0.32605343736799774,0.4389406672045522,False
am_9db,test,long_gaps,18159,local_pca_32,2.88814230582237,0.9736184433888719,1.1041300052289864,0.0,0.9551632865213305,0.23012139232156573,0.3823494099635578,False
am_9db,test,long_gaps,18159,local_dictionary_8,3.120511749916211,1.0519522484765556,1.2047866707659334,0.0,1.0320122566916594,0.0015203049850246533,0.2247032214817181,False
am_9db,test,long_gaps,18159,local_dictionary_24,3.0468510760288785,1.027120580554729,1.1307893968290283,0.0,1.0076512786277456,0.10605734879972437,0.28644163455117055,False
am_9db,test,long_gaps,18262,zero_fill,1.4672191786080337,1.0,0.7462466925473258,0.0,0.48523713317766465,,0.5482482608891807,True
am_9db,test,long_gaps,18262,linear,1.477630967655671,1.0070962738215534,0.7865146582372476,0.0,0.4886805087430789,-0.004426308882302313,0.5393832257556384,False
am_9db,test,long_gaps,18262,pchip,1.485622914149807,1.0125432762944342,0.8072320226257992,0.0,0.49132359660743113,-0.00933538169897657,0.5335741783283233,False
am_9db,test,long_gaps,18262,autoregression,1.4592108427769452,0.9945418271872059,0.7256398443086379,0.0,0.48258862504959615,0.13237458627742799,0.5551583634986561,False
am_9db,test,long_gaps,18262,pca_r32_l01,1.8044480261678348,1.2298421752363773,0.7890518358553792,0.0,0.5967650913726827,-0.025489849266549687,0.3621706034356975,False
am_9db,test,long_gaps,18262,pca_r64_l01,1.6704897257603635,1.1385413645868334,0.7809689156211295,0.0,0.5524625477563012,-0.007932501406329848,0.4203137916499972,False
am_9db,test,long_gaps,18262,pca_r96_l01,1.7431500639049362,1.18806384848287,0.8423022642723961,0.0,0.5764926958698512,-0.09866101175763112,0.36709261384880765,False
am_9db,test,long_gaps,18262,pca_r64_l001,2.28231529644107,1.555538074826916,0.9895119862066714,0.0,0.7548048359777164,-0.3169365010104875,0.10390586198962502,False
am_9db,test,long_gaps,18262,pca_r64_l1,1.5339601950943826,1.0454881025680614,0.724333103692713,0.0,0.5073096496614823,0.11671308894472697,0.5089707716188544,False
am_9db,test,long_gaps,18262,template_1,2.3124468436873116,1.5760745752254643,0.9878435220818922,0.0,0.7647699085566098,0.4076072558607429,0.5159624751195978,False
am_9db,test,long_gaps,18262,dictionary_8,1.339215706629183,0.9127577707236018,0.5778924850941645,0.0,0.44290396395155657,0.44270620025976565,0.6533889701686862,False
am_9db,test,long_gaps,18262,dictionary_24,1.4473989977334167,0.9864913292004398,0.6476868549560412,0.0,0.47868222448584524,0.342793743742622,0.592137126480013,False
am_9db,test,long_gaps,18262,dictionary_48,1.501198707401986,1.0231591362008974,0.6825741299391151,0.0,0.4964748060346591,0.2725742303086238,0.5549909306338326,False
am_9db,test,long_gaps,18262,local_pca_8,1.7532761929626954,1.1949654274735197,0.792226657799926,0.0,0.5798415982736732,-0.1590502629003105,0.34954513152317696,False
am_9db,test,long_gaps,18262,local_pca_16,1.7531823019796888,1.1949014350009732,0.8148081745101877,0.0,0.5798105467497499,-0.17562758730479286,0.3463944847765755,False
am_9db,test,long_gaps,18262,local_pca_32,1.6081733242563656,1.0960689089288327,0.7521720014304769,0.0,0.5318533351337975,0.028560232730261863,0.45718014400135415,False
am_9db,test,long_gaps,18262,local_dictionary_8,1.381520781395274,0.9415912779343146,0.669296856262365,0.0,0.45689505232994043,0.3913062411515908,0.6264859257977494,False
am_9db,test,long_gaps,18262,local_dictionary_24,1.0429606001234666,0.7108417169907323,0.5412475207355661,0.0,0.34492679689567174,0.7054949202289655,0.8049190048700624,False
am_9db,test,long_gaps,18365,zero_fill,1.35093363315141,1.0,0.6870277485698212,0.0,0.44677930388394915,,0.5804853542612438,True
am_9db,test,long_gaps,18365,linear,1.4045340429361473,1.039676567722798,0.8016788423890107,0.0,0.4645059731916452,0.0007677134958997169,0.5425417047145181,False
am_9db,test,long_gaps,18365,pchip,1.4131451471209167,1.046050755153961,0.8127613662510685,0.0,0.4673538282149662,0.0005825961747872323,0.537086467667934,False
am_9db,test,long_gaps,18365,autoregression,1.3475397111915204,0.9974877211754863,0.6720045794977528,0.0,0.4456568696995706,0.06856460263088111,0.583310610678004,False
am_9db,test,long_gaps,18365,pca_r32_l01,1.5544827611021688,1.150672929413954,0.6873857449722475,0.0,0.514096850401671,0.07708126974576253,0.47108426344031284,False
am_9db,test,long_gaps,18365,pca_r64_l01,1.6573990569629415,1.2268545369594657,0.7350567921420875,0.0,0.5481332159896148,0.009719682540337954,0.41419262809018703,False
am_9db,test,long_gaps,18365,pca_r96_l01,1.6265853829843553,1.2040453676395004,0.7341792266618468,0.0,0.5379425511986696,0.03308091302719546,0.43211178202965705,False
am_9db,test,long_gaps,18365,pca_r64_l001,2.4456080751640563,1.8103095630678976,1.0185915265456709,0.0,0.8088088464019315,-0.15640593015455492,0.1569582290220858,False
am_9db,test,long_gaps,18365,pca_r64_l1,1.3780174376845131,1.0200482124868882,0.6212337598001749,0.0,0.4557364303029585,0.1926436043191331,0.5708925169935816,False
am_9db,test,long_gaps,18365,template_1,4.249592112235013,3.145670525887875,1.622103135393144,0.0,1.405420487804441,0.14598691342509829,0.24486562207024737,False
am_9db,test,long_gaps,18365,dictionary_8,1.4328257794254524,1.0606189262480699,0.6610443779391726,0.0,0.47386258555525435,0.6240684240207093,0.721258945288864,False
am_9db,test,long_gaps,18365,dictionary_24,1.3075156204682745,0.9678607359994056,0.5957078238201943,0.0,0.4324201458864211,0.5272242552859927,0.6876856378118722,False
am_9db,test,long_gaps,18365,dictionary_48,1.3567446280360222,1.0043014658470355,0.6018143721698397,0.0,0.4487011098007683,0.3305132438883703,0.6069260427603165,False
am_9db,test,long_gaps,18365,local_pca_8,1.466675540173489,1.0856754944742033,0.6361504383665627,0.0,0.4850573416650468,0.19326442182914488,0.5334952020879272,False
am_9db,test,long_gaps,18365,local_pca_16,1.5487159029685837,1.1464041348617506,0.6897676225129304,0.0,0.5121896413432141,0.10254887446629009,0.4798139631395273,False
am_9db,test,long_gaps,18365,local_pca_32,1.434401827464915,1.0617855624178913,0.668779449686267,0.0,0.47438381445109296,0.1757842307428482,0.5421738519622172,False
am_9db,test,long_gaps,18365,local_dictionary_8,1.6699134774779287,1.236118071605349,0.7038052783999406,0.0,0.5522719715502075,0.28241565010146996,0.5147308516467111,False
am_9db,test,long_gaps,18365,local_dictionary_24,1.4602039161554623,1.0808850119077653,0.6277846924054645,0.0,0.48291705319874545,0.3257022495403809,0.5765311407462175,False
am_9db,test,long_gaps,18467,zero_fill,1.6495669914453428,1.0,0.8007857199794958,0.0,0.5455430037881736,,0.5105840665042177,True
am_9db,test,long_gaps,18467,linear,1.6645189417849366,1.0090641667886995,0.8466384913767957,0.0,0.5504878965649176,-0.0024482665696698193,0.4988509869963418,False
am_9db,test,long_gaps,18467,pchip,1.6804716248123672,1.0187349974431448,0.8728623435145586,0.0,0.5557637505692703,-0.004442169807324005,0.48756618320292133,False
am_9db,test,long_gaps,18467,autoregression,1.6490340842457045,0.9996769411594667,0.7901766711666249,0.0,0.5453667612979087,0.031691111581468506,0.5110290250106053,False
am_9db,test,long_gaps,18467,pca_r32_l01,2.279212492819775,1.3817035043982904,0.9146204131040757,0.0,0.7537786801340891,-0.18287487343167963,0.18201698703226632,False
am_9db,test,long_gaps,18467,pca_r64_l01,2.199917311065879,1.3336332034252951,0.9350279240593871,0.0,0.7275542637482798,-0.14656890630901298,0.21910375126073328,False
am_9db,test,long_gaps,18467,pca_r96_l01,2.191561287738737,1.32856761750458,0.9321146968656633,0.0,0.7247907687891458,-0.06022442457970271,0.258712056876668,False
am_9db,test,long_gaps,18467,pca_r64_l001,3.344988573604941,2.02779795604062,1.4459051273345784,0.0,1.1062509880139184,-0.24653728544452427,-0.013160824986579766,False
am_9db,test,long_gaps,18467,pca_r64_l1,1.8005973180976216,1.091557558702085,0.7422761799549804,0.0,0.5954915893820211,-0.004021523168739835,0.41049616178368076,False
am_9db,test,long_gaps,18467,template_1,4.004483500107989,2.4275967698646053,1.4790751622587563,0.0,1.324358433818404,-0.438175234683771,-0.19922923156139552,False
am_9db,test,long_gaps,18467,dictionary_8,2.8536607257531412,1.7299453375050728,1.1617740395055178,0.0,0.9437595758118631,-0.39306991575240885,-0.04790004152616751,False
am_9db,test,long_gaps,18467,dictionary_24,2.1360959386819043,1.2949434304636922,0.8464257429294278,0.0,0.7064473287909244,-0.24188053982370555,0.20511003682172876,False
am_9db,test,long_gaps,18467,dictionary_48,2.1209734922001857,1.2857759055555535,0.8494461666451265,0.0,0.7014460497152354,-0.2571306581021713,0.2062803263132685,False
am_9db,test,long_gaps,18467,local_pca_8,2.275004001056135,1.3791522338009368,0.9390590898465595,0.0,0.7523868523089323,-0.15007646437559005,0.1976906978901909,False
am_9db,test,long_gaps,18467,local_pca_16,2.3188880507989786,1.4057556090930141,0.9697944059508264,0.0,0.7669001375766764,-0.18957052465965377,0.16880883196168214,False
am_9db,test,long_gaps,18467,local_pca_32,2.2880028793466543,1.3870324098458815,0.9409646113210007,0.0,0.756685827218871,-0.28162997588542077,0.1384201070705962,False
am_9db,test,long_gaps,18467,local_dictionary_8,2.121646890279996,1.2861841327347483,0.8671119444618212,0.0,0.7016687551968015,-0.14387013555254252,0.24377174091065432,False
am_9db,test,long_gaps,18467,local_dictionary_24,2.575556346612657,1.5613529853406964,1.0102392681038177,0.0,0.8517851975963956,-0.3598683285573289,0.02576698603240882,False
am_9db,test,long_gaps,18570,zero_fill,2.258597188915787,1.0,0.9855024260167241,0.0,0.7469608092175928,,0.3984435081879991,True
am_9db,test,long_gaps,18570,linear,2.3049390411057744,1.020517980106153,1.0910712363391128,0.0,0.7622869362411954,-0.003314594088755738,0.362738943409395,False
am_9db,test,long_gaps,18570,pchip,2.31706333554242,1.0258860441842217,1.1085926067076062,0.0,0.7662966697288816,-0.002937234164174397,0.3549915582065478,False
am_9db,test,long_gaps,18570,autoregression,2.252293213159202,0.9972088977230991,0.9695313276449546,0.0,0.7448759652022299,0.07825963029479631,0.40429447117858186,False
am_9db,test,long_gaps,18570,pca_r32_l01,2.1724906693642265,0.9618761061183757,0.8458143357353879,0.0,0.718483754593249,0.29450402967563044,0.47578140774929223,False
am_9db,test,long_gaps,18570,pca_r64_l01,2.5103891191122636,1.1114815565308245,0.9910053472480529,0.0,0.8302331628966945,0.02159775487255029,0.274367453777811,False
am_9db,test,long_gaps,18570,pca_r96_l01,2.762076899943151,1.2229170006489973,1.12701179326772,0.0,0.9134710724107263,-0.13969284484703115,0.1371664464859661,False
am_9db,test,long_gaps,18570,pca_r64_l001,3.4464283328783893,1.5259154442376717,1.304502231984768,0.0,1.1397990350253937,-0.03756934909276039,0.11258986384631273,False
am_9db,test,long_gaps,18570,pca_r64_l1,2.265301426996452,1.0029683195009569,0.9213253438421083,0.0,0.7491780275540438,0.1415340379764995,0.40118131893932607,False
am_9db,test,long_gaps,18570,template_1,1.97205746739651,0.8731337650974289,0.8718779711147491,0.0,0.652196703732379,0.5208649309231612,0.6158080499047492,False
am_9db,test,long_gaps,18570,dictionary_8,2.7307270376621116,1.2090367645294755,1.0758680279499522,0.0,0.9031030800067571,-0.0652707204791378,0.18048847956508499,False
am_9db,test,long_gaps,18570,dictionary_24,2.5230591915790836,1.1170912653044824,1.0062623925481222,0.0,0.8344233955017408,-0.018686996077086064,0.2549312273260214,False
am_9db,test,long_gaps,18570,dictionary_48,2.579725319429333,1.1421803463182825,1.0231675286547255,0.0,0.8531639557583348,-0.11554690769028202,0.20132182346625044,False
am_9db,test,long_gaps,18570,local_pca_8,2.842060888364929,1.2583301273518486,1.0856235810194765,0.0,0.9399232901896134,-0.1859070261883737,0.09570043389587256,False
am_9db,test,long_gaps,18570,local_pca_16,2.845733159000389,1.259956035084968,1.111535382773132,0.0,0.9411377795456574,-0.18404402313218404,0.09573895074776331,False
am_9db,test,long_gaps,18570,local_pca_32,2.8265094302569986,1.2514446773104466,1.1214158457085837,0.0,0.9347801288548604,-0.15762064610108592,0.11320201801011423,False
am_9db,test,long_gaps,18570,local_dictionary_8,2.485233275513935,1.1003437388970372,0.9970478588458043,0.0,0.8219136496240426,0.09130943343541838,0.3106656914422702,False
am_9db,test,long_gaps,18570,local_dictionary_24,2.4200700063810503,1.071492525651631,0.9891347893967801,0.0,0.8003629240313445,0.13418140934803188,0.34538667338330553,False
am_9db,test,long_gaps,18673,zero_fill,3.3024820473041374,1.0,1.2614575050446233,0.0,1.0921932758027744,,0.28301534530361155,True
am_9db,test,long_gaps,18673,linear,3.326577929483646,1.0072962946760537,1.3489005681079134,0.0,1.1001622397862356,-0.00035743394217752447,0.2636604373172784,False
am_9db,test,long_gaps,18673,pchip,3.3329028037684707,1.0092114827661716,1.3695977466468727,0.0,1.10225399534016,-0.0005002073360986647,0.25939436382494585,False
am_9db,test,long_gaps,18673,autoregression,3.3001967847873463,0.9993080166722915,1.2364114779047664,0.0,1.0914374962652835,0.03613314342570312,0.2852408794169767,False
am_9db,test,long_gaps,18673,pca_r32_l01,2.582276554161769,0.7819199369364378,0.9208858127178273,0.0,0.8540076973381068,0.7467092095632398,0.7247156977928796,False
am_9db,test,long_gaps,18673,pca_r64_l01,2.717767407399515,0.8229469134035313,1.0883006945010054,0.0,0.898817085161985,0.6588989533334473,0.6581616250311266,False
am_9db,test,long_gaps,18673,pca_r96_l01,2.6307909094837183,0.7966102076561687,1.0643640712348963,0.0,0.8700523122379192,0.6640650647230972,0.6785238139444862,False
am_9db,test,long_gaps,18673,pca_r64_l001,2.3016220476778653,0.6969370354508699,1.1103774940441085,0.0,0.7611899437773599,0.7172044121188783,0.7438576438872498,False
am_9db,test,long_gaps,18673,pca_r64_l1,3.0998707575856406,0.9386487839096986,1.1011322249137077,0.0,1.0251858901266242,0.39166138573615505,0.4470974246243097,False
am_9db,test,long_gaps,18673,template_1,1.7503295304848991,0.5300042529871488,0.7684742392958537,0.0,0.5788670812594364,0.8537306356130862,0.8656875423505072,False
am_9db,test,long_gaps,18673,dictionary_8,2.3542474033168816,0.7128721275680172,0.9450941981377673,0.0,0.7785941442370059,0.7028182456579342,0.7308980324885349,False
am_9db,test,long_gaps,18673,dictionary_24,2.3938463079681624,0.724862777050459,0.8766036063544637,0.0,0.7916902509742371,0.740655753633992,0.7519506187460812,False
am_9db,test,long_gaps,18673,dictionary_48,2.7226814015189427,0.8244348833755223,0.9424939433437407,0.0,0.90044223595999,0.6447442746262254,0.6513671630022412,False
am_9db,test,long_gaps,18673,local_pca_8,2.6358857405015725,0.7981529355029449,0.9641177088253613,0.0,0.8717372692185619,0.6561947563579557,0.6738096910646976,False
am_9db,test,long_gaps,18673,local_pca_16,2.7457445972087546,0.831418477944534,1.0308105661015063,0.0,0.9080696709891973,0.5873577731153836,0.6209904563926426,False
am_9db,test,long_gaps,18673,local_pca_32,2.7474695350508274,0.8319407935294078,1.1049300500233066,0.0,0.9086401405588436,0.5817728488656387,0.617897612350669,False
am_9db,test,long_gaps,18673,local_dictionary_8,2.5404013632443885,0.7692400221579263,0.9236052043279559,0.0,0.8401587796792643,0.653767701529568,0.6848204287458585,False
am_9db,test,long_gaps,18673,local_dictionary_24,3.0745015347493165,0.9309669184300564,1.053382126139715,0.0,1.0167958083041375,0.36525889745457396,0.4503886976456109,False
am_9db,test,long_gaps,18776,zero_fill,2.513899592835912,1.0,1.065321002651044,0.0,0.8313941429537942,,0.35797324859169105,True
am_9db,test,long_gaps,18776,linear,2.5199790160261673,1.0024183237896933,1.118055009925696,0.0,0.833404723188311,-0.0012286359407029167,0.35220479435793184,False
am_9db,test,long_gaps,18776,pchip,2.52654022387982,1.0050282959112333,1.1296266861030375,0.0,0.8355746387234322,-0.002413795791310537,0.34669352394805786,False
am_9db,test,long_gaps,18776,autoregression,2.514644902266193,1.0002964754170791,1.0586561153050236,0.0,0.8316406308790837,0.004256852621131505,0.3572261813616859,False
am_9db,test,long_gaps,18776,pca_r32_l01,2.4741919344834775,0.9842047556451369,0.9857100814738672,0.0,0.818262069310637,0.24145613507108835,0.40986432740669526,False
am_9db,test,long_gaps,18776,pca_r64_l01,2.644622011043176,1.0519998565494804,1.0775785945339922,0.0,0.8746265191234697,0.08793413010562313,0.3006146467149677,False
am_9db,test,long_gaps,18776,pca_r96_l01,2.7814339016479392,1.1064220343463376,1.1518112932756321,0.0,0.9198727989905668,-0.05896200276864247,0.20154561483663275,False
am_9db,test,long_gaps,18776,pca_r64_l001,3.057119463187125,1.2160865421591522,1.2910033523774804,0.0,1.0110472284760514,0.21351710277168293,0.32014966019395136,False
am_9db,test,long_gaps,18776,pca_r64_l1,2.6406840794713107,1.050433393201824,1.0427410635859207,0.0,0.8733241706710765,-0.07404420352817935,0.25947732288176384,False
am_9db,test,long_gaps,18776,template_1,2.8534520379961905,1.1350700108023137,1.1325560255218512,0.0,0.9436905588235436,0.3831208346893391,0.4593674015176266,False
am_9db,test,long_gaps,18776,dictionary_8,2.8248820958533907,1.12370522032929,1.1530065960654754,0.0,0.9342419385883747,-0.04490809149714452,0.19409488682052511,False
am_9db,test,long_gaps,18776,dictionary_24,2.520128847094025,1.0024779248446776,0.9904461410623467,0.0,0.8334542751563389,0.15726394929448761,0.3673043141443552,False
am_9db,test,long_gaps,18776,dictionary_48,2.465300417041326,0.980667813490609,0.9660534193548289,0.0,0.8153214763193963,0.2133823161468835,0.40495160444012296,False
am_9db,test,long_gaps,18776,local_pca_8,2.9898049446680575,1.189309610132551,1.1387837095579396,0.0,0.9887850440228636,-0.2267057741979289,0.06867918639246645,False
am_9db,test,long_gaps,18776,local_pca_16,3.008030683527752,1.1965595969306055,1.1514976718328838,0.0,0.9948126405832584,-0.22797872872797825,0.06263939512320478,False
am_9db,test,long_gaps,18776,local_pca_32,2.9132151493140976,1.1588430809313752,1.0983115567638178,0.0,0.963455350088875,-0.23587872109527697,0.09131102450126959,False
am_9db,test,long_gaps,18776,local_dictionary_8,2.6139369710466145,1.0397937047668047,1.0123977174079974,0.0,0.8644783960233482,0.0434464959041557,0.2974259113255486,False
am_9db,test,long_gaps,18776,local_dictionary_24,2.711907002070678,1.0787650428835924,1.0281174714548105,0.0,0.8968789382767175,-0.060963778235946946,0.22689767622532503,False
am_9db,test,long_gaps,18879,zero_fill,2.5061636845016997,1.0,1.1580593488934245,0.0,0.8288357317516044,,0.36967695310245435,True
am_9db,test,long_gaps,18879,linear,2.5114658865462025,1.0021156647019076,1.1940212873188407,0.0,0.8305892702529512,-0.00010134512292944039,0.36491248989529906,False
am_9db,test,long_gaps,18879,pchip,2.515633972466692,1.0037787986569102,1.2026989554518888,0.0,0.8319677351015468,-0.001176164411217754,0.36141974404750254,False
am_9db,test,long_gaps,18879,autoregression,2.4992788642851638,0.9972528449521825,1.1280679873738828,0.0,0.8265587914873116,0.08602899326623549,0.3760322413334941,False
am_9db,test,long_gaps,18879,pca_r32_l01,3.0495736833288927,1.2168294122956456,1.2752155067616326,0.0,1.0085516963569363,-0.4701105030282341,-0.024582975623220694,False
am_9db,test,long_gaps,18879,pca_r64_l01,3.0749331357913183,1.2269482455623033,1.3370926557607532,0.0,1.0169385469319792,-0.42705037097406284,-0.02186790523282354,False
am_9db,test,long_gaps,18879,pca_r96_l01,3.027907951155249,1.2081844333951746,1.3794604126401306,0.0,1.0013864289439873,-0.3407869289630227,0.025764546961603654,False
am_9db,test,long_gaps,18879,pca_r64_l001,4.284395959263997,1.7095435488747268,1.7810954111079853,0.0,1.4169307782928195,-0.5258602597097859,-0.3089972887052485,False
am_9db,test,long_gaps,18879,pca_r64_l1,2.7531035555519816,1.0985330178461112,1.1798774346948897,0.0,0.91050341769978,-0.2651628362553762,0.1739770785449258,False
am_9db,test,long_gaps,18879,template_1,3.3520645277008407,1.3375281704184983,1.485770360141059,0.0,1.1085911398672008,-0.24827908144725752,-0.010499789527054585,False
am_9db,test,long_gaps,18879,dictionary_8,3.6752751301971256,1.4664944484373854,1.5064699917806685,0.0,1.215482999280266,-0.6668320670436078,-0.3098574736631913,False
am_9db,test,long_gaps,18879,dictionary_24,3.1670877840916103,1.2637194464500119,1.3254695990354006,0.0,1.0474158321271283,-0.5444444976235663,-0.0982139061526547,False
am_9db,test,long_gaps,18879,dictionary_48,3.053500758153872,1.2183963789105017,1.27380049262357,0.0,1.0098504542777909,-0.5072610374327675,-0.03682015924830964,False
am_9db,test,long_gaps,18879,local_pca_8,3.136553420785694,1.2515357397373408,1.3418379962537796,0.0,1.0373175406584845,-0.39985679197580437,-0.034531565778423264,False
am_9db,test,long_gaps,18879,local_pca_16,3.142800670036258,1.2540284936181814,1.3616915821220597,0.0,1.0393836241453878,-0.4101413571873714,-0.040681590163652255,False
am_9db,test,long_gaps,18879,local_pca_32,2.8646612335889694,1.1430463426248831,1.2412493840739427,0.0,0.9473976518154903,-0.296450774208685,0.10787610122970394,False
am_9db,test,long_gaps,18879,local_dictionary_8,2.5770005607003754,1.02826506370543,1.0959545151805896,0.0,0.8522628265109005,0.06468104376745365,0.3279201336405399,False
am_9db,test,long_gaps,18879,local_dictionary_24,2.567010228337487,1.0242787588903577,1.103520825672359,0.0,0.848958834642515,0.0802642403829768,0.3359929821179797,False
am_9db,test,long_gaps,18982,zero_fill,1.917922528063507,1.0,0.8807642937606647,0.0,0.6342932553930423,,0.45096554877097283,True
am_9db,test,long_gaps,18982,linear,1.9229366350438248,1.00261434281466,0.908831655472404,0.0,0.6359515154076665,-0.0018843635195751021,0.4465097102818796,False
am_9db,test,long_gaps,18982,pchip,1.9274083031062261,1.0049458593368195,0.9166752929004544,0.0,0.6374303806125095,-0.0028492639863369235,0.442848177924511,False
am_9db,test,long_gaps,18982,autoregression,1.913786802132438,0.9978436428632783,0.8604019544846383,0.0,0.632925492605001,0.0750580672478631,0.4547354606678974,False
am_9db,test,long_gaps,18982,pca_r32_l01,1.7981043714215128,0.9375271133798232,0.7830387875409205,0.0,0.5946671247649299,0.3497113927933129,0.5479611487943558,False
am_9db,test,long_gaps,18982,pca_r64_l01,1.710600989929368,0.8919030695450102,0.8259432971076343,0.0,0.5657281014767513,0.4544948462004907,0.6058223448976181,False
am_9db,test,long_gaps,18982,pca_r96_l01,1.770673448851508,0.9232246990911182,0.8906292640942232,0.0,0.5855951998457671,0.3849482867440993,0.5668024148105015,False
am_9db,test,long_gaps,18982,pca_r64_l001,1.6681123511119753,0.8697495997381288,0.8310887658314213,0.0,0.5516763049946931,0.49599970476694805,0.6313244500744359,False
am_9db,test,long_gaps,18982,pca_r64_l1,1.798760334676364,0.9378691309771209,0.7918521117197258,0.0,0.5948840642201214,0.34645608415266527,0.5470515711737981,False
am_9db,test,long_gaps,18982,template_1,2.3065809947590346,1.2026455505937192,0.8856027611214207,0.0,0.7628299613700479,0.32917617725921056,0.45798917209345696,False
am_9db,test,long_gaps,18982,dictionary_8,1.9120105269243342,0.9969174974209505,0.7853947328613476,0.0,0.6323380447974194,0.16056184808673507,0.46091078377555156,False
am_9db,test,long_gaps,18982,dictionary_24,1.8325167786579726,0.9554696562786782,0.7584039966541122,0.0,0.6060479587102738,0.29458972214296897,0.522238796083031,False
am_9db,test,long_gaps,18982,dictionary_48,1.6914647468926727,0.881925480379291,0.7206324863817773,0.0,0.559399383963853,0.48235672323326373,0.6192399920066854,False
am_9db,test,long_gaps,18982,local_pca_8,1.5513260557391377,0.8088575179861329,0.6864450228414735,0.0,0.5130528682325605,0.6430618641221012,0.7060443086911751,False
am_9db,test,long_gaps,18982,local_pca_16,1.557165194404983,0.8119020302541758,0.6981718296034815,0.0,0.5149839818301414,0.6351806285663075,0.7022923877722677,False
am_9db,test,long_gaps,18982,local_pca_32,1.5586927100167525,0.8126984730663429,0.7138961486791431,0.0,0.5154891601342053,0.6458680017212475,0.7037197339351052,False
am_9db,test,long_gaps,18982,local_dictionary_8,2.6029299762518945,1.3571611669216002,0.9839371366047951,0.0,0.8608381746597218,-0.3206302041983651,0.050678117879260846,False
am_9db,test,long_gaps,18982,local_dictionary_24,2.292610461305662,1.1953613494599653,0.8743702981303171,0.0,0.7582096417199813,-0.0809685385513991,0.2424079385754357,False
am_9db,test,long_gaps,19084,zero_fill,2.5031040339833766,1.0,1.043101398882382,0.0,0.8278238474553229,,0.3629208885510132,True
am_9db,test,long_gaps,19084,linear,2.5129579913402003,1.0039366950885946,1.087101234409851,0.0,0.8310827375298219,-0.0011156931198025974,0.3541111898643319,False
am_9db,test,long_gaps,19084,pchip,2.5211134016775842,1.0071948138989446,1.0986593873935653,0.0,0.8337798859788723,-0.001667680741985644,0.3475047511461305,False
am_9db,test,long_gaps,19084,autoregression,2.500236315210207,0.9988543349640142,1.0258697718239878,0.0,0.8268754386173383,0.045874342544084526,0.36562477160151496,False
am_9db,test,long_gaps,19084,pca_r32_l01,2.7924713342621996,1.1156033853768081,1.0290985957313563,0.0,0.9235230867168127,-0.07621638236833798,0.1933502079472541,False
am_9db,test,long_gaps,19084,pca_r64_l01,2.1431284622151776,0.8561883298173018,0.8842432363363653,0.0,0.7087731173357056,0.5403941217924968,0.6117073598486021,False
am_9db,test,long_gaps,19084,pca_r96_l01,2.2141042052136592,0.8845434209501032,0.8994820296299648,0.0,0.7322461379722076,0.4867947357790014,0.5728112891055333,False
am_9db,test,long_gaps,19084,pca_r64_l001,1.7739264792961267,0.7086906717469289,0.8086189339525652,0.0,0.5866710385412399,0.7054512113220708,0.7509339388727503,False
am_9db,test,long_gaps,19084,pca_r64_l1,2.4743444250444293,0.9885104220405974,0.9499930568402307,0.0,0.8183125008233325,0.17476313510582783,0.39202873372075925,False
am_9db,test,long_gaps,19084,template_1,3.164398594533181,1.2641898025698266,1.2442886290397424,0.0,1.0465264662771392,0.03744179992884517,0.1886592539964847,False
am_9db,test,long_gaps,19084,dictionary_8,3.1266707542076713,1.2491173805636702,1.1928745868378976,0.0,1.0340491559015323,-0.13733687950569534,0.08387637254407748,False
am_9db,test,long_gaps,19084,dictionary_24,2.667139867596742,1.0655329668229263,1.0364966756634706,0.0,0.8820736001858398,0.06566618523544065,0.28666782626588083,False
am_9db,test,long_gaps,19084,dictionary_48,2.7939739099432104,1.116203670327258,1.0526319680354959,0.0,0.9240200169140638,-0.05142356294270364,0.20241995185108755,False
am_9db,test,long_gaps,19084,local_pca_8,2.378772837453873,0.9503291933369441,0.959488447155513,0.0,0.7867051691773026,0.3117051848850079,0.4647044927557731,False
am_9db,test,long_gaps,19084,local_pca_16,2.383233999357707,0.9521114452303001,0.938016768260698,0.0,0.7881805597967951,0.3067627008574623,0.46162483546551153,False
am_9db,test,long_gaps,19084,local_pca_32,2.4649218354833455,0.9847460600991207,0.9982143834515126,0.0,0.8151962722377248,0.1899092100248692,0.3995580271171448,False
am_9db,test,long_gaps,19084,local_dictionary_8,2.5861450917343656,1.0331752322810328,1.0620335897435262,0.0,0.8552870958824318,0.12156877587488012,0.3325990308571719,False
am_9db,test,long_gaps,19084,local_dictionary_24,2.457035355388662,0.9815953799885009,0.9948701096199237,0.0,0.8125880641064505,0.24884622521455457,0.41837748591286317,False
am_9db,test,long_gaps,19187,zero_fill,2.3833356193721964,1.0,1.00558206794628,0.0,0.7882141674576159,,0.37778724171816225,True
am_9db,test,long_gaps,19187,linear,2.3967725330018794,1.0056378604509013,1.054207851509728,0.0,0.7926580089391652,0.0021185288243429886,0.36643402124089813,False
am_9db,test,long_gaps,19187,pchip,2.399036830645988,1.0065879144952012,1.0583462843676998,0.0,0.7934068549967329,0.0017072185183499052,0.3646759802722744,False
am_9db,test,long_gaps,19187,autoregression,2.3819525370335386,0.9994196862886553,0.9886588479291637,0.0,0.787756755968764,0.03391267269132295,0.3790921219930378,False
am_9db,test,long_gaps,19187,pca_r32_l01,2.4505152887128197,1.0281872468126496,0.9518583158209549,0.0,0.8104317547369707,0.16579803206115593,0.3662910268269232,False
am_9db,test,long_gaps,19187,pca_r64_l01,2.5403958379566594,1.065899329203931,1.0319703901245791,0.0,0.8401569523621077,0.08529729025104787,0.30893077731938207,False
am_9db,test,long_gaps,19187,pca_r96_l01,2.5239763636117036,1.0590100458770275,1.0720716273456037,0.0,0.8347267216402129,0.13042006633721231,0.33200302068013915,False
am_9db,test,long_gaps,19187,pca_r64_l001,2.9878112642152055,1.2536259014172064,1.2779784440982642,0.0,0.9881256961888665,0.07540782381248023,0.22871605203399356,False
am_9db,test,long_gaps,19187,pca_r64_l1,2.4512713664310746,1.0285044819146258,0.9504331176458194,0.0,0.8106818039387634,0.04833646003123051,0.3328962886569112,False
am_9db,test,long_gaps,19187,template_1,2.641966451802538,1.1085163291011733,1.1006115150003495,0.0,0.8737482754556537,0.05559981666827789,0.2695626569542876,False
am_9db,test,long_gaps,19187,dictionary_8,2.3709090390151544,0.9947860552009392,0.9616887211722541,0.0,0.784104462298654,0.17483875383482447,0.39773973685332636,False
am_9db,test,long_gaps,19187,dictionary_24,2.5447550455361707,1.0677283655948104,1.0226788763731378,0.0,0.8415986247581946,-0.06054204752621711,0.26343427993694996,False
am_9db,test,long_gaps,19187,dictionary_48,2.4648976699988596,1.034221806599,0.9801971380458279,0.0,0.8151882802549422,0.05960306554411247,0.328522569760631,False
am_9db,test,long_gaps,19187,local_pca_8,2.6857599601599516,1.1268912100879094,1.0762424992151,0.0,0.8882316169747466,-0.011579667928698578,0.22838059738105448,False
am_9db,test,long_gaps,19187,local_pca_16,2.7022446903750876,1.1338078734739407,1.113377665885062,0.0,0.893683429047152,-0.0096383388729204,0.22501930677220616,False
am_9db,test,long_gaps,19187,local_pca_32,2.6237197838141926,1.1008603918340787,1.0823897109790592,0.0,0.8677137572365631,0.0036421242046790923,0.25218874351306486,False
am_9db,test,long_gaps,19187,local_dictionary_8,2.6018517106156533,1.0916849853068604,1.0961011903291047,0.0,0.8604815718196266,0.07893702278732703,0.28996261328713,False
am_9db,test,long_gaps,19187,local_dictionary_24,2.6812856034061467,1.1250138594045074,1.0853915624453463,0.0,0.886751862568803,-0.02363121435769519,0.2243999161396727,False
am_9db,test,long_gaps,19290,zero_fill,3.7352069743625558,1.0,1.5687520252115803,0.0,1.2353035936896668,,0.2504512798417066,True
am_9db,test,long_gaps,19290,linear,3.7392888113074103,1.0010928007397906,1.6071922923343638,0.0,1.236653534370717,-0.001719540492384155,0.24654524707967024,False
am_9db,test,long_gaps,19290,pchip,3.7446086982019593,1.0025170556555325,1.6251784045755886,0.0,1.238412921586463,-0.0025721946520092702,0.24209870868310943,False
am_9db,test,long_gaps,19290,autoregression,3.731935521710013,0.999124157596889,1.546047011882699,0.0,1.234221662421598,0.047443235171990186,0.2537005366095852,False
am_9db,test,long_gaps,19290,pca_r32_l01,4.2287092771489165,1.1321218090921403,1.6495987905477194,0.0,1.398514139265968,-0.3679701485401093,-0.08984417759618697,False
am_9db,test,long_gaps,19290,pca_r64_l01,4.102104937839989,1.0982269432445702,1.6432623644752486,0.0,1.3566436896768352,-0.3523281429670163,-0.03216568617516046,False
am_9db,test,long_gaps,19290,pca_r96_l01,4.071730215245922,1.0900949380297185,1.682774186313098,0.0,1.3465981944110257,-0.3091397499256921,-0.0060717936847873855,False
am_9db,test,long_gaps,19290,pca_r64_l001,4.598971918329012,1.2312495532095284,1.8542486782266487,0.0,1.5209669978085272,-0.42406112111808847,-0.21336412016908748,False
am_9db,test,long_gaps,19290,pca_r64_l1,3.9989996823564278,1.0706233174773108,1.5697851736481148,0.0,1.322544831567675,-0.3391727647719126,0.02696658252856349,False
am_9db,test,long_gaps,19290,template_1,5.347981459409094,1.4317764707862732,2.051643959682665,0.0,1.7686786197225917,-0.5811037057536432,-0.41637724568373613,False
am_9db,test,long_gaps,19290,dictionary_8,4.446490463034134,1.1904267938975364,1.75387425253806,0.0,1.4705384965260953,-0.5525328944660767,-0.23895215222791658,False
am_9db,test,long_gaps,19290,dictionary_24,4.108748162810079,1.1000054859105286,1.6283690220612266,0.0,1.3588407298236242,-0.3761552747653631,-0.04165264108644154,False
am_9db,test,long_gaps,19290,dictionary_48,4.26449200573804,1.1417016607134096,1.6616083009510516,0.0,1.4103481644007356,-0.5268610053665861,-0.15779860274477028,False
am_9db,test,long_gaps,19290,local_pca_8,4.390655614568823,1.1754785329715565,1.7297104046097367,0.0,1.4520728560848213,-0.5539695559514465,-0.2196128123786709,False
am_9db,test,long_gaps,19290,local_pca_16,4.399601879378425,1.1778736518688508,1.7577643890798325,0.0,1.4550315550659632,-0.5606101148971243,-0.22549124128654155,False
am_9db,test,long_gaps,19290,local_pca_32,4.17372386162359,1.117400960715402,1.6450776990021718,0.0,1.3803294223640226,-0.45456495235476735,-0.09420700081861327,False
am_9db,test,long_gaps,19290,local_dictionary_8,4.2918449581892615,1.1490246692210946,1.6938679154340675,0.0,1.4193943031268987,-0.5515426961016259,-0.17769782507579093,False
am_9db,test,long_gaps,19290,local_dictionary_24,4.567095328232253,1.2227154638496749,1.7731280412525938,0.0,1.5104248065534311,-0.603582398705651,-0.2995764845139999,False
am_9db,test,long_gaps,19393,zero_fill,2.2144017771664597,1.0,0.8823842648725113,0.0,0.7323445506452401,,0.3992596894449739,True
am_9db,test,long_gaps,19393,linear,2.2429468182437704,1.01289063320471,0.9622644259596527,0.0,0.7417849356270759,-0.0017954416688118313,0.3764472410397269,False
am_9db,test,long_gaps,19393,pchip,2.2470129208616956,1.0147268413670463,0.9701739291100585,0.0,0.7431296726686133,-0.001872674149319429,0.3735158134538774,False
am_9db,test,long_gaps,19393,autoregression,2.2092581615695814,0.9976771985780015,0.848811325156001,0.0,0.7306434596816084,0.07189827599093025,0.40407123670836004,False
am_9db,test,long_gaps,19393,pca_r32_l01,2.0219134373285534,0.913074338260235,0.8151036685857659,0.0,0.6686850159588916,0.4340755795354858,0.5521050179663283,False
am_9db,test,long_gaps,19393,pca_r64_l01,2.417990239124485,1.0919383573736725,0.9555754959606253,0.0,0.7996751056631237,-0.10509490555513631,0.25299757846259413,False
am_9db,test,long_gaps,19393,pca_r96_l01,2.487094858662899,1.1231452595045224,0.9760989744566337,0.0,0.8225293103811709,-0.17902279410772076,0.20204236886719137,False
am_9db,test,long_gaps,19393,pca_r64_l001,3.4729708832155572,1.5683562572188494,1.3507709129580263,0.0,1.1485771584445885,-0.3845933453738069,-0.13926119142179483,False
am_9db,test,long_gaps,19393,pca_r64_l1,2.172799108064678,0.9812126825715357,0.8126281392640136,0.0,0.718585761105262,0.2042027730462919,0.43799137771111135,False
am_9db,test,long_gaps,19393,template_1,3.156073088849806,1.425248625336774,1.17718506272502,0.0,1.0437730640800056,-0.42659707718623835,-0.11168372832173454,False
am_9db,test,long_gaps,19393,dictionary_8,2.3232042776982573,1.049134037758505,0.854545769508477,0.0,0.7683275954488786,-0.03201205495378936,0.3174929414368131,False
am_9db,test,long_gaps,19393,dictionary_24,1.929472896590124,0.8713291853744222,0.7235283864517997,0.0,0.6381131807271143,0.5619344817155967,0.6172266763782788,False
am_9db,test,long_gaps,19393,dictionary_48,2.1086816343658854,0.9522579218050243,0.7953753032193057,0.0,0.6973808998426706,0.3049247492226875,0.4876338636577272,False
am_9db,test,long_gaps,19393,local_pca_8,2.6119834367490116,1.1795435966870005,0.9716932117191133,0.0,0.8638323252822115,-0.421030127647424,0.08303647711610139,False
am_9db,test,long_gaps,19393,local_pca_16,2.6373766848869638,1.1910109141357994,0.9870317752375589,0.0,0.8722303527263583,-0.47370797852994695,0.05790713438127941,False
am_9db,test,long_gaps,19393,local_pca_32,2.576219347270866,1.163392918952308,0.9808381801248419,0.0,0.8520044644539821,-0.3356136205644466,0.12075644519156956,False
am_9db,test,long_gaps,19393,local_dictionary_8,2.4355513917442417,1.0998687848149962,0.8892249248321643,0.0,0.8054829109840644,-0.17270093371508594,0.23006886420557468,False
am_9db,test,long_gaps,19393,local_dictionary_24,2.1478896256530438,0.9699638285160136,0.7957810885821613,0.0,0.7103477241366966,0.2421639902896814,0.457274263647908,False
am_9db,test,long_gaps,19496,zero_fill,3.193344417209171,1.0,1.2384379155417162,0.0,1.0560993973139945,,0.2877483849679421,True
am_9db,test,long_gaps,19496,linear,3.213289542185222,1.0062458420922482,1.3329084150239605,0.0,1.0626956273833361,6.985309544726826e-05,0.27131828328952345,False
am_9db,test,long_gaps,19496,pchip,3.2164451247020045,1.007234016903514,1.3435456682056517,0.0,1.063739238205955,-0.0001375946365692067,0.2690928666434364,False
am_9db,test,long_gaps,19496,autoregression,3.1922809510537262,0.999666974176129,1.2247639626757816,0.0,1.0557476889421142,0.022728043787362567,0.2887782066521586,False
am_9db,test,long_gaps,19496,pca_r32_l01,3.2087670875315157,1.0048296294753647,1.1958586145865329,0.0,1.061199966092177,0.10278306942969312,0.2853196718352449,False
am_9db,test,long_gaps,19496,pca_r64_l01,3.3392136098267815,1.045679129326455,1.3105794196854117,0.0,1.1043410982654915,0.01445040608787138,0.20708657287928575,False
am_9db,test,long_gaps,19496,pca_r96_l01,3.340449431886893,1.0460661286283315,1.3141478468141554,0.0,1.1047498079949643,0.03826045375949281,0.21606648431959438,False
am_9db,test,long_gaps,19496,pca_r64_l001,4.145920271644875,1.2983003804106446,1.688707108070674,0.0,1.3711342492842116,-0.13527133905487088,-0.005939602195840688,False
am_9db,test,long_gaps,19496,pca_r64_l1,3.085163361569758,0.9661229602868963,1.1186543078940487,0.0,1.020321876090203,0.2724764650382215,0.38188452626335995,False
am_9db,test,long_gaps,19496,template_1,4.247048381110497,1.3299687807625251,1.5642888188129853,0.0,1.4045792278097307,-0.27380052389585297,-0.11589290851424852,False
am_9db,test,long_gaps,19496,dictionary_8,2.7581890180451127,0.8637305149989543,1.0059750573394832,0.0,0.9121852763321014,0.5314511305738775,0.5755705205497609,False
am_9db,test,long_gaps,19496,dictionary_24,3.0455456213680114,0.9537166128887755,1.1043991373704254,0.0,1.00721954008018,0.300502210843512,0.4071321653637246,False
am_9db,test,long_gaps,19496,dictionary_48,2.8770845756913173,0.9009628150933217,1.0295804651885316,0.0,0.9515062860223767,0.478457582898013,0.5221227417782613,False
am_9db,test,long_gaps,19496,local_pca_8,3.421646324341754,1.071493042185568,1.283497778129658,0.0,1.1316031560783166,-0.053734501773268585,0.15408900828203503,False
am_9db,test,long_gaps,19496,local_pca_16,3.406241175286164,1.0666688995179088,1.3009014763158695,0.0,1.126508381914445,-0.05591209109497141,0.15833334543723665,False
am_9db,test,long_gaps,19496,local_pca_32,3.3673657222490325,1.0544950003206819,1.2809193959773204,0.0,1.1136515343092925,-0.09609096712827711,0.1614853367329637,False
am_9db,test,long_gaps,19496,local_dictionary_8,3.2510327772827274,1.0180651857540546,1.0926451808398674,0.0,1.0751780291012167,0.13814275962580186,0.2835602420926339,False
am_9db,test,long_gaps,19496,local_dictionary_24,2.9649789314908443,0.9284870480967703,1.0049361128383172,0.0,0.9805746119088488,0.3716502652045881,0.4577028633800327,False
am_9db,test,long_gaps,19599,zero_fill,3.013791086516472,1.0,1.1336797836423007,0.0,0.9967177148032166,,0.30378618598331975,True
am_9db,test,long_gaps,19599,linear,3.016847287533833,1.0010140719544345,1.1674846183621523,0.0,0.9977284582842865,0.0006223809433915449,0.3007751747039946,False
am_9db,test,long_gaps,19599,pchip,3.0199526865568123,1.002044468200834,1.1695880217358212,0.0,0.99875547247634,-0.000604966370387822,0.2979118780191006,False
am_9db,test,long_gaps,19599,autoregression,3.0145746675862384,1.00025999846946,1.1091917061445886,0.0,0.9969768598835491,0.002320557214434583,0.30297886082821013,False
am_9db,test,long_gaps,19599,pca_r32_l01,3.086178631296832,1.0240187666305796,1.085239783362194,0.0,1.0206576449916396,0.014549018422465912,0.2527277974531467,False
am_9db,test,long_gaps,19599,pca_r64_l01,3.19894372546373,1.0614351272640032,1.1060412478398083,0.0,1.0579511944584388,-0.04581344930461269,0.1864129522020626,False
am_9db,test,long_gaps,19599,pca_r96_l01,3.006164165697752,0.9974693266388495,1.0833057283413763,0.0,0.9941953478337774,0.16679737483108878,0.3275037291386389,False
am_9db,test,long_gaps,19599,pca_r64_l001,4.090072505958468,1.357118787781017,1.4128698222857299,0.0,1.3526643368736067,-0.34084233111192064,-0.1543746790789145,False
am_9db,test,long_gaps,19599,pca_r64_l1,2.924555000439884,0.9703907525389449,1.0294391318924485,0.0,0.9672056533367909,0.2426003825069114,0.3813584370693513,False
am_9db,test,long_gaps,19599,template_1,4.164984167824504,1.3819750766595613,1.4565229679512566,0.0,1.377439040323118,-0.18084369144183934,-0.045844553040790416,False
am_9db,test,long_gaps,19599,dictionary_8,3.1955323658226202,1.0603032108360955,1.1595907190005281,0.0,1.0568229933030662,0.014211426823121867,0.2096754587219108,False
am_9db,test,long_gaps,19599,dictionary_24,3.3372215198956137,1.1073168060076064,1.2021979969661307,0.0,1.1036822764470982,-0.15461245420550732,0.09807742358522345,False
am_9db,test,long_gaps,19599,dictionary_48,3.200243703628008,1.0618664704218266,1.135061400241659,0.0,1.0583811218250003,-0.06644073390336559,0.1794297206880015,False
am_9db,test,long_gaps,19599,local_pca_8,2.927626436451558,0.9714098795864087,1.0429847175725755,0.0,0.9682214353186331,0.24902648452136403,0.3822849175802909,False
am_9db,test,long_gaps,19599,local_pca_16,2.948802425926042,0.9784362423523032,1.0752198745165555,0.0,0.975224735558034,0.22992605255873647,0.36865109395781753,False
am_9db,test,long_gaps,19599,local_pca_32,2.850356698987541,0.9457711623542431,1.0565727738907964,0.0,0.942666871668503,0.3253601459232001,0.43391959541046593,False
am_9db,test,long_gaps,19599,local_dictionary_8,3.23986084670865,1.075011755527316,1.131118277896341,0.0,1.0714832603557805,-0.23836023138401102,0.11934047761827674,False
am_9db,test,long_gaps,19599,local_dictionary_24,2.8507324179283415,0.9458958289054454,1.0119692069015496,0.0,0.9427911290285301,0.3347438639325406,0.4361899181221045,False
am_9db,validation,mixed_damage,12000,zero_fill,2.171656905616104,1.0,1.186793836485346,0.7252118701739608,0.8875907547023121,,0.8748302498864996,
am_9db,validation,mixed_damage,12000,linear,2.175613388161194,1.0018218727529467,1.20057878975514,0.7252118701739608,0.8881961165884354,-0.01965098286842308,0.8731677617902149,
am_9db,validation,mixed_damage,12000,pchip,2.1752474374125934,1.0016533605226516,1.2026176507096058,0.7252118701739608,0.8881400953533549,-0.013271604030595857,0.8731957687657633,
am_9db,validation,mixed_damage,12000,autoregression,2.1552486449221235,0.9924443586592583,1.1629243924278252,0.7252118701739608,0.8850875864517893,0.16880890630032763,0.8776161439011415,
am_9db,validation,mixed_damage,12000,pca_r32_l01,8.332224601765235,3.8368052431382407,4.570199585567439,0.7808869697716787,2.216031555896285,-0.2929170062432646,0.17109486982194716,
am_9db,validation,mixed_damage,12000,pca_r64_l01,4.00479146593506,1.8441179431144497,2.7620395529138295,0.3731260468048638,1.0643865718011498,0.19140180921648045,0.6877640018045553,
am_9db,validation,mixed_damage,12000,pca_r96_l01,3.6166769801201584,1.665399801767535,2.3138693691996233,0.26627503744322484,0.9402090296847535,-0.08594727722711595,0.723970359287163,
am_9db,validation,mixed_damage,12000,pca_r64_l001,12.261596988202642,5.646194367302233,7.279720076859393,0.3512272058211504,3.084205417858201,0.004438780592996584,0.2925054411091259,
am_9db,validation,mixed_damage,12000,pca_r64_l1,2.5032077439017866,1.152671832013732,1.5957510015308187,0.5122328443850266,0.7985058825758384,0.03278982135737614,0.7797725264454859,
am_9db,validation,mixed_damage,12000,template_1,2.532420585813329,1.1661236999565894,1.2637576600905354,1.0222663530148588,1.1749622725604218,0.503212848210191,0.4503421932605777,
am_9db,validation,mixed_damage,12000,dictionary_8,2.2605251278339455,1.0409218518763348,1.2020551731765288,0.9254220628799248,1.05936489731297,0.303473911885721,0.5533986175714063,
am_9db,validation,mixed_damage,12000,dictionary_24,1.9863265546693567,0.9146594701642483,1.2194760078607707,0.7736909255125374,0.8987650522067536,0.5130003571525141,0.70597976107289,
am_9db,validation,mixed_damage,12000,dictionary_48,2.193656464943514,1.0101303107643373,1.348162897114457,0.6088498885083025,0.8051630846929809,0.32913394558752723,0.7724652740564292,
am_9db,validation,mixed_damage,12000,local_pca_8,2.5324593626211813,1.1661415558194341,1.3166214064502206,0.7252118701739608,0.9454606771617305,0.06388135582688534,0.7086620821043819,
am_9db,validation,mixed_damage,12000,local_pca_16,2.3130735684132895,1.0651192471662854,1.3781158397457487,0.7252118701739608,0.9096459882321801,0.17845471859237727,0.7664160092712605,
am_9db,validation,mixed_damage,12000,local_pca_32,2.623104550600847,1.2078816611488021,1.8767140974993235,0.7252118701739608,0.9607829272591011,0.16049472707972956,0.6690829882722754,
am_9db,validation,mixed_damage,12000,local_dictionary_8,1.7591420127316642,0.8100460105748571,1.0327922916561747,0.7252118701739608,0.8285365287125177,0.6278676254026611,0.8112221568717494,
am_9db,validation,mixed_damage,12000,local_dictionary_24,2.4071837373113243,1.1084548996142651,1.3151542358721222,0.7252118701739608,0.9247809671347292,0.120396343839228,0.7427183974793309,
am_9db,validation,mixed_damage,12113,zero_fill,2.8882903640452127,1.0,2.13114699629683,0.6738062934218123,0.9731535414202069,,0.8111780908692668,
am_9db,validation,mixed_damage,12113,linear,2.969457175239631,1.0281020260998759,2.190306608254773,0.6738062934218123,0.9883034621070579,-0.020867036766640742,0.7686837817101329,
am_9db,validation,mixed_damage,12113,pchip,2.9686146734161123,1.027810330419273,2.189508234830207,0.6738062934218123,0.9881452605463705,-0.01973063368318373,0.7690030130055041,
am_9db,validation,mixed_damage,12113,autoregression,2.81356185570939,0.9741270790270681,2.028927628578432,0.6738062934218123,0.9593733023348331,0.2952257373603583,0.8266652191457265,
am_9db,validation,mixed_damage,12113,pca_r32_l01,8.881205952339501,3.0749006619614496,5.224267384906707,0.6408269946121203,2.3053701942858416,-0.19339021990813143,0.18913754301798075,
am_9db,validation,mixed_damage,12113,pca_r64_l01,6.600172177849287,2.285148425522348,4.116981402851572,0.47792147366857324,1.7137022568506268,-0.33580804915771667,0.32423105580901496,
am_9db,validation,mixed_damage,12113,pca_r96_l01,4.275868561422109,1.4804150630594892,2.778650663720126,0.2853303255792565,1.104090487544653,-0.029473272762487797,0.6374906789490151,
am_9db,validation,mixed_damage,12113,pca_r64_l001,14.044588583280564,4.862595796500989,7.875114912557534,0.46678197594869547,3.5401160792203665,-0.24100092910954002,0.10123296956869757,
am_9db,validation,mixed_damage,12113,pca_r64_l1,3.5197745361358383,1.2186359723217706,2.472477768584539,0.5288226369884523,1.0180745769006059,-0.12049890565890829,0.6390358939066377,
am_9db,validation,mixed_damage,12113,template_1,3.5207649690688423,1.218978885536222,2.4960132338666483,0.9836983521477394,1.2968886490292593,-0.4664135641249248,0.2762060671982406,
am_9db,validation,mixed_damage,12113,dictionary_8,3.5074703604978965,1.2143759520027921,2.5465953194757827,0.8657261392267984,1.2130687983343966,-0.10996500647216255,0.4402526552318799,
am_9db,validation,mixed_damage,12113,dictionary_24,3.126435774929687,1.08245203247188,2.3520414573565347,0.692783309126381,1.0299827473015528,0.08034792121083292,0.6254547854282235,
am_9db,validation,mixed_damage,12113,dictionary_48,3.328926404019098,1.1525594675172304,2.4877831209893433,0.5667112026558718,0.9968442334315104,0.10880507830745681,0.6631208724647577,
am_9db,validation,mixed_damage,12113,local_pca_8,3.304553030966009,1.1441207823502195,2.4263049694149617,0.6738062934218123,1.052683907634708,-0.08619930307732512,0.6273050572933602,
am_9db,validation,mixed_damage,12113,local_pca_16,2.9117846058142005,1.0081343074302553,2.053586064056339,0.6738062934218123,0.977519609984858,0.1961554138242853,0.7359760298332433,
am_9db,validation,mixed_damage,12113,local_pca_32,3.8548506221700722,1.3346478837990297,2.7862279632289972,0.6738062934218123,1.1637787895221865,-0.06820275599246745,0.47667781870710296,
am_9db,validation,mixed_damage,12113,local_dictionary_8,2.9867553702742238,1.034091103669752,2.2729644598757117,0.6738062934218123,0.9915559571225839,0.19348484567540164,0.7004497599638304,
am_9db,validation,mixed_damage,12113,local_dictionary_24,2.19311403487035,0.7593121737936247,1.6443420208891322,0.6738062934218123,0.8522020368495348,0.6505665191715795,0.8283034114464096,
am_9db,validation,mixed_damage,12226,zero_fill,3.800536730803074,1.0,2.8898634664767044,0.6434110255802368,1.1361598055444406,,0.7134044086989256,
am_9db,validation,mixed_damage,12226,linear,4.077714139043427,1.0729311220685884,3.010566361629225,0.6434110255802368,1.194712800669262,-0.021351826445601543,0.5461686854203475,
am_9db,validation,mixed_damage,12226,pchip,4.291370174426989,1.129148454123794,3.1011627310452914,0.6434110255802368,1.2406027817036844,-0.019281723137313845,0.4716485977415815,
am_9db,validation,mixed_damage,12226,autoregression,3.9370253450889985,1.035912983863488,2.9488707700905827,0.6434110255802368,1.1648453434213468,-0.062183099784651925,0.6271931683232537,
am_9db,validation,mixed_damage,12226,pca_r32_l01,8.003541161966902,2.1058975952261645,5.332762791688192,0.5855977940661845,2.0796715903227097,-0.16295681540120552,0.18680515907598447,
am_9db,validation,mixed_damage,12226,pca_r64_l01,5.09244734833653,1.339928465119838,3.795314982730792,0.44105073258306177,1.3428259898964152,-0.07085466283511309,0.47952773599706444,
am_9db,validation,mixed_damage,12226,pca_r96_l01,4.518573821091231,1.1889304435524906,3.3447345187518382,0.3182431700879529,1.1709155100354556,-0.004865418637028958,0.5913007492094754,
am_9db,validation,mixed_damage,12226,pca_r64_l001,10.429894841326457,2.7443215472154017,6.455212543162702,0.434964130868777,2.641266425981397,-0.16131160474622652,0.15758893596393814,
am_9db,validation,mixed_damage,12226,pca_r64_l1,3.868204860365353,1.0178048876659536,2.948713446566215,0.5106973070805185,1.0861395206660704,0.11371762002148417,0.6343510159926702,
am_9db,validation,mixed_damage,12226,template_1,4.600184772321719,1.210403976637709,3.442539524090802,0.9259816335811556,1.4582380148111327,-0.4309651520682528,0.1428053027851124,
am_9db,validation,mixed_damage,12226,dictionary_8,4.273574247621528,1.1244659768670353,3.355336703655039,0.7531095351571345,1.293518612861418,-0.27525183414538895,0.4095845779355224,
am_9db,validation,mixed_damage,12226,dictionary_24,4.134899070473441,1.0879776629864895,3.2280345575293103,0.6915226935571145,1.231626081106027,-0.17703938659168453,0.48660350769581096,
am_9db,validation,mixed_damage,12226,dictionary_48,3.8374713700006717,1.0097182692376698,3.037095131162957,0.6036498724384084,1.1233900714744642,0.09599629257683938,0.6000168289863683,
am_9db,validation,mixed_damage,12226,local_pca_8,3.8832947590778684,1.0217753528347842,2.9437874171152867,0.6434110255802368,1.1535175660630081,0.04324480775589794,0.6354168501612033,
am_9db,validation,mixed_damage,12226,local_pca_16,3.8089366026163765,1.0022101804056311,2.836959819462792,0.6434110255802368,1.1379165242979152,0.10596211679871559,0.6685065653105012,
am_9db,validation,mixed_damage,12226,local_pca_32,3.649085810897443,0.9601501233554375,2.690969991744664,0.6434110255802368,1.104691514430223,0.31065504071371114,0.6566915730533113,
am_9db,validation,mixed_damage,12226,local_dictionary_8,3.971086786028858,1.0448752550773917,2.984085544453989,0.6434110255802368,1.1720493931503642,0.015635870885102484,0.590718360673128,
am_9db,validation,mixed_damage,12226,local_dictionary_24,4.3355851849558915,1.140782339982742,3.443126130378044,0.6434110255802368,1.2501741157130422,-0.07417729986742717,0.45525142170999905,
am_9db,validation,mixed_damage,12339,zero_fill,5.0837880043148145,1.0,2.376247625537058,0.24295129026027962,1.2925333751590862,,0.2546436925245444,
am_9db,validation,mixed_damage,12339,linear,5.085020001589342,1.0002423384439874,2.3894251273410942,0.24295129026027962,1.2928362318501205,-0.00020043907747702795,0.2518612890447711,
am_9db,validation,mixed_damage,12339,pchip,5.085308572379885,1.0002991013912814,2.390554789497206,0.24295129026027962,1.2929071703410149,-0.004157387399458202,0.25115009508315134,
am_9db,validation,mixed_damage,12339,autoregression,5.0236646196501225,0.988173506721039,2.336024022318521,0.24295129026027962,1.2777564848277878,0.4911882918505786,0.3392943312975315,
am_9db,validation,mixed_damage,12339,pca_r32_l01,5.05304099496679,0.9939519489557928,2.459870359053671,0.19477814012170583,1.277260279730947,0.17872751006863982,0.2865288259596085,
am_9db,validation,mixed_damage,12339,pca_r64_l01,4.635746517122314,0.9118685738248271,2.400929008932813,0.15579900186879214,1.1687131198930234,0.4208790901955911,0.4750980689644114,
am_9db,validation,mixed_damage,12339,pca_r96_l01,4.678109831901623,0.9202015953322845,2.273868883275301,0.13468809776863166,1.1767759146961303,0.41968669709108897,0.46994786770356045,
am_9db,validation,mixed_damage,12339,pca_r64_l001,5.313677101698416,1.045220040093821,3.1758658043047117,0.14517183490472557,1.335835114868648,0.5076849205242882,0.5361576160679425,
am_9db,validation,mixed_damage,12339,pca_r64_l1,5.089355563677311,1.0010951596246287,2.3670627272404126,0.17114145896041533,1.283084200231996,0.07977062532067619,0.2522743980868647,
am_9db,validation,mixed_damage,12339,template_1,5.665691156588538,1.1144625133423816,2.427041090453848,0.2222134635618294,1.4326709896350012,-0.13598179345551956,0.009360388261956887,
am_9db,validation,mixed_damage,12339,dictionary_8,4.251556205696178,0.8362969112967953,1.9227694621495481,0.2067672688697801,1.0815793059899639,0.5929958803922248,0.605115729062442,
am_9db,validation,mixed_damage,12339,dictionary_24,4.537352521042653,0.8925141090052575,2.119732275709158,0.20609176175012936,1.1517561350534233,0.47928937736999583,0.5087547638549325,
am_9db,validation,mixed_damage,12339,dictionary_48,4.220005078703046,0.830090687322398,1.9500382720118012,0.20396315139173835,1.0733259456929964,0.6204461987178475,0.6233391546181167,
am_9db,validation,mixed_damage,12339,local_pca_8,4.357296527798532,0.8570964257558182,2.0466234043783036,0.24295129026027962,1.1144340764697613,0.658235995677519,0.6780487443867584,
am_9db,validation,mixed_damage,12339,local_pca_16,4.623118695154933,0.9093846342985008,2.1250825853035433,0.24295129026027962,1.1794756888941709,0.5570849971014491,0.5844433918474902,
am_9db,validation,mixed_damage,12339,local_pca_32,4.726323081027096,0.9296853206734184,2.251852495698994,0.24295129026027962,1.204769423163528,0.44980733077411716,0.499872127511088,
am_9db,validation,mixed_damage,12339,local_dictionary_8,5.101229839094919,1.0034308737432207,2.177565335051615,0.24295129026027962,1.2968212534130183,0.11125781657719361,0.21075598211983432,
am_9db,validation,mixed_damage,12339,local_dictionary_24,5.195207891307213,1.0219167059873133,2.334157339629536,0.24295129026027962,1.319932881236006,0.11724384404794679,0.19138718115170542,
am_9db,validation,mixed_damage,12452,zero_fill,4.112014737265932,1.0,2.0003893280344442,0.21727612125085888,1.0493092636491719,,0.26955492408924,
am_9db,validation,mixed_damage,12452,linear,4.112160034450102,1.0000353347916906,2.008359696410948,0.21727612125085888,1.0493448504279923,0.00662566873543913,0.26892970308080405,
am_9db,validation,mixed_damage,12452,pchip,4.112139172138958,1.0000302612906269,2.0098824971491234,0.21727612125085888,1.04933974074257,0.007844449332231633,0.26878983818214003,
am_9db,validation,mixed_damage,12452,autoregression,4.113914042148276,1.0004618915552834,1.994844413390201,0.21727612125085888,1.0497744531318396,-0.028016444286047795,0.26568160498957255,
am_9db,validation,mixed_damage,12452,pca_r32_l01,4.199990606585351,1.0213948331756015,1.9978101074703165,0.10851739907538914,1.055241722424787,0.1311650250929035,0.2771646892125545,
am_9db,validation,mixed_damage,12452,pca_r64_l01,3.8155946427168694,0.9279136594860183,1.8773115529955142,0.10652764900352255,0.9594589809354457,0.373445630959243,0.4570669283231446,
am_9db,validation,mixed_damage,12452,pca_r96_l01,3.803674100356418,0.9250147052939481,1.8354794136666372,0.09916124396458538,0.9557533333152463,0.38715289256275887,0.46607597866893985,
am_9db,validation,mixed_damage,12452,pca_r64_l001,4.1838834737421875,1.0174777429236648,2.1850358641232077,0.10484440260790723,1.050885524011361,0.4321736707412039,0.48234060501430914,
am_9db,validation,mixed_damage,12452,pca_r64_l1,3.8532324759671006,0.9370667962462373,1.839601728827867,0.1090149236778588,0.9690737948427514,0.3998955719764176,0.4506089749659925,
am_9db,validation,mixed_damage,12452,template_1,4.791539328943405,1.1652534426783905,2.3546697651772917,0.1310479609011976,1.2045863569514446,0.08729448384401849,0.18271118261196917,
am_9db,validation,mixed_damage,12452,dictionary_8,3.9186437550246107,0.952974151456983,1.8283138115726365,0.10236721009123,0.9846622061753371,0.3764088620445731,0.44985233536010244,
am_9db,validation,mixed_damage,12452,dictionary_24,3.9338050864451284,0.9566612324596641,1.891654174345834,0.09684595502187165,0.9879116086220416,0.32367497673372797,0.417144756933406,
am_9db,validation,mixed_damage,12452,dictionary_48,3.9050071738785808,0.9496578741531967,1.8524364945514018,0.0950338213762851,0.9805786695914521,0.3383807510954678,0.4291247529881264,
am_9db,validation,mixed_damage,12452,local_pca_8,4.198344728409861,1.0209945724079115,1.9949311725934,0.21727612125085888,1.0704622877393364,0.11067974411152397,0.1980739850246319,
am_9db,validation,mixed_damage,12452,local_pca_16,3.9159232569222624,0.9523125540950638,1.8472344690331228,0.21727612125085888,1.0013300107573153,0.3103252799391624,0.38869719601908886,
am_9db,validation,mixed_damage,12452,local_pca_32,3.935408893129286,0.9570512618702162,1.8818463621516313,0.21727612125085888,1.006093212912835,0.29447889102093566,0.37730161445218685,
am_9db,validation,mixed_damage,12452,local_dictionary_8,3.9274560177608064,0.9551172037802962,1.8345417421715249,0.21727612125085888,1.0041490322790998,0.30359593146776587,0.3651743543214548,
am_9db,validation,mixed_damage,12452,local_dictionary_24,4.041650836659631,0.9828882177953755,1.933028303779582,0.21727612125085888,1.032081488378545,0.24955091697404194,0.3102878903926767,
am_9db,validation,mixed_damage,12565,zero_fill,3.6714570327306744,1.0,1.6194211216543386,0.28464892898857935,0.9583505339515231,,0.4164538627679675,
am_9db,validation,mixed_damage,12565,linear,3.703392924164013,1.0086984243989874,1.6966656355774257,0.28464892898857935,0.9659999463756215,-0.002088507545999983,0.3625981534366579,
am_9db,validation,mixed_damage,12565,pchip,3.7064537817063066,1.0095321145429839,1.712834726073911,0.28464892898857935,0.9667333793354091,0.0016175506021673751,0.35768843078946966,
am_9db,validation,mixed_damage,12565,autoregression,3.6850982587748025,1.0037154802364614,1.5974835370734821,0.28464892898857935,0.9616172695139767,-0.062071123355804336,0.39759441317554944,
am_9db,validation,mixed_damage,12565,pca_r32_l01,3.8858640354540004,1.0583983418059666,1.7875924161234662,0.32692243077145594,1.0217360666458097,0.23339558678831834,0.3423430551315086,
am_9db,validation,mixed_damage,12565,pca_r64_l01,3.341626690817092,0.9101636383122075,1.6318734079895298,0.27899536922702634,0.877996482820869,0.43881054213922605,0.5289158605141314,
am_9db,validation,mixed_damage,12565,pca_r96_l01,3.0312939772992906,0.8256378735405606,1.426016503742403,0.22997312838741218,0.7898598678529688,0.5766375489011994,0.6424802322581176,
am_9db,validation,mixed_damage,12565,pca_r64_l001,5.422379366848838,1.4769012189190462,2.9360260969044014,0.2768803194855162,1.3818497265396668,0.5430476698940789,0.5582804310050532,
am_9db,validation,mixed_damage,12565,pca_r64_l1,3.7251686983168577,1.014629523131375,1.5663414094049837,0.28906034552340404,0.9724395894228904,0.06548113133408986,0.32802769814869986,
am_9db,validation,mixed_damage,12565,template_1,5.9745414033539825,1.6272943820645427,2.466984139759436,0.3469929911005398,1.5309557272028735,-0.5622688239457873,-0.3531478603215621,
am_9db,validation,mixed_damage,12565,dictionary_8,3.2199726403515294,0.8770285506941232,1.34556355031135,0.3252403960481849,0.8643980395677134,0.4804214498950453,0.5380071078262301,
am_9db,validation,mixed_damage,12565,dictionary_24,3.008015623409107,0.8192975150173206,1.3360741488010583,0.3215597521382038,0.8139090898098288,0.5738207233777947,0.6085235242805704,
am_9db,validation,mixed_damage,12565,dictionary_48,3.4921335131023725,0.9511573966330941,1.5559940431771466,0.3096867109685302,0.9230920985196408,0.38025060308148284,0.46774394512879836,
am_9db,validation,mixed_damage,12565,local_pca_8,2.6759123014209334,0.728842058497605,1.1744191786185003,0.28464892898857935,0.7235278949577141,0.7166758075545077,0.7550855513041353,
am_9db,validation,mixed_damage,12565,local_pca_16,3.351880624951532,0.9129565170094187,1.4635490034367504,0.28464892898857935,0.8821309042434069,0.4256134559641291,0.5532470511188479,
am_9db,validation,mixed_damage,12565,local_pca_32,3.4214698897917653,0.9319106445451224,1.5864330237387063,0.28464892898857935,0.8986737241056558,0.37274734644475277,0.5189816260486533,
am_9db,validation,mixed_damage,12565,local_dictionary_8,4.499296632028349,1.225479854977892,1.8252627690519474,0.28464892898857935,1.1580977229544585,-0.42660746976267194,-0.13031494674059688,
am_9db,validation,mixed_damage,12565,local_dictionary_24,5.182035385679556,1.4114383852193355,2.4596821395194413,0.28464892898857935,1.3245014611649701,-0.48979905021138226,-0.27112885400716863,
am_9db,validation,mixed_damage,12678,zero_fill,2.8372879259557116,1.0,2.129292029375549,0.6562943400240164,0.9523338662854618,,0.7913840412840245,
am_9db,validation,mixed_damage,12678,linear,3.0418950694849776,1.072113634170683,2.229190198712189,0.6562943400240164,0.9910209232456447,-0.021597498699660055,0.6565864882615714,
am_9db,validation,mixed_damage,12678,pchip,3.0524051063844944,1.075817888787696,2.2347881502924567,0.6562943400240164,0.9930386084103026,-0.01999965637609492,0.6508197562212488,
am_9db,validation,mixed_damage,12678,autoregression,2.5494959282130636,0.898567926395518,1.8055677776684664,0.6562943400240164,0.9000265065259321,0.4656361461298942,0.8216553237785633,
am_9db,validation,mixed_damage,12678,pca_r32_l01,4.301857982058162,1.5161866170523124,3.037855607656147,0.5417506901114438,1.1965677282163374,-0.13391007265681962,0.4816352246438803,
am_9db,validation,mixed_damage,12678,pca_r64_l01,3.9313032690455865,1.3855848865678189,2.7646794064150635,0.38111380465310674,1.0498172869202649,-0.17114422617268363,0.5919888589235216,
am_9db,validation,mixed_damage,12678,pca_r96_l01,2.7889037773926,0.9829470431532557,1.9711571808133521,0.2786851354566195,0.747619779300524,0.2858944529288314,0.7956637240946318,
am_9db,validation,mixed_damage,12678,pca_r64_l001,9.321489007709976,3.28535180460056,6.122522938716847,0.35975722320357,2.3562620850560783,-0.24566270045789979,0.18898881047332067,
am_9db,validation,mixed_damage,12678,pca_r64_l1,2.807044831742925,0.9893408441434087,2.01210515623778,0.4611771970812082,0.8317814764869833,0.21573591830164776,0.7418832442015619,
am_9db,validation,mixed_damage,12678,template_1,3.244411596550383,1.1434904321377732,2.396304482434294,0.9288209146506219,1.2110643815518458,-0.35815271651549413,0.23128811244628839,
am_9db,validation,mixed_damage,12678,dictionary_8,3.1543816382483514,1.111759440905466,2.3339479604859923,0.7634535298080661,1.0808862943889002,-0.11340337392012388,0.48443957921380787,
am_9db,validation,mixed_damage,12678,dictionary_24,2.9152188924560356,1.027466710652594,2.127254900600306,0.6252843494707339,0.9474706115603329,0.1759026300699877,0.6408415664689887,
am_9db,validation,mixed_damage,12678,dictionary_48,2.8442017990883643,1.002436789396453,2.097000119642431,0.5555524244001137,0.8915948252215713,0.2235480543721315,0.6912000363016766,
am_9db,validation,mixed_damage,12678,local_pca_8,2.4725533897582155,0.8714495864656954,1.8617135696000497,0.6562943400240164,0.8865083959140712,0.4937818860704753,0.7962932321275337,
am_9db,validation,mixed_damage,12678,local_pca_16,2.4905405803391143,0.8777891582857954,1.8326035649624448,0.6562943400240164,0.8896497307061808,0.47974781766351077,0.7868926703192698,
am_9db,validation,mixed_damage,12678,local_pca_32,2.2810318545995876,0.8039479651439483,1.6587868641251768,0.6562943400240164,0.8538127807411668,0.5969452577911968,0.7758469898449568,
am_9db,validation,mixed_damage,12678,local_dictionary_8,2.5475393324237605,0.8978783256780849,1.9300494504472396,0.6562943400240164,0.8996801710003494,0.4407571816525211,0.7838072816427833,
am_9db,validation,mixed_damage,12678,local_dictionary_24,2.5210474727227212,0.8885412896097008,1.9311180394619623,0.6562943400240164,0.8950039898980552,0.4931336814326137,0.7225569025913045,
am_9db,validation,mixed_damage,12791,zero_fill,3.7803809745336983,1.0,2.6774522543020725,0.8566989287315718,1.2574844961758898,,0.8165840747209614,
am_9db,validation,mixed_damage,12791,linear,3.837161758788739,1.015019857690942,2.7116956995276063,0.8566989287315718,1.2681878355664145,-0.06502145778199436,0.7952272904237768,
am_9db,validation,mixed_damage,12791,pchip,3.8220902681070568,1.0110330926576794,2.703562882130532,0.8566989287315718,1.2653401181823114,-0.09449651397714179,0.802929245409382,
am_9db,validation,mixed_damage,12791,autoregression,3.6123294978317615,0.9555464177197999,2.572058989325221,0.8566989287315718,1.2262218451980051,0.43996901253990156,0.7083407488080057,
am_9db,validation,mixed_damage,12791,pca_r32_l01,9.29415707089562,2.458523924838563,5.862366918507371,0.6131734946018238,2.398190485497767,-0.36408579867780483,0.2653938175783039,
am_9db,validation,mixed_damage,12791,pca_r64_l01,5.6453935094305425,1.4933398372969247,3.4143772600422864,0.39672047361340296,1.4626874856125527,-0.043560213101983866,0.6214551048273464,
am_9db,validation,mixed_damage,12791,pca_r96_l01,5.8459760219381405,1.5463986464113524,3.4414583939517804,0.3079571295410053,1.4916014789816245,-0.1469968401364045,0.6056878230935657,
am_9db,validation,mixed_damage,12791,pca_r64_l001,13.07938381671286,3.4598057457228037,7.174783202213808,0.3717797035767918,3.2896008804713395,-0.28075195382952023,0.20012311181041448,
am_9db,validation,mixed_damage,12791,pca_r64_l1,3.820929084062532,1.0107259320692765,2.60334938696859,0.4989564549858832,1.0704514884213616,0.15569009485437932,0.7771072981952377,
am_9db,validation,mixed_damage,12791,template_1,4.530431263118358,1.1984060055421206,3.2132482439553707,1.168269580962722,1.600734492289446,-0.014183869235033644,0.3983974675911703,
am_9db,validation,mixed_damage,12791,dictionary_8,4.339249250326,1.1478338504920755,3.1170013418850315,1.0091168073904364,1.459962221703501,-0.06861238552127635,0.5232479167163981,
am_9db,validation,mixed_damage,12791,dictionary_24,4.353300428559848,1.1515507187993979,2.937454436412612,0.8123301685790136,1.3427916155125645,-0.1276358489578713,0.6205039875806605,
am_9db,validation,mixed_damage,12791,dictionary_48,3.834299071553015,1.0142626093461302,2.6627351532268824,0.6929880044808744,1.1700783890788065,0.10934354293493707,0.7242110398394842,
am_9db,validation,mixed_damage,12791,local_pca_8,4.113082708835741,1.0880074618254791,2.901953677808152,0.8566989287315718,1.321136943769241,-0.05284208328556388,0.6848645231838313,
am_9db,validation,mixed_damage,12791,local_pca_16,3.9183738017292735,1.036502359980424,2.7984479700512876,0.8566989287315718,1.2836142593139512,0.07435120732353691,0.7311611141093823,
am_9db,validation,mixed_damage,12791,local_pca_32,3.266204263482853,0.8639881232831916,2.2582975327631183,0.8566989287315718,1.1639664435707786,0.5034892719861844,0.8129703847564487,
am_9db,validation,mixed_damage,12791,local_dictionary_8,4.405346258289139,1.165318069254258,3.0616628998075575,0.8566989287315718,1.3787691855593853,0.025886515454482496,0.5905728289441452,
am_9db,validation,mixed_damage,12791,local_dictionary_24,3.988502769336548,1.0550531272389871,2.8171496558205513,0.8566989287315718,1.2970435169634984,0.1527575217189531,0.6834566399151032,
am_9db,validation,mixed_damage,12904,zero_fill,1.733055598819929,1.0,0.9630078271519156,0.7406763843557256,0.8378732117590629,,0.9132262316338124,
am_9db,validation,mixed_damage,12904,linear,1.743101878518176,1.0057968594343354,0.9784015859163765,0.7406763843557256,0.8391746970248378,-0.03703621659130909,0.9093440718687424,
am_9db,validation,mixed_damage,12904,pchip,1.7420416089387567,1.0051850674178868,0.9807980231559001,0.7406763843557256,0.8390370806171199,-0.02525801656750079,0.9094966995020357,
am_9db,validation,mixed_damage,12904,autoregression,1.6469725325876767,0.9503287336592848,0.9086245019982067,0.7406763843557256,0.8269500105142512,0.5427517121499361,0.9274320401054079,
am_9db,validation,mixed_damage,12904,pca_r32_l01,4.195317678162797,2.420763465995823,2.8860974802821047,0.3712618119860296,1.1087216855542616,-0.29856009826892493,0.6290296384238462,
am_9db,validation,mixed_damage,12904,pca_r64_l01,2.7033323342913764,1.5598647476354062,1.8186677676409153,0.26217809862419994,0.7219360273164044,-0.256080927330925,0.8176365856440807,
am_9db,validation,mixed_damage,12904,pca_r96_l01,2.242373270104926,1.2938842075417554,1.5655694253956485,0.19932704081786282,0.5928852608483339,-0.041487078996348827,0.8764835542198557,
am_9db,validation,mixed_damage,12904,pca_r64_l001,4.946694187750193,2.8543193831279807,3.291462939031314,0.25406194925134273,1.2609023430162627,-0.3986001148014101,0.582434488224596,
am_9db,validation,mixed_damage,12904,pca_r64_l1,1.993593359143167,1.150334334628758,1.2169507243607034,0.34888686591905976,0.6020924534374941,-0.0506519623874384,0.873007617283559,
am_9db,validation,mixed_damage,12904,template_1,1.836361881321486,1.0596093296556095,1.02041147594845,0.9590593609603562,1.035891760358433,0.14448190761420732,0.5333607284700408,
am_9db,validation,mixed_damage,12904,dictionary_8,1.9658300124838526,1.1343144523594189,1.0125590415785766,0.7185125342685054,0.8517772437122467,-0.061990168508911044,0.7171674932653631,
am_9db,validation,mixed_damage,12904,dictionary_24,2.3033723088853035,1.3290816004135784,1.2839882636591282,0.5659696120053208,0.7949193362789009,-0.14185452377247273,0.761769461231049,
am_9db,validation,mixed_damage,12904,dictionary_48,2.3049559823957995,1.3299954046282696,1.426796975266736,0.4020718483955303,0.6954202259185251,-0.24650272515974317,0.8228036765892797,
am_9db,validation,mixed_damage,12904,local_pca_8,1.909182637650151,1.101628037179044,1.242589562206395,0.7406763843557256,0.8614668064933947,0.1794688569821007,0.7967101311914598,
am_9db,validation,mixed_damage,12904,local_pca_16,1.6723120447662385,0.9649500257839091,1.097688469927662,0.7406763843557256,0.8301223618465946,0.3342058054552935,0.86231597248443,
am_9db,validation,mixed_damage,12904,local_pca_32,1.8388203533534226,1.0610279062053813,1.310341423399847,0.7406763843557256,0.8518466296464722,0.23057528360356414,0.8131102978130827,
am_9db,validation,mixed_damage,12904,local_dictionary_8,1.8846295010404042,1.087460495972365,0.989257708770696,0.7406763843557256,0.8580811059904921,0.5203603423939879,0.7336772427580829,
am_9db,validation,mixed_damage,12904,local_dictionary_24,1.8526870733349272,1.0690292190258972,1.018349147793399,0.7406763843557256,0.8537224368477584,0.6144032914250077,0.7275284637398161,
am_9db,validation,mixed_damage,13017,zero_fill,3.1070536873624226,1.0,1.5477074004900908,0.2197993393808815,0.8053903890364486,,0.347921874686533,
am_9db,validation,mixed_damage,13017,linear,3.1077467056677563,1.0002230467751982,1.5606835945373456,0.2197993393808815,0.8055574867162208,0.0032562741821524728,0.3460083253948948,
am_9db,validation,mixed_damage,13017,pchip,3.108402229150698,1.0004340259049145,1.5711072268148818,0.2197993393808815,0.8057155461945421,0.004629334746833041,0.34416479510933207,
am_9db,validation,mixed_damage,13017,autoregression,3.120710805518514,1.0043955204931412,1.5515161472463062,0.2197993393808815,0.8086838139673352,-0.23883078129614604,0.32460739352332807,
am_9db,validation,mixed_damage,13017,pca_r32_l01,3.1845755631645654,1.024950285254952,1.533561140636639,0.1202325494054468,0.804610134884937,0.12640796912822524,0.34365294313300004,
am_9db,validation,mixed_damage,13017,pca_r64_l01,2.9121898381115647,0.9372833980811327,1.4505613366819674,0.11745004108787387,0.7368754701217081,0.34892176537422886,0.48671371305030947,
am_9db,validation,mixed_damage,13017,pca_r96_l01,2.8305113097857664,0.9109953012072305,1.3655081702924035,0.11181174109299209,0.7158614677662339,0.43489554847055273,0.5334780019224491,
am_9db,validation,mixed_damage,13017,pca_r64_l001,2.9586173738025257,0.9522260223041384,1.5715207457304996,0.11569843629881804,0.7480895955280035,0.553648919404286,0.6095135184625451,
am_9db,validation,mixed_damage,13017,pca_r64_l1,2.9586938038698483,0.9522506211926718,1.4179919937177314,0.11966912488039483,0.7486938425018278,0.30943166907228215,0.4608527818921108,
am_9db,validation,mixed_damage,13017,template_1,2.6816848373303768,0.8630957515275054,1.3027043639654954,0.14553431322693,0.685070120118379,0.651378885145918,0.6819107245698831,
am_9db,validation,mixed_damage,13017,dictionary_8,2.2940673406228833,0.7383417125856994,1.166642079397969,0.10979764976500399,0.5832869052683961,0.7133824197541697,0.7427992549941468,
am_9db,validation,mixed_damage,13017,dictionary_24,2.562309625233299,0.8246750404266245,1.2743525532842437,0.10383513909197523,0.6484190705678387,0.6232301740697385,0.6607707753101721,
am_9db,validation,mixed_damage,13017,dictionary_48,2.529884169101208,0.8142389619436626,1.2373723270392958,0.10287778024677785,0.6402671060823206,0.6241050589611706,0.668430265301502,
am_9db,validation,mixed_damage,13017,local_pca_8,3.366634921900774,1.0835457834520748,1.5983147120688068,0.2197993393808815,0.8681484226950303,-0.0988321054603573,0.08695880781022913,
am_9db,validation,mixed_damage,13017,local_pca_16,2.9796205650793985,0.9589858640675109,1.4057868185146032,0.2197993393808815,0.7747102262994916,0.2901119215759029,0.42522387403513334,
am_9db,validation,mixed_damage,13017,local_pca_32,2.9854783650742163,0.9608711871369653,1.4472190550205608,0.2197993393808815,0.7761184394234836,0.2878461122807226,0.4277133075587948,
am_9db,validation,mixed_damage,13017,local_dictionary_8,3.161254435657086,1.0174444196169248,1.569492149219254,0.2197993393808815,0.8184667773818649,0.1530099985077976,0.2725531981305566,
am_9db,validation,mixed_damage,13017,local_dictionary_24,2.5454154020643407,0.8192376631332506,1.3103521190090932,0.2197993393808815,0.6709981283948586,0.5815491733372408,0.606997463543333,
am_9db,validation,mixed_damage,13130,zero_fill,2.64702564605246,1.0,1.459193978906693,0.22726337165739113,0.6973823544295719,,0.43029109928039505,
am_9db,validation,mixed_damage,13130,linear,2.648044564803022,1.0003849296859217,1.4648649929254582,0.22726337165739113,0.6976240758208854,0.012119536216184746,0.4257737750779218,
am_9db,validation,mixed_damage,13130,pchip,2.648078345604069,1.0003976914818256,1.4659800675429016,0.22726337165739113,0.6976320899081345,0.014427997540166226,0.4251507222806892,
am_9db,validation,mixed_damage,13130,autoregression,2.6098128738039708,0.9859416653918767,1.4344897597420019,0.22726337165739113,0.688560674420255,0.28553434868512556,0.475092961525689,
am_9db,validation,mixed_damage,13130,pca_r32_l01,3.801814295248308,1.4362589576410025,1.9235609779518972,0.17352473937716953,0.9651895689187534,-0.10494255945997813,0.10615073332730388,
am_9db,validation,mixed_damage,13130,pca_r64_l01,3.552835061893726,1.3421989572303956,1.8028213360203087,0.16545004604392569,0.9025395677981538,-0.03299085080706692,0.17872136461260624,
am_9db,validation,mixed_damage,13130,pca_r96_l01,3.0851904746767627,1.1655310099763267,1.6267862435464344,0.11859322568277615,0.7797982737022408,-0.048030024160786645,0.2696500975734256,
am_9db,validation,mixed_damage,13130,pca_r64_l001,7.099194562239913,2.6819515605475996,3.4813046713024907,0.15927930437550755,1.7814865962969653,-0.11898426886245343,-0.01657774663023867,
am_9db,validation,mixed_damage,13130,pca_r64_l1,2.749543364734673,1.0387294013698352,1.4463574425885362,0.17434131381310702,0.7078096548546647,0.0584417692992624,0.3661981687252291,
am_9db,validation,mixed_damage,13130,template_1,4.3622564734026685,1.6479842119807762,2.136636801118512,0.16304368057858384,1.1019309803247845,-0.17436680907502491,0.021695099922188148,
am_9db,validation,mixed_damage,13130,dictionary_8,2.728022848110928,1.030599326523058,1.4050319807123066,0.1325927865068401,0.6939840310356566,0.255965346610405,0.4554938864793194,
am_9db,validation,mixed_damage,13130,dictionary_24,3.0012205318546084,1.1338086339776734,1.4245089374281568,0.12802491030823604,0.7604760164576665,0.23257390906031686,0.4101662845298836,
am_9db,validation,mixed_damage,13130,dictionary_48,2.8475238503531655,1.0757447154317188,1.2880007107803149,0.1254708100983898,0.7221727607163724,0.3119548057533737,0.47001340792498925,
am_9db,validation,mixed_damage,13130,local_pca_8,3.876596080954547,1.464510208556445,1.962065421446042,0.22726337165739113,0.9938160913974614,-0.24080754638947854,-0.08807565239091628,
am_9db,validation,mixed_damage,13130,local_pca_16,2.943978830300702,1.112183720127945,1.5452761523347895,0.22726337165739113,0.7681854005835348,-0.10728074401983026,0.14448009850254973,
am_9db,validation,mixed_damage,13130,local_pca_32,2.91845882563628,1.1025427086392652,1.523135962723502,0.22726337165739113,0.7620749437551473,-0.05929229168941643,0.17282675173637665,
am_9db,validation,mixed_damage,13130,local_dictionary_8,3.0381203758477096,1.1477487497631516,1.5498311940175018,0.22726337165739113,0.7907632791960132,0.13749270302874225,0.25150273620782054,
am_9db,validation,mixed_damage,13130,local_dictionary_24,2.2028496177976433,0.8321980639223417,1.0310860073700785,0.22726337165739113,0.5930470069947821,0.6008867733073079,0.6280710811406415,
am_9db,validation,mixed_damage,13243,zero_fill,3.0970194437286573,1.0,1.6803200356737584,0.9015288684198783,1.1668023596498078,,0.8486926327846773,
am_9db,validation,mixed_damage,13243,linear,3.0972977398757227,1.000089859347712,1.6785057886521924,0.9015288684198783,1.1668485280434768,0.008291732160284579,0.8482456817540969,
am_9db,validation,mixed_damage,13243,pchip,3.097318880843172,1.0000966855778453,1.6804961110130345,0.9015288684198783,1.1668520353536689,0.009513125471578284,0.8481963668750724,
am_9db,validation,mixed_damage,13243,autoregression,3.08270275855126,0.9953772698436272,1.651032273599526,0.9015288684198783,1.1644304081421082,0.09949117543530124,0.8490439768269558,
am_9db,validation,mixed_damage,13243,pca_r32_l01,2.3218511675239704,0.749705066342295,1.471721604101516,0.5501506096016294,0.7878363663702672,0.8389942722279344,0.8776545520108286,
am_9db,validation,mixed_damage,13243,pca_r64_l01,3.621488633469339,1.1693464310670414,2.3018896515858884,0.3464116851828161,0.965504911847151,0.2969691985653235,0.803614768223144,
am_9db,validation,mixed_damage,13243,pca_r96_l01,3.2817219452287234,1.0596387929930764,2.087898628245685,0.27563677766990585,0.8627475522951201,0.26305293947336805,0.8397575630489843,
am_9db,validation,mixed_damage,13243,pca_r64_l001,9.518614765626346,3.073475946333229,5.217058830088557,0.33933654780837236,2.4022289967676045,0.4122543579018107,0.56359569572335,
am_9db,validation,mixed_damage,13243,pca_r64_l1,2.890065514686844,0.9331764191985017,1.6297971716950603,0.46733216543643663,0.852513525257619,0.36014850344864047,0.8523958566096462,
am_9db,validation,mixed_damage,13243,template_1,3.7128853365438244,1.198857612619214,2.104812468885322,1.250858787849168,1.5259266268691971,-0.16761715751546552,0.3096708733339,
am_9db,validation,mixed_damage,13243,dictionary_8,3.969736746081414,1.2817926455450497,2.20678269818813,0.9916533725398752,1.3808841371163867,-0.05002934293365548,0.5071613324360983,
am_9db,validation,mixed_damage,13243,dictionary_24,4.479834228404817,1.4464985802644235,2.948786967080797,0.8319672002177705,1.3795709488723369,-0.18464386905964794,0.5404216801904469,
am_9db,validation,mixed_damage,13243,dictionary_48,3.868796470057641,1.2491999292712874,2.318359978625031,0.5955762294911918,1.1260620487942326,-0.1860313057847868,0.7062872146581917,
am_9db,validation,mixed_damage,13243,local_pca_8,3.276126191457735,1.057831973929567,1.7925076176436494,0.9015288684198783,1.1969836394890636,0.0434910941411277,0.7466623479910466,
am_9db,validation,mixed_damage,13243,local_pca_16,3.1138359307335137,1.0054298939061908,1.871617115061496,0.9015288684198783,1.169596316909264,0.29517338449218905,0.7295507431974223,
am_9db,validation,mixed_damage,13243,local_pca_32,3.7048682687521906,1.1962689728197875,2.5949437178016215,0.9015288684198783,1.2727274697898616,-0.0003622998393123596,0.6113335465167878,
am_9db,validation,mixed_damage,13243,local_dictionary_8,3.8351432882598804,1.2383336165440921,2.178524851665527,0.9015288684198783,1.2966215366868141,-0.15021603351609847,0.5907857231238719,
am_9db,validation,mixed_damage,13243,local_dictionary_24,4.969504788260209,1.6046088436168073,3.2594443391798498,0.9015288684198783,1.5183727381117906,-0.32870356931114114,0.35685814269212396,
am_9db,validation,mixed_damage,13356,zero_fill,3.096774979109157,1.0,2.3740426648570443,0.6434684675264909,0.9937551981546399,,0.7971878915925124,
am_9db,validation,mixed_damage,13356,linear,3.2330221618469754,1.0439964749318054,2.4624010602539252,0.6434684675264909,1.0205148005267688,-0.05410823878546649,0.7289304606781823,
am_9db,validation,mixed_damage,13356,pchip,3.2711106831409116,1.0562958901463049,2.495806039596824,0.6434684675264909,1.0280728370315002,-0.04678668731929156,0.7098270651906631,
am_9db,validation,mixed_damage,13356,autoregression,3.2051051264794936,1.0349816012145316,2.3802663911624684,0.6434684675264909,1.0149961176741789,0.1267031353809248,0.7041658621821438,
am_9db,validation,mixed_damage,13356,pca_r32_l01,7.164853897286944,2.313650150760403,4.505706592292232,0.640857969815234,1.8956465821653612,-0.25308382641448324,0.24244371698712844,
am_9db,validation,mixed_damage,13356,pca_r64_l01,4.237873057375798,1.3684794943011642,3.0254322749657336,0.40301474789070535,1.1290449879127056,-0.14457979025187484,0.604317682671603,
am_9db,validation,mixed_damage,13356,pca_r96_l01,3.472002351781991,1.1211671416890532,2.591689896852845,0.27923450118780935,0.9091334792875488,0.07052982849326757,0.7404983097708362,
am_9db,validation,mixed_damage,13356,pca_r64_l001,9.540368203481464,3.080743117546733,5.902981625315563,0.3862910791182814,2.414240789372194,-0.2859705846101008,0.19709752018639154,
am_9db,validation,mixed_damage,13356,pca_r64_l1,3.1987141115758595,1.0329178365087497,2.4529963429952453,0.47888009345945803,0.9243803372486427,0.06153761063973221,0.7250177298628161,
am_9db,validation,mixed_damage,13356,template_1,2.8826271180399874,0.9308481040715547,2.17808491746491,0.9973260668554133,1.204922932081624,0.38901480996155013,0.44136884371164053,
am_9db,validation,mixed_damage,13356,dictionary_8,2.775545798080828,0.8962697699395851,2.118602735351695,0.948712444211429,1.151208169822809,0.648888747237607,0.5330810581835174,
am_9db,validation,mixed_damage,13356,dictionary_24,2.824422505439331,0.9120528693537258,2.1257405267212333,0.7833460991977866,1.0362742505050853,0.4119828688420676,0.6346356217449377,
am_9db,validation,mixed_damage,13356,dictionary_48,3.142251077194656,1.0146849862816254,2.3682038130898557,0.5944058242225496,0.9738299418461208,0.25570192502872024,0.6878460759076725,
am_9db,validation,mixed_damage,13356,local_pca_8,3.1882145426561532,1.029527351571828,2.3502280185501974,0.6434684675264909,1.0116659218992932,0.12107504511711069,0.7137694540224907,
am_9db,validation,mixed_damage,13356,local_pca_16,3.185407017212383,1.0286207550439208,2.3939116119416988,0.6434684675264909,1.0111130282954044,0.14844257305984215,0.7071593806636509,
am_9db,validation,mixed_damage,13356,local_pca_32,3.467725397206285,1.1197860421243258,2.5329102224286837,0.6434684675264909,1.067587656264781,0.11106871194618771,0.6118799909648492,
am_9db,validation,mixed_damage,13356,local_dictionary_8,3.4051806099862545,1.0995892930411804,2.5133503309877776,0.6434684675264909,1.054929796750112,0.0374216987662394,0.6411004602028294,
am_9db,validation,mixed_damage,13356,local_dictionary_24,3.4123368257407285,1.1019001537923652,2.52182315225811,0.6434684675264909,1.0563740354042357,0.1875253066577753,0.6202950045958521,
am_9db,validation,mixed_damage,13469,zero_fill,2.537262381154385,1.0,1.3276313249992224,0.8014249987421382,1.0022453173984454,,0.8771085436795898,
am_9db,validation,mixed_damage,13469,linear,2.5798559709780937,1.016787223166226,1.359170000627748,0.8014249987421382,1.0090183119040712,-0.004323806409644875,0.8593850233571623,
am_9db,validation,mixed_damage,13469,pchip,2.5626879280862163,1.0100208583553205,1.3450836357735048,0.8014249987421382,1.006280274261704,-0.01593768057585027,0.8671881625076615,
am_9db,validation,mixed_damage,13469,autoregression,2.499999668667224,0.9853138119400141,1.3004438003139087,0.8014249987421382,0.996375580932862,0.27755144097570605,0.8835094838945082,
am_9db,validation,mixed_damage,13469,pca_r32_l01,4.372318327155872,1.7232424835647415,2.759503417432504,0.42932345436048824,1.1694535845038767,0.3234235803651601,0.7186336012073222,
am_9db,validation,mixed_damage,13469,pca_r64_l01,3.8368650962422515,1.5122066699686703,2.3687665741431267,0.26395979002455405,0.9926811965583778,-0.2914960511995432,0.7491111644416264,
am_9db,validation,mixed_damage,13469,pca_r96_l01,3.0976763974998494,1.2208734975570368,1.891948660946679,0.18812979728444615,0.7955537133430223,-0.15821502747511687,0.8354748572981522,
am_9db,validation,mixed_damage,13469,pca_r64_l001,6.961326699293553,2.7436369021190234,4.271339577476244,0.24639934302813507,1.7566082189472367,-0.41046241644833115,0.4621877362246977,
am_9db,validation,mixed_damage,13469,pca_r64_l1,2.4975633255708893,0.9843535868113751,1.4017541355651404,0.3771007344096168,0.7233125631262742,0.2216433492461971,0.8698711959755283,
am_9db,validation,mixed_damage,13469,template_1,3.1433842645941037,1.2388881370494877,1.5667631617195483,0.8813149962849907,1.1600540524866183,0.22121589638717745,0.6113573628832568,
am_9db,validation,mixed_damage,13469,dictionary_8,2.7647365923913294,1.0896534047588133,1.4661418201666787,0.7411812613277025,0.9963688247035295,0.20489230253958943,0.7225830627875215,
am_9db,validation,mixed_damage,13469,dictionary_24,2.0294338652296307,0.7998517931386716,1.110578611142937,0.6696550739951767,0.8233001649327679,0.6488536150176855,0.8200696244022575,
am_9db,validation,mixed_damage,13469,dictionary_48,2.141388538728165,0.8439759934303253,1.368364427728619,0.5002373221194042,0.7219377375514383,0.5693018229239972,0.8648045425012694,
am_9db,validation,mixed_damage,13469,local_pca_8,2.962538011171969,1.1676120030692667,1.6707833464987105,0.8014249987421382,1.0726970068701631,0.05005894996112577,0.7058533323163134,
am_9db,validation,mixed_damage,13469,local_pca_16,2.4929415657806175,0.9825320330672295,1.6043701058185056,0.8014249987421382,0.9952696895668925,0.310289465711863,0.8062877426933956,
am_9db,validation,mixed_damage,13469,local_pca_32,2.4692698154890187,0.9732023908247,1.6281481494464858,0.8014249987421382,0.9915746268819645,0.31330579142693943,0.8167847711744326,
am_9db,validation,mixed_damage,13469,local_dictionary_8,2.321077925030086,0.9147961764892676,1.1775979430127723,0.8014249987421382,0.9689437923324846,0.4415355318722476,0.8214877675607126,
am_9db,validation,mixed_damage,13469,local_dictionary_24,2.326525183261392,0.9169430802828072,1.2342991437889288,0.8014249987421382,0.9697599528195753,0.5029137710830237,0.786082092491653,
am_9db,validation,mixed_damage,13582,zero_fill,2.813282489295767,1.0,1.3618957139791146,0.22035517119245676,0.7349704240072795,,0.38860675758141255,
am_9db,validation,mixed_damage,13582,linear,2.817127260668229,1.0013666495942342,1.3786840050002374,0.22035517119245676,0.7358902782034211,-0.00853454157797292,0.37711325127977374,
am_9db,validation,mixed_damage,13582,pchip,2.8195165015399564,1.0022159211767425,1.3857209307970804,0.22035517119245676,0.7364619527055083,-0.007734817252797197,0.3700143128800127,
am_9db,validation,mixed_damage,13582,autoregression,2.817690487679754,1.0015668523871168,1.3533234304571704,0.22035517119245676,0.7360250380604345,-0.074976453456997,0.3809075143532606,
am_9db,validation,mixed_damage,13582,pca_r32_l01,2.80019518337671,0.9953480299369676,1.3156257151365802,0.14277026924214403,0.7135668903341438,0.20473721254668387,0.41878138030288703,
am_9db,validation,mixed_damage,13582,pca_r64_l01,2.6742093032614282,0.9505655096622906,1.251432189460692,0.13846745231638447,0.6818629778002885,0.31816756727017104,0.48755076436363354,
am_9db,validation,mixed_damage,13582,pca_r96_l01,2.708850842828931,0.9628790756476866,1.2397196793001204,0.12565826282441575,0.6880553608693016,0.2711531017902839,0.4710776976410833,
am_9db,validation,mixed_damage,13582,pca_r64_l001,4.515842560921196,1.605186318154499,2.277890434087489,0.13471445960982945,1.1364707931642708,0.4259577351316757,0.4712187713369178,
am_9db,validation,mixed_damage,13582,pca_r64_l1,3.0052879654139684,1.068249625428218,1.3941684942404153,0.14201305803840714,0.7638009960414808,-0.13271257385476296,0.2771388325765896,
am_9db,validation,mixed_damage,13582,template_1,3.53198213006428,1.2554665745452462,1.7529769171242529,0.1435583891105293,0.8938691505665679,-0.07777223691725527,0.14859257165600728,
am_9db,validation,mixed_damage,13582,dictionary_8,3.047982534063282,1.083425694241699,1.4150588721127897,0.116691674271203,0.7703267054721845,0.01668818449671654,0.3028213359375054,
am_9db,validation,mixed_damage,13582,dictionary_24,3.472253822285117,1.2342357496968983,1.6453419215062155,0.11233004109976497,0.874850600759057,-0.41726787614875077,0.04713306788538776,
am_9db,validation,mixed_damage,13582,dictionary_48,3.14699107334594,1.1186189390222623,1.4905480788207635,0.1081960338414238,0.7936918695959823,-0.13281757064508773,0.23720285884284292,
am_9db,validation,mixed_damage,13582,local_pca_8,2.632451723820615,0.9357224999042246,1.2462881571105249,0.22035517119245676,0.6918339802797245,0.36033282886845847,0.46187718864726524,
am_9db,validation,mixed_damage,13582,local_pca_16,2.760315184924933,0.9811724188479582,1.272175595567262,0.22035517119245676,0.7223090553130642,0.2263022728900213,0.3767540696908023,
am_9db,validation,mixed_damage,13582,local_pca_32,2.799467869458271,0.995089501360045,1.2972602853785362,0.22035517119245676,0.7316661796115632,0.15811601777236045,0.3467744203685531,
am_9db,validation,mixed_damage,13582,local_dictionary_8,3.2920248769313156,1.1701721705719603,1.5256664638878032,0.22035517119245676,0.8502122460157926,-0.08878789933109445,0.07050588220523082,
am_9db,validation,mixed_damage,13582,local_dictionary_24,3.5742207057949185,1.2704805576384306,1.794024435630083,0.22035517119245676,0.9186743055825735,0.01751242131652927,0.11421784088264293,
am_9db,validation,mixed_damage,13695,zero_fill,3.4105526228780585,1.0,1.726694208705788,0.21700087403690896,0.8781447020356377,,0.31963113267310145,
am_9db,validation,mixed_damage,13695,linear,3.423882961305691,1.003908556736,1.751759989149226,0.21700087403690896,0.8813808492470481,-0.003990033184800593,0.2854256676159627,
am_9db,validation,mixed_damage,13695,pchip,3.424293262662945,1.0040288602183454,1.7545283617187395,0.21700087403690896,0.8814804676902439,-0.0005042330750160368,0.2836178431600873,
am_9db,validation,mixed_damage,13695,autoregression,3.398769724664799,0.9965451645184362,1.7082151106512693,0.21700087403690896,0.8752848226181068,0.17668332284269844,0.3376346601430512,
am_9db,validation,mixed_damage,13695,pca_r32_l01,3.2027735745347665,0.939077600811814,1.5558981896632198,0.12320554239207515,0.8095312167730194,0.35375784180469844,0.4673828479840616,
am_9db,validation,mixed_damage,13695,pca_r64_l01,3.2916193960116544,0.9651278722197109,1.642056187965204,0.11993433056869073,0.8310581321023264,0.2988630582737311,0.4285616756933783,
am_9db,validation,mixed_damage,13695,pca_r96_l01,3.2772159808061265,0.9609046812010738,1.613523945246694,0.11077721688591956,0.8262951372529488,0.29656821983799503,0.4328150007883907,
am_9db,validation,mixed_damage,13695,pca_r64_l001,5.326001072007388,1.5616240712078335,2.7354873372004773,0.11638433087854821,1.3362603392054295,0.10746513893703334,0.18805001295738055,
am_9db,validation,mixed_damage,13695,pca_r64_l1,3.2627260204166384,0.9566561144754676,1.6178382730149625,0.12320846257350107,0.8243590678160854,0.2941461769500896,0.43059920689148445,
am_9db,validation,mixed_damage,13695,template_1,5.190209947141149,1.5218090793630075,2.5286532374839803,0.1410840707412269,1.3047233907196734,-0.33260685625673075,-0.17168659910040085,
am_9db,validation,mixed_damage,13695,dictionary_8,3.1496131170194053,0.9234905498574437,1.475906629910455,0.1091046060512608,0.7944581491819089,0.4025614631317442,0.5014152484142805,
am_9db,validation,mixed_damage,13695,dictionary_24,3.3571127708136688,0.9843310284362968,1.6526950730075305,0.10413900329858126,0.8453135563239447,0.2277864592709852,0.39014119965613725,
am_9db,validation,mixed_damage,13695,dictionary_48,3.601227924473034,1.0559074503984842,1.7660022725651685,0.10230256874185914,0.9057396769206127,0.0416582808689254,0.26370275700413887,
am_9db,validation,mixed_damage,13695,local_pca_8,3.470180940136754,1.0174834766831355,1.7056945444031055,0.21700087403690896,0.8926259171427909,0.1128571140871812,0.23707636487054345,
am_9db,validation,mixed_damage,13695,local_pca_16,3.493620222962237,1.0243560528950526,1.6503114337076583,0.21700087403690896,0.8983221496309958,0.042771072902818244,0.20172581748254326,
am_9db,validation,mixed_damage,13695,local_pca_32,3.35821108343511,0.9846530620604297,1.6407503682668685,0.21700087403690896,0.8654450578639492,0.1889853471251791,0.31995064606037205,
am_9db,validation,mixed_damage,13695,local_dictionary_8,3.1770501982507264,0.9315353110047349,1.516647869802816,0.21700087403690896,0.8215834046293138,0.3686988706554001,0.4361965600790087,
am_9db,validation,mixed_damage,13695,local_dictionary_24,4.629353479287814,1.3573616921298952,2.2133856288858396,0.21700087403690896,1.176256092603401,-0.22461946160216378,-0.13257554600913943,
am_9db,validation,mixed_damage,13808,zero_fill,5.686557999840093,1.0,2.5713341466544404,0.3423636187898382,1.4597759801937173,,0.35814276452144295,
am_9db,validation,mixed_damage,13808,linear,5.692354654845501,1.0010193609219447,2.5855870027591714,0.3423636187898382,1.4611873217653415,-0.0016074716737262682,0.3494147393300012,
am_9db,validation,mixed_damage,13808,pchip,5.690497753043925,1.0006928186090676,2.5787569163338646,0.3423636187898382,1.4607352042178336,-0.006613179408572806,0.3526016503909352,
am_9db,validation,mixed_damage,13808,autoregression,5.6718065602944545,0.9974059106499831,2.544060536705253,0.3423636187898382,1.4561847060353967,0.18677742112365658,0.3704327011600191,
am_9db,validation,mixed_damage,13808,pca_r32_l01,7.518180365395751,1.3220968405856695,3.735787222763682,0.2569819896717637,1.8959435670639215,-0.34559020861690504,-0.09565681920219339,
am_9db,validation,mixed_damage,13808,pca_r64_l01,6.062031691223895,1.066028288359032,2.892041465148618,0.18321280329524883,1.5258549282855414,-0.23891428222588154,0.21195187696239567,
am_9db,validation,mixed_damage,13808,pca_r96_l01,6.17771577968729,1.0863717172780105,2.8707142371644423,0.15324100359944334,1.5515398466595978,-0.27878747561589595,0.17821854746641513,
am_9db,validation,mixed_damage,13808,pca_r64_l001,6.119128526336444,1.076068955334407,3.050882791342179,0.1778884164610544,1.5394479175277769,-0.1078093721382828,0.21954699484171677,
am_9db,validation,mixed_damage,13808,pca_r64_l1,5.965504780159801,1.0490537123383867,2.7587125899675398,0.20566527663331652,1.5046120839833457,-0.24131249879020478,0.23000924729827246,
am_9db,validation,mixed_damage,13808,template_1,6.577795023571254,1.1567269732861643,3.0300444754462146,0.5049480424307244,1.7155898266966028,-0.48077253371626033,-0.15818035420628712,
am_9db,validation,mixed_damage,13808,dictionary_8,6.118548909423659,1.0759670277865299,2.8251927986739935,0.42774183432285456,1.5847138327916188,-0.4488682698835971,0.048463059440775856,
am_9db,validation,mixed_damage,13808,dictionary_24,6.47417516827067,1.1385050796022347,3.028719723775202,0.32366119539737415,1.6486034364452125,-0.6035201109450665,-0.02059500055568174,
am_9db,validation,mixed_damage,13808,dictionary_48,6.955769281579048,1.2231949945423304,3.1857313903365423,0.288510735439991,1.7612371888377318,-0.6698296956593544,-0.14715666293183208,
am_9db,validation,mixed_damage,13808,local_pca_8,6.092632651585765,1.0714095682761156,2.817632755988816,0.3423636187898382,1.55881295661218,-0.26103044233090605,0.06324120522466144,
am_9db,validation,mixed_damage,13808,local_pca_16,6.186981305392241,1.088001090565896,2.96315408495953,0.3423636187898382,1.581868562518236,-0.36696308824143903,-0.001264218314441138,
am_9db,validation,mixed_damage,13808,local_pca_32,6.093876053187533,1.0716282245532174,3.055243120434004,0.3423636187898382,1.5591166983198286,-0.2680872888821468,0.061105243608107686,
am_9db,validation,mixed_damage,13808,local_dictionary_8,6.001086430234049,1.0553108629865027,2.6502687635227824,0.3423636187898382,1.5364575949078931,-0.05157024132949554,0.15372460981500366,
am_9db,validation,mixed_damage,13808,local_dictionary_24,6.3533054389290875,1.117249738613014,2.6553335732530106,0.3423636187898382,1.6225497433127634,-0.21167552419783506,0.005563247336784186,
am_9db,validation,mixed_damage,13921,zero_fill,2.20198847198692,1.0,1.7007596711837247,0.6306938531104548,0.8221684086925626,,0.8617421991662796,
am_9db,validation,mixed_damage,13921,linear,2.2177731738238724,1.0071683853197966,1.716268849786264,0.6306938531104548,0.8248158467122559,0.03349618782169431,0.8527054089781104,
am_9db,validation,mixed_damage,13921,pchip,2.2183162234852323,1.0074150031691944,1.7170571447613925,0.6306938531104548,0.8249071126741886,0.03539275233018033,0.8521182510900954,
am_9db,validation,mixed_damage,13921,autoregression,2.1887209634995872,0.9939747602423363,1.6724984078313851,0.6306938531104548,0.819951237167958,0.11204642044272377,0.8588701357168863,
am_9db,validation,mixed_damage,13921,pca_r32_l01,6.76385895736522,3.0717049809357033,4.306035421883912,0.5383095132525996,1.769471054015922,-0.09675383341303348,0.3352084013157189,
am_9db,validation,mixed_damage,13921,pca_r64_l01,3.5071118639278422,1.592702191017045,2.441472997561384,0.28122949036399186,0.9180885040349896,-0.2508367787040261,0.68774882508813,
am_9db,validation,mixed_damage,13921,pca_r96_l01,3.042990700767133,1.381928533904336,2.1528271131322265,0.22282691074824224,0.7907500350639939,-0.061498730344147455,0.7642656598445473,
am_9db,validation,mixed_damage,13921,pca_r64_l001,5.212917268688337,2.3673681016070747,3.6831434538382144,0.27302317590959074,1.3297704517355962,-0.36767091479782343,0.4911986802381723,
am_9db,validation,mixed_damage,13921,pca_r64_l1,2.5025254006102955,1.1364843333408519,1.8114889351187844,0.3549225794412883,0.7138007399503461,-0.01570740191442508,0.7974416431721207,
am_9db,validation,mixed_damage,13921,template_1,2.14891534846585,0.9758976378867323,1.6435014430503059,0.9298289951379564,1.0484085134699712,0.2252471301589275,0.4621303805635264,
am_9db,validation,mixed_damage,13921,dictionary_8,2.116998588400852,0.961403120557948,1.6147856503021027,0.8709313632271367,0.9955998385107274,0.35345768903389096,0.5462926217473976,
am_9db,validation,mixed_damage,13921,dictionary_24,1.8821916163861703,0.8547690600250113,1.4405088743199852,0.6080503293107511,0.7536794463421633,0.520097603899149,0.7787490831966911,
am_9db,validation,mixed_damage,13921,dictionary_48,2.009215952858991,0.9124552550658976,1.5134623426876292,0.46340056540858876,0.6735192093371418,0.41965945109578745,0.823177136052778,
am_9db,validation,mixed_damage,13921,local_pca_8,1.8055110213358634,0.8199457192011078,1.3640102992849392,0.6306938531104548,0.759378491491354,0.6221452161015855,0.9042589950546883,
am_9db,validation,mixed_damage,13921,local_pca_16,2.2837271908544956,1.0371204118038913,1.669636833235649,0.6306938531104548,0.8359885961960638,0.21088918556680075,0.7699280005148699,
am_9db,validation,mixed_damage,13921,local_pca_32,2.6234152691466432,1.1913846518821498,1.9018598309419912,0.6306938531104548,0.8961350595634787,-0.10141488180070127,0.6901538849893964,
am_9db,validation,mixed_damage,13921,local_dictionary_8,2.328597658104062,1.0574976607406574,1.6931690414422698,0.6306938531104548,0.8436893718438899,0.28757193415959226,0.7333264241887674,
am_9db,validation,mixed_damage,13921,local_dictionary_24,2.2962350406986327,1.0428006639956073,1.717633361786359,0.6306938531104548,0.8381272430022906,0.2880333466945429,0.744648345091215,
am_9db,validation,mixed_damage,14034,zero_fill,2.242833341776867,1.0,1.1175300716322247,0.4673288624896466,0.7205139391748432,,0.7562922547003884,
am_9db,validation,mixed_damage,14034,linear,2.2888947781285007,1.0205371640833296,1.184862286705081,0.4673288624896466,0.7295111073127127,0.004892261596925668,0.711531705696542,
am_9db,validation,mixed_damage,14034,pchip,2.290927484030229,1.0214434756954611,1.184221595951666,0.4673288624896466,0.7299097856423371,0.010939189491101167,0.7080705043943271,
am_9db,validation,mixed_damage,14034,autoregression,2.3312358317974184,1.0394155412147188,1.1136967755891278,0.4673288624896466,0.7378433306431916,-0.36195168603907657,0.7056258428500248,
am_9db,validation,mixed_damage,14034,pca_r32_l01,6.547966875545404,2.919506658643584,3.2120955589552365,0.4925833022285636,1.7050558064136012,-0.23606748312060313,0.07678840765838613,
am_9db,validation,mixed_damage,14034,pca_r64_l01,4.302315365339391,1.9182501370926275,2.6847765969129798,0.30482444077720955,1.1153386985088456,-0.3225036481821898,0.32862227709867403,
am_9db,validation,mixed_damage,14034,pca_r96_l01,3.3063157456426464,1.474169160969956,1.9398681877457218,0.2157878507752708,0.8525766005914676,-0.3600308238842274,0.5241258689935924,
am_9db,validation,mixed_damage,14034,pca_r64_l001,14.675255591822319,6.543177024555897,7.983299943505547,0.2920253354129641,3.6796935048414534,-0.4796106887669845,-0.13845073146502157,
am_9db,validation,mixed_damage,14034,pca_r64_l1,2.298401519894114,1.0247758837369627,1.2166612134421613,0.3760986801338631,0.6802758082493122,0.13692508060585987,0.6798238522542505,
am_9db,validation,mixed_damage,14034,template_1,2.627559262868456,1.1715356704956033,1.2395517387392179,0.666974558652822,0.9211709127598732,-0.1944295734326857,0.2297934031096236,
am_9db,validation,mixed_damage,14034,dictionary_8,1.707411655074309,0.7612744216302874,0.9757517518564132,0.5406108001962567,0.6754237151233359,0.65115420563657,0.6829329874960993,
am_9db,validation,mixed_damage,14034,dictionary_24,2.267347353608815,1.010929930180424,1.2462287587982592,0.5337607091359847,0.767071192962929,0.5346180348878341,0.609456714190421,
am_9db,validation,mixed_damage,14034,dictionary_48,2.9681123291104163,1.3233762285515842,1.5392033870238309,0.5223522783239474,0.8980001857694176,0.519801383553492,0.5650564833869858,
am_9db,validation,mixed_damage,14034,local_pca_8,2.0280674450111937,0.904243488463781,1.10957029307992,0.4673288624896466,0.67956794855501,0.45081947305933034,0.712701501213046,
am_9db,validation,mixed_damage,14034,local_pca_16,2.191773521235999,0.9772342333289836,1.4463314990636844,0.4673288624896466,0.7106253915623044,0.31699318565082324,0.6683985239177556,
am_9db,validation,mixed_damage,14034,local_pca_32,2.3388735624203623,1.0428209349551618,1.6663351123506662,0.4673288624896466,0.7393524838806133,0.2453187167844677,0.6082409065717123,
am_9db,validation,mixed_damage,14034,local_dictionary_8,2.17013120340547,0.9675846898576069,1.246572845956834,0.4673288624896466,0.7064618454723899,0.6735596305697483,0.6703502417568009,
am_9db,validation,mixed_damage,14034,local_dictionary_24,2.1060074184132915,0.9389941638484934,1.1860869705239958,0.4673288624896466,0.6942266935298325,0.6198790222300885,0.667087373706273,
am_9db,validation,mixed_damage,14147,zero_fill,2.9604229991728572,1.0,1.4753636905601253,0.22373050112069592,0.7711571820569145,,0.3724545900482011,
am_9db,validation,mixed_damage,14147,linear,2.978414733837033,1.0060774202433918,1.4880090998456479,0.22373050112069592,0.7754750311790063,-0.00924910708107234,0.3259222397440849,
am_9db,validation,mixed_damage,14147,pchip,2.991015294935698,1.010333758307981,1.5105251345596755,0.22373050112069592,0.7785002629862693,-0.00896151739667656,0.30254617364583747,
am_9db,validation,mixed_damage,14147,autoregression,2.918698699660784,0.9859059669771073,1.4389394855656996,0.22373050112069592,0.761151765269964,0.37142365815430256,0.43086365784295344,
am_9db,validation,mixed_damage,14147,pca_r32_l01,3.6649308093953787,1.2379753874427273,1.7410882475526743,0.13263289406561685,0.9251888356735202,-0.35563246388818404,0.024217206827086484,
am_9db,validation,mixed_damage,14147,pca_r64_l01,3.731768507727578,1.2605524645532868,1.8851682402123462,0.12701919044964488,0.9410135598254071,-0.4053952825052373,-0.00949612162453151,
am_9db,validation,mixed_damage,14147,pca_r96_l01,3.541123001042746,1.1961544015946832,1.7535022552526995,0.11905274761499442,0.8927540065449923,-0.33234393650483834,0.07699544837379024,
am_9db,validation,mixed_damage,14147,pca_r64_l001,6.482188821973057,2.189615748757587,3.380358827266255,0.12222793409447098,1.6248628200137287,-0.4276953054046761,-0.2721284805514853,
am_9db,validation,mixed_damage,14147,pca_r64_l1,3.2385195653437155,1.093938118386649,1.5599075777737113,0.13270663862128954,0.8197627230686355,-0.2300187227961996,0.2122238595312461,
am_9db,validation,mixed_damage,14147,template_1,4.420351446302023,1.4931485965137652,2.3622290348297383,0.147770465459793,1.1143116868093237,-0.2965368649890793,-0.08374989440743723,
am_9db,validation,mixed_damage,14147,dictionary_8,4.013366130253632,1.3556732032466197,1.982644899408411,0.1127100363789217,1.0092590407068163,-0.38915520206821624,-0.06203276571985661,
am_9db,validation,mixed_damage,14147,dictionary_24,3.30496719070223,1.116383432916728,1.6012220027985267,0.10588276277317453,0.8325779063924512,-0.14721631871777788,0.2150072952730337,
am_9db,validation,mixed_damage,14147,dictionary_48,3.2567832207865313,1.1001073906318377,1.5975483764187843,0.1046701601879048,0.8204790743714582,-0.0732761468985537,0.2509095218454146,
am_9db,validation,mixed_damage,14147,local_pca_8,3.65455353945141,1.2344700539323243,1.7290805628762462,0.22373050112069592,0.9389685707497282,-0.3698543026766542,-0.15313591892185044,
am_9db,validation,mixed_damage,14147,local_pca_16,3.495012422641454,1.1805787293295456,1.6660359010582835,0.22373050112069592,0.900206292030952,-0.3689634494566095,-0.11172094855555907,
am_9db,validation,mixed_damage,14147,local_pca_32,3.336805044560994,1.1271379277533304,1.6201742114495066,0.22373050112069592,0.8618692607634677,-0.2818343555434628,-0.013150194062793526,
am_9db,validation,mixed_damage,14147,local_dictionary_8,3.418137498290844,1.1546111819986105,1.6259155651620567,0.22373050112069592,0.8815644479488495,-0.2577948745147045,-0.030889126676000134,
am_9db,validation,mixed_damage,14147,local_dictionary_24,2.8703197484346727,0.9695640620399992,1.4405691372868143,0.22373050112069592,0.7495651037113892,0.2937560931079046,0.3941930637815169,
am_9db,validation,mixed_damage,14260,zero_fill,3.3080185681830874,1.0,1.5259027893210688,0.21856832875647658,0.8536527602923171,,0.3297777958764003,
am_9db,validation,mixed_damage,14260,linear,3.3144575624952926,1.0019464807042306,1.5451726455710748,0.21856832875647658,0.8552123511376146,0.00431536293413418,0.3117001528167176,
am_9db,validation,mixed_damage,14260,pchip,3.3145217899776664,1.001965896400077,1.548414244830244,0.21856832875647658,0.8552279086326836,0.007973707814848597,0.3106555738310807,
am_9db,validation,mixed_damage,14260,autoregression,3.29808631196547,0.9969975210196379,1.5038651257637539,0.21856832875647658,0.8512474315748693,0.15832977319155367,0.3448406364650791,
am_9db,validation,mixed_damage,14260,pca_r32_l01,3.2157491836805816,0.9721073559290254,1.403171439339316,0.11510840241410955,0.8116261445755543,0.3149149330371419,0.4401166507272408,
am_9db,validation,mixed_damage,14260,pca_r64_l01,2.93621598264538,0.8876056533921095,1.3958339100570059,0.11256547000360459,0.742101284878754,0.46211599374181744,0.552435929088874,
am_9db,validation,mixed_damage,14260,pca_r96_l01,3.0092391446171045,0.9096802459213262,1.3750845898669801,0.10133716714906335,0.7586813622654293,0.4155711066574198,0.5224461024801221,
am_9db,validation,mixed_damage,14260,pca_r64_l001,4.962949835492453,1.5002787116211165,2.6468885306488827,0.10799713118664904,1.245136081287472,0.42547416382877096,0.4649833314634457,
am_9db,validation,mixed_damage,14260,pca_r64_l1,3.084612574666643,0.9324653145344499,1.319457650449925,0.11555126381555408,0.7792270270247046,0.37941715244763285,0.4860043376420914,
am_9db,validation,mixed_damage,14260,template_1,3.958204443935996,1.1965484359750798,1.8243666703235353,0.13655350491837234,0.9983450466765312,0.31253305066828374,0.38368939335913843,
am_9db,validation,mixed_damage,14260,dictionary_8,3.3977674167167997,1.0271306967248997,1.5965493292897972,0.10534440189314541,0.8555438717292544,0.35681430551887466,0.4498859264895402,
am_9db,validation,mixed_damage,14260,dictionary_24,3.3384324643701166,1.0091939919804422,1.5079116395566896,0.10122650421107772,0.84034343412687,0.3173026502489431,0.43053670231328545,
am_9db,validation,mixed_damage,14260,dictionary_48,3.2673343074692367,0.9877013203295905,1.425381779754802,0.09997636367886774,0.822549488487707,0.30093117399958147,0.4294251509204878,
am_9db,validation,mixed_damage,14260,local_pca_8,3.094594343257181,0.9354827608954056,1.3583076237442002,0.21856832875647658,0.8020713755781936,0.3644393163848846,0.4330269893946927,
am_9db,validation,mixed_damage,14260,local_pca_16,3.0832992066094618,0.9320682889343479,1.3197238959646809,0.21856832875647658,0.7993480043334351,0.3624500728426386,0.44791563811352336,
am_9db,validation,mixed_damage,14260,local_pca_32,3.055490343509064,0.9236617874207631,1.3430859489012308,0.21856832875647658,0.7926460020994603,0.3877492339155796,0.471975006512375,
am_9db,validation,mixed_damage,14260,local_dictionary_8,3.283007572195694,0.9924392818625771,1.610179497139781,0.21856832875647658,0.8475966181697685,0.24171527963007272,0.3269334486946743,
am_9db,validation,mixed_damage,14260,local_dictionary_24,3.138271079209032,0.9486860531537801,1.5134477924898087,0.21856832875647658,0.81260872663412,0.34362689227343174,0.41157110488909104,
am_9db,validation,mixed_damage,14373,zero_fill,2.2560070834161565,1.0,1.2324330226240379,0.22434404244768108,0.6043861400809077,,0.4606261716342286,
am_9db,validation,mixed_damage,14373,linear,2.2595453989658707,1.0015683973582017,1.2556635300635661,0.22434404244768108,0.605211695954107,0.012259841393245418,0.4515464280769684,
am_9db,validation,mixed_damage,14373,pchip,2.2619225592288683,1.0026220998401096,1.2759448698793694,0.22434404244768108,0.6057664259367517,0.015006704547280316,0.4453609951573711,
am_9db,validation,mixed_damage,14373,autoregression,2.2528046577648224,0.9985804895406246,1.217814762776193,0.22434404244768108,0.6036390978252952,0.06280606693884393,0.46405755441652385,
am_9db,validation,mixed_damage,14373,pca_r32_l01,2.487371204095659,1.1025546960292163,1.1924633626824872,0.13656910670251785,0.6357467223935933,-0.10756260920971736,0.3429169917764442,
am_9db,validation,mixed_damage,14373,pca_r64_l01,2.285645852216069,1.013137710877677,1.1631457383442703,0.13502535972678772,0.5861769505817306,0.11860878577171385,0.4622603988327098,
am_9db,validation,mixed_damage,14373,pca_r96_l01,2.361683827882259,1.0468423814991226,1.1922559995862874,0.12998959107385497,0.6036871038508804,0.022178175384978748,0.42002674548881236,
am_9db,validation,mixed_damage,14373,pca_r64_l001,1.5028552279696603,0.666157140647787,0.9151526314421595,0.1344607224911493,0.39763119883790937,0.770457766002357,0.8050963713872111,
am_9db,validation,mixed_damage,14373,pca_r64_l1,2.5371499647646374,1.1246196802373336,1.261700949502527,0.13562348960443554,0.6477381756780892,-0.21586953355218302,0.3068616815233316,
am_9db,validation,mixed_damage,14373,template_1,5.029985825041288,2.2295966453370513,2.3491173017250824,0.1577993119422279,1.266744517031204,-0.5852178172485055,-0.3221939715873492,
am_9db,validation,mixed_damage,14373,dictionary_8,4.009573645546501,1.7772877022509204,1.9351617682123115,0.12941904243677896,1.0101955301833851,-0.7886412973829313,-0.3203355145244901,
am_9db,validation,mixed_damage,14373,dictionary_24,3.310936575416951,1.4676091222210919,1.612700500922513,0.12746769475381864,0.8368848936876532,-0.6777466848199488,-0.09533671477749452,
am_9db,validation,mixed_damage,14373,dictionary_48,3.411782396107661,1.5123101435219666,1.634180022997168,0.12637141919320966,0.861677330567529,-0.6582111079170573,-0.11735381785425994,
am_9db,validation,mixed_damage,14373,local_pca_8,2.6049614328864172,1.1546778607369694,1.284224640199748,0.22434404244768108,0.6865119175746406,-0.27232443882175594,0.07532002837776668,
am_9db,validation,mixed_damage,14373,local_pca_16,2.6644521530213745,1.1810477780002049,1.3193336792414785,0.22434404244768108,0.700636274060351,-0.3316471215885396,0.024984497551223384,
am_9db,validation,mixed_damage,14373,local_pca_32,2.663350640418406,1.1805595204007207,1.3425484895215285,0.22434404244768108,0.7003744701293569,-0.34789921338249574,0.01986081946766309,
am_9db,validation,mixed_damage,14373,local_dictionary_8,4.159169270452051,1.8435976114729362,1.9109826562726275,0.22434404244768108,1.0622394610267718,-0.6978845042989045,-0.4639839769814904,
am_9db,validation,mixed_damage,14373,local_dictionary_24,3.5656391912931724,1.5805088634269298,1.6946114006146757,0.22434404244768108,0.9174944340162345,-0.5847571274439994,-0.3288183828950679,
am_9db,validation,mixed_damage,14486,zero_fill,2.7021026623260918,1.0,1.5735369398845345,1.0265400676978944,1.2017728169403452,,0.9058193242765294,
am_9db,validation,mixed_damage,14486,linear,2.7832498357327173,1.0300311215180737,1.7093994085719513,1.0265400676978944,1.2132921975699051,-0.01417238227123244,0.8818652663217238,
am_9db,validation,mixed_damage,14486,pchip,2.8164554893695066,1.0423199416653455,1.7702860949109787,1.0265400676978944,1.2180719699189984,-0.010705720330290162,0.8718637504420302,
am_9db,validation,mixed_damage,14486,autoregression,2.713197581526632,1.0041060317045796,1.5900077233409795,1.0265400676978944,1.203334138322559,0.13180325184523645,0.8847287948211431,
am_9db,validation,mixed_damage,14486,pca_r32_l01,8.887016020681084,3.288926118384688,4.752791446996689,0.5071052605127115,2.2753624701687256,0.3304735724605157,0.5897718009313802,
am_9db,validation,mixed_damage,14486,pca_r64_l01,3.370581439405694,1.2473920722553693,2.047385938232538,0.31701399353911813,0.8968098781640002,0.30824533193308695,0.8731245849077407,
am_9db,validation,mixed_damage,14486,pca_r96_l01,2.7160655975960295,1.005167433297267,1.8191811532315372,0.23670039484415226,0.7166509996258351,0.4154768809933302,0.9172357071598707,
am_9db,validation,mixed_damage,14486,pca_r64_l001,7.263215063643314,2.687986346673746,4.09885866586,0.3007017037117205,1.8389979571080637,0.4277730079865906,0.6998320079165201,
am_9db,validation,mixed_damage,14486,pca_r64_l1,2.767501994145353,1.0242031262287283,1.737743380818974,0.42266875632259887,0.8038501279454978,0.21708058258662552,0.8966396521752937,
am_9db,validation,mixed_damage,14486,template_1,3.1496868704757857,1.165642932220937,1.730702520755425,1.4415615142420433,1.6025764679923378,-0.29231228350832067,0.4519940914984424,
am_9db,validation,mixed_damage,14486,dictionary_8,3.803929798903269,1.4077665708040399,2.058742018370217,0.9889064151733808,1.3495119577218988,-0.3487098823662456,0.6630476244463837,
am_9db,validation,mixed_damage,14486,dictionary_24,3.366259976519368,1.2457927759197498,2.134215673397188,0.7802826138912489,1.1309376804401783,0.030794053974669597,0.7779272044970589,
am_9db,validation,mixed_damage,14486,dictionary_48,3.3309148782615106,1.2327121854778489,2.1395398680856736,0.6445070151731576,1.0406077946125731,-0.0659331796943556,0.8150801592118577,
am_9db,validation,mixed_damage,14486,local_pca_8,2.645676629897949,0.9791177318260851,1.5293446920260267,1.0265400676978944,1.1939004483421694,0.2702310760460825,0.8706153433107074,
am_9db,validation,mixed_damage,14486,local_pca_16,2.9542532775647987,1.093316445283261,2.0153134410476814,1.0265400676978944,1.2383047910056393,0.15490023135203446,0.804077832623395,
am_9db,validation,mixed_damage,14486,local_pca_32,2.6764924342324345,0.990522111372478,1.6954258764432402,1.0265400676978944,1.1981855920865678,0.257111744787388,0.8625985453471959,
am_9db,validation,mixed_damage,14486,local_dictionary_8,3.3822502176381066,1.251710478952163,1.9777979804922718,1.0265400676978944,1.3049517278799767,-0.16000866466157493,0.7473862279206794,
am_9db,validation,mixed_damage,14486,local_dictionary_24,2.7260160716800796,1.0088499262768211,1.749413481971581,1.0265400676978944,1.2051434375701937,0.32948006142540504,0.8219366130461849,
am_9db,validation,mixed_damage,14599,zero_fill,1.911207769728218,1.0,1.0250617205751518,0.6199016564502063,0.7671736315086677,,0.8781425980870818,
am_9db,validation,mixed_damage,14599,linear,1.9237985800508328,1.006587881507203,1.0755513194155522,0.6199016564502063,0.7691379887433742,-0.0015593644354635918,0.872144474184779,
am_9db,validation,mixed_damage,14599,pchip,1.9256064817865248,1.0075338287581128,1.0816926957946995,0.6199016564502063,0.769420694327229,-0.005031931311365339,0.8710977997137076,
am_9db,validation,mixed_damage,14599,autoregression,1.8897456544374278,0.9887703913563296,0.9859091962866585,0.6199016564502063,0.7638434719197541,0.2472796551458019,0.8827946707203133,
am_9db,validation,mixed_damage,14599,pca_r32_l01,2.931639997733303,1.5339200918747808,1.9227554724957583,0.460357263346907,0.857811358380061,0.7781031601953856,0.7814710458722457,
am_9db,validation,mixed_damage,14599,pca_r64_l01,1.8497227762655837,0.9678292468058678,1.2206217847246625,0.3267702339552398,0.5603099664484322,0.5207406296604585,0.8667862542775313,
am_9db,validation,mixed_damage,14599,pca_r96_l01,1.990070845001888,1.041263475652825,1.2250657564993102,0.19973158903825833,0.5337820589331581,0.4520568843982658,0.8805015931592564,
am_9db,validation,mixed_damage,14599,pca_r64_l001,5.810645646878077,3.0403003477242962,3.3267562762785268,0.30617352370944817,1.482601940696091,0.2913793970532779,0.5676345077781534,
am_9db,validation,mixed_damage,14599,pca_r64_l1,1.6043105899418335,0.8394223879541749,0.979598943857198,0.38860007092524557,0.549941059105775,0.5460604618844791,0.8743094972033646,
am_9db,validation,mixed_damage,14599,template_1,2.122115995916447,1.1103533742007659,1.3901142584485477,0.9590794567724438,1.0694881183938052,0.13540048777565925,0.3169367019005085,
am_9db,validation,mixed_damage,14599,dictionary_8,2.7674345770708486,1.4480029962751721,1.629118678394257,0.7994285917043719,1.0381770452602195,-0.11966720943232549,0.44021779039348297,
am_9db,validation,mixed_damage,14599,dictionary_24,2.634549199911549,1.3784734666949336,1.679807018752045,0.710501187354907,0.9523992251560519,-0.06429674905487388,0.5487956465318159,
am_9db,validation,mixed_damage,14599,dictionary_48,2.26239197477062,1.1837498835055185,1.5452401734144232,0.49490563507575364,0.74129916624264,0.2540619637259512,0.7536104639645005,
am_9db,validation,mixed_damage,14599,local_pca_8,2.754189336237404,1.441072697516849,1.5161885222352396,0.6199016564502063,0.9134320532642766,-0.22097702848025608,0.5695652476266947,
am_9db,validation,mixed_damage,14599,local_pca_16,2.0306197432737974,1.0624798493585867,1.1508647990415468,0.6199016564502063,0.7861133624046768,0.11054624422637546,0.7913425010166383,
am_9db,validation,mixed_damage,14599,local_pca_32,2.3619061601115883,1.235818626065685,1.6749529551581155,0.6199016564502063,0.8419757888524287,0.091130922728665,0.6681541338398476,
am_9db,validation,mixed_damage,14599,local_dictionary_8,2.420259988407694,1.266351061743468,1.3065155065768774,0.6199016564502063,0.8522701070718741,0.15955987210385128,0.646303393794462,
am_9db,validation,mixed_damage,14599,local_dictionary_24,2.465946619322125,1.2902556479627505,1.6085660724510067,0.6199016564502063,0.8604164574637629,0.37469754689954715,0.6323527535030858,
am_9db,test,mixed_damage,16000,zero_fill,3.031565950054987,1.0,1.561287158328904,0.6008907164822249,0.9554592124618213,,0.7625721735979882,False
am_9db,test,mixed_damage,16000,linear,3.0352538048402495,1.0012164850925296,1.5701890369109566,0.6008907164822249,0.9561906993741832,-0.012391553439543143,0.7597805703704904,False
am_9db,test,mixed_damage,16000,pchip,3.0342913702678898,1.0008990139940228,1.5740472728322432,0.6008907164822249,0.9559997684688532,-0.003849500713047568,0.7601532464997488,False
am_9db,test,mixed_damage,16000,autoregression,3.028557841879155,0.9990077378406438,1.5605412692453373,0.6008907164822249,0.9548627977007204,0.04488661087853617,0.7615158649046445,True
am_9db,test,mixed_damage,16000,pca_r32_l01,3.2232011145388286,1.0632132592993286,1.8176140390870605,0.28900858618792674,0.8530062597996978,0.6670440549035354,0.7983442035549897,False
am_9db,test,mixed_damage,16000,pca_r64_l01,2.3488946801581774,0.7748123309392536,1.4251155349676812,0.2066166535355327,0.6203659626204883,0.6324049799881765,0.8628663393259116,False
am_9db,test,mixed_damage,16000,pca_r96_l01,2.4979300220057725,0.8239735051650334,1.429176593398257,0.17467625483158558,0.6469800665818265,0.5672946340356876,0.8500198653943123,False
am_9db,test,mixed_damage,16000,pca_r64_l001,4.041545248899636,1.3331543220513906,2.303845017975773,0.19489719661034668,1.027857655441702,0.44226199869999794,0.7119493226320286,False
am_9db,test,mixed_damage,16000,pca_r64_l1,2.548456672353241,0.840640353645289,1.3963775329138541,0.27587959390823724,0.6908452551895378,0.5661743854503388,0.8340393063480895,False
am_9db,test,mixed_damage,16000,template_1,3.6652386854852215,1.2090248887439643,1.8359419679648328,0.8521516767870414,1.23304531104249,-0.09176262743804689,0.2710961429389331,False
am_9db,test,mixed_damage,16000,dictionary_8,3.817170258616422,1.259141421134904,2.147556167405253,0.6706186882439962,1.154251114321458,-0.41353218757972765,0.39854920084030065,False
am_9db,test,mixed_damage,16000,dictionary_24,3.101533142487492,1.0230795547862765,1.9139306708964978,0.4404163383622094,0.8849084027596437,0.17499369264224116,0.693586336862093,False
am_9db,test,mixed_damage,16000,dictionary_48,3.1622213545617472,1.0430983216790617,1.8424682385319904,0.34406674898690204,0.857881577332449,0.13964105890688927,0.7164658415299628,False
am_9db,test,mixed_damage,16000,local_pca_8,2.6871831009002074,0.88640100369628,1.4199306709762798,0.6008907164822249,0.8887138816529155,0.47614016336521625,0.7954308252988177,False
am_9db,test,mixed_damage,16000,local_pca_16,2.9707011343052527,0.9799229781728382,1.6159239715225893,0.6008907164822249,0.9434348820493766,0.22166426403461692,0.7246982742121706,False
am_9db,test,mixed_damage,16000,local_pca_32,2.940495083735243,0.9699591340514653,1.707191424400502,0.6008907164822249,0.9375018711577646,0.2557559833332364,0.7296574028602327,False
am_9db,test,mixed_damage,16000,local_dictionary_8,2.7242849333293897,0.8986395078358681,1.5900160712424007,0.6008907164822249,0.8957459599156498,0.5156814700696637,0.6914423318905674,False
am_9db,test,mixed_damage,16000,local_dictionary_24,3.0817257748491307,1.0165458464768788,1.8689910499617501,0.6008907164822249,0.9654363828305603,0.49592117729860014,0.6237065568536814,False
am_9db,test,mixed_damage,16102,zero_fill,2.9818643233206292,1.0,1.44106430220436,0.22667546767776015,0.7771036512829371,,0.3648576107889682,False
am_9db,test,mixed_damage,16102,linear,2.9897186408469643,1.0026340291424085,1.4605430331450366,0.22667546767776015,0.7789874865061933,0.0006760991707042776,0.3444782981071134,False
am_9db,test,mixed_damage,16102,pchip,2.9875879043029894,1.0019194639198024,1.4597252203718112,0.22667546767776015,0.7784763965850818,-0.0036649366383896017,0.3502053964966482,False
am_9db,test,mixed_damage,16102,autoregression,2.985147089844707,1.0011009107619027,1.4261297982118268,0.22667546767776015,0.7778909653155243,-0.03750148972756905,0.35814471520883473,True
am_9db,test,mixed_damage,16102,pca_r32_l01,3.163043350793419,1.0607603189909818,1.4398530568914225,0.1313455075599123,0.8009220418656949,0.07269022895758724,0.31148808070084716,False
am_9db,test,mixed_damage,16102,pca_r64_l01,3.3336727363597967,1.117982703065239,1.6002501793744406,0.12787459099360207,0.842565004112269,-0.01624568618251637,0.2388167080912406,False
am_9db,test,mixed_damage,16102,pca_r96_l01,3.1642181475084223,1.0611542995976162,1.5267683146624984,0.122192322410526,0.79985314823499,0.07169332831308836,0.31480310124157906,False
am_9db,test,mixed_damage,16102,pca_r64_l001,5.067255508325041,1.6993581729037566,2.5684618735367897,0.12178118763636366,1.2722897235786728,0.10828406668490542,0.20007581338344108,False
am_9db,test,mixed_damage,16102,pca_r64_l1,3.223875327858877,1.081160971223782,1.471039908251244,0.13230264962056829,0.8160856264826981,-0.16886376675333922,0.23244571324142643,False
am_9db,test,mixed_damage,16102,template_1,3.6434800909701295,1.2218799032790062,1.7757394932568862,0.14267175180479388,0.9212856371920382,0.32170131539650165,0.40251032177852586,False
am_9db,test,mixed_damage,16102,dictionary_8,2.759911875785522,0.9255658797755295,1.2846011234414592,0.11037462877017098,0.6982053755094313,0.40240325440136204,0.5287516702049869,False
am_9db,test,mixed_damage,16102,dictionary_24,2.975243068003778,0.9977794914191542,1.3639279457725904,0.10728320367244128,0.7510291522536705,0.1975495754697925,0.4105850113277582,False
am_9db,test,mixed_damage,16102,dictionary_48,3.0352198248783036,1.0178933364406926,1.4038472028730347,0.10578430714907085,0.7656865456862642,0.14008536024371798,0.3775623932209543,False
am_9db,test,mixed_damage,16102,local_pca_8,3.2443535792525995,1.0880285712126767,1.4981722489273177,0.22667546767776015,0.8402587645300525,0.05847946864598327,0.18259344051904242,False
am_9db,test,mixed_damage,16102,local_pca_16,3.1496543786607303,1.0562701844037117,1.4670388017455056,0.22667546767776015,0.8174292484567349,0.08205804039100317,0.21665174140806528,False
am_9db,test,mixed_damage,16102,local_pca_32,3.203681770630902,1.074388846459404,1.5118034665695486,0.22667546767776015,0.8304480493300259,-0.017617921529437093,0.1519012402561001,False
am_9db,test,mixed_damage,16102,local_dictionary_8,3.9043499231528616,1.3093653834675296,1.794208231520428,0.22667546767776015,1.0004584835566555,-0.4996124399403052,-0.28768609524749267,False
am_9db,test,mixed_damage,16102,local_dictionary_24,3.9087307137630494,1.3108345283162495,1.7728861632410833,0.22667546767776015,1.0015270311946955,-0.27379390506580026,-0.12959558009629113,False
am_9db,test,mixed_damage,16205,zero_fill,4.205795800967018,1.0,2.0340587276244912,0.22045529639474912,1.0728969657269998,,0.269062712534508,False
am_9db,test,mixed_damage,16205,linear,4.206835655093785,1.0002472431320912,2.0411626555401057,0.22045529639474912,1.0731517336389285,0.0011827509115955787,0.26632808840447136,False
am_9db,test,mixed_damage,16205,pchip,4.2067230347557905,1.0002204657174651,2.042661050106863,0.22045529639474912,1.073124141140379,0.0046278558379255486,0.2662558385482525,False
am_9db,test,mixed_damage,16205,autoregression,4.209234296954204,1.0008175613248733,2.0247507786359265,0.22045529639474912,1.073739418815239,-0.07342722219584706,0.262953621323136,True
am_9db,test,mixed_damage,16205,pca_r32_l01,4.377182949532833,1.0407502305571774,2.0833450442917396,0.11428352233239111,1.0998761699002593,-0.10190778713592516,0.17854388416789854,False
am_9db,test,mixed_damage,16205,pca_r64_l01,4.496481090438073,1.069115407220726,2.1866347851639842,0.11322462652242604,1.129453392061684,-0.25509451614798173,0.09913980074708972,False
am_9db,test,mixed_damage,16205,pca_r96_l01,4.548329600023467,1.081443278577075,2.219146093731437,0.11068699818104051,1.1421218281105288,-0.328057376923015,0.06369199694695984,False
am_9db,test,mixed_damage,16205,pca_r64_l001,4.588085745187214,1.09089598314124,2.26702781365396,0.11357665286745737,1.1522810433640618,-0.10246703659081657,0.11175792272166067,False
am_9db,test,mixed_damage,16205,pca_r64_l1,4.5333730711348625,1.0778871076176657,2.1620980659119553,0.11368455522255733,1.1386761522029925,-0.33517376039558927,0.06814399039664476,False
am_9db,test,mixed_damage,16205,template_1,5.488010984883322,1.304868625248399,2.4753611675076037,0.13700021972272244,1.3784003517044023,-0.24252299406998626,-0.09877939309991773,False
am_9db,test,mixed_damage,16205,dictionary_8,5.038519329039971,1.1979942839548912,2.401926094132663,0.10937494636755465,1.2640737768348163,-0.40908035949341187,-0.12324732482178001,False
am_9db,test,mixed_damage,16205,dictionary_24,4.961428752365202,1.1796646787332006,2.351142996921726,0.10583088933686742,1.2445827092308794,-0.40923966701560643,-0.10086384416215378,False
am_9db,test,mixed_damage,16205,dictionary_48,5.115148302580171,1.2162141351237428,2.397146621406069,0.10475542786216824,1.2828032695133829,-0.5147862560747561,-0.18197246682012141,False
am_9db,test,mixed_damage,16205,local_pca_8,4.12459107825302,0.9806921860791892,2.0016071784314384,0.22045529639474912,1.0530093668989802,0.19622557413822728,0.3117101343700091,False
am_9db,test,mixed_damage,16205,local_pca_16,4.2971925334668475,1.021731138843882,2.073722914810328,0.22045529639474912,1.095298810123026,-0.057625395103306165,0.13347234866554022,False
am_9db,test,mixed_damage,16205,local_pca_32,4.329349343170348,1.0293769712202674,2.101010913017997,0.22045529639474912,1.1031849856448874,-0.0949350198819104,0.10072786781550723,False
am_9db,test,mixed_damage,16205,local_dictionary_8,3.825385491353875,0.9095509321860854,1.7434901040872957,0.22045529639474912,0.9798782521022757,0.41594110719247274,0.4624959342179531,False
am_9db,test,mixed_damage,16205,local_dictionary_24,5.750838193784509,1.3673602965845957,2.5094578359934276,0.22045529639474912,1.4534688678450882,-0.36815106155642785,-0.2862560489052286,False
am_9db,test,mixed_damage,16308,zero_fill,2.6719744980002345,1.0,1.3401961009377121,0.4708838682987258,0.8087576112208767,,0.7426879797318257,False
am_9db,test,mixed_damage,16308,linear,2.6758218234723077,1.0014398810598502,1.3614153447272237,0.4708838682987258,0.8095522177541361,0.002650911017781447,0.7397232951634422,False
am_9db,test,mixed_damage,16308,pchip,2.6766913942825563,1.0017653223434027,1.3713153074253586,0.4708838682987258,0.8097318646311982,0.008289049943479386,0.7389068135187832,False
am_9db,test,mixed_damage,16308,autoregression,2.6740385999372718,1.00077250061278,1.3344064604092556,0.4708838682987258,0.8091838749364256,-0.021418244397064336,0.7413048267807372,True
am_9db,test,mixed_damage,16308,pca_r32_l01,4.429928597427816,1.657923232704232,2.876696110479306,0.4573266815177873,1.1927248944834747,0.44050305786772725,0.5505054223306226,False
am_9db,test,mixed_damage,16308,pca_r64_l01,2.706176741717971,1.0128003630810603,1.7732280193557972,0.29613549285361257,0.7347974214592276,0.3063613724409922,0.7115211140681044,False
am_9db,test,mixed_damage,16308,pca_r96_l01,2.8489777197245973,1.0662443529520345,1.7834495775532537,0.22972870375320548,0.7461695185834569,0.043256649633766575,0.695243226995422,False
am_9db,test,mixed_damage,16308,pca_r64_l001,3.824827672634664,1.4314611443699221,2.50826776418426,0.288428554478924,0.9961542360163764,0.6290543073689358,0.7194358528930329,False
am_9db,test,mixed_damage,16308,pca_r64_l1,2.843024805116314,1.0640164444848172,1.601301902353038,0.3564635745714159,0.7901259489177234,0.0017466508898067378,0.6448514659198568,False
am_9db,test,mixed_damage,16308,template_1,2.8698408258984585,1.074052476191787,1.4323002946657528,0.7131561981982047,0.9957680079786815,-0.09463012440132132,0.29448141302121283,False
am_9db,test,mixed_damage,16308,dictionary_8,3.890088996875414,1.455885525773859,1.900727474884068,0.521440004551459,1.0957670709031457,-0.4489076603934931,0.2864179436055638,False
am_9db,test,mixed_damage,16308,dictionary_24,3.585032876653872,1.3417167264646392,1.828417862819177,0.43435334073300824,0.990025349920963,-0.46912624443455275,0.41583396996052835,False
am_9db,test,mixed_damage,16308,dictionary_48,3.6334962186684954,1.359854377872201,1.9079857484184606,0.40667122989076054,0.9900447309778234,-0.414521412701235,0.4288282813042737,False
am_9db,test,mixed_damage,16308,local_pca_8,2.4719478840097517,0.9251390257877884,1.2526457730414018,0.4708838682987258,0.7679721919859739,0.39500210566004124,0.7742215433135963,False
am_9db,test,mixed_damage,16308,local_pca_16,2.741788851676918,1.0261283757494446,1.5477088650930817,0.4708838682987258,0.8232322108820288,0.07846694036863472,0.6590901677021761,False
am_9db,test,mixed_damage,16308,local_pca_32,2.8463388133563026,1.0652567288671977,1.711612680536803,0.4708838682987258,0.8451190338414666,-0.019944253478314026,0.611280782341162,False
am_9db,test,mixed_damage,16308,local_dictionary_8,2.6270274614495324,0.9831783437363113,1.2994946116404114,0.4708838682987258,0.7995017020217011,0.2758905840066914,0.6666269615733632,False
am_9db,test,mixed_damage,16308,local_dictionary_24,2.926690578073777,1.09532878411234,1.4152009966070789,0.4708838682987258,0.8621010672024407,0.0833945183797896,0.55636737785363,False
am_9db,test,mixed_damage,16411,zero_fill,3.918828062539877,1.0,1.8391122040106016,0.21763783322886765,1.0021136032325124,,0.28256760621635585,False
am_9db,test,mixed_damage,16411,linear,3.934107545909779,1.0038989930474265,1.870870821149037,0.21763783322886765,1.0058483850577522,-0.006586960524515149,0.2456938631563369,False
am_9db,test,mixed_damage,16411,pchip,3.9297369221529785,1.0027837045767278,1.866536429317064,0.21763783322886765,1.0047800031014473,-0.014975103860121233,0.2567073354345142,False
am_9db,test,mixed_damage,16411,autoregression,3.901122974206417,0.9954820451290775,1.8187823919715456,0.21763783322886765,0.997786733747168,0.2247738262518566,0.3103423574369404,True
am_9db,test,mixed_damage,16411,pca_r32_l01,3.1211191775200873,0.7964419790076789,1.3838383450358265,0.12772246233642404,0.7900190002091269,0.7400259384210832,0.7017320666749906,False
am_9db,test,mixed_damage,16411,pca_r64_l01,3.1626797859637445,0.807047345658218,1.348068452040994,0.12430825467343389,0.7997785459598725,0.6892954195538068,0.6762150540481028,False
am_9db,test,mixed_damage,16411,pca_r96_l01,3.3253481712094914,0.8485567925259425,1.474276598470189,0.11789202448393686,0.8391371461701048,0.598831019635336,0.6109768262120051,False
am_9db,test,mixed_damage,16411,pca_r64_l001,2.11137599750943,0.5387774007469472,1.1031990504213076,0.12064896715529341,0.5406160376131987,0.8471524256471749,0.8561305411177912,False
am_9db,test,mixed_damage,16411,pca_r64_l1,3.688890907028072,0.9413250206841742,1.6374898458146396,0.12716877717591335,0.93040631555119,0.37351479731013193,0.44125897305714984,False
am_9db,test,mixed_damage,16411,template_1,7.568224838557671,1.9312469742937743,3.2998120200115544,0.1398165528663021,1.8968931380317744,-0.8017964449491298,-0.6537913098186955,False
am_9db,test,mixed_damage,16411,dictionary_8,4.256791759161067,1.0862410116564667,1.8663293181583156,0.11348420711690807,1.0698555994804824,-0.26239132652602853,0.08478133530496781,False
am_9db,test,mixed_damage,16411,dictionary_24,4.225863331239497,1.0783487470743036,1.8790105997436006,0.10827635525973243,1.0616548824517889,-0.20598579646299378,0.11523285525178636,False
am_9db,test,mixed_damage,16411,dictionary_48,4.468389697096738,1.1402362200603102,1.9951222466784269,0.10711911548314275,1.1219019581342837,-0.393755143477862,-0.023885995788533787,False
am_9db,test,mixed_damage,16411,local_pca_8,3.460917800121135,0.8831512240110988,1.5806846696802235,0.21763783322886765,0.8905211050272638,0.500481316453354,0.5485219815375476,False
am_9db,test,mixed_damage,16411,local_pca_16,3.63776335559449,0.9282783774996184,1.5813935689799088,0.21763783322886765,0.9335354716109624,0.3840675800790792,0.45239208915796614,False
am_9db,test,mixed_damage,16411,local_pca_32,3.683852663583089,0.9400393701364649,1.6214105679519286,0.21763783322886765,0.9447639865257541,0.3542854312651173,0.4312947442197505,False
am_9db,test,mixed_damage,16411,local_dictionary_8,6.025761445975291,1.5376437419073357,2.6211918579073084,0.21763783322886765,1.5211076227660258,-0.6552485569882769,-0.5494813355556062,False
am_9db,test,mixed_damage,16411,local_dictionary_24,6.481529166516612,1.6539457876383057,2.8164242230309977,0.21763783322886765,1.6340271137054665,-0.7522674056079759,-0.6484733151899881,False
am_9db,test,mixed_damage,16514,zero_fill,4.2361055246630155,1.0,1.8965461798185719,0.21887613150008645,1.0800228999362458,,0.26973343473706857,False
am_9db,test,mixed_damage,16514,linear,4.240915572836024,1.0011354882792707,1.928005567268983,0.21887613150008645,1.0812020599207437,-0.002723354355242058,0.2581134944376722,False
am_9db,test,mixed_damage,16514,pchip,4.240306203559948,1.000991636981769,1.9281305606702903,0.21887613150008645,1.0810526731517185,-0.009429233778027145,0.2603365782438037,False
am_9db,test,mixed_damage,16514,autoregression,4.226390432561544,0.9977065981843679,1.8775951681714869,0.21887613150008645,1.0776414496063385,0.1788107657728811,0.2846467435325868,True
am_9db,test,mixed_damage,16514,pca_r32_l01,4.069845017480145,0.9607515662169213,1.7993930966052005,0.12511149271986163,1.0246472487662168,0.27747883453655064,0.3856684449484145,False
am_9db,test,mixed_damage,16514,pca_r64_l01,4.5139482180436294,1.0655891813277518,2.0948185691337216,0.12061818003737268,1.1345142048337302,-0.1179389863232952,0.1341468247095746,False
am_9db,test,mixed_damage,16514,pca_r96_l01,4.28480377354172,1.011495995223721,1.9742387149325729,0.10445150737543069,1.0759645422437358,0.09376273773937449,0.2729095461868134,False
am_9db,test,mixed_damage,16514,pca_r64_l001,6.0357276537673865,1.4248293907285352,2.9633312890113315,0.11988515311031268,1.5133901318624152,-0.5032174607442901,-0.31123379160107645,False
am_9db,test,mixed_damage,16514,pca_r64_l1,4.314004331969416,1.0183892508939794,1.8836298005144299,0.12350799543711241,1.0851107878433512,0.0013229949418733565,0.2355384988985054,False
am_9db,test,mixed_damage,16514,template_1,4.374784280950456,1.0327373233457098,1.981062924729569,0.13362486128279696,1.101322260913668,0.18512819745774295,0.2913452552832284,False
am_9db,test,mixed_damage,16514,dictionary_8,4.03163009198296,0.951730326005908,1.837803406050097,0.10344906788947872,1.01287236496296,0.30827147710831937,0.41039140827177395,False
am_9db,test,mixed_damage,16514,dictionary_24,4.403365741369566,1.0394844310966158,1.9592708240740189,0.10161329233329391,1.1052292966266466,0.0019028424896302225,0.2120820175328351,False
am_9db,test,mixed_damage,16514,dictionary_48,4.477627284651004,1.0570150480392486,1.9575672421909924,0.10080375087924552,1.123653834681777,-0.07021528960194875,0.1684719588920839,False
am_9db,test,mixed_damage,16514,local_pca_8,4.277212337612521,1.009703916182016,1.8972922063863764,0.21887613150008645,1.0901016808975725,0.10054091180674123,0.2084659452932781,False
am_9db,test,mixed_damage,16514,local_pca_16,4.320558154810969,1.0199363848837717,1.9263246478635172,0.21887613150008645,1.1007333970815265,0.030767622522226177,0.1637277863957623,False
am_9db,test,mixed_damage,16514,local_pca_32,4.294710070493909,1.0138345339816706,1.9105065555080796,0.21887613150008645,1.0943929825395344,0.04470104961757062,0.1817759006066955,False
am_9db,test,mixed_damage,16514,local_dictionary_8,3.6358950280021665,0.8583107778674621,1.7080616795070367,0.21887613150008645,0.9333519589615406,0.5215747559003022,0.5565904548508033,False
am_9db,test,mixed_damage,16514,local_dictionary_24,3.968939858916144,0.9369313006507022,1.8391750399788296,0.21887613150008645,1.0146146133446419,0.3498210065592374,0.41207957114330884,False
am_9db,test,mixed_damage,16616,zero_fill,3.00925037239747,1.0,1.3862902789627556,0.21914463391181246,0.7816630253168338,,0.3592761360810091,False
am_9db,test,mixed_damage,16616,linear,3.0099398751093003,1.000229127731662,1.393418173496298,0.21914463391181246,0.7818289299120255,-0.0004073207031862417,0.3557158900122121,False
am_9db,test,mixed_damage,16616,pchip,3.0106555157531107,1.0004669413248328,1.3977238115132884,0.21914463391181246,0.7820011266424015,-0.002930878061418636,0.35361847466074126,False
am_9db,test,mixed_damage,16616,autoregression,3.0041559275255043,0.9983070717814992,1.3722784468803106,0.21914463391181246,0.7804373131244974,0.12662135886735582,0.36693134472218186,True
am_9db,test,mixed_damage,16616,pca_r32_l01,3.213711994390966,1.067944370421595,1.452009094909489,0.11864373792530589,0.8115991094409578,-0.10772914747572408,0.25514049113671117,False
am_9db,test,mixed_damage,16616,pca_r64_l01,3.1542622609600808,1.0481887083549914,1.4841116196555109,0.11852219774541861,0.7968721306337776,-0.07483808262877616,0.2878410128617098,False
am_9db,test,mixed_damage,16616,pca_r96_l01,3.1649975718645886,1.0517561452831308,1.4912293952057074,0.11586615776566819,0.7991630046351393,-0.10295450086334802,0.2801140254730757,False
am_9db,test,mixed_damage,16616,pca_r64_l001,3.7533527850755886,1.2472716858336026,1.9121937846256087,0.1180195065311106,0.9452706685145259,-0.20033113797742977,0.07306827900409328,False
am_9db,test,mixed_damage,16616,pca_r64_l1,3.1256193096082403,1.038670407181194,1.4336328829824754,0.11863740587108278,0.7898029255640767,-0.02311925763930734,0.3079434513881654,False
am_9db,test,mixed_damage,16616,template_1,3.394798025195106,1.1281208291387435,1.5446389403618364,0.14259643690422166,0.8598568118128481,0.40206540083313147,0.46998816883903,False
am_9db,test,mixed_damage,16616,dictionary_8,2.883096547900152,0.9580779899025779,1.3344234581738825,0.11279857163809441,0.7290018205981934,0.2890718670440519,0.46086030667972194,False
am_9db,test,mixed_damage,16616,dictionary_24,3.1073563616174686,1.0326014711570302,1.4688647643232682,0.10844282340457484,0.7839029454954823,0.1594812072418026,0.3621757964302669,False
am_9db,test,mixed_damage,16616,dictionary_48,2.929770602021165,0.9735881829224521,1.3631922445314937,0.10681993739902441,0.7397091179078619,0.24882815415969647,0.4383564890831136,False
am_9db,test,mixed_damage,16616,local_pca_8,3.270481202915008,1.0868092708116592,1.490701628789175,0.21914463391181246,0.8447045658544446,-0.1617118011645074,0.06964137880120767,False
am_9db,test,mixed_damage,16616,local_pca_16,3.2233840400972102,1.0711584751019372,1.4792591358511404,0.21914463391181246,0.8333130499900138,-0.1435131868498655,0.10041719433260979,False
am_9db,test,mixed_damage,16616,local_pca_32,3.072244846600771,1.0209336101711979,1.422203785976483,0.21914463391181246,0.796831771613766,0.03001295501851704,0.24461722316073742,False
am_9db,test,mixed_damage,16616,local_dictionary_8,2.81390885034247,0.9350863178927277,1.363119184970452,0.21914463391181246,0.7347809442540008,0.3542621611016091,0.45413759870519166,False
am_9db,test,mixed_damage,16616,local_dictionary_24,3.056675136687715,1.0157596605205241,1.5448695776156969,0.21914463391181246,0.7930805621841798,0.24156015563546965,0.3271206601759291,False
am_9db,test,mixed_damage,16719,zero_fill,3.2227408032435845,1.0,1.5708769873181692,0.5787505444182027,0.9814001851581938,,0.7384223834368125,False
am_9db,test,mixed_damage,16719,linear,3.2234729395258683,1.0002271781464855,1.573264096649197,0.5787505444182027,0.9815504534224487,0.00033030865827488314,0.7378895260323397,False
am_9db,test,mixed_damage,16719,pchip,3.2233720212004835,1.0001958637059063,1.5761145855431464,0.5787505444182027,0.9815297396482565,0.006469672711810042,0.7379391251890774,False
am_9db,test,mixed_damage,16719,autoregression,3.219215003016487,0.9989059622096979,1.5756206793066019,0.5787505444182027,0.9806766836479522,0.06687271165498992,0.7395389194006262,True
am_9db,test,mixed_damage,16719,pca_r32_l01,12.576348849100803,3.902376770866312,6.475614124053602,0.6991838310984407,3.216145021793575,0.07655982983530657,0.14601625252632247,False
am_9db,test,mixed_damage,16719,pca_r64_l01,4.003478207866718,1.2422588263497165,2.5160083688650676,0.3388416663402352,1.053269993982642,0.32758151840632677,0.6404067364454479,False
am_9db,test,mixed_damage,16719,pca_r96_l01,3.1314723432574807,0.9716798633342635,1.9787804845999002,0.2361835209967432,0.8155848695277973,0.3666622511760654,0.7562337999147223,False
am_9db,test,mixed_damage,16719,pca_r64_l001,8.302019080339216,2.5760740894779692,4.968064947851997,0.3147852667548083,2.0977646923690707,0.3988323668041873,0.5035261520848746,False
am_9db,test,mixed_damage,16719,pca_r64_l1,3.028409822218541,0.9397000898026129,1.6736698025735235,0.46268974551115694,0.879719168979774,0.3461945613754136,0.7204220883677771,False
am_9db,test,mixed_damage,16719,template_1,3.4950953664611144,1.0845102289775876,1.8476575873575005,0.8842236674569633,1.2233014763342167,0.37921345489254876,0.36764633387598505,False
am_9db,test,mixed_damage,16719,dictionary_8,3.019461529559033,0.9369234803245866,1.4705759120266406,0.7709891717584139,1.0616470833396643,0.37720409558053064,0.5194826969563378,False
am_9db,test,mixed_damage,16719,dictionary_24,3.575116222218129,1.1093402915369086,1.5829894220382443,0.602991839021949,1.0675744520662631,-0.060530973913328436,0.5221734938188111,False
am_9db,test,mixed_damage,16719,dictionary_48,4.276388707888338,1.3269415596762517,1.8702293755973134,0.5642144746229074,1.200587616064654,-0.3117358916862364,0.40038719674416917,False
am_9db,test,mixed_damage,16719,local_pca_8,3.0199169546752387,0.9370647964104931,1.4494942690968977,0.5787505444182027,0.9402187678640429,0.3569612698358418,0.7572774608472257,False
am_9db,test,mixed_damage,16719,local_pca_16,2.939812560417729,0.9122088122814291,1.563787161648637,0.5787505444182027,0.9242152340078629,0.4238547948100417,0.7717419081279248,False
am_9db,test,mixed_damage,16719,local_pca_32,3.03691947401357,0.9423405912622599,1.7721977399818147,0.5787505444182027,0.9436353500428658,0.33682435648265735,0.7221765343336884,False
am_9db,test,mixed_damage,16719,local_dictionary_8,2.082278457367085,0.6461203629132505,1.266980304330024,0.5787505444182027,0.7648597283154498,0.7877373598814902,0.8674574584715171,False
am_9db,test,mixed_damage,16719,local_dictionary_24,2.671834265074846,0.8290565168584861,1.5045341160393342,0.5787505444182027,0.8718866479506359,0.5746536180307884,0.800818796535302,False
am_9db,test,mixed_damage,16822,zero_fill,2.7838297955174713,1.0,1.4746987024185338,0.219440533319311,0.7276683888181313,,0.39083451298756244,False
am_9db,test,mixed_damage,16822,linear,2.79915524330668,1.0055051669516166,1.493705411453114,0.219440533319311,0.7313336401347214,-0.008220769561898258,0.3514260879827781,False
am_9db,test,mixed_damage,16822,pchip,2.809246375070719,1.0091300767001536,1.516005731203055,0.219440533319311,0.7337479731999234,-0.007383691104052022,0.3313902071419557,False
am_9db,test,mixed_damage,16822,autoregression,2.7610448634379288,0.9918152567674106,1.452324248138466,0.219440533319311,0.7222223061871654,0.1672036743894562,0.41685954697792676,True
am_9db,test,mixed_damage,16822,pca_r32_l01,4.01769490355176,1.4432257712095262,2.057570382730732,0.13991159488988103,1.0135180423219916,-0.350295683127249,-0.06520649754760298,False
am_9db,test,mixed_damage,16822,pca_r64_l01,3.886982594979048,1.3962716403272484,2.075696617773792,0.13786335858832793,0.9808710503389595,-0.3939235164229155,-0.06655931130223423,False
am_9db,test,mixed_damage,16822,pca_r96_l01,3.2963177262403303,1.1840945633774262,1.7575219682480068,0.11001601273261667,0.8309355946081942,-0.23134823012303093,0.15203877181171024,False
am_9db,test,mixed_damage,16822,pca_r64_l001,7.519399653703342,2.701098919844559,3.742788313049979,0.13496483144547497,1.8843865669300137,-0.40548795494134715,-0.2736491351577081,False
am_9db,test,mixed_damage,16822,pca_r64_l1,3.0657055579371204,1.1012546682536144,1.5321992666082047,0.14073578168954648,0.7784459266578454,-0.19111353638359924,0.23052720171051513,False
am_9db,test,mixed_damage,16822,template_1,4.274121788310029,1.5353387607217326,2.1635936720119524,0.14884558194035927,1.078205748287809,-0.1692132514695671,0.00866136705645346,False
am_9db,test,mixed_damage,16822,dictionary_8,3.5270007121409646,1.2669598974118852,1.7857779169854915,0.10870823417006407,0.8880102837977325,0.20261999088481478,0.3371674116963248,False
am_9db,test,mixed_damage,16822,dictionary_24,3.3871358577249406,1.2167180131410742,1.6891700388284536,0.10577925358053374,0.8529554529695151,-0.035602001691172835,0.21360272271868436,False
am_9db,test,mixed_damage,16822,dictionary_48,3.3310992766355816,1.196588700214117,1.631986342255981,0.10314496747038672,0.8387418276620905,-0.028397945169278755,0.22814014466599086,False
am_9db,test,mixed_damage,16822,local_pca_8,4.191390566892123,1.5056202694723322,2.153320622158789,0.219440533319311,1.069172200208654,-0.47282814252016714,-0.3006981223113969,False
am_9db,test,mixed_damage,16822,local_pca_16,3.1842386298855545,1.1438338058644326,1.5592708888135816,0.219440533319311,0.8239268727793516,-0.19502808328713012,0.03378277936692153,False
am_9db,test,mixed_damage,16822,local_pca_32,3.1381315421999108,1.1272713393803517,1.5695251685503988,0.219440533319311,0.8127953998048166,-0.18769870929955632,0.05302424365512467,False
am_9db,test,mixed_damage,16822,local_dictionary_8,3.816715343584442,1.371030423530248,1.8734084399368869,0.219440533319311,0.9775488552019043,0.026909193376027454,0.1088564933400224,False
am_9db,test,mixed_damage,16822,local_dictionary_24,4.792799128834325,1.7216566675705893,2.270539226635635,0.219440533319311,1.2168924486244415,-0.12169603550344865,-0.04332829777542922,False
am_9db,test,mixed_damage,16925,zero_fill,4.801175354688775,1.0,2.3219285941818057,0.22608819188035523,1.2200927947313784,,0.2550542121825878,False
am_9db,test,mixed_damage,16925,linear,4.80888453933209,1.001605686956588,2.3557200464146417,0.22608819188035523,1.221988864777497,0.0031518407082095612,0.2360867263880696,False
am_9db,test,mixed_damage,16925,pchip,4.809729370656465,1.0017816503951136,2.3658652654363967,0.22608819188035523,1.222196656551518,0.00645870099544725,0.23371898785554102,False
am_9db,test,mixed_damage,16925,autoregression,4.82039655821288,1.004003437096988,2.3180539056505793,0.22608819188035523,1.2248204214303853,-0.21137694420618672,0.2245426299262619,True
am_9db,test,mixed_damage,16925,pca_r32_l01,5.087159233469378,1.059565389233558,2.3954010380050335,0.1524820238189896,1.2803307819781322,-0.24937336719169867,0.07206867143730548,False
am_9db,test,mixed_damage,16925,pca_r64_l01,5.10371494879975,1.0630136522332012,2.503509372332821,0.1468670189242122,1.2838286270302324,-0.3200446661560168,0.05667955003754591,False
am_9db,test,mixed_damage,16925,pca_r96_l01,4.880665333089478,1.0165563580849164,2.365151334926849,0.11989984123077396,1.2256766924980893,-0.02168363095713524,0.21641501060014934,False
am_9db,test,mixed_damage,16925,pca_r64_l001,5.905359787787058,1.229982108864228,3.0778546968937963,0.1458810447593687,1.4830815345825072,-0.22764364663359263,-0.07864699316827599,False
am_9db,test,mixed_damage,16925,pca_r64_l1,5.02498802308053,1.0466162245403476,2.3770612945801126,0.15095682939756994,1.264721414413795,-0.2153904520339856,0.10801851138201839,False
am_9db,test,mixed_damage,16925,template_1,6.534088089612585,1.3609351058655805,3.0878953098775477,0.15636372291676018,1.6405229991241146,-0.4891894169706462,-0.31715311315550826,False
am_9db,test,mixed_damage,16925,dictionary_8,5.465190248161084,1.1383025706036418,2.58152151932053,0.12181527387234573,1.3713790701066193,-0.3533296918722025,-0.06531150158246848,False
am_9db,test,mixed_damage,16925,dictionary_24,5.098827748889346,1.0619957348381135,2.4563955926675596,0.11956236232279006,1.2799529236974667,-0.17095390816063522,0.10499828955345956,False
am_9db,test,mixed_damage,16925,dictionary_48,5.252138389983274,1.0939276327106222,2.491453496266857,0.11733959885864163,1.3179407799063065,-0.4135469979236275,-0.003363107424649644,False
am_9db,test,mixed_damage,16925,local_pca_8,4.960740639665882,1.033234629687349,2.33197570963304,0.22608819188035523,1.2593571215020927,-0.16324938210143738,0.055667440717775324,False
am_9db,test,mixed_damage,16925,local_pca_16,4.9667310288777875,1.0344823219229708,2.319612010946855,0.22608819188035523,1.2608319468418792,-0.1233351753865256,0.06251274472557357,False
am_9db,test,mixed_damage,16925,local_pca_32,4.7861485243460535,0.9968701767311943,2.2659199545996436,0.22608819188035523,1.2163972355566002,0.09828773226886217,0.23553628024185166,False
am_9db,test,mixed_damage,16925,local_dictionary_8,5.734868033319361,1.1944716886290672,2.6918560582299254,0.22608819188035523,1.45033292335769,-0.3090078301927009,-0.20587407683047607,False
am_9db,test,mixed_damage,16925,local_dictionary_24,6.705601291232839,1.396658275495858,3.105084065565982,0.22608819188035523,1.690632772340719,-0.34874601608791234,-0.2810493814656559,False
am_9db,test,mixed_damage,17028,zero_fill,3.798320562511808,1.0,1.9194007722637907,0.22451170911590795,0.9741445512779473,,0.2968068259674141,False
am_9db,test,mixed_damage,17028,linear,3.800456545829303,1.0005623494074134,1.9298689980524786,0.22451170911590795,0.9746650889436647,0.009492645499555277,0.2896862469737764,False
am_9db,test,mixed_damage,17028,pchip,3.8004993643950438,1.0005736224332247,1.9330129344824223,0.22451170911590795,0.9746755239475635,0.013152468541658264,0.28844508371051114,False
am_9db,test,mixed_damage,17028,autoregression,3.7681779136779086,0.9920642167142506,1.891163625984643,0.22451170911590795,0.9668003737225883,0.2844722184792508,0.3423103570298531,True
am_9db,test,mixed_damage,17028,pca_r32_l01,3.8582712357963707,1.0157834685877374,1.992473758141465,0.12502742014344437,0.9721347246456357,0.04962555714489069,0.27979927632442136,False
am_9db,test,mixed_damage,17028,pca_r64_l01,4.050471839927383,1.0663849386237239,2.1247435734668816,0.12400901046058815,1.019711835709479,-0.17717562664029965,0.15663489646326495,False
am_9db,test,mixed_damage,17028,pca_r96_l01,3.9000918253804793,1.026793752974175,2.0019148338020956,0.11407991347047677,0.9812597020622621,-6.0181918250936035e-05,0.25687267230916855,False
am_9db,test,mixed_damage,17028,pca_r64_l001,5.194021456944623,1.3674521071780854,2.7031466789594174,0.12434309564305497,1.3040747912004658,-0.6865121614120411,-0.35350336975911484,False
am_9db,test,mixed_damage,17028,pca_r64_l1,3.731669408527241,0.9824524673766631,1.9179628938648698,0.12399308767878989,0.9406105351518984,0.18763730470534512,0.35738261256681064,False
am_9db,test,mixed_damage,17028,template_1,4.32211579099702,1.1379017962977904,2.1549057881050384,0.14761923345203498,1.0899414113285029,-0.023822102825726835,0.13379688205889192,False
am_9db,test,mixed_damage,17028,dictionary_8,3.6000547029625003,0.9478017043884795,1.8168990704040493,0.11336940906341798,0.9066829382422378,0.32814824032212536,0.438421269601778,False
am_9db,test,mixed_damage,17028,dictionary_24,4.02140165107277,1.058731506435423,2.0260362136324668,0.11045635022637536,1.011023006625924,0.02502740904578856,0.22685807945603945,False
am_9db,test,mixed_damage,17028,dictionary_48,3.8703319351969987,1.0189587401853122,1.9653976581360082,0.1086708810277471,0.9732872679210628,0.08747227569542408,0.28948852135321107,False
am_9db,test,mixed_damage,17028,local_pca_8,4.1757468354757625,1.0993666192077176,2.1381529164775275,0.22451170911590795,1.0663296935908835,-0.288719186298024,-0.08032300905201305,False
am_9db,test,mixed_damage,17028,local_pca_16,3.895822980619866,1.0256698760684855,1.9848648375766038,0.22451170911590795,0.9979203158719027,-0.01378674155773859,0.16028206151408805,False
am_9db,test,mixed_damage,17028,local_pca_32,3.919229988350755,1.03183233848988,2.0131600398995664,0.22451170911590795,1.0036323503448628,-0.04067965291103267,0.1382952813948239,False
am_9db,test,mixed_damage,17028,local_dictionary_8,4.741986902757554,1.2484430486356066,2.370317754118056,0.22451170911590795,1.2052624817564734,-0.4939833709169113,-0.33117433189426415,False
am_9db,test,mixed_damage,17028,local_dictionary_24,6.1492981789743775,1.618951870378176,3.062224715804131,0.22451170911590795,1.552617763385635,-0.6804732599945196,-0.5715464145355639,False
am_9db,test,mixed_damage,17131,zero_fill,2.7103116928343503,1.0,1.4004650261914136,0.43450578489566555,0.7975634233766137,,0.7177233362103702,False
am_9db,test,mixed_damage,17131,linear,2.722549132865221,1.0045151412153903,1.39283738826049,0.43450578489566555,0.8001641604024977,0.007179194599613342,0.7060010603857266,False
am_9db,test,mixed_damage,17131,pchip,2.722526470262106,1.0045067795929339,1.3939464141680236,0.43450578489566555,0.8001593410805289,0.01316113744439015,0.7052072690585875,False
am_9db,test,mixed_damage,17131,autoregression,2.7056561301157185,0.9982822777428366,1.3845148401794334,0.43450578489566555,0.7965748650884039,0.06408652984919408,0.7189398146751318,True
am_9db,test,mixed_damage,17131,pca_r32_l01,3.8315362888957476,1.4136884325982668,2.0987859701389846,0.25786137704922046,0.989888178019707,-0.23234884257648408,0.4580786134953723,False
am_9db,test,mixed_damage,17131,pca_r64_l01,2.462734886138322,0.9086537510240673,1.359028313085142,0.1786231155566856,0.6395142873975915,0.42758502216098365,0.7733826956101,False
am_9db,test,mixed_damage,17131,pca_r96_l01,2.275495359377099,0.8395696204953699,1.3045567123012751,0.14600038832679546,0.5861751461498271,0.5448715111786402,0.8135402612628332,False
am_9db,test,mixed_damage,17131,pca_r64_l001,4.56465058104269,1.6841792009055372,2.4907158386955714,0.1744949966558016,1.153602035064573,-0.0019441209693125173,0.4499864504909771,False
am_9db,test,mixed_damage,17131,pca_r64_l1,2.2706223461575537,0.8377716674287803,1.232577589086687,0.20705080372554102,0.6020162149353269,0.5939568933349074,0.8098322997520384,False
am_9db,test,mixed_damage,17131,template_1,2.7796759759535794,1.0255927328589616,1.4048820610471582,0.6777548422105333,0.9558004800751716,-0.008180867586506605,0.34100166577171853,False
am_9db,test,mixed_damage,17131,dictionary_8,2.847971539391313,1.0507911495644262,1.5769020571656827,0.4675208862135508,0.8437112426236051,-0.13243019560969332,0.5478835287918769,False
am_9db,test,mixed_damage,17131,dictionary_24,3.154437329952562,1.1638651518540881,1.987264224600618,0.35200641577832875,0.8591093723965982,-0.2053743228977791,0.5466276060850921,False
am_9db,test,mixed_damage,17131,dictionary_48,3.031800102764285,1.1186167667652032,1.8143926938459836,0.30530910899713565,0.8135576440728901,-0.18831201602441608,0.5990949202713278,False
am_9db,test,mixed_damage,17131,local_pca_8,2.6526623195616685,0.9787296149645452,1.4258119638715452,0.43450578489566555,0.7853560712440913,0.2524888364930692,0.6687537908246561,False
am_9db,test,mixed_damage,17131,local_pca_16,2.6172437850452352,0.9656615480665296,1.4942912064688745,0.43450578489566555,0.7778935574266767,0.2918148485421968,0.6761959909327003,False
am_9db,test,mixed_damage,17131,local_pca_32,2.600303756852268,0.9594113340274011,1.4983494681169862,0.43450578489566555,0.774334746109402,0.3030564669224941,0.6847990544232783,False
am_9db,test,mixed_damage,17131,local_dictionary_8,3.0860062407497666,1.138616731392443,1.665560877872935,0.43450578489566555,0.8787549315140245,-0.051378472276650045,0.4892992803279484,False
am_9db,test,mixed_damage,17131,local_dictionary_24,3.137530842660022,1.1576273131076305,1.6974657878678863,0.43450578489566555,0.8900852819133359,-0.0731299738960079,0.4688533229552185,False
am_9db,test,mixed_damage,17233,zero_fill,3.4236970159068174,1.0,1.8052678075411883,0.220737640066677,0.8822052568302321,,0.3263463230495113,False
am_9db,test,mixed_damage,17233,linear,3.423920278236494,1.0000652108900523,1.8025752323220225,0.220737640066677,0.8822594097632283,0.010795666273246754,0.32486969256897674,False
am_9db,test,mixed_damage,17233,pchip,3.4238182427420236,1.0000354081668568,1.8040723239039647,0.220737640066677,0.8822346607290124,0.012959098831603172,0.32484924081490657,False
am_9db,test,mixed_damage,17233,autoregression,3.413077624237328,0.9968982676854433,1.785088999382158,0.220737640066677,0.8796297323022699,0.1057683087679342,0.3393749774185569,True
am_9db,test,mixed_damage,17233,pca_r32_l01,3.706716512595044,1.0826648781633688,1.8782131356913938,0.12411292988997494,0.9344385879778588,0.02078416924281321,0.23375237916034722,False
am_9db,test,mixed_damage,17233,pca_r64_l01,3.541659994177496,1.034454853254424,1.8280455054827138,0.1206570384206165,0.8930889978105435,0.08048343310988956,0.2975326800995638,False
am_9db,test,mixed_damage,17233,pca_r96_l01,3.604578843233247,1.0528323115293308,1.8673630294182362,0.11339984173953806,0.9078092275735516,-0.013295268597851444,0.25399473460003724,False
am_9db,test,mixed_damage,17233,pca_r64_l001,3.864529844211644,1.1287592991601405,2.0291843361496724,0.11749569099761152,0.972807453901065,0.1854498577752741,0.3076493290682596,False
am_9db,test,mixed_damage,17233,pca_r64_l1,3.5612106564818866,1.0401652482495292,1.7949415661481962,0.12412802924073447,0.8983783255986861,-0.04622442070245397,0.25988117075577405,False
am_9db,test,mixed_damage,17233,template_1,4.7960766916117805,1.4008472914889252,2.407305000860868,0.13578914268559644,1.2062061391220391,-0.27100562102029824,-0.08324627685841056,False
am_9db,test,mixed_damage,17233,dictionary_8,3.717088057276608,1.0856942188536742,1.942965890935147,0.10927729814412641,0.93527624742284,-0.10844463834456043,0.19423343319438724,False
am_9db,test,mixed_damage,17233,dictionary_24,3.909661972147737,1.1419415777690258,1.966832154972296,0.10795106966746056,0.9829883722002184,-0.24738696730908463,0.09465141895586919,False
am_9db,test,mixed_damage,17233,dictionary_48,3.9307679972291827,1.148106266111302,1.9917847942232063,0.10729897310414721,0.9881685424460491,-0.35360226206415374,0.05935100478970775,False
am_9db,test,mixed_damage,17233,local_pca_8,3.586635679571377,1.0475914378251145,1.8730588265945767,0.220737640066677,0.9217792605915583,0.027077003289457353,0.17097680695171555,False
am_9db,test,mixed_damage,17233,local_pca_16,3.6078913928981153,1.0537998473975687,1.8432825289118913,0.220737640066677,0.9269491925491854,-0.03998022265538015,0.13381582127764344,False
am_9db,test,mixed_damage,17233,local_pca_32,3.599128151328852,1.0512402629692303,1.8663793206986896,0.220737640066677,0.9248175507843739,-0.025786041715789146,0.14319906727061574,False
am_9db,test,mixed_damage,17233,local_dictionary_8,4.034969541825501,1.1785416533877426,2.0543512893886233,0.220737640066677,1.031135775176837,-0.2908336014121368,-0.11702558856839276,False
am_9db,test,mixed_damage,17233,local_dictionary_24,3.842723808004365,1.1223901502237814,1.9055288264184178,0.220737640066677,0.9841685212254256,-0.038034459832344984,0.07944713440797761,False
am_9db,test,mixed_damage,17336,zero_fill,2.8096425965120853,1.0,1.5318176838436446,0.2203086161889423,0.7340865844555341,,0.3791405141086313,False
am_9db,test,mixed_damage,17336,linear,2.8197408734403746,1.0035941499964534,1.550901166350767,0.2203086161889423,0.7365025835348691,-0.0008844847930156957,0.35231855067826934,False
am_9db,test,mixed_damage,17336,pchip,2.820323198343965,1.003801409419525,1.5565754024628784,0.2203086161889423,0.7366419261852835,0.0029017262879829577,0.3498918368644603,False
am_9db,test,mixed_damage,17336,autoregression,2.7984499367127196,0.9960163403654043,1.5083743061331476,0.2203086161889423,0.7314096126570307,0.16144064769557165,0.3951100727471467,True
am_9db,test,mixed_damage,17336,pca_r32_l01,2.6886942245137373,0.9569523995156913,1.3665605451574248,0.11869583783759156,0.6819277436857334,0.2903078035979464,0.4773857599350709,False
am_9db,test,mixed_damage,17336,pca_r64_l01,2.781265349936651,0.9899000511272636,1.432015145598131,0.11778487025106522,0.7046069862722741,0.17685650311542606,0.4225457574778995,False
am_9db,test,mixed_damage,17336,pca_r96_l01,2.708661879838901,0.964059230594474,1.426326888959649,0.11653449640183994,0.686501707575574,0.2658197517181591,0.46637958300836935,False
am_9db,test,mixed_damage,17336,pca_r64_l001,2.882874592034001,1.026064523513712,1.5300724449987575,0.11630926081274495,0.7294639973834091,0.45330668978732325,0.5403462933472926,False
am_9db,test,mixed_damage,17336,pca_r64_l1,2.993044246130601,1.0652757933860315,1.5727030730883498,0.11887320140988543,0.7570616070331159,-0.11042825220560878,0.2869917368252578,False
am_9db,test,mixed_damage,17336,template_1,2.899035716976563,1.031816545127644,1.447331989163577,0.14474186461627606,0.7381844789284875,0.5417301044050744,0.5918228985802522,False
am_9db,test,mixed_damage,17336,dictionary_8,2.7002171426496204,0.961053603757892,1.4405732573019208,0.1145145286151515,0.6840996033299052,0.27874623528818915,0.4720546514785794,False
am_9db,test,mixed_damage,17336,dictionary_24,3.1599911018791755,1.1246950433489356,1.5738110740034768,0.11030059642005313,0.7971839925448068,-0.14973915610570457,0.21131417075682724,False
am_9db,test,mixed_damage,17336,dictionary_48,3.1642475161460792,1.1262099742060445,1.628505207353219,0.10888279733111676,0.798056009028986,-0.1626832663188689,0.20825287714080634,False
am_9db,test,mixed_damage,17336,local_pca_8,2.6617041778605652,0.947346178892941,1.3627708023482294,0.2203086161889423,0.6987805192774538,0.32160116826324747,0.455333651003781,False
am_9db,test,mixed_damage,17336,local_pca_16,2.694543682653543,0.9590343220161073,1.3860194060940945,0.2203086161889423,0.7066029628278889,0.2843978684554521,0.4363070073826009,False
am_9db,test,mixed_damage,17336,local_pca_32,2.747896435150394,0.9780234819053699,1.441318572321857,0.2203086161889423,0.7193301186615634,0.20893480224964933,0.39342480944292635,False
am_9db,test,mixed_damage,17336,local_dictionary_8,3.3045803427286993,1.1761568346205435,1.6445064876425026,0.2203086161889423,0.8532397647003752,0.02530584867905934,0.13509601725180467,False
am_9db,test,mixed_damage,17336,local_dictionary_24,4.049214265750465,1.4411848221468435,2.0461334027785565,0.2203086161889423,1.034534148344781,-0.3482931886281033,-0.20530348606608598,False
am_9db,test,mixed_damage,17439,zero_fill,3.996286822627779,1.0,1.99394944287377,0.22545166661158902,1.022641652118961,,0.2944654904338665,False
am_9db,test,mixed_damage,17439,linear,4.002261680981585,1.0014951024836294,1.9982086130271157,0.22545166661158902,1.024100989060731,9.804514618845593e-05,0.2790420659981881,False
am_9db,test,mixed_damage,17439,pchip,4.002168978624876,1.0014719053606942,1.999954286526218,0.22545166661158902,1.024078346097615,0.003489817484360962,0.27859319674503663,False
am_9db,test,mixed_damage,17439,autoregression,3.981269081943796,0.9962420763697567,1.9694828318542401,0.22545166661158902,1.0189740647003345,0.22310471533915366,0.31663634831243115,True
am_9db,test,mixed_damage,17439,pca_r32_l01,3.654440945420044,0.9144591235863916,1.74797704222925,0.13995796974023378,0.9236057777458975,0.4824685827422629,0.5082403280765289,False
am_9db,test,mixed_damage,17439,pca_r64_l01,3.737028928813986,0.9351253037329997,1.8283701180732885,0.13968243407398456,0.9439959265876463,0.3868569762861343,0.45903300751435827,False
am_9db,test,mixed_damage,17439,pca_r96_l01,3.7135457239240495,0.9292490476152031,1.8448309766085806,0.136374296002601,0.9377296742941056,0.4144135256485628,0.473727323911312,False
am_9db,test,mixed_damage,17439,pca_r64_l001,3.9710739187567436,0.993690917346504,1.9816436260410781,0.13950967252976723,1.0019160487277141,0.25885012690552767,0.3678198712317738,False
am_9db,test,mixed_damage,17439,pca_r64_l1,3.8385651285625966,0.9605329394346446,1.8684526483105248,0.1402545878985388,0.9692023939693795,0.2946726141685411,0.4026364259494065,False
am_9db,test,mixed_damage,17439,template_1,5.872764441520928,1.4695552902429716,2.8226555171038017,0.1697926554119636,1.4773668589138227,-0.2863420379135398,-0.15820884668505802,False
am_9db,test,mixed_damage,17439,dictionary_8,4.228030200185437,1.0579896758774872,1.9983203725415168,0.1366855732108511,1.0652606360223473,-0.1543188567696597,0.16089747773477375,False
am_9db,test,mixed_damage,17439,dictionary_24,4.570415453302305,1.1436655215595872,2.1215702043527838,0.1342947607491849,1.149978903536243,-0.45266806908331686,-0.039612982161895835,False
am_9db,test,mixed_damage,17439,dictionary_48,4.126164189997136,1.0324995109545105,1.9140832905794345,0.13323265393670025,1.0395760861987198,-0.07543574897470016,0.2226594670577483,False
am_9db,test,mixed_damage,17439,local_pca_8,4.12260572886335,1.0316090690789081,1.963108126778177,0.22545166661158902,1.0535150925985248,-0.014023809019441264,0.1459846175180144,False
am_9db,test,mixed_damage,17439,local_pca_16,3.972693913258626,0.9940962922792316,1.8946729006215688,0.22545166661158902,1.0168801471323725,0.1399672296989508,0.27278907034406064,False
am_9db,test,mixed_damage,17439,local_pca_32,3.8720077808595645,0.9689013708764542,1.9000200389491744,0.22545166661158902,0.9923101539055896,0.24887993770411157,0.36094328948909454,False
am_9db,test,mixed_damage,17439,local_dictionary_8,4.081710485582508,1.021375758734594,1.9445141521584282,0.22545166661158902,1.0435153118720677,0.08862265929763379,0.2032197838869096,False
am_9db,test,mixed_damage,17439,local_dictionary_24,4.337118832746705,1.0852871741310124,2.000910447242215,0.22545166661158902,1.1060353345122864,-0.05185986154017504,0.0654247151694484,False
am_9db,test,mixed_damage,17542,zero_fill,2.9283439742327095,1.0,1.3807253781989122,0.22437618924606187,0.7636412993813665,,0.3818031533978771,False
am_9db,test,mixed_damage,17542,linear,2.943518018299686,1.0051817833562235,1.3997008232953263,0.22437618924606187,0.7672788133463805,0.00944581884673884,0.34282961320869015,False
am_9db,test,mixed_damage,17542,pchip,2.944115269146498,1.0053857385104223,1.405461097862856,0.22437618924606187,0.7674220169066986,0.015511393257932977,0.3405993467336764,False
am_9db,test,mixed_damage,17542,autoregression,2.8936038991882707,0.988136613953099,1.3469027237324127,0.22437618924606187,0.755319205696602,0.25694369873233386,0.42659807089725393,True
am_9db,test,mixed_damage,17542,pca_r32_l01,2.4269839479469866,0.8287905960852532,1.2368191002258464,0.15122882982684988,0.6241646151133887,0.5649491772253062,0.6384839197287006,False
am_9db,test,mixed_damage,17542,pca_r64_l01,2.2822484936513687,0.7793648948803454,1.1576130514731067,0.13995188698837585,0.5864328684325283,0.6270446502794672,0.6885054404053906,False
am_9db,test,mixed_damage,17542,pca_r96_l01,2.228834729864472,0.7611246320366021,1.049524844192514,0.12640113978678294,0.5704911795517198,0.7363812744487948,0.7383677752932888,False
am_9db,test,mixed_damage,17542,pca_r64_l001,3.4110183738102124,1.1648284504227255,1.867031720278065,0.12857749329988932,0.8617942374495533,0.5704852781306491,0.6117515213307836,False
am_9db,test,mixed_damage,17542,pca_r64_l1,2.6194920155300263,0.8945301640038346,1.1861897806679047,0.15364244182868644,0.6715573513479591,0.49055036776001437,0.5651578002196322,False
am_9db,test,mixed_damage,17542,template_1,3.5998247123957663,1.2293039151382479,1.63740328672769,0.15831563971826879,0.9129175615391818,0.40761144351448747,0.4693035311018492,False
am_9db,test,mixed_damage,17542,dictionary_8,3.2748411932255452,1.1183253135703177,1.5251060612636165,0.12735894953619747,0.8279450982421543,0.25101204269835553,0.3870411188821436,False
am_9db,test,mixed_damage,17542,dictionary_24,2.9174488960651463,0.9962794404402516,1.3467745583964101,0.12320656706390616,0.7390536995741088,0.3337629253112857,0.4725653545622296,False
am_9db,test,mixed_damage,17542,dictionary_48,3.3821188023829776,1.1549595375895576,1.5676893105062741,0.12156776556515583,0.8536835046505832,0.19032101174543875,0.34388430958890714,False
am_9db,test,mixed_damage,17542,local_pca_8,2.8176642674511725,0.9622039938765945,1.3510593486354558,0.22437618924606187,0.7371567861800127,0.3740122365302836,0.4404193763065659,False
am_9db,test,mixed_damage,17542,local_pca_16,2.647879788938595,0.9042243029637246,1.1607725628735248,0.22437618924606187,0.696708219557256,0.452390518909855,0.5532321047212861,False
am_9db,test,mixed_damage,17542,local_pca_32,2.645566061458642,0.9034341883117875,1.1813590881638474,0.22437618924606187,0.6961586519990683,0.45750663631600214,0.5576820535839023,False
am_9db,test,mixed_damage,17542,local_dictionary_8,3.683631893370532,1.2579232241102156,1.6382068099453866,0.22437618924606187,0.9461868882640647,0.06632033928005324,0.14991569745823943,False
am_9db,test,mixed_damage,17542,local_dictionary_24,8.053222886740594,2.7500945782336634,3.787107968921691,0.22437618924606187,2.024993348415484,-0.34470476831206814,-0.275979419932193,False
am_9db,test,mixed_damage,17645,zero_fill,2.9761812405704036,1.0,1.4307744856976305,0.22122169940426673,0.7742633749665253,,0.36996297703517117,False
am_9db,test,mixed_damage,17645,linear,2.9765542340093925,1.0001253261844085,1.4374874913186497,0.22122169940426673,0.7743529844452769,0.005286741364521523,0.3682181293327481,False
am_9db,test,mixed_damage,17645,pchip,2.9765454823049193,1.0001223856025805,1.4403561938888811,0.22122169940426673,0.7743508818899342,0.007956720316290548,0.36725454429436344,False
am_9db,test,mixed_damage,17645,autoregression,3.005243276573837,1.0097648743992027,1.421340090126825,0.22122169940426673,0.7812479102252821,-0.28531053354107666,0.3221321248293309,True
am_9db,test,mixed_damage,17645,pca_r32_l01,4.231819293615822,1.4218956950366262,1.9652197122664758,0.12559378251701073,1.0649208159213959,-0.6700128597941121,-0.247672440319219,False
am_9db,test,mixed_damage,17645,pca_r64_l01,4.011344363177718,1.3478158885273128,1.8603727279498727,0.11764327634986106,1.0092844837759012,-0.6029503163144182,-0.15850045424893028,False
am_9db,test,mixed_damage,17645,pca_r96_l01,3.621680938358165,1.2168885714984372,1.6842990016231993,0.10282763582013457,0.9108778615843707,-0.5521082072389414,-0.0006989285955534257,False
am_9db,test,mixed_damage,17645,pca_r64_l001,5.2989750785157685,1.780461151451982,2.6148056245227993,0.11300059274490308,1.329254346714298,-0.6211422420248606,-0.3633676146376349,False
am_9db,test,mixed_damage,17645,pca_r64_l1,3.426814778811386,1.1514133387100496,1.5497535927485218,0.12528574952454793,0.865249505698683,-0.4482249763599223,0.094974374547718,False
am_9db,test,mixed_damage,17645,template_1,3.022748909739134,1.0156467853953024,1.3801886728283417,0.135885703968588,0.7670554428899967,0.2717991121200109,0.41593555333980625,False
am_9db,test,mixed_damage,17645,dictionary_8,4.351096469652459,1.4619729505514067,2.002982936673339,0.10122371279868973,1.092180562244442,-0.6302024297630318,-0.24568135968698576,False
am_9db,test,mixed_damage,17645,dictionary_24,3.9496948872169706,1.3271016003245781,1.8074900868899102,0.09634320482722841,0.9918202930361678,-0.579958870370663,-0.12007602561543201,False
am_9db,test,mixed_damage,17645,dictionary_48,4.044083079698103,1.3588161314137674,1.8291656438362491,0.09590775443839876,1.0152765145491687,-0.6245736406871195,-0.1622114098262768,False
am_9db,test,mixed_damage,17645,local_pca_8,4.368436845269696,1.4677993348390497,2.0663916249590066,0.22122169940426673,1.1129163848707235,-0.742738984362477,-0.5181886400485362,False
am_9db,test,mixed_damage,17645,local_pca_16,3.5176317415609732,1.1819279328858336,1.6145968211561081,0.22122169940426673,0.9051180404216265,-0.5111822961441993,-0.18848205651862435,False
am_9db,test,mixed_damage,17645,local_pca_32,3.5052645230369377,1.1777725345668573,1.6132516350778556,0.22122169940426673,0.9021143559982795,-0.516149990833852,-0.1853169051648315,False
am_9db,test,mixed_damage,17645,local_dictionary_8,2.956677489555563,0.9934467193230805,1.3251712212500837,0.22122169940426673,0.7695789182060156,0.18763788986674532,0.3337162843620231,False
am_9db,test,mixed_damage,17645,local_dictionary_24,2.4362468616478545,0.8185814857098329,1.1182157693838572,0.22122169940426673,0.6456287814603052,0.5815052363143982,0.6294232199649087,False
am_9db,test,mixed_damage,17748,zero_fill,2.787261878846954,1.0,1.4133097971368889,0.22770880725001655,0.7308641415629955,,0.4103307505734953,False
am_9db,test,mixed_damage,17748,linear,2.794691329263016,1.0026655013913282,1.4343618950072021,0.22770880725001655,0.7326351897152781,-0.01021300129570465,0.39525403322275426,False
am_9db,test,mixed_damage,17748,pchip,2.794460543700706,1.0025827012913227,1.4468101499188915,0.22770880725001655,0.7325801681295888,-0.021656230871793407,0.3964449021174896,False
am_9db,test,mixed_damage,17748,autoregression,2.75852065806871,0.9896883672839046,1.3679458480839184,0.22770880725001655,0.7240168219074837,0.22583735534266577,0.4449828489450191,True
am_9db,test,mixed_damage,17748,pca_r32_l01,3.052203372530818,1.0950543957475092,1.4651856967191437,0.15213236528340254,0.7771385524710722,0.05858685809805705,0.3105098740090797,False
am_9db,test,mixed_damage,17748,pca_r64_l01,3.2138469754732104,1.1530480863185801,1.5471462699066971,0.14314768712138784,0.8153289706723195,-0.09638026734879822,0.22125328501843475,False
am_9db,test,mixed_damage,17748,pca_r96_l01,3.2786374533344227,1.176293292789102,1.558807932584426,0.12484978429583088,0.8285256325239718,-0.23196311524983512,0.1703312403802138,False
am_9db,test,mixed_damage,17748,pca_r64_l001,4.009254664321315,1.4384205139632877,1.9640182493800589,0.1394775933498913,1.011370757594686,0.029466549811123986,0.19036377397438334,False
am_9db,test,mixed_damage,17748,pca_r64_l1,3.0899540642307093,1.1085984017795179,1.4521175862627462,0.15044060689960836,0.7861020036436395,-0.24318344696440267,0.22537514707914824,False
am_9db,test,mixed_damage,17748,template_1,4.428808223226872,1.5889458600348667,2.126360979150919,0.16094047027365088,1.1181141992966472,-0.13937853075351211,0.036606031024971876,False
am_9db,test,mixed_damage,17748,dictionary_8,3.2307048405646466,1.159096267589014,1.5017827883181365,0.1293471159849642,0.8173284955057948,-0.13836859291579223,0.21338571104064769,False
am_9db,test,mixed_damage,17748,dictionary_24,3.9945164037097345,1.4331327938809262,1.8158233237328458,0.12330384945552704,1.0057403643853746,-0.5239169455271275,-0.11283014307165365,False
am_9db,test,mixed_damage,17748,dictionary_48,3.86839878680049,1.3878849404709634,1.6994080793936217,0.12069896960322189,0.9741352829775716,-0.4903490698947169,-0.06855612155805854,False
am_9db,test,mixed_damage,17748,local_pca_8,3.0707874973021645,1.101721915908562,1.4711510734834585,0.22770880725001655,0.798729669814656,0.18798631696124404,0.2866293479040628,False
am_9db,test,mixed_damage,17748,local_pca_16,2.912876246492195,1.045067300133709,1.3601681022958538,0.22770880725001655,0.7608637173003963,0.0781712492874898,0.26417002423496305,False
am_9db,test,mixed_damage,17748,local_pca_32,2.87505496007075,1.0314979664774502,1.3424976714100159,0.22770880725001655,0.751819066369853,0.08736912246694052,0.2847136133542569,False
am_9db,test,mixed_damage,17748,local_dictionary_8,4.254488902254914,1.5264044381846633,2.1649985951135857,0.22770880725001655,1.0862333236032498,-0.056632481648802226,0.032617607389383484,False
am_9db,test,mixed_damage,17748,local_dictionary_24,3.6865620460714004,1.3226464560253208,1.7076282794104918,0.22770880725001655,0.9476454120945808,-0.32253891687094016,-0.12630707391117965,False
am_9db,test,mixed_damage,17850,zero_fill,3.406717349403937,1.0,1.7042246093951745,0.22085884854391966,0.8781159719618465,,0.32283822107073806,False
am_9db,test,mixed_damage,17850,linear,3.4098360038418356,1.0009154426734124,1.714462701722152,0.22085884854391966,0.8788721834615035,0.020837442969753282,0.30922688829383504,False
am_9db,test,mixed_damage,17850,pchip,3.410212075259422,1.0010258338150937,1.7208855944676182,0.22085884854391966,0.8789633760482914,0.023606165634928032,0.3068143860830011,False
am_9db,test,mixed_damage,17850,autoregression,3.412286636851451,1.0016347958683713,1.6859176464155605,0.22085884854391966,0.8794664418248564,-0.02015884034879717,0.3094878199849516,True
am_9db,test,mixed_damage,17850,pca_r32_l01,3.5065048397808236,1.0292913911376729,1.7243534084618597,0.12293634583642327,0.8846707144582289,0.11538386164970525,0.31182088876141073,False
am_9db,test,mixed_damage,17850,pca_r64_l01,3.508977439753548,1.030017192464618,1.7803741021250676,0.11934479869990625,0.8848223828596258,0.10383907355892055,0.3086821619397098,False
am_9db,test,mixed_damage,17850,pca_r96_l01,3.414859311887641,1.0023899729999992,1.729526129056557,0.11630958108963248,0.8611105801443425,0.15032117622681873,0.3513720430734686,False
am_9db,test,mixed_damage,17850,pca_r64_l001,2.946634601345916,0.8649483649888007,1.690955211880735,0.11804356505909575,0.7454725733815984,0.5833539061052917,0.6334874043369635,False
am_9db,test,mixed_damage,17850,pca_r64_l1,3.607882911579003,1.0590496778989498,1.778427294845486,0.1232254726225788,0.909827829186986,-0.1254300277316445,0.21726010910775495,False
am_9db,test,mixed_damage,17850,template_1,4.136042665133721,1.2140844810202385,1.9997499275557042,0.14755878981698106,1.043834663470173,-0.0035961566686889324,0.14326735471526,False
am_9db,test,mixed_damage,17850,dictionary_8,3.1116905816996567,0.9133985190300862,1.524259510063121,0.11622528769061446,0.7860201587236741,0.4078773484472296,0.5109876232083534,False
am_9db,test,mixed_damage,17850,dictionary_24,3.2652951617392914,0.958487255278343,1.554936929677109,0.11331672215713805,0.8236641717837964,0.2969851436342891,0.43763066386591015,False
am_9db,test,mixed_damage,17850,dictionary_48,3.249581626314395,0.9538747401168942,1.5550571199723973,0.11030387464309577,0.8193856279821525,0.30824978439110406,0.4460874951418885,False
am_9db,test,mixed_damage,17850,local_pca_8,3.7974754226179197,1.1147022289014827,1.8811771202281085,0.22085884854391966,0.9731552757040285,-0.07352240916589935,0.056646859621187144,False
am_9db,test,mixed_damage,17850,local_pca_16,3.605294106368002,1.0582897659527901,1.7822408233471996,0.22085884854391966,0.9263444640802511,-0.009562729257177396,0.13764567800017746,False
am_9db,test,mixed_damage,17850,local_pca_32,3.5320896563894126,1.0368014995454236,1.727649618608872,0.22085884854391966,0.908547494819178,0.04066155279906252,0.18594735784188274,False
am_9db,test,mixed_damage,17850,local_dictionary_8,3.4243613361166507,1.0051791754064365,1.6759472314671402,0.22085884854391966,0.8823948246460028,0.12548982095327735,0.2651596955764038,False
am_9db,test,mixed_damage,17850,local_dictionary_24,3.943401899593345,1.157537152380226,1.8839307265149468,0.22085884854391966,1.0087770444459776,0.02527658343735122,0.1096406857488273,False
am_9db,test,mixed_damage,17953,zero_fill,2.5543465241121703,1.0,1.1816839276078546,0.22092515774699875,0.6734614430837416,,0.4100815713598837,False
am_9db,test,mixed_damage,17953,linear,2.5565419859203256,1.0008595003800114,1.198150114654731,0.22092515774699875,0.6739819084022437,0.00399085507906658,0.4052391601823578,False
am_9db,test,mixed_damage,17953,pchip,2.5567673589835844,1.0009477315816637,1.2005912534091552,0.22092515774699875,0.6740353388290806,-0.0012197742543017353,0.4046694230932807,False
am_9db,test,mixed_damage,17953,autoregression,2.5528557039976296,0.9994163594874588,1.168430520293028,0.22092515774699875,0.6731080487798875,0.03592788539805568,0.4112350394800403,True
am_9db,test,mixed_damage,17953,pca_r32_l01,2.20898071502563,0.8647928909306536,0.9677721515071355,0.11956488033472257,0.5642490700311894,0.5023864953351399,0.6213500443274745,False
am_9db,test,mixed_damage,17953,pca_r64_l01,2.356523057308698,0.9225541777765525,1.0714833991419848,0.1173859887192336,0.5999944257470967,0.40691842211956997,0.5592965226725473,False
am_9db,test,mixed_damage,17953,pca_r96_l01,2.2727799930851926,0.8897696423061301,1.043860875214344,0.11064293411829271,0.5782061040420028,0.4646676752064437,0.5986239389936708,False
am_9db,test,mixed_damage,17953,pca_r64_l001,4.091090412182181,1.6016191904910577,2.0332766506362656,0.11677776973297771,1.0290036586792979,0.3608890557212952,0.430362708090488,False
am_9db,test,mixed_damage,17953,pca_r64_l1,2.4729248759914464,0.9681242747011296,1.0717437281074405,0.11866202421983475,0.6288167251958505,0.26029828844160396,0.48832043975283734,False
am_9db,test,mixed_damage,17953,template_1,4.5400629082766155,1.7773872359994825,2.103876294715927,0.14402640059159677,1.1435505364903995,-0.26155286116827775,-0.06924922794895189,False
am_9db,test,mixed_damage,17953,dictionary_8,2.3022503081921615,0.9013069630371974,1.0724197960519182,0.10895321423815674,0.5851505428607287,0.4337159453979461,0.5822906313925384,False
am_9db,test,mixed_damage,17953,dictionary_24,2.286437038416703,0.895116232990907,1.0174341453940525,0.10394331163648746,0.5804016664750986,0.4582738169815944,0.5933048437833663,False
am_9db,test,mixed_damage,17953,dictionary_48,2.2604174561578123,0.884929838148518,1.020632837225827,0.10251665218622417,0.5737558298034444,0.46687865199631395,0.6037245889510634,False
am_9db,test,mixed_damage,17953,local_pca_8,2.722468822733682,1.0658181249233392,1.1438631345697252,0.22092515774699875,0.7134404044242223,0.07729669804006162,0.24341802947412408,False
am_9db,test,mixed_damage,17953,local_pca_16,2.600852810925342,1.0182067258197618,1.142658758485625,0.22092515774699875,0.6844959013747497,0.16735731366316653,0.32389334720257784,False
am_9db,test,mixed_damage,17953,local_pca_32,2.5868995487655657,1.0127441693388528,1.131164515191587,0.22092515774699875,0.6811831689827694,0.16597600603378382,0.3302754203736966,False
am_9db,test,mixed_damage,17953,local_dictionary_8,2.199561523998439,0.8611053759681074,1.0871637280638808,0.22092515774699875,0.5900312374006873,0.5114479496074894,0.5729806208712844,False
am_9db,test,mixed_damage,17953,local_dictionary_24,2.3683160097824634,0.9271709955663252,1.0457594407396797,0.22092515774699875,0.629535523326274,0.4131285458317797,0.48899066907200006,False
am_9db,test,mixed_damage,18056,zero_fill,3.129832206186721,1.0,1.5273377637318712,0.22042327144550042,0.8110427669752027,,0.3471399594425802,False
am_9db,test,mixed_damage,18056,linear,3.1340961612277876,1.0013623589892895,1.5468013966862748,0.22042327144550042,0.8120712340499986,0.006981082462653805,0.3354868267903458,False
am_9db,test,mixed_damage,18056,pchip,3.134270224099625,1.0014179731118273,1.5499656731263087,0.22042327144550042,0.8121132201161426,0.009854155344403585,0.33428965753967216,False
am_9db,test,mixed_damage,18056,autoregression,3.129164264723385,0.999786588730854,1.516094322009646,0.22042327144550042,0.810881668098947,0.01969547207319187,0.34732835652922844,True
am_9db,test,mixed_damage,18056,pca_r32_l01,2.90470014350138,0.9280689673266433,1.3106490357592775,0.11334293963274354,0.7344207859397524,0.37260190637969176,0.503339084124014,False
am_9db,test,mixed_damage,18056,pca_r64_l01,3.0054734164170576,0.9602666272256244,1.3896574771233663,0.11289142552717586,0.7592775170414054,0.3030155467631082,0.4561952045353956,False
am_9db,test,mixed_damage,18056,pca_r96_l01,3.0162239339467742,0.9637014814994306,1.3954403699296243,0.11060969770180266,0.7616234469087486,0.29054287896915615,0.4500958546505748,False
am_9db,test,mixed_damage,18056,pca_r64_l001,3.3969525732132313,1.08534654557471,1.6862043891899616,0.11303417714877965,0.8562614109719764,0.3599774526844423,0.45177189465348316,False
am_9db,test,mixed_damage,18056,pca_r64_l1,3.131925495280875,1.0006688183123735,1.4581285386808909,0.11304402365097875,0.790594775202442,0.13255594909291318,0.3736249409790586,False
am_9db,test,mixed_damage,18056,template_1,4.149270487242431,1.325716592423259,1.935793877341959,0.1398909166562511,1.0461234273720086,-0.09567768529113826,0.07612156353676673,False
am_9db,test,mixed_damage,18056,dictionary_8,3.426922804957606,1.0949222128213865,1.5690024362288568,0.10696224655002928,0.8629677624317704,-0.1781354560376465,0.19801321006054104,False
am_9db,test,mixed_damage,18056,dictionary_24,3.5333371662430464,1.1289222339966722,1.587890614224594,0.10269501652769707,0.8889131540344929,-0.22252660691920761,0.1508701078139288,False
am_9db,test,mixed_damage,18056,dictionary_48,3.5583321297131802,1.1369082734465592,1.5974570875070828,0.10218252150344337,0.895067963930015,-0.2405087901950754,0.13894488177250494,False
am_9db,test,mixed_damage,18056,local_pca_8,2.9280345062376036,0.9355244349680392,1.3897183413387078,0.22042327144550042,0.7624869813904669,0.35905670152745495,0.44187681719422967,False
am_9db,test,mixed_damage,18056,local_pca_16,3.0852135223548958,0.9857440652110271,1.4587692912917918,0.22042327144550042,0.8002866188686149,0.23590614609665733,0.3426444232670282,False
am_9db,test,mixed_damage,18056,local_pca_32,3.0669904831750685,0.9799216958380601,1.4457057972516367,0.22042327144550042,0.7958967781223066,0.23420478867135405,0.3511529354690027,False
am_9db,test,mixed_damage,18056,local_dictionary_8,2.9392480501393172,0.9391072289208741,1.3358202164903152,0.22042327144550042,0.7651787119347034,0.35973116058808957,0.43591292172242496,False
am_9db,test,mixed_damage,18056,local_dictionary_24,3.4024978702005515,1.0871183009347447,1.4864655218077494,0.22042327144550042,0.8769901665512111,0.17775847388062185,0.25379936743461573,False
am_9db,test,mixed_damage,18159,zero_fill,3.9111320812414285,1.0,1.7743633586451266,0.22078143380167523,1.000878388578901,,0.2896080537704185,False
am_9db,test,mixed_damage,18159,linear,3.91174955348389,1.000157875579151,1.7762239906987962,0.22078143380167523,1.0010291951241441,0.004954318222926497,0.28725256860802934,False
am_9db,test,mixed_damage,18159,pchip,3.911630767200874,1.0001275042491757,1.7778623121101937,0.22078143380167523,1.0010001836159095,0.007852829272660369,0.28715439464936954,False
am_9db,test,mixed_damage,18159,autoregression,3.9122094701139436,1.0002754672688459,1.7635545043219998,0.22078143380167523,1.0011415222360573,-0.006230657209546103,0.28673433718126445,True
am_9db,test,mixed_damage,18159,pca_r32_l01,4.48982458354997,1.1479603578421875,2.0355986380808875,0.13461340942186623,1.1299982395172223,-0.3730616974494464,-0.026302127856933265,False
am_9db,test,mixed_damage,18159,pca_r64_l01,4.5984731067751135,1.1757396608593993,2.1172672910330474,0.13339111941406995,1.1568505946861736,-0.46268696563683004,-0.08888987155398806,False
am_9db,test,mixed_damage,18159,pca_r96_l01,4.520807009407026,1.1558819583439077,2.0958166983557374,0.13038752014764685,1.1372310010904088,-0.43343398175694475,-0.051556947432637786,False
am_9db,test,mixed_damage,18159,pca_r64_l001,5.788799619077302,1.4800828759635971,2.7164350589550166,0.13373324700774988,1.452981197189034,-0.5712027552084304,-0.3548330646321111,False
am_9db,test,mixed_damage,18159,pca_r64_l1,4.222186168770649,1.0795304482354604,1.9295672387537532,0.13365551392417582,1.063449957384961,-0.2801540927132425,0.10120279226959546,False
am_9db,test,mixed_damage,18159,template_1,5.090673015116131,1.301585553587417,2.2009493904177395,0.15395508213490325,1.281368512971557,-0.4417180072512368,-0.21084799770330104,False
am_9db,test,mixed_damage,18159,dictionary_8,4.724043206863669,1.2078454802181509,2.0536744873701536,0.12486453949676339,1.1871828923619683,-0.2685466412499803,-0.03728691050104701,False
am_9db,test,mixed_damage,18159,dictionary_24,4.733970884449355,1.210383793263957,2.0758567214544303,0.1215647197104482,1.1893314837280542,-0.42674913301036904,-0.10891666129162184,False
am_9db,test,mixed_damage,18159,dictionary_48,4.917175086777088,1.2572255256632325,2.1407870691486313,0.1204147994195666,1.234810377467176,-0.488554545607742,-0.17748295825420923,False
am_9db,test,mixed_damage,18159,local_pca_8,4.495481642445467,1.149406757191018,2.0387365152955916,0.22078143380167523,1.1440203729675515,-0.44256965600924303,-0.2291325661997932,False
am_9db,test,mixed_damage,18159,local_pca_16,4.348886458918479,1.1119252350941067,2.0006291711342428,0.22078143380167523,1.1080382454826798,-0.3562968712166008,-0.1366451645561265,False
am_9db,test,mixed_damage,18159,local_pca_32,4.234675875047939,1.0827238219231439,1.954432996513524,0.22078143380167523,1.0800360639055613,-0.2811194382372472,-0.05610704780499145,False
am_9db,test,mixed_damage,18159,local_dictionary_8,4.161260039608392,1.0639528282787039,1.8793799889360865,0.22078143380167523,1.0620514270715216,-0.06097802992785514,0.07555026733533848,False
am_9db,test,mixed_damage,18159,local_dictionary_24,4.253066113148954,1.0874258462268531,1.9241929261936708,0.22078143380167523,1.0845430485199976,-0.15024865909919122,0.0017161535623076323,False
am_9db,test,mixed_damage,18262,zero_fill,1.8555390160647018,1.0,0.978477551287883,0.2268369233066887,0.5132524894464121,,0.5445268420746017,False
am_9db,test,mixed_damage,18262,linear,1.8591870752775135,1.0019660374593193,0.9791426563454153,0.2268369233066887,0.5140769292812375,-0.004882322449319503,0.5360553309704877,False
am_9db,test,mixed_damage,18262,pchip,1.8600766550440366,1.002445455978047,0.9833371225450527,0.2268369233066887,0.5142780138983971,-0.027943060539763368,0.5347718522008986,False
am_9db,test,mixed_damage,18262,autoregression,1.7578977721869142,0.9473785013236375,0.9246968238174333,0.2268369233066887,0.49130116935086166,0.6093084927528277,0.6544218740836228,True
am_9db,test,mixed_damage,18262,pca_r32_l01,1.811444990228634,0.9762365407278882,0.958479011919432,0.15918988758833377,0.4783731713631244,0.37382841947341394,0.5912021807826313,False
am_9db,test,mixed_damage,18262,pca_r64_l01,1.9127367118180842,1.030825380257802,1.026010552260191,0.14965667327971321,0.49965729046229274,0.25145199726621154,0.5420953393603917,False
am_9db,test,mixed_damage,18262,pca_r96_l01,1.929362282763579,1.0397853486559632,1.0131689108941233,0.11161674541711625,0.49429958565209525,0.15964779459466086,0.5427463867647699,False
am_9db,test,mixed_damage,18262,pca_r64_l001,4.1406530840241995,2.231509576557358,1.9112490731662481,0.14403600827575758,1.0445155437282674,0.07522759998939463,0.23149423911557568,False
am_9db,test,mixed_damage,18262,pca_r64_l1,1.8981451232146664,1.0229615797787563,1.0065276807865713,0.15695335789313392,0.4982764203414466,0.16128083708753974,0.5248417197710206,False
am_9db,test,mixed_damage,18262,template_1,2.6686147184366646,1.4381884160519378,1.3866941626876335,0.14059963796395447,0.6809014424088263,0.2523011121676472,0.42856373243754864,False
am_9db,test,mixed_damage,18262,dictionary_8,2.517457733482005,1.3567258417562815,1.32012146327936,0.10893245216935414,0.6381412278496227,-0.09833934862661009,0.31447187747557537,False
am_9db,test,mixed_damage,18262,dictionary_24,2.248725195228306,1.211898632019869,1.1671225400474197,0.10880548966846833,0.571967247881408,0.021181485358871367,0.42020522709952424,False
am_9db,test,mixed_damage,18262,dictionary_48,2.21121073782483,1.191681079557384,1.1423061160134393,0.10747085776434748,0.5625112613373231,0.022083139868090684,0.4316365220348471,False
am_9db,test,mixed_damage,18262,local_pca_8,2.156590679209145,1.1622448574446713,1.1536521628383274,0.2268369233066887,0.5821677273497105,0.262649256742825,0.38299842580083543,False
am_9db,test,mixed_damage,18262,local_pca_16,1.9015964258253943,1.02482157980077,0.9803940699577767,0.2268369233066887,0.5236825024132337,0.17387715853176886,0.43102691891720946,False
am_9db,test,mixed_damage,18262,local_pca_32,1.8712585253534644,1.0084716673444578,0.9738110272533734,0.2268369233066887,0.5168071034811181,0.2001008457309538,0.4547374989675361,False
am_9db,test,mixed_damage,18262,local_dictionary_8,2.467708359449338,1.3299145628761546,1.2765526090824273,0.2268369233066887,0.6548573028685719,-0.13324770337072342,0.12118082139483408,False
am_9db,test,mixed_damage,18262,local_dictionary_24,2.091124885059787,1.1269635760581982,1.1354645320794963,0.2268369233066887,0.5670443176873929,0.46290238014208424,0.5051426766046374,False
am_9db,test,mixed_damage,18365,zero_fill,1.7470401937133355,1.0,0.9717576711202229,0.22192326470903118,0.4867557440426775,,0.5402852365895637,False
am_9db,test,mixed_damage,18365,linear,1.749612946890986,1.0014726353674681,0.983082517947512,0.22192326470903118,0.4873329518419159,0.0018382854436065532,0.5294413567779416,False
am_9db,test,mixed_damage,18365,pchip,1.7529415608270653,1.0033779229207007,0.9949681885424138,0.22192326470903118,0.48807998492572585,0.0003353775509580952,0.5206093224379047,False
am_9db,test,mixed_damage,18365,autoregression,1.7525605685446797,1.0031598442046206,0.9566711627271955,0.22192326470903118,0.48799446575399114,-0.024479491573671693,0.5276950843528818,True
am_9db,test,mixed_damage,18365,pca_r32_l01,1.946983164625814,1.114446691971923,0.9793594012556892,0.12457726459973033,0.5014688341614323,-0.009729495000405779,0.462207930177221,False
am_9db,test,mixed_damage,18365,pca_r64_l01,2.055873908077338,1.1767753915882015,1.0264601527940325,0.11889642223406631,0.5267033625660478,-0.07041030851578675,0.414467688360704,False
am_9db,test,mixed_damage,18365,pca_r96_l01,1.7878008042350877,1.0233312379809165,0.9101194567386479,0.10170393030992933,0.45766984942962236,0.18987502523457775,0.5654648294445799,False
am_9db,test,mixed_damage,18365,pca_r64_l001,2.995267857769405,1.7144813659970584,1.6137759333057091,0.11574039559516412,0.7571561565891806,-0.15371762249241638,0.17904025180582037,False
am_9db,test,mixed_damage,18365,pca_r64_l1,1.7957571612629757,1.0278854302980243,0.8933561472531384,0.12349297752713542,0.46458997478321035,0.15889573897492595,0.5460957999801194,False
am_9db,test,mixed_damage,18365,template_1,2.1401436143311328,1.2250110913488805,1.1295954590287962,0.1331020380590393,0.5503383605788791,0.3542961073182121,0.5249120177276921,False
am_9db,test,mixed_damage,18365,dictionary_8,2.257091256079087,1.2919515327701976,1.1209042077347668,0.10325944879305807,0.5730618773714777,-0.2058022752579483,0.3174925561322592,False
am_9db,test,mixed_damage,18365,dictionary_24,2.0365951091132146,1.1657402711407743,1.0127440706453619,0.09961154817607308,0.5182034196634548,-0.046025057014474464,0.4351358078693711,False
am_9db,test,mixed_damage,18365,dictionary_48,1.7713130071481247,1.013893677731133,0.890636805425968,0.0978810551083795,0.4528562329487884,0.2836707530529949,0.5882229013140425,False
am_9db,test,mixed_damage,18365,local_pca_8,2.2271605212707724,1.2748192796508824,1.1161309876857022,0.22192326470903118,0.5968140947352145,-0.01518806188499236,0.1985698537742738,False
am_9db,test,mixed_damage,18365,local_pca_16,1.8095525090235587,1.0357818415026578,0.8796050800003259,0.22192326470903118,0.5008261496143258,0.18474688816230755,0.41434398924078175,False
am_9db,test,mixed_damage,18365,local_pca_32,1.8443978189822419,1.0557271811027842,0.9129432989683361,0.22192326470903118,0.508708680505919,0.139956062791073,0.386289925553285,False
am_9db,test,mixed_damage,18365,local_dictionary_8,2.0409150546682415,1.1682129936176653,1.0424351424574152,0.22192326470903118,0.5536291229050699,0.1580130942424347,0.32433647457640413,False
am_9db,test,mixed_damage,18365,local_dictionary_24,1.550370663861844,0.8874270148109928,0.8151174404343909,0.22192326470903118,0.4431702710760656,0.5229374820597277,0.5940428624847068,False
am_9db,test,mixed_damage,18467,zero_fill,2.144029657282781,1.0,1.1356247489586844,0.2269359453524317,0.5792970967422042,,0.47678296795675906,False
am_9db,test,mixed_damage,18467,linear,2.1447768528678135,1.000348500582767,1.1340009514343605,0.2269359453524317,0.5794699408722914,-0.011870799434429466,0.47411052406028664,False
am_9db,test,mixed_damage,18467,pchip,2.1450184527146714,1.0004611855197674,1.1338233690099946,0.2269359453524317,0.5795258305223262,-0.014100449654063017,0.47330881478920267,False
am_9db,test,mixed_damage,18467,autoregression,2.1512679499905367,1.003376022660493,1.1328714249061664,0.2269359453524317,0.5809718496865572,-0.1428369061283588,0.4653973407489799,True
am_9db,test,mixed_damage,18467,pca_r32_l01,2.6362958678672967,1.229598601359081,1.2421274339699757,0.12188359915451773,0.6695562933333663,-0.26533772319843235,0.23505966795162606,False
am_9db,test,mixed_damage,18467,pca_r64_l01,2.7068397325812508,1.262501068204319,1.34688631750891,0.11925642269465445,0.6864907479888853,-0.3239058778444134,0.1984965831314338,False
am_9db,test,mixed_damage,18467,pca_r96_l01,2.5507555047681105,1.1897015958262398,1.2305758535598736,0.10861197568797655,0.6463020803022136,-0.20279270053815404,0.2894461177436736,False
am_9db,test,mixed_damage,18467,pca_r64_l001,4.935470320415282,2.301959911632105,2.6190837131691165,0.11760766750645166,1.2391110910533998,-0.438837613266177,-0.18350342909409653,False
am_9db,test,mixed_damage,18467,pca_r64_l1,2.3353075096488003,1.0892141821435595,1.1063301778187213,0.12103317648599053,0.5954723236524314,-0.05601354901403204,0.39520530926809755,False
am_9db,test,mixed_damage,18467,template_1,3.400311367000668,1.5859441847973437,1.5414310944128693,0.13959023875810095,0.8607554426890843,-0.3106224825594008,0.020704134235558433,False
am_9db,test,mixed_damage,18467,dictionary_8,2.474499314642179,1.1541348349528973,1.1608466091633511,0.10780285030122636,0.6273689442903914,0.017263122717007005,0.3690585408400856,False
am_9db,test,mixed_damage,18467,dictionary_24,2.072424620114466,0.966602590162366,1.0336932493197808,0.10395263824962273,0.5277923402628658,0.27582545624877935,0.5565557893176518,False
am_9db,test,mixed_damage,18467,dictionary_48,2.1813826211602336,1.017421850369734,1.0690266327465838,0.10278653632667838,0.5543524499726249,0.1601086538990302,0.4993821287782276,False
am_9db,test,mixed_damage,18467,local_pca_8,2.5787150702427915,1.2027422575445648,1.271973794897725,0.2269359453524317,0.6810960955920755,-0.2011396610212449,0.08049254634149289,False
am_9db,test,mixed_damage,18467,local_pca_16,2.4750430634302765,1.1543884456183329,1.2092323625730412,0.2269359453524317,0.6566171361241151,-0.16621396026282914,0.13470621428537669,False
am_9db,test,mixed_damage,18467,local_pca_32,2.404680167392188,1.1215703846371885,1.2070804078362982,0.2269359453524317,0.6400676505673223,-0.11522678566379757,0.185165727040214,False
am_9db,test,mixed_damage,18467,local_dictionary_8,2.2252492225308727,1.037881735904262,1.0365922152263594,0.2269359453524317,0.5981342319961132,0.3384365766558901,0.4277415409959398,False
am_9db,test,mixed_damage,18467,local_dictionary_24,2.55251121743911,1.1905204803342202,1.125500824797765,0.2269359453524317,0.6748987129815996,0.2516039858583578,0.3364522341829305,False
am_9db,test,mixed_damage,18570,zero_fill,2.966876216937081,1.0,1.488138462753854,0.2226474520691756,0.7724123253370057,,0.3697542996729229,False
am_9db,test,mixed_damage,18570,linear,2.9721339736389107,1.0017721523640977,1.4817842931415832,0.2226474520691756,0.7736746197510965,-0.0027047901249233376,0.3528449362957459,False
am_9db,test,mixed_damage,18570,pchip,2.97556408460297,1.0029282878794512,1.483789099636346,0.2226474520691756,0.7744982222491115,-0.004624822209971292,0.3440199050463611,False
am_9db,test,mixed_damage,18570,autoregression,2.9722438131172773,1.001809174292326,1.4723669437770879,0.2226474520691756,0.7737009921195077,-0.0540971818946835,0.35972886105544694,True
am_9db,test,mixed_damage,18570,pca_r32_l01,2.661799832694301,0.8971725269489901,1.2790726330043491,0.13765369198609576,0.6786662670770356,0.4448522570007447,0.5539239656134477,False
am_9db,test,mixed_damage,18570,pca_r64_l01,2.7886763361241345,0.9399368669998255,1.3971336267583188,0.13606844657153266,0.7095084143239854,0.3485626284690026,0.4934162558124857,False
am_9db,test,mixed_damage,18570,pca_r96_l01,3.096983956547596,1.0438534438571336,1.532834364850111,0.131535850299426,0.7846509903224131,0.11047426532637841,0.34002522184092493,False
am_9db,test,mixed_damage,18570,pca_r64_l001,3.5139318752780317,1.1843877594953105,1.862920555302995,0.13540838336338581,0.8882126954723201,0.3597647069750795,0.4431801484094938,False
am_9db,test,mixed_damage,18570,pca_r64_l1,2.9191542603337166,0.9839150833691905,1.4268069565884633,0.13737837534104239,0.7418117123719238,0.19752260278756736,0.41537488410708134,False
am_9db,test,mixed_damage,18570,template_1,4.993522274860011,1.6830908705773988,2.4001901868822073,0.15672652660959305,1.257569897949755,-0.23383874927924028,-0.08400573475435563,False
am_9db,test,mixed_damage,18570,dictionary_8,3.4650270253151714,1.1679041429279335,1.7122199223141226,0.12861152043044138,0.8751616327133503,-0.09474893084275787,0.17192449323148762,False
am_9db,test,mixed_damage,18570,dictionary_24,3.3694853792466697,1.1357013683318515,1.646826504555022,0.12613165645743118,0.8511782143875447,-0.0827828731445008,0.20281647567502956,False
am_9db,test,mixed_damage,18570,dictionary_48,3.3179565377568867,1.1183333227101235,1.6380988008377204,0.12461868911767883,0.8382192005825803,0.04526996761165039,0.26787521078536736,False
am_9db,test,mixed_damage,18570,local_pca_8,2.6036314355024257,0.8775665869169093,1.2422139378224193,0.2226474520691756,0.6856782668747539,0.493046968331553,0.5690537552408702,False
am_9db,test,mixed_damage,18570,local_pca_16,2.924496632620221,0.9857157558259673,1.366381915257021,0.2226474520691756,0.7622441731861767,0.23027498868723797,0.35461543274833024,False
am_9db,test,mixed_damage,18570,local_pca_32,3.0008162615032594,1.0114396564212635,1.4326101963073246,0.2226474520691756,0.7805637607682921,0.1626516274241117,0.30038805299697696,False
am_9db,test,mixed_damage,18570,local_dictionary_8,3.215117473412321,1.0836709179365487,1.544707352919542,0.2226474520691756,0.8321868287280305,0.23095484715258646,0.30185934905947914,False
am_9db,test,mixed_damage,18570,local_dictionary_24,2.9709676201669732,1.0013790272767484,1.4606390000203562,0.2226474520691756,0.7733945839113291,0.31762469027113854,0.38537759438615765,False
am_9db,test,mixed_damage,18673,zero_fill,4.350976949262946,1.0,1.9493602380112751,0.22489506220111574,1.1093260129481253,,0.26406547120428286,False
am_9db,test,mixed_damage,18673,linear,4.356942761510637,1.001371143151816,1.9648099814291002,0.22489506220111574,1.1107884885892034,0.0058694138215983375,0.24717299434277226,False
am_9db,test,mixed_damage,18673,pchip,4.357074221464957,1.0014013570453515,1.970914716151198,0.22489506220111574,1.1108207159120886,0.010745401105210092,0.2461983522921658,False
am_9db,test,mixed_damage,18673,autoregression,4.3514951682616765,1.0001191040551982,1.9287694380434508,0.22489506220111574,1.1094530475205275,0.003817027500002208,0.2615715068807043,True
am_9db,test,mixed_damage,18673,pca_r32_l01,3.743915967432135,0.8604770862016066,1.560334571847744,0.12787686332564144,0.9441330068442215,0.5853212717735016,0.5934456178964975,False
am_9db,test,mixed_damage,18673,pca_r64_l01,3.815499783851557,0.8769294409840304,1.6840053711787466,0.12620701257464828,0.9616704786111944,0.5702596395813534,0.5710389626419502,False
am_9db,test,mixed_damage,18673,pca_r96_l01,3.851292882304672,0.8851558919329784,1.6743447236149114,0.12141417845744504,0.9699735146592945,0.5658477386704482,0.5603664421885908,False
am_9db,test,mixed_damage,18673,pca_r64_l001,2.8055806995506605,0.6448162636269367,1.39604877908414,0.12470070539928596,0.7117117152768636,0.8158524116421201,0.8165127838510329,False
am_9db,test,mixed_damage,18673,pca_r64_l1,4.152167252013001,0.9543068833578576,1.7630651833325572,0.1283353258012853,1.0454527197109702,0.32902900928140927,0.40319900591356267,False
am_9db,test,mixed_damage,18673,template_1,4.4468431217336954,1.0220332522071829,2.171423005250219,0.1524183051763341,1.1214634369207794,0.29781845441949545,0.3631879498355171,False
am_9db,test,mixed_damage,18673,dictionary_8,3.301780839183298,0.7588596486916849,1.423228425903328,0.11781073526694978,0.8332896874046883,0.6794921974460977,0.7008061903417715,False
am_9db,test,mixed_damage,18673,dictionary_24,3.3169438673056635,0.7623446196072248,1.3784045825561262,0.11479588069027283,0.8366521093100944,0.7131812267007912,0.7184963237960188,False
am_9db,test,mixed_damage,18673,dictionary_48,3.4616226937327683,0.7955966519931038,1.4186290631295133,0.1138985572062655,0.8724041814782133,0.7103974802347798,0.6972584226659668,False
am_9db,test,mixed_damage,18673,local_pca_8,3.923895487147194,0.9018423983634068,1.6756748732103481,0.22489506220111574,1.0048514389292444,0.4909129664934477,0.5378049349339755,False
am_9db,test,mixed_damage,18673,local_pca_16,3.973025734296853,0.9131341720782691,1.7119136091240366,0.22489506220111574,1.0168456225142322,0.4596399862747979,0.51179495203876,False
am_9db,test,mixed_damage,18673,local_pca_32,4.010438900065582,0.9217329686715414,1.7237153829390692,0.22489506220111574,1.0259838877327672,0.4288101604925152,0.48597117460467765,False
am_9db,test,mixed_damage,18673,local_dictionary_8,3.9964286906874458,0.9185129540537877,1.9288822290276628,0.22489506220111574,1.0225614014200575,0.4226542837418398,0.4531421325239799,False
am_9db,test,mixed_damage,18673,local_dictionary_24,3.9453249680658904,0.906767609682287,1.8782622851532893,0.22489506220111574,1.0100821729777971,0.4358834713477636,0.46709301589005486,False
am_9db,test,mixed_damage,18776,zero_fill,3.2871484653550866,1.0,1.5808868088179129,0.2233443319916883,0.8497641361275826,,0.3475813205648732,False
am_9db,test,mixed_damage,18776,linear,3.3042790725742788,1.005211388350645,1.6116197826308247,0.2233443319916883,0.8539064845221834,-0.007634082360596137,0.3041860083825665,False
am_9db,test,mixed_damage,18776,pchip,3.3175608620945978,1.0092519084732687,1.6438610298531182,0.2233443319916883,0.8571191002857353,-0.0075777489985970215,0.2799138220189244,False
am_9db,test,mixed_damage,18776,autoregression,3.314067572160487,1.008189197138223,1.5749632999703542,0.2233443319916883,0.8562740592363633,-0.2052571786111958,0.30365071766971036,True
am_9db,test,mixed_damage,18776,pca_r32_l01,4.2451809807189385,1.29144789943656,1.9176662304577685,0.1543598082513626,1.0717674017454992,-0.4691050949827437,-0.11977786398912503,False
am_9db,test,mixed_damage,18776,pca_r64_l01,4.066722867373638,1.2371582574486302,1.964026805998654,0.1486403156459329,1.0268168054584246,-0.46704504461182383,-0.06792094977843627,False
am_9db,test,mixed_damage,18776,pca_r96_l01,3.740103154007512,1.1377956284683648,1.7853848910581065,0.10854099967135221,0.9409134136492644,-0.30477147992822723,0.10897014920852739,False
am_9db,test,mixed_damage,18776,pca_r64_l001,6.012327720781638,1.8290405146431894,2.8670192258265845,0.14687542841264423,1.509794491275019,-0.5824197130804577,-0.38396944419646983,False
am_9db,test,mixed_damage,18776,pca_r64_l1,3.568725361775837,1.0856599266471931,1.6285350831462457,0.15263366413942644,0.9043387169367006,-0.22914945617615104,0.17316713972392325,False
am_9db,test,mixed_damage,18776,template_1,3.4013358427318394,1.034737517511068,1.4627673353444677,0.1449471643996496,0.861837815443863,0.2621740904629292,0.384913716179823,False
am_9db,test,mixed_damage,18776,dictionary_8,3.4344029315380697,1.0447970232360881,1.4609958503900882,0.11124476957573103,0.8653306621433309,0.21861544949895143,0.3699980255207104,False
am_9db,test,mixed_damage,18776,dictionary_24,3.661234426160763,1.1138025753166785,1.604099787960127,0.10850215892099219,0.9213179520618301,0.03395276948851093,0.24591043804900456,False
am_9db,test,mixed_damage,18776,dictionary_48,3.5590029207882807,1.0827022138788087,1.5837166244337388,0.10705677768948463,0.8957684932126139,0.08970828478869199,0.2897597635394496,False
am_9db,test,mixed_damage,18776,local_pca_8,4.592887020261503,1.3972253059660227,2.022228659298482,0.2233443319916883,1.1684084137294093,-0.5728092759128381,-0.3931954443270088,False
am_9db,test,mixed_damage,18776,local_pca_16,3.7542259017926543,1.1420919807426808,1.634032877953823,0.2233443319916883,0.9631475899746321,-0.28849395808227835,-0.06542207348237647,False
am_9db,test,mixed_damage,18776,local_pca_32,3.7034737400842976,1.1266524098674193,1.6439372399823076,0.2233443319916883,0.9507877688720212,-0.29399166498629353,-0.05104079113502554,False
am_9db,test,mixed_damage,18776,local_dictionary_8,3.4138270956844847,1.0385375445205862,1.4715099424330054,0.2233443319916883,0.8804280137638231,0.24161497630407022,0.3137334984361823,False
am_9db,test,mixed_damage,18776,local_dictionary_24,3.486647381644519,1.060690570685216,1.4075916146009009,0.2233443319916883,0.8980865187796769,0.25863869950862206,0.31959799127495114,False
am_9db,test,mixed_damage,18879,zero_fill,3.280162646812254,1.0,1.723194271118465,0.22803758572180904,0.8492454039127117,,0.3560126714641152,False
am_9db,test,mixed_damage,18879,linear,3.2813483582038243,1.0003614794506372,1.7353179562780725,0.22803758572180904,0.849531641384475,-0.000854593708650667,0.3531838314686129,False
am_9db,test,mixed_damage,18879,pchip,3.281603680847721,1.0004393178603102,1.7385769999422824,0.22803758572180904,0.8495932786369303,-0.0010368753917465389,0.352349191651675,False
am_9db,test,mixed_damage,18879,autoregression,3.245554756790741,0.9894493371982193,1.689459576736433,0.22803758572180904,0.8408939732085161,0.366083305926479,0.4039977570896733,True
am_9db,test,mixed_damage,18879,pca_r32_l01,3.013697795074814,0.9187647441823054,1.5185243938354607,0.1409442930967627,0.7656840816545598,0.39479115725609204,0.5130239440781137,False
am_9db,test,mixed_damage,18879,pca_r64_l01,3.603362968667434,1.0985317975525617,1.8493741337669223,0.13279375499387566,0.9099703774177345,0.02683700401346167,0.24826857964912352,False
am_9db,test,mixed_damage,18879,pca_r96_l01,3.524108878691469,1.074370163356469,1.808840679067178,0.113690201834917,0.8878775717536669,-0.06989738517042195,0.24549041891221643,False
am_9db,test,mixed_damage,18879,pca_r64_l001,6.169588957644463,1.8808789752057655,3.01787546742879,0.12626972169172335,1.5472352064555763,0.006818138989979401,0.09389550335611155,False
am_9db,test,mixed_damage,18879,pca_r64_l1,3.5140672700120357,1.0713088490984117,1.7959004349286656,0.14053280650995248,0.8889920846017589,-0.18236632041398362,0.21595962231428575,False
am_9db,test,mixed_damage,18879,template_1,4.365012636084165,1.330730547866642,2.1426067221803233,0.14867830867788676,1.1007075538387847,-0.029964505779789808,0.12116031671562152,False
am_9db,test,mixed_damage,18879,dictionary_8,4.12358780446246,1.2571290659839287,2.039120345001357,0.11676341668675753,1.0370776795055245,-0.2737831788320582,0.024946081470736865,False
am_9db,test,mixed_damage,18879,dictionary_24,3.2144019502404384,0.9799520012717287,1.6165139259852248,0.1130622414354805,0.8110227321985862,0.23539579619120393,0.4241550577399133,False
am_9db,test,mixed_damage,18879,dictionary_48,3.0145927888336215,0.9190375946032067,1.4831167408004138,0.11105898732413608,0.7612810405194331,0.39389069294633006,0.5212214112275793,False
am_9db,test,mixed_damage,18879,local_pca_8,3.2116230726906423,0.9791048245158758,1.6249243223833667,0.22803758572180904,0.832711679866085,0.33939832059976344,0.4035057018018117,False
am_9db,test,mixed_damage,18879,local_pca_16,3.4769022434848322,1.0599786101654975,1.7599348252433753,0.22803758572180904,0.8968300535175731,-0.019226426163179353,0.16097468341894258,False
am_9db,test,mixed_damage,18879,local_pca_32,3.3266685001038243,1.0141779107620672,1.7086695161358558,0.22803758572180904,0.8604773536063609,0.09542715577905024,0.2683634614816802,False
am_9db,test,mixed_damage,18879,local_dictionary_8,3.118887503191401,0.9508331869526091,1.4398481465473596,0.22803758572180904,0.8103809430250598,0.411628282661939,0.45992178748961465,False
am_9db,test,mixed_damage,18879,local_dictionary_24,4.022361898887607,1.2262690396760179,1.8289675204456408,0.22803758572180904,1.0295451772855266,-0.05565479364400048,0.04986609157300667,False
am_9db,test,mixed_damage,18982,zero_fill,2.5079713103334935,1.0,1.2868920514827833,0.2229513993735469,0.6631143373645699,,0.41858285001950973,False
am_9db,test,mixed_damage,18982,linear,2.527168662163635,1.007654534065459,1.3040019279008581,0.2229513993735469,0.6676540713695454,0.006915385520011071,0.3712377099309204,False
am_9db,test,mixed_damage,18982,pchip,2.5281621819775695,1.008050678873751,1.311151000206217,0.2229513993735469,0.6678891148434056,0.01275223833978324,0.36772370822276645,False
am_9db,test,mixed_damage,18982,autoregression,2.4954011755814642,0.9949879272142241,1.2675150013364287,0.2229513993735469,0.6601437781050378,0.15771158630112395,0.43489438607289554,True
am_9db,test,mixed_damage,18982,pca_r32_l01,2.3192924062524836,0.9247683164063305,1.0929061686673223,0.12892742089477247,0.5931089414885716,0.38449947747551594,0.5519727207162123,False
am_9db,test,mixed_damage,18982,pca_r64_l01,2.234036896122741,0.8907745024506175,1.1332485123580631,0.12478282270615931,0.571428153066698,0.45577907253065175,0.5948705625899766,False
am_9db,test,mixed_damage,18982,pca_r96_l01,2.3369981159080795,0.9318280900100571,1.1773837204273006,0.11393942006727495,0.594574063166068,0.36665611803391435,0.5482211498256719,False
am_9db,test,mixed_damage,18982,pca_r64_l001,2.6127794090481453,1.0417899910907336,1.404521929744113,0.12157649149813561,0.6637172256325035,0.3568636221423906,0.49955295746048634,False
am_9db,test,mixed_damage,18982,pca_r64_l1,2.3458386815959096,0.935353076779804,1.167477673669687,0.1290758182317522,0.5996284069558507,0.35539586505190746,0.5369637150883324,False
am_9db,test,mixed_damage,18982,template_1,3.1151516974334705,1.2421002124698302,1.6434247493786913,0.14674282529922264,0.7916427520382303,0.1494258710354861,0.3104596443818102,False
am_9db,test,mixed_damage,18982,dictionary_8,2.4171969714728725,0.9638056709474279,1.1941923044952922,0.11556805207148454,0.6145720471795592,0.30855710958134847,0.5092187226808745,False
am_9db,test,mixed_damage,18982,dictionary_24,2.630546139069463,1.0488740952621465,1.2544079487485775,0.11108915589396492,0.6663747537108793,0.16629439742226437,0.41298117561201936,False
am_9db,test,mixed_damage,18982,dictionary_48,2.5474388662521377,1.0157368450572093,1.2116149431950154,0.10980357492370323,0.6456729606233694,0.18790218680159115,0.4430399328970022,False
am_9db,test,mixed_damage,18982,local_pca_8,2.2861561139345405,0.9115559275000409,1.0757445415554514,0.2229513993735469,0.6109480171483301,0.4168026386603396,0.5120831159207759,False
am_9db,test,mixed_damage,18982,local_pca_16,2.292634116976366,0.9141388928693552,1.1030642922166143,0.2229513993735469,0.6124633198998198,0.41213898205416993,0.5368870490334969,False
am_9db,test,mixed_damage,18982,local_pca_32,2.259069343318606,0.9007556561794202,1.1080633192035636,0.2229513993735469,0.6046178646034049,0.4508774789241865,0.566271224208452,False
am_9db,test,mixed_damage,18982,local_dictionary_8,2.5129483796306236,1.0019845000924146,1.2126200374083314,0.2229513993735469,0.6642909498069878,0.27073829878959327,0.38294315410403285,False
am_9db,test,mixed_damage,18982,local_dictionary_24,3.421029876619902,1.3640626041152744,1.6694182428391393,0.2229513993735469,0.8820804708884744,-0.44289097563622404,-0.20889442849904746,False
am_9db,test,mixed_damage,19084,zero_fill,3.2890979505095497,1.0,1.5560722513237928,0.2220261322609835,0.8499117372978978,,0.3390134186170358,False
am_9db,test,mixed_damage,19084,linear,3.2911472567734825,1.0006230602720771,1.5787302641885872,0.2220261322609835,0.8504074140106755,-0.0024822424535328545,0.3336323745107448,False
am_9db,test,mixed_damage,19084,pchip,3.2915058117603415,1.0007320734398983,1.5809414689539585,0.2220261322609835,0.8504941416594856,-0.002027843444675124,0.33250638994840304,False
am_9db,test,mixed_damage,19084,autoregression,3.287876915591146,0.9996287629809825,1.5317328009266653,0.2220261322609835,0.8496164084153918,0.026787340492218134,0.339453692850915,True
am_9db,test,mixed_damage,19084,pca_r32_l01,3.608660054397489,1.097157977261952,1.6392008828582894,0.12056514353518923,0.9096863022403315,-0.0256502251565315,0.22087312306572213,False
am_9db,test,mixed_damage,19084,pca_r64_l01,3.16502882318202,0.9622786766480126,1.456618444059646,0.11700758116176645,0.799326633107239,0.2788920684562921,0.43812799233982885,False
am_9db,test,mixed_damage,19084,pca_r96_l01,3.178118480925336,0.9662583871766359,1.4539098718431163,0.11332676659154796,0.8020708127711742,0.26516288966657725,0.43169823798296536,False
am_9db,test,mixed_damage,19084,pca_r64_l001,2.5223977014716668,0.7668964985007196,1.280237174680666,0.11503854633011304,0.6403611369529956,0.6440084118843981,0.6945513442202942,False
am_9db,test,mixed_damage,19084,pca_r64_l1,3.337262913011294,1.0146438212623867,1.5149692030175288,0.11939732335922153,0.8422870488638666,0.07017718883403785,0.3321167533418595,False
am_9db,test,mixed_damage,19084,template_1,4.9397437473994845,1.5018536455061229,2.342903812737756,0.15730219710808085,1.2442926707621318,-0.014302954674663674,0.0899413263712748,False
am_9db,test,mixed_damage,19084,dictionary_8,4.038903494227936,1.227966924366672,1.9279865008370205,0.1277918538243364,1.0172789318890292,-0.10941034702172368,0.09927642242252452,False
am_9db,test,mixed_damage,19084,dictionary_24,3.1874418028534826,0.9690930008209946,1.434226263194304,0.12295283959932035,0.8057041275361612,0.2914571478967667,0.435487794236734,False
am_9db,test,mixed_damage,19084,dictionary_48,3.4655749337436528,1.0536551315556788,1.5522080608818203,0.12141368736748517,0.8743329197735147,0.06492845815461244,0.2888838748642075,False
am_9db,test,mixed_damage,19084,local_pca_8,3.261356238539235,0.9915655561531646,1.5001679435258422,0.2220261322609835,0.8432036588867617,0.19166464155494103,0.31660614407532384,False
am_9db,test,mixed_damage,19084,local_pca_16,3.170415808793169,0.9639165073518123,1.439045642309348,0.2220261322609835,0.8212403139363053,0.2676192133916304,0.38729386089282186,False
am_9db,test,mixed_damage,19084,local_pca_32,3.2932706705022143,1.0012686517870404,1.4974573588276265,0.2220261322609835,0.850921036300214,0.14788700856261228,0.28971258985184767,False
am_9db,test,mixed_damage,19084,local_dictionary_8,3.8940262291937198,1.1839192045315812,1.8487246051359563,0.2220261322609835,0.9969602024639146,0.08704317546299342,0.15921800371112785,False
am_9db,test,mixed_damage,19084,local_dictionary_24,4.44883455656458,1.352600203309653,2.044827279881342,0.2220261322609835,1.1327941936530421,0.16731918226922649,0.2075518031337564,False
am_9db,test,mixed_damage,19187,zero_fill,3.116507816781856,1.0,1.4399093228005435,0.22673447547206083,0.8094654411854262,,0.36114706650997114,False
am_9db,test,mixed_damage,19187,linear,3.1179835440375814,1.000473519510453,1.4544054434729274,0.22673447547206083,0.8098205517429082,0.007437194751315239,0.3574488869785222,False
am_9db,test,mixed_damage,19187,pchip,3.1183900819823878,1.0006039661413317,1.463994040028289,0.22673447547206083,0.8099183808770479,0.013012630242193622,0.3560165758336073,False
am_9db,test,mixed_damage,19187,autoregression,3.115802667863168,0.9997737374779261,1.442176234134675,0.22673447547206083,0.8092957625528928,0.02033073497663632,0.3612350927677517,True
am_9db,test,mixed_damage,19187,pca_r32_l01,3.324704673208122,1.0668045352895192,1.5725909297520846,0.1372120646119237,0.8417269607842677,0.19241752054555927,0.3509346986902101,False
am_9db,test,mixed_damage,19187,pca_r64_l01,3.346929707008752,1.073935925649252,1.6506737606689525,0.13600726117929895,0.847031879936497,0.16583220907300794,0.33460622751660446,False
am_9db,test,mixed_damage,19187,pca_r96_l01,3.4622214081464975,1.110929800818414,1.7052100393202816,0.1284203159472083,0.8744410265366537,0.06456432810931445,0.26927901829903,False
am_9db,test,mixed_damage,19187,pca_r64_l001,5.558043474168566,1.7834203541025833,2.7577506076093288,0.13399704203590523,1.3955548934443462,0.2532703218373348,0.30966894031684716,False
am_9db,test,mixed_damage,19187,pca_r64_l1,3.2112959348308414,1.0304148500891184,1.4597789047421768,0.13791436999027604,0.81385376384552,0.03536019567325334,0.3208173136635363,False
am_9db,test,mixed_damage,19187,template_1,3.9853836438758585,1.278797897574733,1.9907213209820962,0.1522990203755343,1.0071993243328077,-0.13741336123907175,0.07144810628323814,False
am_9db,test,mixed_damage,19187,dictionary_8,3.8898376172607394,1.248139855871574,1.751678773984186,0.12030473839713035,0.9794110200736952,-0.45875354276216207,-0.035207251416172945,False
am_9db,test,mixed_damage,19187,dictionary_24,3.58177537803933,1.1492913185560096,1.6553153769457978,0.1137593253274811,0.9021929055159587,-0.2100062779342816,0.14461129531539893,False
am_9db,test,mixed_damage,19187,dictionary_48,3.464699519673152,1.1117249573437116,1.602300605427791,0.1122846157139715,0.8729712296774836,-0.1318686625229223,0.20484155974229726,False
am_9db,test,mixed_damage,19187,local_pca_8,3.281489519796735,1.0529380039178728,1.5504079957877401,0.22673447547206083,0.8492386775831069,0.151019303296086,0.2557883245624301,False
am_9db,test,mixed_damage,19187,local_pca_16,3.4341732483534013,1.1019299325549488,1.5861687103597597,0.22673447547206083,0.8861670883367598,-0.027860192416104736,0.12214163452569403,False
am_9db,test,mixed_damage,19187,local_pca_32,3.3183742969713306,1.0647732950010453,1.5685572012006856,0.22673447547206083,0.8581497469233528,0.024523038191208064,0.17914037369083824,False
am_9db,test,mixed_damage,19187,local_dictionary_8,3.2112253185517052,1.0303921913045788,1.5547480406901535,0.22673447547206083,0.8322820991865287,0.20589333014566805,0.3003067174322217,False
am_9db,test,mixed_damage,19187,local_dictionary_24,3.7323430205840538,1.1976042545075716,1.9471667231095207,0.22673447547206083,0.9585637778343298,0.15676651502298963,0.22074972633609224,False
am_9db,test,mixed_damage,19290,zero_fill,4.9162225302436875,1.0,2.4286766905951565,0.22402456470942894,1.2480497048088266,,0.24212181950799383,False
am_9db,test,mixed_damage,19290,linear,4.919953474036391,1.0007589045796343,2.4463165630446326,0.22402456470942894,1.2489682559662367,-0.005475745357609561,0.23332312782149095,False
am_9db,test,mixed_damage,19290,pchip,4.919653973736774,1.000697983761308,2.4501236915596913,0.22402456470942894,1.248894518794591,-0.01148316626418322,0.23435008042627647,False
am_9db,test,mixed_damage,19290,autoregression,4.923313653056261,1.0014423925623688,2.423569999143141,0.22402456470942894,1.2497955435357446,-0.045331668252657616,0.22831451673654807,True
am_9db,test,mixed_damage,19290,pca_r32_l01,4.661745520163082,0.9482372881790623,2.2717418544912507,0.14675083034795627,1.1740663414996453,0.3174593680062692,0.3916529596123717,False
am_9db,test,mixed_damage,19290,pca_r64_l01,4.86579984463927,0.9897436120325663,2.3931654158671956,0.13943239037892305,1.2239186298625322,0.1813410970224118,0.2942699881447334,False
am_9db,test,mixed_damage,19290,pca_r96_l01,5.275836005292191,1.073148331434598,2.572007023601415,0.1183850413081526,1.3239304840327828,-0.19536816698188683,0.06008210894708995,False
am_9db,test,mixed_damage,19290,pca_r64_l001,4.749497817966479,0.9660868255552818,2.2781763861436257,0.13438434522724246,1.1944825450404422,0.4600997631741517,0.4969619337852782,False
am_9db,test,mixed_damage,19290,pca_r64_l1,5.194661196110952,1.0566367092120754,2.5096930088655975,0.14623394140904497,1.3063611298823832,-0.2616454708587681,0.06479153374747916,False
am_9db,test,mixed_damage,19290,template_1,6.525753503021181,1.3273918059802945,3.0719212235870232,0.1472960974201552,1.6376603144219448,-0.4691964854251703,-0.30473227302973355,False
am_9db,test,mixed_damage,19290,dictionary_8,6.168184280187052,1.2546592922190827,2.904603979292505,0.11692281775061927,1.5461961691116333,-0.4565504543286363,-0.2450497321079981,False
am_9db,test,mixed_damage,19290,dictionary_24,5.6853449033012105,1.1564458012886978,2.6722811294536815,0.11490278781787062,1.425683748881958,-0.3850111716707006,-0.11954921164135392,False
am_9db,test,mixed_damage,19290,dictionary_48,5.745421076636985,1.1686657878670508,2.6581182975090134,0.11359563377172299,1.4405602831026478,-0.33281956417694325,-0.1065019126296068,False
am_9db,test,mixed_damage,19290,local_pca_8,4.805025862410661,0.9773816853999253,2.3201155436254637,0.22402456470942894,1.220683175068731,0.25487165764693376,0.30618510825644824,False
am_9db,test,mixed_damage,19290,local_pca_16,5.29002837769192,1.0760351764283753,2.554712591314911,0.22402456470942894,1.3401773511527435,-0.25500783831896856,-0.09401707880065714,False
am_9db,test,mixed_damage,19290,local_pca_32,5.192293539343193,1.0561551083990133,2.495046647528594,0.22402456470942894,1.3160717420272865,-0.2227838528059385,-0.043240671837968286,False
am_9db,test,mixed_damage,19290,local_dictionary_8,6.183228417806583,1.2577193932472566,2.9086547561207583,0.22402456470942894,1.5609516078075105,-0.5148074313773056,-0.403892028877946,False
am_9db,test,mixed_damage,19290,local_dictionary_24,6.049741005894979,1.2305669584072112,2.878372653635253,0.22402456470942894,1.5279105692559758,-0.39940479109694543,-0.3011965610116575,False
am_9db,test,mixed_damage,19393,zero_fill,2.9102040968909275,1.0,1.3159065340816907,0.21887104438792454,0.7577869050990131,,0.36804274766143025,False
am_9db,test,mixed_damage,19393,linear,2.9159656877487676,1.001979789274572,1.3284520668308166,0.21887104438792454,0.7591699374645993,0.007830875765000129,0.35067474870016185,False
am_9db,test,mixed_damage,19393,pchip,2.9160685130926343,1.0020151219661781,1.3331429153053034,0.21887104438792454,0.7591946219564766,0.013618149867714174,0.3487525215288469,False
am_9db,test,mixed_damage,19393,autoregression,2.9219882454738926,1.004049251595637,1.298942204156973,0.21887104438792454,0.76061584085527,-0.16762232809885114,0.34778280919039783,True
am_9db,test,mixed_damage,19393,pca_r32_l01,2.8195424408708933,0.9688469767062416,1.2306938368230644,0.12880974301950185,0.7158342521283928,0.2649929803533294,0.4483258792414308,False
am_9db,test,mixed_damage,19393,pca_r64_l01,3.0705001737974276,1.055080699349489,1.3584219998781437,0.12578107194233473,0.777226016362618,0.02517557755194195,0.30833357138654527,False
am_9db,test,mixed_damage,19393,pca_r96_l01,2.8295377188065602,0.972281539232748,1.2629939522526699,0.1180199271597928,0.7165548762242095,0.2420344956684095,0.44397967909667585,False
am_9db,test,mixed_damage,19393,pca_r64_l001,4.029075957810014,1.3844650834332948,1.831365844219156,0.12328632117604085,1.0143176841059065,-0.32650637258919574,-0.04685358632426875,False
am_9db,test,mixed_damage,19393,pca_r64_l1,2.853578603438951,0.9805424322258114,1.2469843383263841,0.12835309095388683,0.7241386514924923,0.20734310897170374,0.42443986876359835,False
am_9db,test,mixed_damage,19393,template_1,5.379148920817195,1.8483751454284347,2.4624550614606315,0.149989814494796,1.3526062176200697,-0.6731556429639917,-0.43547655568705484,False
am_9db,test,mixed_damage,19393,dictionary_8,3.058802316803961,1.0510610991413922,1.3594487235951769,0.11504531749840724,0.7727711089586909,0.0785135549075199,0.32898169341487454,False
am_9db,test,mixed_damage,19393,dictionary_24,3.0781921997888,1.057723821871236,1.346322423697147,0.11239364445219377,0.7772046138461264,0.009536688870791553,0.3066611292344553,False
am_9db,test,mixed_damage,19393,dictionary_48,3.130047304155728,1.0755421956486373,1.3562967228665976,0.11173872821799126,0.7899556663592406,-0.03435908235693955,0.2782841745520201,False
am_9db,test,mixed_damage,19393,local_pca_8,3.2181123964031637,1.1058029915637826,1.3718142903609496,0.21887104438792454,0.8319711310704997,-0.12349559071513128,0.07664336477205679,False
am_9db,test,mixed_damage,19393,local_pca_16,2.9675650299506686,1.0197102784375232,1.2809526778366145,0.21887104438792454,0.7715653819532253,0.06238435585017985,0.26243145067267426,False
am_9db,test,mixed_damage,19393,local_pca_32,2.988233142398026,1.0268122244726614,1.3074661411390416,0.21887104438792454,0.7765349849007888,0.019299013805312355,0.24016216372862334,False
am_9db,test,mixed_damage,19393,local_dictionary_8,3.0170930230215895,1.036729013695244,1.4105860493440618,0.21887104438792454,0.7834785542947821,0.16594418906662758,0.27874307459990666,False
am_9db,test,mixed_damage,19393,local_dictionary_24,3.0813089471986572,1.0587947939770022,1.5300029478047783,0.21887104438792454,0.798945900826458,0.21593235274297265,0.29850602168409707,False
am_9db,test,mixed_damage,19496,zero_fill,4.207028041088246,1.0,1.9112809170612013,0.21960072329162345,1.073034601712471,,0.2672578361242388,False
am_9db,test,mixed_damage,19496,linear,4.210002633964569,1.000707053256425,1.9228442654321247,0.21960072329162345,1.073763513973214,-0.011673133615666971,0.2588288948512479,False
am_9db,test,mixed_damage,19496,pchip,4.208651042853734,1.0003857834437129,1.925449906922383,0.21960072329162345,1.0734323093926,-0.0026533510227661748,0.26143774878503445,False
am_9db,test,mixed_damage,19496,autoregression,4.184365618074951,0.9946131989632679,1.8831406213553654,0.21960072329162345,1.0674819316615163,0.23462343765696625,0.30168361169276997,True
am_9db,test,mixed_damage,19496,pca_r32_l01,4.290645677171621,1.0198757021029374,1.9499796883706002,0.12523574228289214,1.0794935211190686,0.10679575651769375,0.26207093874842513,False
am_9db,test,mixed_damage,19496,pca_r64_l01,4.342399193100314,1.03217738286742,2.0604100695853136,0.12005477087637745,1.0918054992875033,0.0442660888592135,0.2269765543942698,False
am_9db,test,mixed_damage,19496,pca_r96_l01,4.347981755751334,1.0335043439897367,2.0193978210976034,0.10837983573331768,1.092049053964901,-0.07023041169585396,0.2003578220621777,False
am_9db,test,mixed_damage,19496,pca_r64_l001,6.085090513963983,1.4464107333094771,3.184934212255806,0.11579116376711397,1.525398318211357,-0.3594719541000841,-0.2128194741068286,False
am_9db,test,mixed_damage,19496,pca_r64_l1,4.071544881502392,0.9677959932135827,1.7855414731220371,0.12587237007184893,1.0251565589368805,0.26227944224455013,0.37030710365627023,False
am_9db,test,mixed_damage,19496,template_1,6.648070826961528,1.5802297398621212,2.9009647025676903,0.1454541010142158,1.6679740546697799,-0.3496336722103479,-0.24200673099395573,False
am_9db,test,mixed_damage,19496,dictionary_8,4.513554309832042,1.072860524282245,1.9610798738220823,0.10966859529281384,1.1333738493902257,-0.19284422954990138,0.10424627244265425,False
am_9db,test,mixed_damage,19496,dictionary_24,4.588642660104933,1.0907088365681474,2.057009069128392,0.10443172529993612,1.1516084198000989,-0.3270021940012236,0.048930533213918596,False
am_9db,test,mixed_damage,19496,dictionary_48,4.70146040187115,1.1175253304598862,2.130458562043758,0.10217569146341268,1.1795213009218197,-0.42269449997687963,-0.017077876508554687,False
am_9db,test,mixed_damage,19496,local_pca_8,4.455839433247185,1.059141843060922,2.0867320811645254,0.21960072329162345,1.1340709914929723,0.010537206129679021,0.10548003991909989,False
am_9db,test,mixed_damage,19496,local_pca_16,4.285788405216113,1.0187211407574774,1.9313134257878792,0.21960072329162345,1.092341218991859,-0.024303632442449312,0.1497696591860351,False
am_9db,test,mixed_damage,19496,local_pca_32,4.237511895015299,1.0072459355224948,1.8908885187000963,0.21960072329162345,1.0805055016475278,0.03999527958116458,0.19986747327109236,False
am_9db,test,mixed_damage,19496,local_dictionary_8,3.969014992069415,0.9434248959849426,1.7618309368629639,0.21960072329162345,1.0147797535772491,0.33414057459081553,0.3914368257703841,False
am_9db,test,mixed_damage,19496,local_dictionary_24,4.388828789925236,1.0432135814312193,2.049662416179345,0.21960072329162345,1.1176198289313788,0.16172398576755165,0.22003922121295671,False
am_9db,test,mixed_damage,19599,zero_fill,3.978214719777594,1.0,1.8030628468611751,0.21677233990593983,1.0164597282627448,,0.27542803158669205,False
am_9db,test,mixed_damage,19599,linear,3.9790247718309057,1.0002036220039316,1.7999941480923913,0.21677233990593983,1.016657877713431,0.001017421622638418,0.27113905329760724,False
am_9db,test,mixed_damage,19599,pchip,3.9794095345983975,1.0003003394499708,1.8007008252407477,0.21677233990593983,1.0167519963798042,0.00011615752033215373,0.26987513635397714,False
am_9db,test,mixed_damage,19599,autoregression,3.9848615931886013,1.0016708181632235,1.7938695173947088,0.21677233990593983,1.0180856922152366,-0.13090322181408875,0.2634884665873429,True
am_9db,test,mixed_damage,19599,pca_r32_l01,3.8738325028213305,0.9737615427248485,1.6358462825906916,0.1016694733635004,0.9734483963956805,0.22938321988912283,0.36662466235870506,False
am_9db,test,mixed_damage,19599,pca_r64_l01,3.904916340683855,0.9815750570904738,1.704183214309383,0.10005906910553163,0.981024620212006,0.1919303037324161,0.34767596698552705,False
am_9db,test,mixed_damage,19599,pca_r96_l01,3.783216183708086,0.9509834059232455,1.6556525199019987,0.09860810156073516,0.9506109238955217,0.3262501435024989,0.42123131583454515,False
am_9db,test,mixed_damage,19599,pca_r64_l001,4.481847962637509,1.1265978028677326,1.8179752960085427,0.09914994994271369,1.1245671903226433,-0.03968211528993916,0.1311942552243076,False
am_9db,test,mixed_damage,19599,pca_r64_l1,3.840526676477814,0.9653894892562568,1.6841959842121423,0.10083145173897441,0.9650825702250353,0.2698021286198751,0.38754953546823684,False
am_9db,test,mixed_damage,19599,template_1,5.3742543805862955,1.3509211440670423,2.5760014218554383,0.13042528528175673,1.349485352663734,-0.2281697838995806,-0.0922822983866306,False
am_9db,test,mixed_damage,19599,dictionary_8,3.9466110399692598,0.992055813465468,1.8232847596020618,0.09897764849621783,0.9912960999474013,0.14123881849945202,0.32115522011058445,False
am_9db,test,mixed_damage,19599,dictionary_24,3.7968660055812227,0.9544145484921162,1.6955149379781782,0.09394646406922225,0.953565038946117,0.31715192483648946,0.41501533364063525,False
am_9db,test,mixed_damage,19599,dictionary_48,3.9428941052674955,0.9911214911717804,1.7446224160025294,0.09302589097659772,0.9898301991766382,0.1595968627414841,0.32815479087194255,False
am_9db,test,mixed_damage,19599,local_pca_8,3.877065892281425,0.9745743167171672,1.6666603586819708,0.21677233990593983,0.9917312401589835,0.22396394865120423,0.3296615008864112,False
am_9db,test,mixed_damage,19599,local_pca_16,3.7714381252334204,0.9480227667158867,1.6224988254548391,0.21677233990593983,0.9659386381484274,0.3410538913675676,0.42202906050482875,False
am_9db,test,mixed_damage,19599,local_pca_32,3.8203685415553394,0.9603223583087342,1.6828638756569765,0.21677233990593983,0.9778825818934666,0.2880857714410418,0.3803106085514958,False
am_9db,test,mixed_damage,19599,local_dictionary_8,3.426565804690154,0.8613325438808189,1.5434867964099295,0.21677233990593983,0.8819795534795694,0.6181734033861753,0.6481453415855777,False
am_9db,test,mixed_damage,19599,local_dictionary_24,3.900620044835209,0.9804951013436692,1.6933990114332322,0.21677233990593983,0.9974871692280893,0.2048702880584482,0.3019156200409728,False
am_9db,validation,severe_4x,12000,zero_fill,2.171656905616104,1.0,1.186793836485346,1.116181143075196,1.2094419911176983,,0.300200457786262,
am_9db,validation,severe_4x,12000,linear,2.1790983809088305,1.0034266348765692,1.214097584058612,1.116181143075196,1.210278245797977,0.032068420769647374,0.2979407330503495,
am_9db,validation,severe_4x,12000,pchip,2.1819300430054596,1.0047305526774457,1.223712366277811,1.116181143075196,1.2105970602072655,0.03464252737255687,0.2971092360156224,
am_9db,validation,severe_4x,12000,autoregression,2.1671883831459473,0.997942344180335,1.1773726317571607,1.116181143075196,1.2089409272787204,0.07110045859695027,0.3014932774198203,
am_9db,validation,severe_4x,12000,pca_r32_l01,6.989609656463156,3.218560739676412,3.8649662278114674,1.3447495561605747,2.1791614453963986,-0.266391662218059,0.1564336564349579,
am_9db,validation,severe_4x,12000,pca_r64_l01,2.2799825616452822,1.0498815700348605,1.533419734488684,0.676753710282925,0.8684848245339467,0.27552708036051166,0.7385923702291667,
am_9db,validation,severe_4x,12000,pca_r96_l01,2.422775350236533,1.115634492709697,1.4609472108405175,0.5759251427627132,0.8233007860400843,0.06445765358645557,0.762578561199851,
am_9db,validation,severe_4x,12000,pca_r64_l001,5.10961887139131,2.3528665408321947,3.243638274703544,1.0429957869893882,1.628377416825611,0.4024769085791263,0.5535618946181586,
am_9db,validation,severe_4x,12000,pca_r64_l1,2.257781323813043,1.039658390777205,1.3636759926458009,0.6886935537993659,0.8736439017067744,0.10171453248491968,0.7369059128461676,
am_9db,validation,severe_4x,12000,template_1,2.2397850296949438,1.031371495148545,1.6647315790383994,1.1019842535292803,1.2049942013512673,0.36069335829342863,0.43160590986616637,
am_9db,validation,severe_4x,12000,dictionary_8,1.6681132573035835,0.7681292809143515,1.2270019692648457,1.011076567249238,1.0640940751350276,0.7874949522964875,0.593910844324019,
am_9db,validation,severe_4x,12000,dictionary_24,1.860447399960014,0.8566949020117894,1.211377055548173,0.9154172865958508,1.000971298820414,0.8041471262643473,0.6599761217000524,
am_9db,validation,severe_4x,12000,dictionary_48,1.9124715747944159,0.8806508845152239,1.313443141540557,0.8707732628509889,0.9692535353894446,0.649832007997353,0.6681799147325299,
am_9db,validation,severe_4x,12000,local_pca_8,2.1567067988653745,0.9931158063172562,1.1850536629188952,1.116181143075196,1.207768846329408,0.27172804386540217,0.30834403276636363,
am_9db,validation,severe_4x,12000,local_pca_16,2.24128270705972,1.03206114246848,1.3797713108184637,1.116181143075196,1.2173550564470377,0.24520288339835494,0.2931954519009292,
am_9db,validation,severe_4x,12000,local_pca_32,2.1335014095476392,0.9824302374975572,1.5101255023192866,1.116181143075196,1.205190167227032,0.3289345090415304,0.31716925648869504,
am_9db,validation,severe_4x,12000,local_dictionary_8,2.3423012269025825,1.0785779378156728,1.3516122847901508,1.116181143075196,1.2291836772808589,0.27946533804677864,0.2865395449852595,
am_9db,validation,severe_4x,12000,local_dictionary_24,1.9236300365559524,0.8857891094957352,1.1727749315802458,1.116181143075196,1.1829057887224692,0.4828307184916085,0.3606937341968708,
am_9db,validation,severe_4x,12113,zero_fill,2.8882903640452127,1.0,2.13114699629683,1.0640446115528817,1.2581008817275263,,0.30003440462425063,
am_9db,validation,severe_4x,12113,linear,2.9061273746299032,1.0061756292950093,2.1468237675776463,1.0640446115528817,1.2606655074848891,-0.02888600254066166,0.29136654465523865,
am_9db,validation,severe_4x,12113,pchip,2.9003942367293636,1.0041906703130772,2.143809597470079,1.0640446115528817,1.2598400384342883,-0.04807191257093395,0.2942869178177658,
am_9db,validation,severe_4x,12113,autoregression,2.8923726796163622,1.0014134020671772,2.137204078884641,1.0640446115528817,1.2586869087567998,0.02301302965526926,0.29697579186742895,
am_9db,validation,severe_4x,12113,pca_r32_l01,4.591744996621421,1.5897795643338382,2.987072833375949,1.222841438677021,1.649133103258026,-0.32183814299160735,0.25472844232101316,
am_9db,validation,severe_4x,12113,pca_r64_l01,3.3712210113582533,1.1672029423789196,2.576786165568265,0.9666738754723766,1.2595139645473148,0.007556606591767337,0.4726476746996948,
am_9db,validation,severe_4x,12113,pca_r96_l01,3.07012449432459,1.0629556268105635,2.2359533861988634,0.81159532796073,1.0984639575381814,0.1546913885464037,0.5838562942062145,
am_9db,validation,severe_4x,12113,pca_r64_l001,5.63485627046881,1.9509313677787152,4.442485697748149,1.3669635346038793,1.9329453685194493,-0.032335280584361685,0.2793487944604018,
am_9db,validation,severe_4x,12113,pca_r64_l1,2.9043317243703797,1.0055539292464697,2.1891493590095115,0.7977985226288129,1.0601409106168083,0.1773325620869543,0.5923560129781342,
am_9db,validation,severe_4x,12113,template_1,3.2236971967988497,1.1161264244512732,2.4346568922766334,1.0573467357826816,1.3029283223690573,0.09922517820678779,0.3015358289064378,
am_9db,validation,severe_4x,12113,dictionary_8,3.2687101246629506,1.1317110514072202,2.5084522996791607,1.014995245296004,1.278125974294898,0.06875710463302906,0.35716333814422196,
am_9db,validation,severe_4x,12113,dictionary_24,3.2587356294998022,1.128257626056599,2.472985927046947,1.0157059287652885,1.2770629367053976,0.08071721470606627,0.3900522560416431,
am_9db,validation,severe_4x,12113,dictionary_48,3.124880948710215,1.0819137118657434,2.3505687844619922,0.8453588392624083,1.1314911193420374,0.017612025124517938,0.5275103513221989,
am_9db,validation,severe_4x,12113,local_pca_8,3.0529622946070503,1.0570136342979053,2.2491847244299055,1.0640446115528817,1.2821720536581953,-0.011514102859924553,0.23284087490615737,
am_9db,validation,severe_4x,12113,local_pca_16,2.5687846035177917,0.8893789334670856,1.763497770685511,1.0640446115528817,1.214020139090856,0.4575873118273472,0.38656865564435405,
am_9db,validation,severe_4x,12113,local_pca_32,2.7027520234218443,0.9357618808229823,2.0471283306176535,1.0640446115528817,1.2320646424480868,0.38936035834732885,0.35222685986538665,
am_9db,validation,severe_4x,12113,local_dictionary_8,2.7085973475839253,0.9377856815581321,2.0262189450510264,1.0640446115528817,1.23286667015232,0.40320277936600624,0.3533345300307497,
am_9db,validation,severe_4x,12113,local_dictionary_24,2.913909573057883,1.008870025441898,2.2358751512675656,1.0640446115528817,1.2617877453879478,0.3185165649235568,0.3091244585960696,
am_9db,validation,severe_4x,12226,zero_fill,3.800536730803074,1.0,2.8898634664767044,1.0115595208941712,1.3645711186774492,,0.2365560608841683,
am_9db,validation,severe_4x,12226,linear,3.8193720419763926,1.004955960830653,2.89711074439196,1.0115595208941712,1.367853993480883,0.0031336771009319257,0.22630905540982918,
am_9db,validation,severe_4x,12226,pchip,3.8195683194180043,1.0050076054944241,2.897811547218555,1.0115595208941712,1.3678882472486642,0.003077115057812762,0.2262005154851736,
am_9db,validation,severe_4x,12226,autoregression,3.8115200903691657,1.0028899495897703,2.907692977506124,1.0115595208941712,1.3664844346891236,-0.022321239530634432,0.2301642094737619,
am_9db,validation,severe_4x,12226,pca_r32_l01,5.334188034261238,1.4035354509346092,4.157729841814628,0.8398082872599707,1.5619045140291399,-0.10428469539189099,0.28867647717686795,
am_9db,validation,severe_4x,12226,pca_r64_l01,4.355610362231957,1.146051379251265,3.3688320897982633,0.8998088337120879,1.394546984821079,-0.09995324177459917,0.3870084188508585,
am_9db,validation,severe_4x,12226,pca_r96_l01,4.052958324305746,1.066417354016556,3.1731423680715265,0.7445808380984559,1.2435453486280221,-0.01290805402076499,0.49174585668486,
am_9db,validation,severe_4x,12226,pca_r64_l001,7.64039162589176,2.010345424099428,5.437233908522144,1.5233729752293537,2.4133167337955754,-0.13742137905117702,0.1354728517500226,
am_9db,validation,severe_4x,12226,pca_r64_l1,3.848660013326549,1.012662233240226,2.9404075330560726,0.7421966769926669,1.2009116981553813,0.049463437190594366,0.5197564557165649,
am_9db,validation,severe_4x,12226,template_1,3.725083315922595,0.9801466423758163,2.847513429127834,1.3932736452338133,1.6392532116048997,0.200643405116712,0.12246969215490285,
am_9db,validation,severe_4x,12226,dictionary_8,3.838114300889624,1.0098874376826794,2.9573644590576516,1.0398579360273816,1.3908335920743793,0.0814919477290648,0.30891964748282585,
am_9db,validation,severe_4x,12226,dictionary_24,3.7460741789978393,0.9856697735970239,2.772886519520814,0.9155978358458651,1.2895702459937672,0.19890409590772778,0.42517255787218855,
am_9db,validation,severe_4x,12226,dictionary_48,3.807985853792768,1.0019600186808666,2.9021253788344077,0.8479593312596644,1.2571366690504682,0.20079291403314728,0.4699092777592252,
am_9db,validation,severe_4x,12226,local_pca_8,3.892287259080056,1.0241414660022492,2.9711749630099025,1.0115595208941712,1.3806404779999664,-0.008316281205953749,0.1934660520181856,
am_9db,validation,severe_4x,12226,local_pca_16,3.932914034581493,1.0348312128404156,3.0118903277263667,1.0115595208941712,1.387817593563784,-0.05024631822266047,0.17502734837563702,
am_9db,validation,severe_4x,12226,local_pca_32,3.700917993733172,0.9737882451542964,2.77549464892,1.0115595208941712,1.347348877449078,0.2522856159528895,0.28448953549581774,
am_9db,validation,severe_4x,12226,local_dictionary_8,3.734704230188492,0.9826781043632562,2.886502850207643,1.0115595208941712,1.3531630918809847,0.2151975453397224,0.26961671259816566,
am_9db,validation,severe_4x,12226,local_dictionary_24,4.287207194544356,1.1280530878170056,3.302277982883911,1.0115595208941712,1.4519154480725531,-0.06718218594663218,0.09747847070798643,
am_9db,validation,severe_4x,12339,zero_fill,5.0837880043148145,1.0,2.376247625537058,0.3829058082583365,1.3239182693520197,,0.056946143022530954,
am_9db,validation,severe_4x,12339,linear,5.091016679158215,1.0014219072151052,2.3731280496338742,0.3829058082583365,1.3256532280690123,0.003199159124977431,0.05386797862348235,
am_9db,validation,severe_4x,12339,pchip,5.093876270455144,1.001984399454062,2.380311894495256,0.3829058082583365,1.3263396135764862,-0.0006804721133115664,0.051250187047825094,
am_9db,validation,severe_4x,12339,autoregression,5.090312756284623,1.0012834429689577,2.3711162313527385,0.3829058082583365,1.325484270624408,-0.058158291262217165,0.04698482195525682,
am_9db,validation,severe_4x,12339,pca_r32_l01,4.113923956479536,0.8092241362125809,1.9947182521622784,0.2796830844317179,1.0635350762743685,0.7235337379392637,0.6463418618428228,
am_9db,validation,severe_4x,12339,pca_r64_l01,4.551387547376281,0.8952748508618645,2.282740349664178,0.2715816670849044,1.1678366119362846,0.5568294446915865,0.4906077090707162,
am_9db,validation,severe_4x,12339,pca_r96_l01,4.636215333615303,0.911960791771876,2.202302287307301,0.2349536797393697,1.1811684123674877,0.5162560511832606,0.47497131539984166,
am_9db,validation,severe_4x,12339,pca_r64_l001,3.899901048268129,0.7671250345132659,2.581609299484252,0.3939897823990369,1.046949360517423,0.6534514198084226,0.6408127845587747,
am_9db,validation,severe_4x,12339,pca_r64_l1,5.054032770225445,0.9941470348362057,2.350333682299265,0.21375775154030893,1.280347435456149,0.11590402515220359,0.25742913914789906,
am_9db,validation,severe_4x,12339,template_1,4.490240095042439,0.8832469196652953,2.0895534034882584,0.2278921991771402,1.1440410538911405,0.4691552032524263,0.5038615853627615,
am_9db,validation,severe_4x,12339,dictionary_8,4.858261332243702,0.9556380651829504,2.2082940646378617,0.21863198079673293,1.2328752551906077,0.30380633472307667,0.37004215903926974,
am_9db,validation,severe_4x,12339,dictionary_24,4.359037761397082,0.857438932877884,2.0331879861362485,0.21247548563428836,1.1090085010161832,0.5330043486439853,0.5583737487505441,
am_9db,validation,severe_4x,12339,dictionary_48,4.0326762027999665,0.7932424010161857,1.9114134739705675,0.21218610729328768,1.028889617456403,0.6671438107682214,0.6680847332082779,
am_9db,validation,severe_4x,12339,local_pca_8,4.659329441247879,0.9165074226724874,2.216025766016328,0.3829058082583365,1.2224106233189613,0.5076800748547243,0.44944149975725856,
am_9db,validation,severe_4x,12339,local_pca_16,4.783213315888378,0.9408758413664521,2.2625646850322516,0.3829058082583365,1.2519580288307752,0.4007403139487884,0.3579255897701979,
am_9db,validation,severe_4x,12339,local_pca_32,4.816769377984833,0.9474764435292439,2.26022406371183,0.3829058082583365,1.2599732167456463,0.36686516700514404,0.33035748093569406,
am_9db,validation,severe_4x,12339,local_dictionary_8,4.8188408163045695,0.94788390314754,2.083068554451385,0.3829058082583365,1.2604681591290903,0.3231735370189498,0.30792896435251793,
am_9db,validation,severe_4x,12339,local_dictionary_24,5.237019700706809,1.0301412443362983,2.36621090769739,0.3829058082583365,1.3607357434390224,0.16608872818695566,0.16851104208603868,
am_9db,validation,severe_4x,12452,zero_fill,4.112014737265932,1.0,2.0003893280344442,0.3354840327954858,1.0781033184313509,,0.0695847683223042,
am_9db,validation,severe_4x,12452,linear,4.113752507624741,1.0004226080084442,2.007209182089041,0.3354840327954858,1.078517580347548,-0.007425125082986791,0.06727607498029532,
am_9db,validation,severe_4x,12452,pchip,4.113848180276935,1.0004458746206297,2.004321896431953,0.3354840327954858,1.078540387928249,-0.0004895602527138621,0.0675630691698914,
am_9db,validation,severe_4x,12452,autoregression,4.113934551027438,1.0004668791052977,2.010064939194263,0.3354840327954858,1.0785609780527063,-0.036811408183255304,0.0665883538554969,
am_9db,validation,severe_4x,12452,pca_r32_l01,3.7803366031898644,0.9193392642613437,1.8028047280048065,0.14535959341257018,0.9555066066089333,0.41314560229370045,0.4676516692482929,
am_9db,validation,severe_4x,12452,pca_r64_l01,3.69841885385107,0.8994177040109879,1.7929084430906925,0.13423910285712978,0.9336957504173726,0.48266209525903847,0.5133647363636664,
am_9db,validation,severe_4x,12452,pca_r96_l01,3.675743897480846,0.8939033861354394,1.7616312179986062,0.12498889818566437,0.9268706277682675,0.5218603548745572,0.5320921133052493,
am_9db,validation,severe_4x,12452,pca_r64_l001,3.438893531462443,0.8363037953869189,1.8772621102383962,0.24691078985718876,0.8923446220824927,0.5757280047758692,0.5968689360875542,
am_9db,validation,severe_4x,12452,pca_r64_l1,3.8368538524802123,0.933083682241695,1.8275383320136211,0.11663086591643064,0.9658380062333982,0.42227782075159503,0.4582520136694191,
am_9db,validation,severe_4x,12452,template_1,7.278177418946246,1.7699784373305743,3.6595223987756196,0.13721373897569464,1.8243882655241317,-0.4045783301819818,-0.29821415122944583,
am_9db,validation,severe_4x,12452,dictionary_8,3.840261669887537,0.9339124286409822,1.8841775901002373,0.10350653072713956,0.9652821388639093,0.36118356713833943,0.44822819575634526,
am_9db,validation,severe_4x,12452,dictionary_24,3.252267173710053,0.7909181706562843,1.5796597839464024,0.10314664185969263,0.8191775683229472,0.7063771196216699,0.6952107439737909,
am_9db,validation,severe_4x,12452,dictionary_48,3.386318156692644,0.8235180010430113,1.6239334770978837,0.10298213748953573,0.8524314660126264,0.6570157756070655,0.6510381264880665,
am_9db,validation,severe_4x,12452,local_pca_8,3.886202711057829,0.9450848207907336,1.8631100332118185,0.3354840327954858,1.0244149109169602,0.3441474073672592,0.3178734151384858,
am_9db,validation,severe_4x,12452,local_pca_16,3.8126110547262377,0.927188081349444,1.8216705735749974,0.3354840327954858,1.0069833072887664,0.43670218531480076,0.38600103463820373,
am_9db,validation,severe_4x,12452,local_pca_32,3.8325034908335414,0.9320257187068748,1.8457502409923183,0.3354840327954858,1.011691839542868,0.4164873878489488,0.36955227977353244,
am_9db,validation,severe_4x,12452,local_dictionary_8,4.6978054525860236,1.1424583209810144,2.3106782179237912,0.3354840327954858,1.2185447035874857,0.0013419417363589006,0.018395519503309452,
am_9db,validation,severe_4x,12452,local_dictionary_24,4.9020604150648355,1.1921310423912057,2.3769849506434038,0.3354840327954858,1.2678337666285469,-0.001412831734977827,0.013510506924385126,
am_9db,validation,severe_4x,12565,zero_fill,3.6714570327306744,1.0,1.6194211216543386,0.4499589345242227,1.0160137297472946,,0.13683945990180973,
am_9db,validation,severe_4x,12565,linear,3.673569940417208,1.0005754956867798,1.6296135913343026,0.4499589345242227,1.016490953861294,-0.003176678610760929,0.13407958039681458,
am_9db,validation,severe_4x,12565,pchip,3.6738625228775974,1.0006551867897344,1.6326858079134405,0.4499589345242227,1.016557040897643,-0.001120492141043903,0.1337580606426868,
am_9db,validation,severe_4x,12565,autoregression,3.673418204328514,1.00053416711141,1.6225302438302012,0.4499589345242227,1.0164566808669444,-0.05607999740729174,0.13419426149791533,
am_9db,validation,severe_4x,12565,pca_r32_l01,3.78405735240082,1.0306691100198981,1.6791997510195351,0.4041685398238394,1.0237606279976021,0.047427725974107014,0.2505961507748148,
am_9db,validation,severe_4x,12565,pca_r64_l01,3.9879080722065354,1.0861922219584028,1.8984124915733482,0.37655017191361134,1.0615513786403783,-0.20590909241954752,0.15805753542511772,
am_9db,validation,severe_4x,12565,pca_r96_l01,3.9860501224692366,1.085686169532694,1.795056958487755,0.3670371312885664,1.0579856867830584,-0.2646643179099879,0.16215492876667256,
am_9db,validation,severe_4x,12565,pca_r64_l001,5.237316258341114,1.4264953155248612,3.2359913710009844,0.7520268192159862,1.4981790330720213,0.0035736759352433278,0.10704742948719807,
am_9db,validation,severe_4x,12565,pca_r64_l1,3.8351568245879726,1.0445871463012997,1.633836017959736,0.3210528106219483,1.007923343975978,-0.11487874064401414,0.23496066457433593,
am_9db,validation,severe_4x,12565,template_1,3.8169184030612304,1.0396195213599893,1.5623175004643293,0.34914903595996066,1.0123438717681372,0.06803359144446901,0.24918045851124188,
am_9db,validation,severe_4x,12565,dictionary_8,3.917697152675337,1.0670687734459252,1.6848115135367103,0.33701683209449546,1.0323533841666568,-0.05253031316396554,0.19505417268481204,
am_9db,validation,severe_4x,12565,dictionary_24,3.7158685209918216,1.012096420539645,1.5119403148336183,0.3473198165486095,0.9879633308544511,0.09534174341219735,0.2893635904249397,
am_9db,validation,severe_4x,12565,dictionary_48,3.3648068343320685,0.9164772471351701,1.3284321228462233,0.3475855140769767,0.906027054518453,0.4128561346319373,0.47136274574191683,
am_9db,validation,severe_4x,12565,local_pca_8,3.688327619810155,1.0045950659177219,1.5638417672881,0.4499589345242227,1.0198255448980922,0.0799381363249568,0.1442453727358136,
am_9db,validation,severe_4x,12565,local_pca_16,3.741374830280599,1.0190436104594482,1.6309525384584838,0.4499589345242227,1.031831843798621,0.01762057441520879,0.10014906769553956,
am_9db,validation,severe_4x,12565,local_pca_32,3.7625304822764445,1.024805805633529,1.6595772045857697,0.4499589345242227,1.0366285880027144,-0.02721047653168153,0.07396375375945279,
am_9db,validation,severe_4x,12565,local_dictionary_8,4.321105208133851,1.1769456021442244,1.725662213718063,0.4499589345242227,1.1648201540670908,-0.227361152224348,-0.13558867937818903,
am_9db,validation,severe_4x,12565,local_dictionary_24,4.281902038535806,1.16626777880364,1.834711427275475,0.4499589345242227,1.1557365267706374,-0.12363931931755844,-0.05659801859182185,
am_9db,validation,severe_4x,12678,zero_fill,2.8372879259557116,1.0,2.129292029375549,1.0332425081372891,1.226378152939113,,0.14143232386557936,
am_9db,validation,severe_4x,12678,linear,2.84112802340665,1.0013534394644297,2.1302651890390916,1.0332425081372891,1.2269336691197419,-0.0007787713860118751,0.14023844177079092,
am_9db,validation,severe_4x,12678,pchip,2.8422343937315975,1.0017433788550802,2.1354030729342375,1.0332425081372891,1.2270938115685768,-0.00884477438400613,0.13976132169670413,
am_9db,validation,severe_4x,12678,autoregression,2.8251731214539424,0.9957301462460182,2.1082614735020786,1.0332425081372891,1.2246288819350883,0.09258293026599085,0.14959537849363058,
am_9db,validation,severe_4x,12678,pca_r32_l01,3.3341130308013467,1.1751056353148526,2.4994518645797625,0.6401686720518369,1.038735668743152,0.25273334951885623,0.6023029214770157,
am_9db,validation,severe_4x,12678,pca_r64_l01,3.145362417282092,1.10858062324521,2.3213014343290013,0.6687025155999309,1.0186004660683878,0.07896178702685094,0.5952395236937822,
am_9db,validation,severe_4x,12678,pca_r96_l01,3.0429928538230344,1.0725005474366982,2.2966305301284775,0.5859886828508635,0.9490306421178337,0.10875675418365291,0.6452819193674135,
am_9db,validation,severe_4x,12678,pca_r64_l001,6.864114082700096,2.4192518566433434,4.78119518916435,1.3804255841007729,2.1751391340400676,-0.09478218493578966,0.2305628775225632,
am_9db,validation,severe_4x,12678,pca_r64_l1,2.6343272294700557,0.9284666548541102,1.9511976753333085,0.6086429720887957,0.8837552674533125,0.3822598066039421,0.7159376032899145,
am_9db,validation,severe_4x,12678,template_1,4.007152400020681,1.4123178558520502,2.9891651760709266,1.0090633042872252,1.3993391663093444,-0.0962064310155117,0.09955785694540045,
am_9db,validation,severe_4x,12678,dictionary_8,2.858963822816919,1.0076396535800667,2.181625873535978,0.8288502206738867,1.074667520237166,0.21897871434950847,0.49245201587711757,
am_9db,validation,severe_4x,12678,dictionary_24,3.0381204511817765,1.0707832727827284,2.2717451883172317,0.7189565741625457,1.0302807326422652,0.07213019773495978,0.553454221368369,
am_9db,validation,severe_4x,12678,dictionary_48,3.253906773028301,1.146836999960889,2.414208569562403,0.7023992536504646,1.0603177578116147,0.05040340090075814,0.5317523081346891,
am_9db,validation,severe_4x,12678,local_pca_8,2.776139548449716,0.9784483002424231,2.0722352090031055,1.0332425081372891,1.2176001499310574,0.24876034720607493,0.2008751978970686,
am_9db,validation,severe_4x,12678,local_pca_16,2.7982247491161476,0.9862322126414415,2.060968629997247,1.0332425081372891,1.2207557330372667,0.2852017252771646,0.21628448271767176,
am_9db,validation,severe_4x,12678,local_pca_32,2.5670877087231667,0.9047681362329378,1.8823273403716605,1.0332425081372891,1.1885860957878982,0.4349362896181654,0.28437483595625257,
am_9db,validation,severe_4x,12678,local_dictionary_8,3.2982886218420147,1.162479349264851,2.4045182255570676,1.0332425081372891,1.296450901555378,0.09916914247251753,0.12007042495954318,
am_9db,validation,severe_4x,12678,local_dictionary_24,2.6751094989935,0.9428403351388515,2.0338801500434602,1.0332425081372891,1.2033822657652469,0.4526131223134342,0.2961787456198434,
am_9db,validation,severe_4x,12791,zero_fill,3.7803809745336983,1.0,2.6774522543020725,1.3229593808388598,1.5918661054494236,,0.3728772533556321,
am_9db,validation,severe_4x,12791,linear,3.791088276591012,1.0028323341296665,2.6811078452462285,1.3229593808388598,1.5934567999154563,-0.03320673082223082,0.36800214966188277,
am_9db,validation,severe_4x,12791,pchip,3.790762710494339,1.0027462142124237,2.68133006763387,1.3229593808388598,1.5934083903992855,-0.033381752291194715,0.3681583680493268,
am_9db,validation,severe_4x,12791,autoregression,5.20193522865909,1.3760346546291506,3.5933552773714745,1.3229593808388598,1.8254015478348797,-0.008464689639862398,0.14816067567513674,
am_9db,validation,severe_4x,12791,pca_r32_l01,5.454480542658437,1.4428388512698076,3.736430331057406,1.102091990063416,1.7315177466003016,-0.23498199599518765,0.4873024907451826,
am_9db,validation,severe_4x,12791,pca_r64_l01,4.577623775648123,1.2108895390398484,3.0974494552212173,0.6681800465333702,1.3146199082377155,-0.12051865308219877,0.6538349372516465,
am_9db,validation,severe_4x,12791,pca_r96_l01,4.16036082684885,1.1005136399941864,2.8626127020701455,0.6325340168432847,1.207013138043062,-0.0010569811096021013,0.707845331101147,
am_9db,validation,severe_4x,12791,pca_r64_l001,8.028866115636255,2.1238246012034803,5.471273035220446,1.0290527426426397,2.2409112865907517,-0.1220672107130463,0.419894626603009,
am_9db,validation,severe_4x,12791,pca_r64_l1,3.7687272489083665,0.9969173144971799,2.667524218834992,0.7309694865969678,1.1784006887435918,0.1338117581366928,0.7235283273585408,
am_9db,validation,severe_4x,12791,template_1,4.1876894194251175,1.1077426977955998,2.9593044883388484,1.3417396760475528,1.6684709138865734,-0.26794913023175637,0.28761943602138956,
am_9db,validation,severe_4x,12791,dictionary_8,4.443047649362639,1.1752909770980633,3.2934606253534833,0.9780054320805709,1.4596252042946127,-0.11505058283975517,0.5237196188800938,
am_9db,validation,severe_4x,12791,dictionary_24,4.423521370257079,1.170125815375714,3.330468155741264,0.9279303591922673,1.4248544352358732,-0.12318054841408836,0.5632512718093157,
am_9db,validation,severe_4x,12791,dictionary_48,3.72247459819249,0.9846823966337543,2.7072701102171006,0.8137007272882526,1.2193351220549922,0.2444325038645309,0.6956483630352465,
am_9db,validation,severe_4x,12791,local_pca_8,3.9522715259370793,1.0454691081563765,2.867520499659383,1.3229593808388598,1.6177486877018339,-0.008278197497837016,0.3017951679191202,
am_9db,validation,severe_4x,12791,local_pca_16,3.833036327204011,1.0139285836599596,2.763922269164919,1.3229593808388598,1.5997165830215971,0.13224905090954903,0.3346696779796811,
am_9db,validation,severe_4x,12791,local_pca_32,3.5020091982747807,0.9263640944830291,2.53501007080338,1.3229593808388598,1.5515595234119335,0.3773694936902057,0.42069161586344606,
am_9db,validation,severe_4x,12791,local_dictionary_8,3.7540361182340645,0.9930311636638994,2.7743422295462796,1.3229593808388598,1.5879646963024905,0.2530049173172427,0.35215928514791794,
am_9db,validation,severe_4x,12791,local_dictionary_24,4.808052166994917,1.2718432875903414,3.527741664200699,1.3229593808388598,1.7566069653380705,-0.16883550104414718,0.12720669129096013,
am_9db,validation,severe_4x,12904,zero_fill,1.733055598819929,1.0,0.9630078271519156,1.1198791110711492,1.1676745067602239,,0.29507232881614215,
am_9db,validation,severe_4x,12904,linear,1.7431870053806173,1.005845978956236,0.9619980984005159,1.1198791110711492,1.1686166845604906,0.06089197732799093,0.2927367078436342,
am_9db,validation,severe_4x,12904,pchip,1.744146569610836,1.0063996624219438,0.9654660341297214,1.1198791110711492,1.1687061651535817,0.06990112072313126,0.29255240591665976,
am_9db,validation,severe_4x,12904,autoregression,1.7353558744950015,1.0013272947946037,0.9651864235815889,1.1198791110711492,1.1678880073220559,0.013119673835927936,0.29450088184894724,
am_9db,validation,severe_4x,12904,pca_r32_l01,2.2236968971520272,1.2831076502486045,1.557807174473628,0.7116234863513533,0.8853300121037626,0.4096486833205593,0.7563096731927222,
am_9db,validation,severe_4x,12904,pca_r64_l01,1.7150373148697236,0.9896031702834724,1.1884648074492419,0.5492264048544868,0.6831040206401732,0.42492325618145743,0.8373230002740862,
am_9db,validation,severe_4x,12904,pca_r96_l01,1.4990706307819857,0.8649870389632807,0.9609538767671966,0.4724374326650497,0.5913527750431765,0.5104129917432964,0.8753377369842167,
am_9db,validation,severe_4x,12904,pca_r64_l001,3.841242086555623,2.2164563497969705,2.5057757422727773,1.0648501713457386,1.4089829904658169,0.29818223745334715,0.6167563252691036,
am_9db,validation,severe_4x,12904,pca_r64_l1,1.8182535194668632,1.0491605235890569,1.103828093362691,0.5059267234983414,0.668275467355161,0.1630627002464918,0.8432450464412283,
am_9db,validation,severe_4x,12904,template_1,3.576796533365055,2.0638671579841783,1.82838948037903,0.8659687360251364,1.2258160857589644,-0.21090549809809328,0.43400873089518405,
am_9db,validation,severe_4x,12904,dictionary_8,2.6112522193531285,1.5067330910394223,1.3367264266030696,0.7022409399263664,0.9425952610580879,-0.18178650269257135,0.6549737284806866,
am_9db,validation,severe_4x,12904,dictionary_24,2.492042910879987,1.437947468377164,1.5158253049775023,0.5786632212234402,0.8378933674556059,-0.15067875648279613,0.7338442595427641,
am_9db,validation,severe_4x,12904,dictionary_48,2.2944570014490573,1.3239373295417627,1.3228015097788162,0.6102807085881021,0.8235278942080735,-0.060798817596464765,0.7477807774032891,
am_9db,validation,severe_4x,12904,local_pca_8,1.6887924444096873,0.9744594723675448,1.1371346481210742,1.1198791110711492,1.1636139359635636,0.3541662167027549,0.3109587982431991,
am_9db,validation,severe_4x,12904,local_pca_16,1.616766113764749,0.932899160803402,1.1615040247236808,1.1198791110711492,1.1572022029938356,0.4363736321938073,0.3260642267574106,
am_9db,validation,severe_4x,12904,local_pca_32,1.7016260043928744,0.9818646358209998,1.2596134916792296,1.1198791110711492,1.1647818843572353,0.3861481805116719,0.31231414298926036,
am_9db,validation,severe_4x,12904,local_dictionary_8,1.5762771645749414,0.9095364082077106,0.8961221160471806,1.1198791110711492,1.1537056614113885,0.5521483250079529,0.3430819026009662,
am_9db,validation,severe_4x,12904,local_dictionary_24,1.6690790153705128,0.9630845176040636,0.9504418443753415,1.1198791110711492,1.1618348395628575,0.5488061157665292,0.3366437273050989,
am_9db,validation,severe_4x,13017,zero_fill,3.1070536873624226,1.0,1.5477074004900908,0.33913334981039783,0.8433176318289255,,0.08317181820776082,
am_9db,validation,severe_4x,13017,linear,3.110213283037572,1.0010169105503393,1.569971326416746,0.33913334981039783,0.8440452483534161,-0.007797968641587386,0.07933447627996348,
am_9db,validation,severe_4x,13017,pchip,3.1105613824035556,1.001128945745418,1.5724993401952383,0.33913334981039783,0.8441254182586202,-1.4608371686566716e-05,0.07929134122646314,
am_9db,validation,severe_4x,13017,autoregression,3.111376614217672,1.0013913267327283,1.5497503660924903,0.33913334981039783,0.8443131775963285,-0.08092064980912736,0.07638398850463579,
am_9db,validation,severe_4x,13017,pca_r32_l01,2.9422344967851175,0.9469532209090278,1.4114821257579506,0.1360205927218019,0.7472561416081767,0.3213878815832642,0.4638202234633045,
am_9db,validation,severe_4x,13017,pca_r64_l01,2.964135866705662,0.9540021399572006,1.4366576108225912,0.1463760973221139,0.7544654922650422,0.3001875674272172,0.44826110651562723,
am_9db,validation,severe_4x,13017,pca_r96_l01,2.984761150240879,0.9606403527499527,1.455794357538037,0.13043282345817497,0.7568020689683468,0.27790891933796535,0.4418203534318382,
am_9db,validation,severe_4x,13017,pca_r64_l001,3.5226191715670834,1.1337490516803506,1.9321965904747653,0.3021658613925473,0.9279819820704518,0.10036679304687306,0.24863226064250182,
am_9db,validation,severe_4x,13017,pca_r64_l1,2.9468740074745394,0.9484464396159631,1.4069748328679252,0.124835983401125,0.7465682636740655,0.3235236235690337,0.46587670404193243,
am_9db,validation,severe_4x,13017,template_1,2.403455829709124,0.7735482136935385,1.2198975616568246,0.14761465959303352,0.6176290979050596,0.6382332795407394,0.6838708849854207,
am_9db,validation,severe_4x,13017,dictionary_8,2.872003418445008,0.9243494665465698,1.3638362895153893,0.11308005176316147,0.7263009924938661,0.3871211765512255,0.5100857767415311,
am_9db,validation,severe_4x,13017,dictionary_24,2.967298880715492,0.9550201506928037,1.4124936067007017,0.10644601601418088,0.7489502638015583,0.31103415300304904,0.46362983163880567,
am_9db,validation,severe_4x,13017,dictionary_48,2.8314640919320344,0.911301952537442,1.3603432455839466,0.10671224681857072,0.7153671023597129,0.41990572466454307,0.5320832415418795,
am_9db,validation,severe_4x,13017,local_pca_8,3.1435827722176395,1.0117568244809527,1.4973075922844261,0.33913334981039783,0.851736611286313,0.08946424046167842,0.11522113540199502,
am_9db,validation,severe_4x,13017,local_pca_16,3.0756423091838063,0.9898903007996359,1.4817292456633164,0.33913334981039783,0.8360901210525179,0.16162984298830377,0.1692381718028807,
am_9db,validation,severe_4x,13017,local_pca_32,3.0611876563714704,0.9852380951196605,1.489205146495224,0.33913334981039783,0.8327680237401568,0.1817132347985594,0.18422468348728352,
am_9db,validation,severe_4x,13017,local_dictionary_8,3.9446790244127206,1.2695883049775551,1.8704401836384146,0.33913334981039783,1.0394007901173763,-0.4140968520795355,-0.3258753966601001,
am_9db,validation,severe_4x,13017,local_dictionary_24,3.7934962647870565,1.220930388237789,1.7539803481440344,0.33913334981039783,1.0036117695994826,-0.3855743460170863,-0.2917401280673379,
am_9db,validation,severe_4x,13130,zero_fill,2.64702564605246,1.0,1.459193978906693,0.34778579337648186,0.7425071187359537,,0.15398779337365098,
am_9db,validation,severe_4x,13130,linear,2.6496585547041893,1.0009946668464114,1.4709190919498365,0.34778579337648186,0.7430938209453573,-0.006538761226111219,0.1504649299662725,
am_9db,validation,severe_4x,13130,pchip,2.649559432147737,1.0009572200779602,1.4722017629239808,0.34778579337648186,0.7430717308746458,-0.0005393349494918973,0.15075090528981752,
am_9db,validation,severe_4x,13130,autoregression,2.6182950977820956,0.9891461012804275,1.4352182649725664,0.34778579337648186,0.7361128306086722,0.24994955159382715,0.19695482083985888,
am_9db,validation,severe_4x,13130,pca_r32_l01,3.502824692872566,1.3233059143557482,1.9095300006108897,0.21118066339240568,0.89926149971312,-0.25163662366772505,0.06457594149943476,
am_9db,validation,severe_4x,13130,pca_r64_l01,3.386769090268582,1.2794621371800117,1.8418576175606907,0.2153815833388848,0.8719963900234247,-0.2107127188850002,0.10776596095021777,
am_9db,validation,severe_4x,13130,pca_r96_l01,3.0680278188639427,1.1590472587371141,1.6581326748140082,0.1674808508247276,0.7839619820269372,-0.12179308858522163,0.23683754713346686,
am_9db,validation,severe_4x,13130,pca_r64_l001,8.17826147247655,3.0896041693713414,4.431581386133435,0.44257318315795213,2.088989379594723,-0.3601629388677173,-0.22465214921422502,
am_9db,validation,severe_4x,13130,pca_r64_l1,2.7500120716267307,1.0389064706372813,1.475768479762546,0.18107001656182956,0.7095051822202508,0.03485533104688136,0.358848889279746,
am_9db,validation,severe_4x,13130,template_1,5.418433251812497,2.046989329284765,2.633979663939412,0.1907809222739516,1.3671452764086294,-0.34395697977591905,-0.16160957998411216,
am_9db,validation,severe_4x,13130,dictionary_8,3.620487035012752,1.367756689630879,1.8282022242636855,0.1500171429740744,0.9167027707525688,-0.17050515903935914,0.10387304064823287,
am_9db,validation,severe_4x,13130,dictionary_24,3.563024874480015,1.3460484902341596,1.8129930691280034,0.1441864484075425,0.901630198402075,-0.17834236285530314,0.112740461343379,
am_9db,validation,severe_4x,13130,dictionary_48,3.4312921487612953,1.296282170094733,1.7415605971497383,0.14319142152544515,0.8689549239649917,-0.11640478750813127,0.16476654018980172,
am_9db,validation,severe_4x,13130,local_pca_8,3.4209657166952874,1.2923810246406238,1.786377704074856,0.34778579337648186,0.9191480704272481,-0.3615183558509939,-0.23488705328330942,
am_9db,validation,severe_4x,13130,local_pca_16,2.99015722556023,1.1296291103259561,1.5961875933359428,0.34778579337648186,0.819884313664422,-0.1842474079695464,-0.0606420195205801,
am_9db,validation,severe_4x,13130,local_pca_32,2.902710927922292,1.096593428269627,1.5509528331394904,0.34778579337648186,0.8000021524266796,-0.09326431506433369,0.009560253356689603,
am_9db,validation,severe_4x,13130,local_dictionary_8,3.120840403209668,1.17899892955847,1.4106916383729788,0.34778579337648186,0.8497782502447152,0.0891631916739043,0.12048700115029647,
am_9db,validation,severe_4x,13130,local_dictionary_24,3.554126051207522,1.3426866704173535,1.6589579372413628,0.34778579337648186,0.9502018324739488,-0.2645748878972917,-0.17300096448987115,
am_9db,validation,severe_4x,13243,zero_fill,3.0970194437286573,1.0,1.6803200356737584,1.3668173990297423,1.5332640116184697,,0.24426992544179174,
am_9db,validation,severe_4x,13243,linear,3.1099907982047545,1.0041883348528418,1.6959636993317895,1.3668173990297423,1.5349041052960501,-0.01670209221362618,0.24068548256568192,
am_9db,validation,severe_4x,13243,pchip,3.1059609904574286,1.0028871458159159,1.6951183424245775,1.3668173990297423,1.534394031625346,-0.026914295397435787,0.2417318393877641,
am_9db,validation,severe_4x,13243,autoregression,3.113735777777646,1.0053975554085843,1.7062239492523634,1.3668173990297423,1.5353785674909504,-0.05176596067067635,0.23949873566944216,
am_9db,validation,severe_4x,13243,pca_r32_l01,4.996658897741137,1.6133766637659233,3.0541056501049395,1.1623811615446042,1.681397291151812,-0.47741481622386783,0.48206585661687623,
am_9db,validation,severe_4x,13243,pca_r64_l01,3.155388135198155,1.0188467307131999,1.727349283064223,0.7314152074123336,1.060100153530897,0.15929126568086882,0.7522812371252492,
am_9db,validation,severe_4x,13243,pca_r96_l01,3.0237183856453074,0.9763317410771244,1.635613213822508,0.6426849041669785,0.9791109221620155,0.24140591219186563,0.7857704897300327,
am_9db,validation,severe_4x,13243,pca_r64_l001,3.935123596389832,1.2706163677332742,2.53807349115464,1.0518475605183404,1.416001127237144,0.20528125003775094,0.657729412104772,
am_9db,validation,severe_4x,13243,pca_r64_l1,3.117018274607885,1.0064574444050471,1.6727326195466836,0.6699822554346692,1.0139325132620824,0.13867622716250702,0.7739463317887949,
am_9db,validation,severe_4x,13243,template_1,2.8776993870826937,0.9291835067131793,1.6114506950739247,1.2131252379689437,1.3774125745254717,0.389005805868675,0.49773749295270386,
am_9db,validation,severe_4x,13243,dictionary_8,3.536754696260977,1.1419865972823535,2.256663935754556,1.0836888192494232,1.372141474940203,0.06461727427823173,0.5444652801000749,
am_9db,validation,severe_4x,13243,dictionary_24,2.880837248396536,0.9301966941893497,1.8991798170497083,0.8006090566336044,1.058118795764598,0.3905467371148549,0.7454520814951664,
am_9db,validation,severe_4x,13243,dictionary_48,2.6195762016187008,0.8458378286656352,1.7795329980125556,0.854985209265355,1.0555559878869791,0.5472032408387134,0.7549754406649488,
am_9db,validation,severe_4x,13243,local_pca_8,3.3905365158319105,1.0947740488674083,2.167306740918543,1.3668173990297423,1.571595226584004,-0.010938936575689274,0.18635332199589166,
am_9db,validation,severe_4x,13243,local_pca_16,3.3332116388634665,1.0762643565616254,2.067768088873627,1.3668173990297423,1.5639122990079104,0.09835411434766922,0.21040408221620951,
am_9db,validation,severe_4x,13243,local_pca_32,3.252222747019246,1.0501137645760892,1.909578056801826,1.3668173990297423,1.5532184293947893,0.12841638896345936,0.22468740315064506,
am_9db,validation,severe_4x,13243,local_dictionary_8,3.47335276525876,1.1215146783440972,1.9265192091101602,1.3668173990297423,1.5828579071233604,-0.03543084445271258,0.17159478536688552,
am_9db,validation,severe_4x,13243,local_dictionary_24,2.711847619596217,0.8756314478708237,1.7115876800598642,1.3668173990297423,1.486963444117451,0.48317962836121847,0.33995813584684037,
am_9db,validation,severe_4x,13356,zero_fill,3.096774979109157,1.0,2.3740426648570443,1.020478237831651,1.2552552723339883,,0.3800126762934376,
am_9db,validation,severe_4x,13356,linear,3.100957961460395,1.0013507543749405,2.3754952842704657,1.020478237831651,1.255900518230457,0.024857606357746587,0.37457534305288037,
am_9db,validation,severe_4x,13356,pchip,3.1018008485238346,1.0016229365867981,2.377173387987141,1.020478237831651,1.2560306030363835,0.02448616576200106,0.37390017474239956,
am_9db,validation,severe_4x,13356,autoregression,3.0341987559639696,0.9797930997352643,2.3368810998427914,1.020478237831651,1.2456674816893647,0.3167287264467233,0.4061690082078888,
am_9db,validation,severe_4x,13356,pca_r32_l01,4.608948587184324,1.4883059370720473,3.200830753071382,1.1082405430222053,1.5745111066073945,-0.14198585225890772,0.28703820413385395,
am_9db,validation,severe_4x,13356,pca_r64_l01,3.4830884479080737,1.1247470259883223,2.649568246026213,0.8627040656245601,1.2066425451596015,-0.17058463995177908,0.5240267255979033,
am_9db,validation,severe_4x,13356,pca_r96_l01,3.3693110639740182,1.0880064217462972,2.5429916908835573,0.7740811588477186,1.1275050347188902,-0.060753457459201035,0.5730150861893613,
am_9db,validation,severe_4x,13356,pca_r64_l001,5.2996771627909185,1.7113536496976818,3.827676550354948,1.236873174194567,1.7859592444509995,-0.0871927455255265,0.3565672208905553,
am_9db,validation,severe_4x,13356,pca_r64_l1,3.1590549742148992,1.02011124331793,2.393857652744944,0.7641006959035278,1.0821672823642992,0.06141078189210776,0.5896852229756796,
am_9db,validation,severe_4x,13356,template_1,3.466273309911194,1.1193171390542331,2.6893955031286305,1.0156155513397545,1.3107053177786094,0.13667076069662393,0.30399678410703096,
am_9db,validation,severe_4x,13356,dictionary_8,3.4414747247875352,1.1113092646394143,2.637339807461962,1.0322194109946696,1.3187565632031983,0.019174249703500037,0.32940158852082835,
am_9db,validation,severe_4x,13356,dictionary_24,3.4915283290145935,1.1274724035709545,2.6376144500082637,0.8724531491899997,1.2147115793287273,0.04193989960861831,0.47681419495020966,
am_9db,validation,severe_4x,13356,dictionary_48,3.8315526954781394,1.2372719107218937,2.8993330609766437,0.8567844118191659,1.267181641065876,-0.0972143711886411,0.4423557749352213,
am_9db,validation,severe_4x,13356,local_pca_8,2.9540816260810665,0.9539219497733287,2.2137314287276064,1.020478237831651,1.233572954922753,0.29974231367142373,0.40922124784870056,
am_9db,validation,severe_4x,13356,local_pca_16,3.1271970657303383,1.0098237963127474,2.3221256745960135,1.020478237831651,1.259960291939599,0.11966314404014185,0.34427119359054736,
am_9db,validation,severe_4x,13356,local_pca_32,3.35858545911421,1.0845429460555662,2.4984431705147365,1.020478237831651,1.296647933001025,-0.06790000004266784,0.2573216303855833,
am_9db,validation,severe_4x,13356,local_dictionary_8,3.0602163827786337,0.988194622929613,2.2707526113377874,1.020478237831651,1.2496389933133345,0.22821010754193383,0.36252555469231146,
am_9db,validation,severe_4x,13356,local_dictionary_24,3.3676240072434753,1.087461643148587,2.516435007059074,1.020478237831651,1.2981123064493127,0.0697050256255264,0.26820919684447864,
am_9db,validation,severe_4x,13469,zero_fill,2.537262381154385,1.0,1.3276313249992224,1.2714218039296503,1.3848601338094833,,0.2699079022921722,
am_9db,validation,severe_4x,13469,linear,2.5392324983884285,1.000776473591646,1.341309970930015,1.2714218039296503,1.385085799090796,0.001993962364412092,0.26923990885214094,
am_9db,validation,severe_4x,13469,pchip,2.5401210068574778,1.001126657504689,1.3421646667852403,1.2714218039296503,1.3851876177546882,-0.006884610484414915,0.26894054876134194,
am_9db,validation,severe_4x,13469,autoregression,2.5421156820502597,1.001912810015993,1.329896018886925,1.2714218039296503,1.3854163001049031,-0.10254631098885335,0.2683156273887422,
am_9db,validation,severe_4x,13469,pca_r32_l01,4.9656895570824275,1.9571052619410905,3.1870266978190487,0.6561613882541742,1.3945494184693703,-0.3206697358065721,0.5080197783158786,
am_9db,validation,severe_4x,13469,pca_r64_l01,2.940352569628593,1.1588681531197467,1.8068210973143075,0.6462409024702666,0.9653394090326872,-0.02692091675807919,0.743541747706363,
am_9db,validation,severe_4x,13469,pca_r96_l01,2.490697514535596,0.9816475950754436,1.4949580141734258,0.6264225733226272,0.8692544475884179,0.26492132583280864,0.7987499014114587,
am_9db,validation,severe_4x,13469,pca_r64_l001,3.8654725251539412,1.5234815893952824,2.5142362725410754,0.797034644063703,1.2367002769539162,0.06626885411793959,0.6418764817909989,
am_9db,validation,severe_4x,13469,pca_r64_l1,2.451704068528834,0.9662792806683933,1.4029495994694177,0.7196421519983927,0.9280061032811827,0.2700353173627265,0.7861096657549611,
am_9db,validation,severe_4x,13469,template_1,3.3008574475575707,1.300952346148675,1.6173396552102082,0.8799828040501299,1.1861493877368277,0.22121589638717745,0.6113573628832569,
am_9db,validation,severe_4x,13469,dictionary_8,2.9061268697256666,1.145378929396911,1.48490297810662,0.8299498549457891,1.0833346899968619,0.17254509939480697,0.6603391284905853,
am_9db,validation,severe_4x,13469,dictionary_24,3.349189032337451,1.3200010598878864,1.7369507399671194,0.7375792463077919,1.1004946144543661,0.014132869384542597,0.654781204616986,
am_9db,validation,severe_4x,13469,dictionary_48,3.691056887043402,1.4547399253852775,2.114271341634501,0.632567287554198,1.1075316457850555,-0.27489978611032023,0.6547801716339674,
am_9db,validation,severe_4x,13469,local_pca_8,2.59317537540912,1.0220367411230429,1.5362890564757845,1.2714218039296503,1.3913181605101177,0.10391125831985393,0.25262854827427306,
am_9db,validation,severe_4x,13469,local_pca_16,2.612240146631416,1.0295506550816071,1.691553374633075,1.2714218039296503,1.3935453804121523,0.20311210871319466,0.25611563136368287,
am_9db,validation,severe_4x,13469,local_pca_32,2.6377058911388853,1.0395873563296205,1.8503845172351374,1.2714218039296503,1.3965402209738864,0.1999472093659659,0.2519837970148056,
am_9db,validation,severe_4x,13469,local_dictionary_8,2.1523636971386733,0.8483015840716507,1.0730248911914237,1.2714218039296503,1.3435115029600684,0.5809217892193602,0.36232257700257764,
am_9db,validation,severe_4x,13469,local_dictionary_24,2.627270053645995,1.0354743258561454,1.7569945567147534,1.2714218039296503,1.3953102026834598,0.6426161740378898,0.3636328822888051,
am_9db,validation,severe_4x,13582,zero_fill,2.813282489295767,1.0,1.3618957139791146,0.3405651725426913,0.7767853595030968,,0.1110591504537822,
am_9db,validation,severe_4x,13582,linear,2.8155139695214815,1.0007931945100448,1.3648608332018815,0.3405651725426913,0.7772905048872536,0.0007020027600294546,0.10876068624068787,
am_9db,validation,severe_4x,13582,pchip,2.8155851795109355,1.0008185065751234,1.3687352044296182,0.3405651725426913,0.7773066260458741,0.004397229780825312,0.10897119199177083,
am_9db,validation,severe_4x,13582,autoregression,2.813310960300131,1.0000101202081455,1.3672461553353368,0.3405651725426913,0.776791804096356,0.0018130625138308497,0.11115639665233795,
am_9db,validation,severe_4x,13582,pca_r32_l01,2.888682902111194,1.0268015789748512,1.3367898793566642,0.1492014297253194,0.7364783138537898,0.021786739203971325,0.3490183404055661,
am_9db,validation,severe_4x,13582,pca_r64_l01,2.9066748397273767,1.0331969330442135,1.3744826777071326,0.15873394169701802,0.7427443027215126,0.00821366074782797,0.33628440202972504,
am_9db,validation,severe_4x,13582,pca_r96_l01,2.914318371609205,1.0359138773649175,1.381918998436145,0.15115423952012202,0.7431338049508869,-0.011249132503535434,0.3341993838479928,
am_9db,validation,severe_4x,13582,pca_r64_l001,2.8174909135841757,1.0014959124454872,1.5225146125092595,0.28032792257601685,0.7548597225133195,0.3552277238314534,0.4473952537002835,
am_9db,validation,severe_4x,13582,pca_r64_l1,3.047000994179753,1.0830767993520947,1.4297329427682708,0.1471476167722429,0.7749597318312202,-0.17513994890101534,0.25012901716126085,
am_9db,validation,severe_4x,13582,template_1,2.6500014878719123,0.9419606804346449,1.2930865643178453,0.1557944130780217,0.6794568774450584,0.5753066349641934,0.6267960680334733,
am_9db,validation,severe_4x,13582,dictionary_8,2.860414500829235,1.016753387444311,1.3315526686620602,0.11938274432570696,0.7243857186952966,0.09255751249635667,0.3826208390210016,
am_9db,validation,severe_4x,13582,dictionary_24,2.7440395156124424,0.9753871237791488,1.317499964582456,0.11800865212242402,0.6954604361895271,0.2505667504951625,0.45674459133781836,
am_9db,validation,severe_4x,13582,dictionary_48,2.8330591903472593,1.007029760120692,1.3407638629257255,0.11666489455514466,0.7172161825564919,0.20800285526899304,0.41998701658223825,
am_9db,validation,severe_4x,13582,local_pca_8,2.857726224128116,1.015797821584378,1.3544249533971877,0.3405651725426913,0.7868596095915489,0.08984489796030554,0.13013083917745175,
am_9db,validation,severe_4x,13582,local_pca_16,2.9224028119081646,1.038787545519367,1.3989217381027668,0.3405651725426913,0.80156907633888,-0.002934516682482006,0.06298772857296153,
am_9db,validation,severe_4x,13582,local_pca_32,2.9404249734591685,1.0451936428876818,1.4300398328757278,0.3405651725426913,0.8056778425562636,-0.03137373833608548,0.042923554586004505,
am_9db,validation,severe_4x,13582,local_dictionary_8,2.419655460857144,0.860082650805125,1.1380390619496572,0.3405651725426913,0.6889531052841739,0.5391046025382042,0.4983558421432888,
am_9db,validation,severe_4x,13582,local_dictionary_24,2.3765481247397937,0.8447598610457002,1.1201180625350866,0.3405651725426913,0.679510418446607,0.6940497028876513,0.6358752293374036,
am_9db,validation,severe_4x,13695,zero_fill,3.4105526228780585,1.0,1.726694208705788,0.34063341556669596,0.9142051209394252,,0.07092848056591684,
am_9db,validation,severe_4x,13695,linear,3.4107416658182435,1.0000554288296029,1.7279881635779217,0.34063341556669596,0.9142491990684934,0.005882099828670324,0.07123232669199402,
am_9db,validation,severe_4x,13695,pchip,3.411528998267992,1.0002862806993165,1.7341153228065067,0.34063341556669596,0.9144327805746888,0.0027640930813473135,0.07050847475961601,
am_9db,validation,severe_4x,13695,autoregression,3.4148567804937313,1.0012620117885882,1.7334260984351502,0.34063341556669596,0.9152087770112044,-0.11604189162831229,0.064139988165027,
am_9db,validation,severe_4x,13695,pca_r32_l01,3.398317360570368,0.9964125279212477,1.6507638046499422,0.15832596978516572,0.8632991795207843,0.24039968116334898,0.37579096479123736,
am_9db,validation,severe_4x,13695,pca_r64_l01,3.322824123532615,0.9742773359493242,1.6261257872596881,0.17466964581992234,0.8477471038542814,0.28618572482858806,0.40516155277945665,
am_9db,validation,severe_4x,13695,pca_r96_l01,3.322018445918477,0.9740411051377151,1.6333912049576058,0.16867034782110346,0.8464097651453312,0.2749501282778773,0.40175648731452157,
am_9db,validation,severe_4x,13695,pca_r64_l001,5.741340616429574,1.6834047883960332,3.0781222890950226,0.37837789542468675,1.4813536788621358,0.2634944576072259,0.3039166807335028,
am_9db,validation,severe_4x,13695,pca_r64_l1,3.314486028529731,0.971832543000829,1.6350605514445098,0.13202298012344804,0.8384236937003023,0.23592905380205936,0.3968244473009069,
am_9db,validation,severe_4x,13695,template_1,3.9449971310205765,1.1567031995218173,1.8646406308110142,0.15266967692389388,0.9972657249180528,0.1431483211963954,0.26119844901450223,
am_9db,validation,severe_4x,13695,dictionary_8,3.3971505083246054,0.9960703979573423,1.6343678241355557,0.11755034783086078,0.856880346093369,0.25985193322719174,0.39470560337825533,
am_9db,validation,severe_4x,13695,dictionary_24,3.4269193776451297,1.00479885712869,1.6106063694657278,0.11279446937732653,0.863662814185583,0.20347592662760988,0.365392329542257,
am_9db,validation,severe_4x,13695,dictionary_48,3.474446316921126,1.0187341176366749,1.668549404543782,0.11221801075596446,0.875381004128958,0.1835249406127119,0.34799142922662957,
am_9db,validation,severe_4x,13695,local_pca_8,3.416292641469786,1.0016830171606863,1.6751513671126679,0.34063341556669596,0.915543631851116,0.16069303827086526,0.16624846365846127,
am_9db,validation,severe_4x,13695,local_pca_16,3.364807901844533,0.9865872994520979,1.6334797020220648,0.34063341556669596,0.90354852779627,0.19537935027270872,0.19417233278397147,
am_9db,validation,severe_4x,13695,local_pca_32,3.3459680313674713,0.9810633059647423,1.6842148197120794,0.34063341556669596,0.8991652004756486,0.21252085623992512,0.20799859596631717,
am_9db,validation,severe_4x,13695,local_dictionary_8,2.4819862899974683,0.7277372802718985,1.182036248589986,0.34063341556669596,0.7027056105130768,0.7069446003510417,0.650812498361944,
am_9db,validation,severe_4x,13695,local_dictionary_24,4.1424193082777805,1.2145888852411615,1.9365342300640083,0.34063341556669596,1.0868562629955394,0.2110645004264203,0.20676482328292398,
am_9db,validation,severe_4x,13808,zero_fill,5.686557999840093,1.0,2.5713341466544404,0.5541850525546984,1.5195344264912025,,0.13628965140014485,
am_9db,validation,severe_4x,13808,linear,5.688197875653864,1.0002883775763505,2.5886054465156736,0.5541850525546984,1.5199179903805446,-0.0023981319178704432,0.13401898712610535,
am_9db,validation,severe_4x,13808,pchip,5.689225976006732,1.0004691724179573,2.5942130524914018,0.5541850525546984,1.5201584681620275,-0.004949600172785946,0.13264300649850136,
am_9db,validation,severe_4x,13808,autoregression,5.687069358123161,1.0000899240424668,2.574391720761347,0.5541850525546984,1.5196540307589173,-0.005628243384594989,0.13558474662889558,
am_9db,validation,severe_4x,13808,pca_r32_l01,6.16301626780417,1.0837867595789008,2.840164624479849,0.46400119072268575,1.6049187302652566,-0.38965964159654715,0.04415207425007147,
am_9db,validation,severe_4x,13808,pca_r64_l01,6.163284967457389,1.0838340113001048,2.886435441551928,0.42154134554613487,1.593963969561399,-0.3763093102377506,0.06671430544829356,
am_9db,validation,severe_4x,13808,pca_r96_l01,6.05885394427803,1.0654694710664,2.7861906498761693,0.40452948992563126,1.5645361281659855,-0.33405104315006157,0.10944208772207888,
am_9db,validation,severe_4x,13808,pca_r64_l001,7.030424089349235,1.2363232889820048,3.632293356696378,0.5613569861636997,1.839729733290054,-0.4844957481606019,-0.12758345285512165,
am_9db,validation,severe_4x,13808,pca_r64_l1,5.9621861833371,1.0484701261298588,2.693560923380636,0.4019416981658213,1.5405157621646188,-0.26912579135830855,0.1341304830280565,
am_9db,validation,severe_4x,13808,template_1,7.340322210449862,1.2908198967910418,3.2590342392306537,0.5077086607825771,1.8997837280978875,-0.5675791419303923,-0.36833539699093687,
am_9db,validation,severe_4x,13808,dictionary_8,7.321301639237045,1.2874750665416446,3.188651873180085,0.49540027319712954,1.8921346931599488,-0.6791565831043136,-0.4370594566018313,
am_9db,validation,severe_4x,13808,dictionary_24,7.264147268589497,1.2774242817524706,3.1038197254125484,0.5118694177088152,1.8824516934628708,-0.7598943510642628,-0.4821149104527929,
am_9db,validation,severe_4x,13808,dictionary_48,7.054483178156428,1.2405541591864184,2.9152331389592208,0.5135130785927347,1.8323681422407114,-0.6692951658658306,-0.40139169725793605,
am_9db,validation,severe_4x,13808,local_pca_8,6.1656228483655955,1.0842451353769669,2.919236196483078,0.5541850525546984,1.6321328299845437,-0.4150650476361053,-0.23148376337953858,
am_9db,validation,severe_4x,13808,local_pca_16,6.102369079112185,1.0731217512041176,2.9547719229055103,0.5541850525546984,1.617206783021854,-0.3471661760908311,-0.18036950431874058,
am_9db,validation,severe_4x,13808,local_pca_32,6.052530756270068,1.0643575175774636,2.9068423224905375,0.5541850525546984,1.6054583582796715,-0.3008884902476784,-0.1435864400647242,
am_9db,validation,severe_4x,13808,local_dictionary_8,5.946758627234742,1.045757139450959,2.8723396013969893,0.5541850525546984,1.5805607046574612,0.017364935213793845,0.06466521904659801,
am_9db,validation,severe_4x,13808,local_dictionary_24,6.0747845287791895,1.0682709169501152,2.9892152874576388,0.5541850525546984,1.6107029357981566,-0.11363861611571309,-0.03952820845065868,
am_9db,validation,severe_4x,13921,zero_fill,2.20198847198692,1.0,1.7007596711837247,1.0051724648350149,1.1181549672256073,,0.33879636901509286,
am_9db,validation,severe_4x,13921,linear,2.2201236597064393,1.0082358231890085,1.7247187868883436,1.0051724648350149,1.1203940245881638,-0.029766524704653973,0.32994276458901745,
am_9db,validation,severe_4x,13921,pchip,2.216652804723625,1.0066595865161243,1.7217574671146787,1.0051724648350149,1.1199644223597742,-0.03344874803249069,0.3317831599349406,
am_9db,validation,severe_4x,13921,autoregression,2.2350378418454415,1.0150088750595048,1.7334126796756162,1.0051724648350149,1.122245778991244,-0.28999588995429737,0.3249066325037407,
am_9db,validation,severe_4x,13921,pca_r32_l01,4.362141503852171,1.981001063060099,2.658280897320597,0.9416316107896215,1.4214501806298807,-0.04329466316119385,0.5074243770613094,
am_9db,validation,severe_4x,13921,pca_r64_l01,3.0546674744383036,1.387231365331348,1.9877578114537524,0.6590167121450402,0.9951613808413239,0.09208556171568341,0.6448784125879049,
am_9db,validation,severe_4x,13921,pca_r96_l01,2.4265279785107894,1.1019712452541865,1.6682193480834786,0.5092366495979778,0.7817395470160707,0.220003170617368,0.7625033160873048,
am_9db,validation,severe_4x,13921,pca_r64_l001,5.48726176547563,2.4919575353291066,3.5556489452407467,1.1664598116422213,1.776926227110611,0.04127236622809234,0.4126168412428141,
am_9db,validation,severe_4x,13921,pca_r64_l1,2.2427830635490276,1.0185262511957194,1.5918162316925142,0.5704346646086048,0.7870439738727013,0.2079903473662191,0.7576483900725496,
am_9db,validation,severe_4x,13921,template_1,3.299070942604415,1.4982235304926754,2.301247475063542,1.0477889979330528,1.3074736098479207,0.15137604826885723,0.20054270309371836,
am_9db,validation,severe_4x,13921,dictionary_8,2.5102711634473556,1.1400019552247078,1.8218516015581492,0.8760478300877602,1.0551468595371403,0.32387304295097374,0.4877636152374826,
am_9db,validation,severe_4x,13921,dictionary_24,2.5618208107516782,1.1634124534903088,1.8416025837592005,0.8024884558695343,1.0069366195750118,0.2755586500663715,0.544910778119039,
am_9db,validation,severe_4x,13921,dictionary_48,2.882625434541506,1.3091010562559517,2.050496900411149,0.7777392063200798,1.0423142367940323,0.3092033215545573,0.5383450671633427,
am_9db,validation,severe_4x,13921,local_pca_8,1.9604258433539314,0.8902979594552467,1.448867171225853,1.0051724648350149,1.0896916062649178,0.4587395388954973,0.3988034656435831,
am_9db,validation,severe_4x,13921,local_pca_16,2.3456520570516672,1.065242659937777,1.7156114699007743,1.0051724648350149,1.136267432035924,0.2131753674535538,0.29098780849395595,
am_9db,validation,severe_4x,13921,local_pca_32,2.252131211010937,1.0227715719959114,1.6515629425214828,1.0051724648350149,1.124379558149379,0.19495644903930584,0.30966311393623347,
am_9db,validation,severe_4x,13921,local_dictionary_8,2.74622845654222,1.2471584168032523,1.836540478593888,1.0051724648350149,1.1910432925711536,-0.17531295026459628,0.16272732321071706,
am_9db,validation,severe_4x,13921,local_dictionary_24,1.7787664285936002,0.8078000639978675,1.3077823938285467,1.0051724648350149,1.0700346159245597,0.5893796293306043,0.43074875100686505,
am_9db,validation,severe_4x,14034,zero_fill,2.242833341776867,1.0,1.1175300716322247,0.7316804065751598,0.9034878478525546,,0.21495746063113777,
am_9db,validation,severe_4x,14034,linear,2.245118148280941,1.0010187143473905,1.1267115042482527,0.7316804065751598,0.903842448944723,-0.002085015418125804,0.21379291222843372,
am_9db,validation,severe_4x,14034,pchip,2.245412852180868,1.0011501123850592,1.1295500533763314,0.7316804065751598,0.9038882030300016,-0.001566286606115825,0.21364870248432055,
am_9db,validation,severe_4x,14034,autoregression,2.2434025627812715,1.000253795497776,1.121485461842322,0.7316804065751598,0.9035761699762589,-0.010207560717036532,0.2146253241130887,
am_9db,validation,severe_4x,14034,pca_r32_l01,1.5526226401710566,0.6922594787809796,0.9795605525770709,1.076960242760644,1.1126625591929735,0.7865991010670714,0.4996736104719254,
am_9db,validation,severe_4x,14034,pca_r64_l01,2.052310508888135,0.9150526125415134,1.16189899121214,0.5955897210597251,0.7718842676517595,0.4033716032063794,0.5871041138390719,
am_9db,validation,severe_4x,14034,pca_r96_l01,1.9640936305281216,0.8757198289963373,1.101607284846617,0.5607854136936196,0.7320718882328939,0.48770630678622695,0.6292061680753601,
am_9db,validation,severe_4x,14034,pca_r64_l001,4.016275707429262,1.7907151782608153,2.278754546902104,0.7747533965614708,1.2533483389589728,-0.04515087999086744,0.28331282724960083,
am_9db,validation,severe_4x,14034,pca_r64_l1,1.9867438556317105,0.8858187626449893,1.0925016446592868,0.530788083827816,0.7147198313366583,0.4696049553595489,0.634120778309972,
am_9db,validation,severe_4x,14034,template_1,2.1345829414675483,0.9517349781221114,1.0835345317503782,0.6674863754149779,0.8381346570835747,0.41041333104991207,0.4702256886601709,
am_9db,validation,severe_4x,14034,dictionary_8,2.4483932033700286,1.0916518663086703,1.256050041608499,0.6065592943954526,0.8482828958612212,0.1462012795578173,0.4639968204711817,
am_9db,validation,severe_4x,14034,dictionary_24,2.216923231351111,0.9884475988727595,1.1346261416473662,0.592521416948534,0.7976909276485447,0.27128842131457026,0.5316071474115405,
am_9db,validation,severe_4x,14034,dictionary_48,2.0146788558207978,0.8982739904449095,1.071095769037242,0.562263400268595,0.7416633696173854,0.47891059463805663,0.6173597199303059,
am_9db,validation,severe_4x,14034,local_pca_8,2.17233212131909,0.9685660012518259,1.1105931205746176,0.7316804065751598,0.8926565025880812,0.28715092889484056,0.2755713791725527,
am_9db,validation,severe_4x,14034,local_pca_16,2.412894689715669,1.07582433557193,1.5798315143055983,0.7316804065751598,0.9304704470101381,0.18037626392708783,0.21363657659030644,
am_9db,validation,severe_4x,14034,local_pca_32,2.2789215154518483,1.0160904392683903,1.3964268502223098,0.7316804065751598,0.9091144913485598,0.20018091238049426,0.23541459862546624,
am_9db,validation,severe_4x,14034,local_dictionary_8,2.4591791418027626,1.0964609344778589,1.3663278853563448,0.7316804065751598,0.9380133698396721,0.2950934617369522,0.2584366826510891,
am_9db,validation,severe_4x,14034,local_dictionary_24,3.3042399925255035,1.4732436561281659,1.6065491779810825,0.7316804065751598,1.0882424244135245,-0.03550189000232752,0.06290298827125523,
am_9db,validation,severe_4x,14147,zero_fill,2.9604229991728572,1.0,1.4753636905601253,0.34351504383312287,0.811408617549086,,0.1054174176503137,
am_9db,validation,severe_4x,14147,linear,2.96550487388316,1.0017166042527446,1.4781477491804118,0.34351504383312287,0.8125676101531437,-0.00954144635243278,0.10086657902325617,
am_9db,validation,severe_4x,14147,pchip,2.9692374653011324,1.0029774346877922,1.4853412106736013,0.34351504383312287,0.8134190919139936,-0.010444913124098319,0.09797485088130758,
am_9db,validation,severe_4x,14147,autoregression,2.9267418224597375,0.9886228499364684,1.451795839477135,0.34351504383312287,0.8037356715453016,0.4695592227482873,0.1587421340050628,
am_9db,validation,severe_4x,14147,pca_r32_l01,3.223956836294487,1.0890189804616641,1.5122851079299773,0.15641760138524163,0.8200950658550448,-0.24287694418085595,0.2116522301390026,
am_9db,validation,severe_4x,14147,pca_r64_l01,3.2494204468942143,1.0976203224343626,1.5753277340412286,0.15347847157329297,0.8258354807118556,-0.26103063008049116,0.19778529407179898,
am_9db,validation,severe_4x,14147,pca_r96_l01,3.224375054500348,1.0891602502079059,1.553236917235668,0.1620483591226521,0.8212220144584566,-0.2145265160392307,0.21397547571333986,
am_9db,validation,severe_4x,14147,pca_r64_l001,3.8019579873532954,1.2842617384122348,2.052542715555371,0.2537396737139108,0.9817281277117329,-0.2773869079490898,0.020387523181027746,
am_9db,validation,severe_4x,14147,pca_r64_l1,3.1933641232559298,1.0786850812023,1.5264866128615875,0.1407736263576463,0.8098932272168021,-0.18324559744600322,0.23811219046731108,
am_9db,validation,severe_4x,14147,template_1,3.7709892836079226,1.2738008334152038,1.8949315717609863,0.1720684563541058,0.9573555205018884,0.13423461704756806,0.26053326092342444,
am_9db,validation,severe_4x,14147,dictionary_8,3.3428411664128204,1.1291768667338453,1.526122460118875,0.12916549819081985,0.8450163812283266,-0.007445223429107406,0.24270172205046725,
am_9db,validation,severe_4x,14147,dictionary_24,3.2771104137956115,1.1069737043359131,1.5019100520494477,0.12673742460304752,0.8284167235656839,-0.053643325716904215,0.24402041687237278,
am_9db,validation,severe_4x,14147,dictionary_48,3.573288776560635,1.2070196649461962,1.6145904287398807,0.12571000494175846,0.9015763195936001,-0.30512214985237596,0.07803535912841411,
am_9db,validation,severe_4x,14147,local_pca_8,3.253090066716242,1.0988598817213473,1.5400263227581221,0.34351504383312287,0.8786578458885093,-0.22355370136536154,-0.10821539387505193,
am_9db,validation,severe_4x,14147,local_pca_16,3.2553745580494513,1.0996315590572712,1.5324014423685297,0.34351504383312287,0.8791864951935234,-0.2285910104527088,-0.11149090205072684,
am_9db,validation,severe_4x,14147,local_pca_32,3.2470449685530025,1.0968179106364961,1.5578955837048283,0.34351504383312287,0.8772592193837455,-0.21540213637841915,-0.1020543848864706,
am_9db,validation,severe_4x,14147,local_dictionary_8,3.432539087361785,1.159475888520268,1.6406992316485267,0.34351504383312287,0.9203383673397505,0.14471495125137698,0.1540186124278004,
am_9db,validation,severe_4x,14147,local_dictionary_24,3.2660168234838616,1.1032264052793763,1.586684677884349,0.34351504383312287,0.8816498976129461,0.11122993682478644,0.12923104622091117,
am_9db,validation,severe_4x,14260,zero_fill,3.3080185681830874,1.0,1.5259027893210688,0.3351910469051844,0.8884073677206374,,0.08693259469150617,
am_9db,validation,severe_4x,14260,linear,3.309387456416142,1.0004138091140784,1.5317781182390435,0.3351910469051844,0.8887259457210855,-0.0063472815759175825,0.0852169423611993,
am_9db,validation,severe_4x,14260,pchip,3.3092289810718087,1.000365902688807,1.5407303111474073,0.3351910469051844,0.888689063243103,0.0033175636416266623,0.08561106025539633,
am_9db,validation,severe_4x,14260,autoregression,3.312518979090391,1.0013604551529998,1.529702135767248,0.3351910469051844,0.8894548033667502,-0.0969171183846293,0.07962499368015899,
am_9db,validation,severe_4x,14260,pca_r32_l01,3.1147393312721676,0.9415725054357608,1.3804042712955185,0.12965960787542147,0.7887401073266272,0.3372051113798106,0.4625781025960963,
am_9db,validation,severe_4x,14260,pca_r64_l01,3.0793383649483936,0.9308709432788054,1.3763057589051657,0.13598548434020066,0.7810131859126815,0.3706470875874323,0.479338007590035,
am_9db,validation,severe_4x,14260,pca_r96_l01,3.087067754564443,0.9332075050171196,1.3382008997395851,0.1261698551247382,0.7813757821306482,0.36838956679648316,0.4791414135831243,
am_9db,validation,severe_4x,14260,pca_r64_l001,3.7323623341310688,1.1282773228752008,2.0209562399293297,0.24355613813202723,0.9624292986879324,0.2818960334781039,0.36388535288685137,
am_9db,validation,severe_4x,14260,pca_r64_l1,3.118205739276176,0.9426203858912542,1.328296776438663,0.12282702462082662,0.788570867222509,0.35006426601690227,0.4651714835731091,
am_9db,validation,severe_4x,14260,template_1,4.668861963470071,1.4113771937001007,2.2932443299572487,0.13697454258598724,1.1747260960987678,0.13161828719944518,0.21768502866408032,
am_9db,validation,severe_4x,14260,dictionary_8,2.9762777355575873,0.8997161515910997,1.4044268299187128,0.10927061745143282,0.7515538144716026,0.4431402789055555,0.538079767040724,
am_9db,validation,severe_4x,14260,dictionary_24,2.8309494131415947,0.8557840153528762,1.2353459039574821,0.10812629767060848,0.7154388523611762,0.5266433208787411,0.5984380891647075,
am_9db,validation,severe_4x,14260,dictionary_48,2.6692098087229614,0.806890818085405,1.1508604479213673,0.10810927301348193,0.6754625834685174,0.6680181264024118,0.6806084841167076,
am_9db,validation,severe_4x,14260,local_pca_8,3.1942524862033843,0.9656089953442467,1.3620709762827803,0.3351910469051844,0.8619942181685953,0.26244744434851675,0.2556354457411934,
am_9db,validation,severe_4x,14260,local_pca_16,3.1559016499034933,0.9540156999895126,1.3329712916504528,0.3351910469051844,0.8531196718787645,0.3003667777405955,0.28416120430380815,
am_9db,validation,severe_4x,14260,local_pca_32,3.1374981633605383,0.9484524039669443,1.3449818425468156,0.3351910469051844,0.8488665344877417,0.32019211943474235,0.29930123915905843,
am_9db,validation,severe_4x,14260,local_dictionary_8,3.876895066735177,1.1719689556835051,1.555435477927484,0.3351910469051844,1.0221182333564833,-0.005202739170048577,0.01885233897591551,
am_9db,validation,severe_4x,14260,local_dictionary_24,3.611700941172726,1.0918018949199655,1.5964825318961147,0.3351910469051844,0.9594816066941061,0.02583816635992714,0.05248218149102853,
am_9db,validation,severe_4x,14373,zero_fill,2.2560070834161565,1.0,1.2324330226240379,0.34941653449889776,0.6576923045363883,,0.1038895859293547,
am_9db,validation,severe_4x,14373,linear,2.2596751670836803,1.0016259185064125,1.2465206973926923,0.34941653449889776,0.6584788616317226,0.0003137287772071436,0.1003547422066825,
am_9db,validation,severe_4x,14373,pchip,2.2596514743780864,1.001615416453574,1.2474224036619674,0.34941653449889776,0.6584737800577821,0.004615617765538508,0.10058665606908468,
am_9db,validation,severe_4x,14373,autoregression,2.2501648675844517,0.9974103734537667,1.232282975612648,0.34941653449889776,0.6564402414743117,0.11693140544868046,0.1134607787619913,
am_9db,validation,severe_4x,14373,pca_r32_l01,2.5100217566397434,1.112594803044211,1.239301215539732,0.14482060217976614,0.6429815472196944,-0.19535565510853706,0.31821417276708003,
am_9db,validation,severe_4x,14373,pca_r64_l01,2.402053563401095,1.0647367116258286,1.2072515337408258,0.15075843155481533,0.6179999439583772,-0.0675876456705956,0.38195537735589663,
am_9db,validation,severe_4x,14373,pca_r96_l01,2.442465001099307,1.0826495267030842,1.217589693582802,0.14584425113484917,0.6267322726567199,-0.10950923301105567,0.3612758403608892,
am_9db,validation,severe_4x,14373,pca_r64_l001,1.9494974640793399,0.8641362336182541,1.122385380252251,0.21976743926311576,0.5318015532635145,0.5197370713734665,0.6117092966030773,
am_9db,validation,severe_4x,14373,pca_r64_l1,2.5614535325670373,1.135392504481129,1.2731109864882266,0.14074262975607904,0.6547027721111316,-0.250990500329739,0.2883965037014314,
am_9db,validation,severe_4x,14373,template_1,3.902276031572573,1.7297268524811347,1.7644048172776263,0.16482043273412134,0.9885356863906626,0.572599917703377,0.5872852088463089,
am_9db,validation,severe_4x,14373,dictionary_8,2.6501169567955873,1.1746935443051227,1.3620174579777302,0.13371541767822345,0.6750609731057832,-0.05550663000706655,0.29087160055935757,
am_9db,validation,severe_4x,14373,dictionary_24,2.484573337430087,1.1013145107983546,1.1931620754267582,0.13095264659039005,0.6339525615042053,-0.03059900675254886,0.35392293750866066,
am_9db,validation,severe_4x,14373,dictionary_48,2.128356252105169,0.9434173623614281,1.0558333508331033,0.13040416189332057,0.5468648723326022,0.3385125519717564,0.5556346585844257,
am_9db,validation,severe_4x,14373,local_pca_8,2.718172400369963,1.2048598696126314,1.3282549195469338,0.34941653449889776,0.7591047324336782,-0.36408593608309914,-0.2116072605149633,
am_9db,validation,severe_4x,14373,local_pca_16,2.703970592041509,1.1985647615729222,1.3319890200997688,0.34941653449889776,0.7559280588018776,-0.3684115653496045,-0.21128481242131955,
am_9db,validation,severe_4x,14373,local_pca_32,2.7062751887150878,1.199586299444199,1.358202598914229,0.34941653449889776,0.756443327180446,-0.3684082489250689,-0.21178633538815703,
am_9db,validation,severe_4x,14373,local_dictionary_8,1.9697276003382758,0.8731034644428588,1.0244009895145294,0.34941653449889776,0.5974532166963301,0.5038391881364419,0.41902376789479334,
am_9db,validation,severe_4x,14373,local_dictionary_24,1.472011915714959,0.6524855026101986,0.7462917794168075,0.34941653449889776,0.4998873497302364,0.7949194597083962,0.6875191232735972,
am_9db,validation,severe_4x,14486,zero_fill,2.7021026623260918,1.0,1.5735369398845345,1.534796679835824,1.6323941681674912,,0.44283038833838567,
am_9db,validation,severe_4x,14486,linear,2.7092626761114476,1.0026497933943013,1.5905518127715188,1.534796679835824,1.6331357294843978,-0.01785532760248978,0.4410352251781244,
am_9db,validation,severe_4x,14486,pchip,2.710221465035692,1.0030046240739836,1.5965181234717236,1.534796679835824,1.6332351544569874,-0.020681120586294854,0.4408081266253538,
am_9db,validation,severe_4x,14486,autoregression,2.782127057259055,1.0296156012311073,1.6657430947543952,1.534796679835824,1.6407742777660441,-0.05412911241760719,0.4229951570059125,
am_9db,validation,severe_4x,14486,pca_r32_l01,4.172894108820883,1.544313680971939,2.5485848917142495,1.129441930121881,1.5113659249622844,0.3887766147185374,0.7174614402186154,
am_9db,validation,severe_4x,14486,pca_r64_l01,2.5785420532999073,0.9542724224549566,1.6820683950003374,0.8731799448055798,1.0631770595953265,0.41770535282269633,0.8316233479238273,
am_9db,validation,severe_4x,14486,pca_r96_l01,2.6919183092924843,0.9962309525927338,1.6558602628385444,0.6879802955400199,0.9469087036798381,0.2986652414804237,0.8533233278695428,
am_9db,validation,severe_4x,14486,pca_r64_l001,4.6330037838930895,1.714592065093778,3.1107948557548504,1.565027335019628,1.9072949177425877,0.41602542290432476,0.7022574126085198,
am_9db,validation,severe_4x,14486,pca_r64_l1,2.773350664362344,1.0263676147578045,1.6988760960119604,0.7219727593080413,0.9845730002538555,0.19798238273881438,0.838886461948162,
am_9db,validation,severe_4x,14486,template_1,3.204909586112391,1.1860798743129397,1.7555177378317939,1.443666938275787,1.6111730758443883,-0.29231228350832056,0.4519940914984423,
am_9db,validation,severe_4x,14486,dictionary_8,5.627462073624594,2.0826233407357737,2.9036237890593,1.226646573075188,1.8411656738775535,-0.5545124469833248,0.4225920668994359,
am_9db,validation,severe_4x,14486,dictionary_24,4.3055638366472335,1.593412380912578,2.576038875565694,0.8050835155557442,1.3290097807375794,-0.27204288958184014,0.7124889468451783,
am_9db,validation,severe_4x,14486,dictionary_48,3.893558844120786,1.440936681794701,2.4072367341847576,0.847710093934358,1.273258283965889,-0.10483415801015054,0.7556901274356833,
am_9db,validation,severe_4x,14486,local_pca_8,2.99023935136161,1.1066342493395411,1.9419266815514629,1.534796679835824,1.663496770829401,0.1761684143898084,0.3718374401945986,
am_9db,validation,severe_4x,14486,local_pca_16,2.900809269249445,1.073537771045419,1.85033105057469,1.534796679835824,1.6535701365358215,0.20454823237436612,0.3854934464549854,
am_9db,validation,severe_4x,14486,local_pca_32,2.7237814330974586,1.0080229263949227,1.6809867045701503,1.534796679835824,1.6346444189374272,0.17301352807364012,0.42310204883997105,
am_9db,validation,severe_4x,14486,local_dictionary_8,2.603134578331166,0.9633736773310716,1.7307877010011263,1.534796679835824,1.6223116677951674,0.39991900505725325,0.42667692966480686,
am_9db,validation,severe_4x,14486,local_dictionary_24,2.982714434193484,1.1038494117117774,2.05729195179961,1.534796679835824,1.6626522133791273,0.6125533983285237,0.41361763957414005,
am_9db,validation,severe_4x,14599,zero_fill,1.911207769728218,1.0,1.0250617205751518,0.9683301026372818,1.0523088589552867,,0.3230739988835409,
am_9db,validation,severe_4x,14599,linear,1.911559188124365,1.0001838724191652,1.0260395491789611,0.9683301026372818,1.052348752339428,-0.0018625137927440036,0.32285261861577447,
am_9db,validation,severe_4x,14599,pchip,1.9121454057641765,1.0004905986940875,1.0252546385247376,0.9683301026372818,1.0524153133354714,-0.01387259507427503,0.322620649919033,
am_9db,validation,severe_4x,14599,autoregression,1.9018570640912433,0.9951074363629736,0.9991003582084261,0.9683301026372818,1.051249497839853,0.13011377390248594,0.3263569006016393,
am_9db,validation,severe_4x,14599,pca_r32_l01,3.1401694446850024,1.6430288189606659,2.126275130430276,0.72950493736382,1.056034029574396,0.26262005244706005,0.5866869117997362,
am_9db,validation,severe_4x,14599,pca_r64_l01,2.118964649082565,1.1087044970437154,1.5626622000642971,0.7560480937659279,0.9036088058919634,0.328480615845507,0.6590559322968281,
am_9db,validation,severe_4x,14599,pca_r96_l01,1.790526753119031,0.9368561500635023,1.1407337260506711,0.6236705232326584,0.7516839377721549,0.40722732330434225,0.7426137865033818,
am_9db,validation,severe_4x,14599,pca_r64_l001,5.5587058679713035,2.908478060845146,3.7427009263432973,1.0497729677936265,1.7217280597061522,-0.1701636684423823,0.33305980408065133,
am_9db,validation,severe_4x,14599,pca_r64_l1,1.729558307135198,0.904955669671199,1.0492935511610946,0.6211822564534298,0.740750585292082,0.4278677373507347,0.7518011417967899,
am_9db,validation,severe_4x,14599,template_1,2.4558586998812344,1.2849773524259314,1.2889897745006673,1.0341896964698924,1.174586812406007,0.1305898924478984,0.23541551195023414,
am_9db,validation,severe_4x,14599,dictionary_8,2.781951097721721,1.4555984659466543,1.7510171356158972,0.8246622254353638,1.058898859104801,-0.17852367839738484,0.4216773102652474,
am_9db,validation,severe_4x,14599,dictionary_24,2.912155275298387,1.5237251132107463,1.7791689798116823,0.7190114936270677,1.0073266372857177,-0.1348334629915976,0.5127731780356578,
am_9db,validation,severe_4x,14599,dictionary_48,2.637177127902421,1.3798484757507234,1.5463349566384732,0.7189083730831769,0.9587472926059611,-0.044602134058352165,0.564912327106654,
am_9db,validation,severe_4x,14599,local_pca_8,2.1458703464625724,1.122782347608248,1.350203188532664,0.9683301026372818,1.0802114190903305,0.02544092134670091,0.2495716933296764,
am_9db,validation,severe_4x,14599,local_pca_16,1.8463986475509617,0.966089965097582,1.1265877395735915,0.9683301026372818,1.0450519060308965,0.3000808681387035,0.3362316230921155,
am_9db,validation,severe_4x,14599,local_pca_32,2.1528737994534763,1.1264467597678427,1.5039993338536686,0.9683301026372818,1.0810820219656143,0.19934704440289402,0.2696289743053857,
am_9db,validation,severe_4x,14599,local_dictionary_8,2.2815522146282015,1.19377508336137,1.2085905348532555,0.9683301026372818,1.097452399969407,0.058154694027884216,0.2288738588523279,
am_9db,validation,severe_4x,14599,local_dictionary_24,2.1705204316880415,1.1356799956902117,1.3872278241307676,0.9683301026372818,1.083285129809962,0.32751196900573465,0.29236548559843367,
am_9db,test,severe_4x,16000,zero_fill,3.031565950054987,1.0,1.561287158328904,0.9402407045532619,1.18456692632305,,0.2641067342347477,True
am_9db,test,severe_4x,16000,linear,3.033656922382746,1.0006897334124367,1.564443708550943,0.9402407045532619,1.1849014479114648,0.014983915815228179,0.2628307414862166,False
am_9db,test,severe_4x,16000,pchip,3.0355270684863127,1.001306624528902,1.5660087329455168,0.9402407045532619,1.1852007562274873,0.012791939062185512,0.2617151199004011,False
am_9db,test,severe_4x,16000,autoregression,3.036465658650213,1.001616230250619,1.5595510683573965,0.9402407045532619,1.1853510143003074,-0.04723687126998332,0.2612630834989792,False
am_9db,test,severe_4x,16000,pca_r32_l01,2.4416792533267992,0.8054184845566403,1.627357794233344,0.6992366297690602,0.9115843194093602,0.595401360005832,0.6788179459414838,False
am_9db,test,severe_4x,16000,pca_r64_l01,2.5196897480628655,0.8311512233527899,1.4689907130231727,0.48827990315965525,0.787602984692206,0.5743487825919238,0.7704037939099989,False
am_9db,test,severe_4x,16000,pca_r96_l01,2.561459732970763,0.8449295760576485,1.4298337117340392,0.47813501922689033,0.7901848048398683,0.5870562698655417,0.7694229440010443,False
am_9db,test,severe_4x,16000,pca_r64_l001,2.4468032461894236,0.807108697782096,1.5267288186183412,0.626367603215169,0.8613902912198771,0.6135745553830838,0.7274924345446043,False
am_9db,test,severe_4x,16000,pca_r64_l1,2.782638349749079,0.9178881131379005,1.5234659305023808,0.5791120424602715,0.8935056502105865,0.40252120647926615,0.6934506721413443,False
am_9db,test,severe_4x,16000,template_1,3.254907396616824,1.0736719735745106,1.5979772928212583,0.8834422480653973,1.1806109447430586,0.14510747382806113,0.3623633193909008,False
am_9db,test,severe_4x,16000,dictionary_8,3.139545296949136,1.0356183400503591,1.9541872530276707,0.6967722166711858,1.0349854316749043,0.19757249313738878,0.5503229197448039,False
am_9db,test,severe_4x,16000,dictionary_24,3.1234183924830825,1.0302986786173758,1.8093098975046749,0.6357531534156002,0.9943111162907525,0.22880376510362438,0.5992448822203896,False
am_9db,test,severe_4x,16000,dictionary_48,2.9417804115605097,0.9703831155337891,1.775400959133556,0.6343954218846802,0.9582188965557642,0.3543789720735717,0.634106022562747,False
am_9db,test,severe_4x,16000,local_pca_8,2.719836471826359,0.8971721270906298,1.6066007576953076,0.9402407045532619,1.136285042665326,0.45388808644469547,0.3846818721717031,False
am_9db,test,severe_4x,16000,local_pca_16,2.9600659846004915,0.9764148408339265,1.9308881210391378,0.9402407045532619,1.173210855160718,0.27887742450036046,0.299235947336743,False
am_9db,test,severe_4x,16000,local_pca_32,2.7481725923141074,0.9065191513528711,1.5541077793397644,0.9402407045532619,1.1405382866937397,0.4408765675558923,0.37789119221037715,False
am_9db,test,severe_4x,16000,local_dictionary_8,3.0595357079720484,1.0092261749794866,1.675585561768444,0.9402407045532619,1.189052865883132,0.19062640099096076,0.2609799723584994,False
am_9db,test,severe_4x,16000,local_dictionary_24,2.994181876726,0.9876683951644499,1.6348053274649779,0.9402407045532619,1.1786091869338158,0.3856849098168217,0.33023623431970894,False
am_9db,test,severe_4x,16102,zero_fill,2.9818643233206292,1.0,1.44106430220436,0.3472488070258492,0.8177805654791176,,0.08864644899846748,True
am_9db,test,severe_4x,16102,linear,2.983932671915428,1.000693642758533,1.44948587027317,0.3472488070258492,0.8182519553993393,0.00042138995287108964,0.08752382118208493,False
am_9db,test,severe_4x,16102,pchip,2.982647246444528,1.000262561618842,1.4501981126837258,0.3472488070258492,0.8179589921886464,0.009162784505542525,0.08908347879014634,False
am_9db,test,severe_4x,16102,autoregression,2.9845844226282106,1.0009122143104594,1.4410397361996357,0.3472488070258492,0.8184005050061103,-0.08224847004430376,0.08451600208808906,False
am_9db,test,severe_4x,16102,pca_r32_l01,3.2229841946479048,1.0808621201982667,1.506691788957538,0.15059191269487618,0.8188328576961968,-0.061439714350956603,0.25060557254581056,False
am_9db,test,severe_4x,16102,pca_r64_l01,3.2301644807829466,1.0832701057256047,1.5317834917445694,0.14511515570950367,0.8196736659778341,-0.03740796970223872,0.25619736270015736,False
am_9db,test,severe_4x,16102,pca_r96_l01,3.1948078371985638,1.0714128782495371,1.5150270789306823,0.14763358049570646,0.8113927928250556,-0.035462173959622034,0.2686994324623478,False
am_9db,test,severe_4x,16102,pca_r64_l001,4.319564963968161,1.4486121753379635,2.202871660450294,0.1778893040975619,1.0935409956200197,0.17845795888839777,0.27407578408719424,False
am_9db,test,severe_4x,16102,pca_r64_l1,3.230451536188697,1.083366372817137,1.477062388024472,0.13900594609928302,0.818751218450554,-0.18587411093812262,0.22599999173812146,False
am_9db,test,severe_4x,16102,template_1,3.0688463343401025,1.0291703449882688,1.5496275257221837,0.14470725329379622,0.7799006611874604,0.5219805586328887,0.5785447908320231,False
am_9db,test,severe_4x,16102,dictionary_8,3.701513068776547,1.2413418812612207,1.6696944823365345,0.12926736576650752,0.9338043751271847,-0.18956478271120641,0.09245118673165825,False
am_9db,test,severe_4x,16102,dictionary_24,3.2589480581339987,1.0929229853438827,1.5140339135984648,0.12201657616596039,0.8232581277500512,0.08058418637747049,0.3006223795970664,False
am_9db,test,severe_4x,16102,dictionary_48,3.304047651003042,1.1080476147632454,1.5253704854492731,0.1207842643662001,0.8342497923986849,-0.00824229464738663,0.25609621188296544,False
am_9db,test,severe_4x,16102,local_pca_8,3.132444241064196,1.050498581228498,1.4481529116102314,0.3472488070258492,0.852237237110704,-0.009430503867138286,0.04014864674398928,False
am_9db,test,severe_4x,16102,local_pca_16,3.1035760622336603,1.0408173296018686,1.4399259001690625,0.3472488070258492,0.8456103706710513,0.009277667596554004,0.056131738086158574,False
am_9db,test,severe_4x,16102,local_pca_32,3.144836408631788,1.0546544267747473,1.4681762573202506,0.3472488070258492,0.8550848659186269,-0.046503482967734135,0.014584096752437973,False
am_9db,test,severe_4x,16102,local_dictionary_8,3.0544487773732008,1.0243419707211028,1.3889398744323653,0.3472488070258492,0.8343554152499166,0.16426245191388372,0.1731583057985584,False
am_9db,test,severe_4x,16102,local_dictionary_24,3.1343145279858806,1.0511258018927843,1.4353330832548057,0.3472488070258492,0.8526669033852143,0.07880273678275741,0.1032240665084676,False
am_9db,test,severe_4x,16205,zero_fill,4.205795800967018,1.0,2.0340587276244912,0.343244952677832,1.1027231855307653,,0.0626225682365365,True
am_9db,test,severe_4x,16205,linear,4.207291965506145,1.0003557387495567,2.0443745825728854,0.343244952677832,1.1030798403247684,0.0015012216306260796,0.06053532082009852,False
am_9db,test,severe_4x,16205,pchip,4.207657824148658,1.000442727909237,2.05286681558791,0.343244952677832,1.103167055238052,0.005667908325516142,0.06020901353752133,False
am_9db,test,severe_4x,16205,autoregression,4.206491355297883,1.0001653799575112,2.03565928961289,0.343244952677832,1.1028889899168777,-0.014807851962765869,0.061554676962542895,False
am_9db,test,severe_4x,16205,pca_r32_l01,4.826583111163578,1.1476028175342763,2.328612587102598,0.14050707244409621,1.2142908962145265,-0.45380145232273583,-0.07661723575889272,False
am_9db,test,severe_4x,16205,pca_r64_l01,4.7639752094908525,1.1327167163930059,2.2884666090748618,0.14044457082998424,1.1987318809573746,-0.4508213980028021,-0.05215966916095793,False
am_9db,test,severe_4x,16205,pca_r96_l01,4.752820683004692,1.130064536635825,2.2792366557772636,0.1358398762168409,1.1954625549435949,-0.4668561934290199,-0.05148436655889062,False
am_9db,test,severe_4x,16205,pca_r64_l001,5.853768474768503,1.3918337341586045,2.804976831131352,0.2358829927926767,1.4811570044758509,-0.4956092262404011,-0.2800254496319794,False
am_9db,test,severe_4x,16205,pca_r64_l1,4.569060533187488,1.0863724130726808,2.1839667939263347,0.12045585796818342,1.148203987803188,-0.3693296365983155,0.04627717574338471,False
am_9db,test,severe_4x,16205,template_1,5.310393387405473,1.262636998730295,2.5279209381244936,0.14974186402710912,1.3354918877663222,-0.3488623576482468,-0.15348414315589498,False
am_9db,test,severe_4x,16205,dictionary_8,5.176670162304734,1.2308420111871545,2.4849968710096406,0.11776054119462118,1.299180682806304,-0.7885870660428849,-0.3154052214467239,False
am_9db,test,severe_4x,16205,dictionary_24,5.181988671202426,1.2321065777874798,2.4461213870451752,0.11109183652326717,1.2999549879371295,-0.7608500572482302,-0.30273774581902196,False
am_9db,test,severe_4x,16205,dictionary_48,5.259360016560437,1.2505029405733814,2.4558148731631415,0.10929482739314306,1.3190917370774968,-0.7401040917661788,-0.31931556715861403,False
am_9db,test,severe_4x,16205,local_pca_8,4.550484327528361,1.081955601953402,2.17327644117585,0.343244952677832,1.1851730906855795,-0.3287108889447223,-0.22550089654268332,False
am_9db,test,severe_4x,16205,local_pca_16,4.5952502051357556,1.0925994562263799,2.1960364084133452,0.343244952677832,1.1959196490275357,-0.38011865216811963,-0.26760631136279456,False
am_9db,test,severe_4x,16205,local_pca_32,4.578230707667617,1.0885527791470444,2.1968722224130186,0.343244952677832,1.1918329600795794,-0.3642463580701413,-0.2537900132643554,False
am_9db,test,severe_4x,16205,local_dictionary_8,5.194960057119111,1.2351907469983825,2.4222669387558033,0.343244952677832,1.3405891069354805,-0.6083728756434851,-0.5167412417347171,False
am_9db,test,severe_4x,16205,local_dictionary_24,4.793446038101446,1.1397239107517565,2.289444940947547,0.343244952677832,1.243593115313258,-0.07030933347723825,-0.04782095210496948,False
am_9db,test,severe_4x,16308,zero_fill,2.6719744980002345,1.0,1.3401961009377121,0.775443468247495,1.0049607052230687,,0.23634776051412443,True
am_9db,test,severe_4x,16308,linear,2.6726437201284434,1.0002504597737403,1.3427761365867086,0.775443468247495,1.0050719203574925,0.002212594998726803,0.23575403639427456,False
am_9db,test,severe_4x,16308,pchip,2.6728403263673246,1.00032404065523,1.3457074810777185,0.775443468247495,1.0051045964528686,0.0027152428918536154,0.23557640140283792,False
am_9db,test,severe_4x,16308,autoregression,2.672343061451357,1.0001379367398149,1.3431445119168504,0.775443468247495,1.0050219532677747,-0.007316666105389115,0.23605124501597463,False
am_9db,test,severe_4x,16308,pca_r32_l01,2.885600314659742,1.0799505447448656,1.8445621688358453,0.642985931004378,0.9528953506290678,0.3779993250305975,0.5273964865080555,False
am_9db,test,severe_4x,16308,pca_r64_l01,2.702838064188838,1.0115508460921698,1.5751757583093386,0.6196291728722264,0.9036190527312539,0.19095112278901638,0.4996611921982529,False
am_9db,test,severe_4x,16308,pca_r96_l01,2.6150682736125406,0.9787025570677101,1.4193487714215554,0.6264694261055376,0.8918219133930937,0.2218503806894107,0.5136928874851523,False
am_9db,test,severe_4x,16308,pca_r64_l001,4.1817474247129685,1.5650401707960468,2.4445906360399032,0.8624021501794443,1.3379806041570044,0.023071501582110663,0.23484777057204806,False
am_9db,test,severe_4x,16308,pca_r64_l1,2.8345981937824494,1.0608627424789894,1.470143599008979,0.598251754637068,0.915270600324355,0.0007372648954136598,0.46537642698077347,False
am_9db,test,severe_4x,16308,template_1,3.5129776514570534,1.314749693189903,1.6517297279867966,0.7215062916612127,1.1222071420095936,0.07432536194270578,0.21202142073587996,False
am_9db,test,severe_4x,16308,dictionary_8,3.6697752809224555,1.3734320008177463,1.810384938275819,0.6923896942628732,1.136285146411625,-0.3211191148892404,0.0953064493558125,False
am_9db,test,severe_4x,16308,dictionary_24,3.6830727389596363,1.3784086418924022,1.832029594676893,0.6614539363592873,1.1216016574899033,-0.47237551453652504,0.11850223793921369,False
am_9db,test,severe_4x,16308,dictionary_48,4.033128019864084,1.509418605186003,1.978306679604382,0.6584649213450422,1.192941805324179,-0.48677234150688103,0.05506553334084334,False
am_9db,test,severe_4x,16308,local_pca_8,2.6274182012771328,0.9833245800974341,1.3675391151335283,0.775443468247495,0.9975913175969757,0.19720786404581636,0.2623046537000063,False
am_9db,test,severe_4x,16308,local_pca_16,2.6374450800698725,0.9870771903114328,1.4083529721002546,0.775443468247495,0.9992436244824237,0.18463564678705705,0.25668322974281305,False
am_9db,test,severe_4x,16308,local_pca_32,2.6932441144078423,1.007960261755315,1.5247184506797025,0.775443468247495,1.0085029885462673,0.13240789095695504,0.22809795529470184,False
am_9db,test,severe_4x,16308,local_dictionary_8,2.12488056393178,0.7952473219793408,0.9918625862986087,0.775443468247495,0.9197420153802164,0.6110552757690197,0.46027948959208964,False
am_9db,test,severe_4x,16308,local_dictionary_24,2.4621486090809737,0.9214715974735914,1.329277453207635,0.775443468247495,0.970884402230607,0.39051934428300145,0.34342140498480817,False
am_9db,test,severe_4x,16411,zero_fill,3.918828062539877,1.0,1.8391122040106016,0.33784319220095194,1.03287474196711,,0.06778422311268802,True
am_9db,test,severe_4x,16411,linear,3.9203281597133364,1.0003827922913482,1.8432880280888635,0.33784319220095194,1.033230468530294,0.004222040859804947,0.06908601218577835,False
am_9db,test,severe_4x,16411,pchip,3.922866892179023,1.0010306218018987,1.8535000286440764,0.33784319220095194,1.033832523655979,-0.0018274011453648595,0.06758765540878066,False
am_9db,test,severe_4x,16411,autoregression,3.9121763017110296,0.9983026147810792,1.8378196372933417,0.33784319220095194,1.0312975368867043,0.1493743032635146,0.07918214709031897,False
am_9db,test,severe_4x,16411,pca_r32_l01,3.530326935834567,0.9008629313393469,1.5648896354791422,0.1339609319226104,0.8920619107965089,0.4853698951566128,0.5190005918858701,False
am_9db,test,severe_4x,16411,pca_r64_l01,3.516204213396233,0.8972591186144833,1.5927258426254536,0.14247044336578277,0.8898089499577304,0.5076145551607932,0.525123199078035,False
am_9db,test,severe_4x,16411,pca_r96_l01,3.599867162732525,0.9186080902971215,1.6150727326884284,0.14300152499029808,0.9105556384552779,0.4393691070227221,0.4815314954452928,False
am_9db,test,severe_4x,16411,pca_r64_l001,2.4662213929193433,0.6293262561054879,1.3832950883864399,0.2632796674911711,0.6671764528877907,0.7902273426939465,0.7648607225954102,False
am_9db,test,severe_4x,16411,pca_r64_l1,3.7523467969837148,0.9575175887027149,1.6657777935031346,0.133619239325336,0.9469661425310492,0.3038137866978246,0.4014507889453844,False
am_9db,test,severe_4x,16411,template_1,4.451883698753729,1.1360242469705006,2.1799922718943483,0.176176173105048,1.1259673376362402,0.2672563905323728,0.33108334552454516,False
am_9db,test,severe_4x,16411,dictionary_8,4.138091141545363,1.0559511863001658,1.8875252949653047,0.12569903472285274,1.0416573934627589,0.04540134027134096,0.2190672694644554,False
am_9db,test,severe_4x,16411,dictionary_24,3.597751278911663,0.9180681625975401,1.653018594040505,0.12144944579238315,0.9070923252059178,0.41851319650682295,0.48527559882996874,False
am_9db,test,severe_4x,16411,dictionary_48,3.4881064271934235,0.8900891724585402,1.6156702050678335,0.12458778450194916,0.8803308393771142,0.46853800539910634,0.5281859165926681,False
am_9db,test,severe_4x,16411,local_pca_8,3.654664824202275,0.9325912660311021,1.6240990016133647,0.33784319220095194,0.9704588256016258,0.3946619383467668,0.3549007156462134,False
am_9db,test,severe_4x,16411,local_pca_16,3.7368144467517346,0.953554069511747,1.6416836021208292,0.33784319220095194,0.9898185612525285,0.31087414679144376,0.2869123296117718,False
am_9db,test,severe_4x,16411,local_pca_32,3.746545386352478,0.9560371944270147,1.6738614673346366,0.33784319220095194,0.992114933795065,0.30292390717399353,0.27918945399809597,False
am_9db,test,severe_4x,16411,local_dictionary_8,3.6564506614585044,0.9330469729995452,1.724868281316475,0.33784319220095194,0.9708791691499343,0.3644642392007439,0.3493851264570981,False
am_9db,test,severe_4x,16411,local_dictionary_24,4.31001197088028,1.0998216563976704,1.9693828329738348,0.33784319220095194,1.1260626516450822,0.16196200134177396,0.16482111201158295,False
am_9db,test,severe_4x,16514,zero_fill,4.2361055246630155,1.0,1.8965461798185719,0.340622810102388,1.109193076562621,,0.07174491055232812,True
am_9db,test,severe_4x,16514,linear,4.244426118242248,1.0019642082877278,1.9543055653659798,0.340622810102388,1.111179315936667,-0.004236953767464782,0.062354063579956515,False
am_9db,test,severe_4x,16514,pchip,4.245880522270192,1.002307543461858,1.973692806318965,0.340622810102388,1.1115265373244612,-0.005810201746799111,0.06099177735937688,False
am_9db,test,severe_4x,16514,autoregression,4.233147660387647,0.9993017491518689,1.896693354996882,0.340622810102388,1.1084870769453097,0.06272262058194525,0.07704320863635838,False
am_9db,test,severe_4x,16514,pca_r32_l01,4.273906389741443,1.0089234946717798,1.9175901024404711,0.13874214475545857,1.0768883579915245,0.05428516000527666,0.2585934694808105,False
am_9db,test,severe_4x,16514,pca_r64_l01,4.308491054717372,1.0170877542197476,1.9675759398987223,0.13890466639582805,1.0854870094736755,0.016536305286494062,0.23771899020165393,False
am_9db,test,severe_4x,16514,pca_r96_l01,4.289747051515973,1.0126629345139424,1.9477262911812356,0.1372020640563323,1.080633375089285,0.0412627299062924,0.2507430446069064,False
am_9db,test,severe_4x,16514,pca_r64_l001,4.3402012657641995,1.0245734532568012,2.2877734503801994,0.2549917027729935,1.1127853160703107,0.11137765957263901,0.23820685127559701,False
am_9db,test,severe_4x,16514,pca_r64_l1,4.340627269725818,1.0246740182590512,1.8968740802389696,0.13173592912714774,1.0926275789362168,-0.041894501643124755,0.21511630957211722,False
am_9db,test,severe_4x,16514,template_1,4.354041833548688,1.0278407391409483,1.970519293212214,0.1341985166040335,1.0962384240031018,0.18512819745774295,0.291345255283228,False
am_9db,test,severe_4x,16514,dictionary_8,4.287496482353309,1.0121316519126096,1.7899724796427918,0.1153057888135638,1.0776727663175627,0.10022197670277322,0.2684172779969566,False
am_9db,test,severe_4x,16514,dictionary_24,4.368390683123942,1.0312280130159057,1.8404449415679371,0.11343763707786549,1.0976070170771275,0.04864546033560995,0.2289041017118677,False
am_9db,test,severe_4x,16514,dictionary_48,4.2771198192245095,1.0096820757468634,1.811300363589392,0.11520336997503379,1.0750822990243345,0.09470882330440937,0.27043899428758333,False
am_9db,test,severe_4x,16514,local_pca_8,4.322425772483088,1.020377265702544,1.9132747252557425,0.340622810102388,1.1298153344699946,-0.013997518819865454,0.030272483661164227,False
am_9db,test,severe_4x,16514,local_pca_16,4.31157577821013,1.017815952201313,1.9044846735744057,0.340622810102388,1.1272212563611623,-0.003289048530988811,0.03913554563247233,False
am_9db,test,severe_4x,16514,local_pca_32,4.308624284344105,1.017119205189502,1.923982597160252,0.340622810102388,1.1265156929962867,-0.0027544770190154424,0.04007533333557185,False
am_9db,test,severe_4x,16514,local_dictionary_8,4.651113796047553,1.0979692949026691,1.9539596279115692,0.340622810102388,1.2086464026239898,-0.22517411889662553,-0.16391472912562724,False
am_9db,test,severe_4x,16514,local_dictionary_24,4.490984616030349,1.0601682582937093,1.92952942814782,0.340622810102388,1.1701843151522107,-0.06425917456543032,-0.026470440103849188,False
am_9db,test,severe_4x,16616,zero_fill,3.00925037239747,1.0,1.3862902789627556,0.3405287523739619,0.8213930724565895,,0.08561266646614724,True
am_9db,test,severe_4x,16616,linear,3.0118237853821936,1.0008551674557653,1.3984877533349207,0.3405287523739619,0.8219823592273146,2.475046660401283e-05,0.08303896661153579,False
am_9db,test,severe_4x,16616,pchip,3.012193367794555,1.0009779828970298,1.4058321272981313,0.3405287523739619,0.8220669966951452,0.002917652978423658,0.08305117039100406,False
am_9db,test,severe_4x,16616,autoregression,3.0124687061215774,1.0010694802112938,1.3895687650013393,0.3405287523739619,0.8221300525640058,-0.07949592191162418,0.08061003781962116,False
am_9db,test,severe_4x,16616,pca_r32_l01,3.03420890033596,1.0082939353160587,1.3945840343391958,0.1276254989495293,0.7685517090040893,0.06994905432538182,0.36012444670168253,False
am_9db,test,severe_4x,16616,pca_r64_l01,2.9716797933402024,0.9875149707043701,1.4046295009110576,0.13622574025719691,0.7545380448814273,0.17022275586145857,0.39797079647572914,False
am_9db,test,severe_4x,16616,pca_r96_l01,2.991111278033487,0.9939722216102838,1.4031898445863877,0.13475726753322245,0.7590758976740414,0.14216486640140658,0.3862400114637658,False
am_9db,test,severe_4x,16616,pca_r64_l001,2.6640616428811543,0.885290791127724,1.4863710234613463,0.21562703103459122,0.6979724960896796,0.46846287473340165,0.5294756270097035,False
am_9db,test,severe_4x,16616,pca_r64_l1,3.105755805422717,1.0320695924508139,1.427116437215651,0.12518623958491554,0.7858432191616723,-0.00014922807895829889,0.3188122789610906,False
am_9db,test,severe_4x,16616,template_1,5.000730093615842,1.6617859848038368,2.2039640725667295,0.1573293302035232,1.2594291673544369,-0.25503579561331935,-0.09476273585194186,False
am_9db,test,severe_4x,16616,dictionary_8,4.539683732452649,1.5085762800241451,2.0633694578206443,0.12194243600840407,1.1410460594392697,-0.5224024992349958,-0.23163992782505896,False
am_9db,test,severe_4x,16616,dictionary_24,3.7255265464489784,1.238024785382298,1.7318845872917508,0.11688764806444918,0.9382326764436765,-0.2789929262934851,0.041960554713384,False
am_9db,test,severe_4x,16616,dictionary_48,3.5914735627485923,1.1934778161669761,1.6836059457864092,0.11714135967946435,0.90500393038288,-0.15195346789746023,0.12741667670850107,False
am_9db,test,severe_4x,16616,local_pca_8,3.0083141831098095,0.9996888961795111,1.3981969398011838,0.3405287523739619,0.8211787142653597,0.11975328588655097,0.13963479973521403,False
am_9db,test,severe_4x,16616,local_pca_16,3.0027706082397803,0.9978467181670473,1.3912877458485922,0.3405287523739619,0.8199096289229536,0.12617594848131672,0.14422000335098345,False
am_9db,test,severe_4x,16616,local_pca_32,3.0105535283723306,1.0004330500335943,1.3998890471209984,0.3405287523739619,0.82169147247825,0.11739936054635962,0.13795220164187796,False
am_9db,test,severe_4x,16616,local_dictionary_8,3.575954943899979,1.1883208445201638,1.6379286339408248,0.3405287523739619,0.9528526653129279,-0.16420671887544394,-0.10998877605102747,False
am_9db,test,severe_4x,16616,local_dictionary_24,5.118544249663314,1.7009366507398218,2.272456216710706,0.3405287523739619,1.3214313428925728,-0.37445830586058615,-0.32223354795834164,False
am_9db,test,severe_4x,16719,zero_fill,3.2227408032435845,1.0,1.5708769873181692,0.956352217087425,1.227426212950589,,0.15789435901826654,True
am_9db,test,severe_4x,16719,linear,3.2236219072491203,1.0002734020696449,1.5812650704176998,0.956352217087425,1.2275708138386803,0.001185237149834019,0.15746561939562526,False
am_9db,test,severe_4x,16719,pchip,3.2233729669810423,1.00019615717678,1.5838573526364195,0.956352217087425,1.2275299571493323,0.0063576872814793605,0.15765533534285758,False
am_9db,test,severe_4x,16719,autoregression,3.221451685039723,0.9995999932099522,1.5735196917286973,0.956352217087425,1.2272146920457156,0.03751476152533071,0.15876814236563772,False
am_9db,test,severe_4x,16719,pca_r32_l01,6.045159505114596,1.8757820979677728,3.0859069593319384,1.0863600477640727,1.8413077170680001,0.1500627205497395,0.24354021103168988,False
am_9db,test,severe_4x,16719,pca_r64_l01,3.7082517995622353,1.1506515807383577,2.1925188110945326,0.6907463775783848,1.1431341178155086,0.07662570285784347,0.4710342601897608,False
am_9db,test,severe_4x,16719,pca_r96_l01,2.9813002472433903,0.9250822294622043,1.5901857341398662,0.7210422106343624,1.021233298730046,0.3801877520683282,0.569548611999329,False
am_9db,test,severe_4x,16719,pca_r64_l001,5.875158983444546,1.8230318049566345,3.5368970999389777,1.0705856616266385,1.797738126854781,0.14540346771797072,0.33981349269736805,False
am_9db,test,severe_4x,16719,pca_r64_l1,2.9477028200878816,0.9146571195304053,1.4984775887832735,0.7447873899409871,1.0310666733649148,0.4295842062096099,0.5777065514683299,False
am_9db,test,severe_4x,16719,template_1,4.226297599859945,1.311398544867869,2.0503805804893505,0.8962291129994233,1.3672506799092732,0.4863160799061656,0.40160158739203383,False
am_9db,test,severe_4x,16719,dictionary_8,3.026106038736249,0.938985237562565,1.5650026655775908,0.8397548003477034,1.1106062428996033,0.4385000343578319,0.4698009632210622,False
am_9db,test,severe_4x,16719,dictionary_24,3.0680998252376446,0.9520156948860737,1.4759446627543964,0.7852905349367918,1.0800305233401668,0.3450566279371623,0.49664031100655404,False
am_9db,test,severe_4x,16719,dictionary_48,2.6022072345875196,0.8074516051580947,1.277886933429936,0.7812725765949912,0.9977250709686472,0.5947736933686497,0.5961335800575415,False
am_9db,test,severe_4x,16719,local_pca_8,2.7837748841213075,0.8637911188264126,1.3436173749417657,0.956352217087425,1.1583540599808284,0.606326302366812,0.37680881358026785,False
am_9db,test,severe_4x,16719,local_pca_16,2.8518867105060535,0.8849258704378961,1.5082813850126242,0.956352217087425,1.1686638004704757,0.5203873810242388,0.3453390585396083,False
am_9db,test,severe_4x,16719,local_pca_32,2.898573927144195,0.8994126751449804,1.5651882850720717,0.956352217087425,1.1758208371718621,0.47663820862138706,0.32570377659089167,False
am_9db,test,severe_4x,16719,local_dictionary_8,3.505087483664605,1.0876107318766832,1.6868731126679313,0.956352217087425,1.2748720944437615,0.01769769614625028,0.09987785098327451,False
am_9db,test,severe_4x,16719,local_dictionary_24,3.144125034336067,0.9756059287087584,1.5371385454857616,0.956352217087425,1.214615826055179,0.23943108259019397,0.2213872328209282,False
am_9db,test,severe_4x,16822,zero_fill,2.7838297955174713,1.0,1.4746987024185338,0.3433090115636312,0.7712661866908698,,0.10693351064794102,True
am_9db,test,severe_4x,16822,linear,2.8060223332755543,1.0079719449061928,1.4980332227422741,0.3433090115636312,0.7762762675166436,-0.0073034092653887165,0.09182075205072822,False
am_9db,test,severe_4x,16822,pchip,2.821107356157856,1.0133907470565942,1.517996699739072,0.3433090115636312,0.7796859494485556,-0.0071500817594146665,0.08515449523202676,False
am_9db,test,severe_4x,16822,autoregression,2.7660566437637106,0.9936155752832379,1.4649780183371326,0.3433090115636312,0.7672591445292997,0.2084727922249996,0.134800650566087,False
am_9db,test,severe_4x,16822,pca_r32_l01,2.8493203132615657,1.0235253311281987,1.5624952999145085,0.17241879915973418,0.731631305804034,0.1613060206119272,0.37839835270954975,False
am_9db,test,severe_4x,16822,pca_r64_l01,2.9133610929506495,1.0465298911742915,1.5849568718207256,0.19697450378513037,0.7528967884544161,0.10800859194813334,0.3385348212361114,False
am_9db,test,severe_4x,16822,pca_r96_l01,2.7676530063431564,0.9941890164404581,1.4595333388487788,0.1564219291004719,0.708295509571791,0.18167839971824143,0.41544273384818386,False
am_9db,test,severe_4x,16822,pca_r64_l001,5.517572078346285,1.9820076957401245,3.261378129280435,0.4214766922310526,1.4384940187388031,0.19060001370902574,0.2512138826332313,False
am_9db,test,severe_4x,16822,pca_r64_l1,2.923253373796853,1.050083370220364,1.4403383858899992,0.15003673436491838,0.745112223607039,-0.044239335939901515,0.3133315331134821,False
am_9db,test,severe_4x,16822,template_1,4.539256724898919,1.6305798336550745,2.287619488353416,0.14898345458346865,1.1439458209590398,-0.1692132514695672,0.008661367056453456,False
am_9db,test,severe_4x,16822,dictionary_8,3.5123981299033225,1.2617143963179767,1.7042031202479713,0.11813602147084405,0.8855182951414228,0.18532739653072433,0.32592193414406995,False
am_9db,test,severe_4x,16822,dictionary_24,2.982859928979722,1.0714950798294958,1.4380793717729417,0.11060099452058522,0.7533650366749114,0.1920477899210979,0.3867144202053355,False
am_9db,test,severe_4x,16822,dictionary_48,3.046968196987732,1.0945238828515906,1.4729820247511212,0.11023049853274003,0.7691828714436312,0.21225168129250446,0.38818194173091103,False
am_9db,test,severe_4x,16822,local_pca_8,2.8271744638456813,1.0155701574852039,1.443248784633711,0.3433090115636312,0.7810582408795245,0.18324162122855434,0.19530318390470014,False
am_9db,test,severe_4x,16822,local_pca_16,2.6573065822713096,0.95455066489701,1.3225123800210383,0.3433090115636312,0.7428490102930738,0.3010345411007749,0.28730431762757924,False
am_9db,test,severe_4x,16822,local_pca_32,2.6907905285341363,0.9665786797981877,1.3857345499254032,0.3433090115636312,0.7503444971211964,0.26390300599784283,0.2579707618708718,False
am_9db,test,severe_4x,16822,local_dictionary_8,3.4588358492623326,1.2424738950749639,1.712143172175012,0.3433090115636312,0.9263996705477017,0.2472796170888044,0.23975338817250477,False
am_9db,test,severe_4x,16822,local_dictionary_24,2.9157569733781057,1.0473905330250664,1.411627733510806,0.3433090115636312,0.8011536560296584,0.5301900905345849,0.4888990971165078,False
am_9db,test,severe_4x,16925,zero_fill,4.801175354688775,1.0,2.3219285941818057,0.3625691567103734,1.2505781334905657,,0.057698693513222425,True
am_9db,test,severe_4x,16925,linear,4.801328760188304,1.0000319516552085,2.3202748237304114,0.3625691567103734,1.2506149428475284,-0.0038722674468846213,0.058190083076589426,False
am_9db,test,severe_4x,16925,pchip,4.801519381815432,1.0000716547722674,2.319972378714994,0.3625691567103734,1.250660682272432,-0.007080248822533276,0.0580595871831512,False
am_9db,test,severe_4x,16925,autoregression,4.8022194775818825,1.0002174723512416,2.325749580673312,0.3625691567103734,1.2508286706177998,-0.03657330782757122,0.05602452015264762,False
am_9db,test,severe_4x,16925,pca_r32_l01,4.725785013740386,0.984297523964676,2.2531464087646476,0.1750260278478503,1.1935387418423042,0.1767050341141611,0.298681023582576,False
am_9db,test,severe_4x,16925,pca_r64_l01,4.936944915895714,1.0282784008449823,2.385461492642702,0.17389283228730387,1.2456676387434282,-0.06689698093423191,0.17024314871466284,False
am_9db,test,severe_4x,16925,pca_r96_l01,4.926051727993194,1.0260095422639512,2.3509817293251647,0.16121397549178523,1.2413660523610854,-0.07345337969539305,0.1762702470585509,False
am_9db,test,severe_4x,16925,pca_r64_l001,4.905671085708256,1.0217646145578565,2.417738615000409,0.2495953553981373,1.2500019105660114,0.19660942401672846,0.2779091747381208,False
am_9db,test,severe_4x,16925,pca_r64_l1,5.010036052815461,1.0435019933031013,2.3712799298084377,0.15705822741204983,1.261706942807985,-0.19049176585096106,0.11875694140590122,False
am_9db,test,severe_4x,16925,template_1,5.628952084434676,1.1724112677820657,2.7697182550219437,0.19398454557100558,1.419717217170098,-0.18512061035762425,-0.03769556195051542,False
am_9db,test,severe_4x,16925,dictionary_8,4.711058710612952,0.9812302952051488,2.3142236175676834,0.1622719056962243,1.1881986561997018,0.25252963929612826,0.33888692110419677,False
am_9db,test,severe_4x,16925,dictionary_24,4.804684485288455,1.0007308899051672,2.301359257272013,0.15137726731805193,1.2100805541130772,0.18242732746101706,0.29098612043223876,False
am_9db,test,severe_4x,16925,dictionary_48,4.88825300797543,1.01813673670586,2.3317498550902673,0.14737874265831824,1.2303664311088902,0.06162237802751961,0.22394652296211126,False
am_9db,test,severe_4x,16925,local_pca_8,4.9552944400618415,1.032100282532392,2.346923431407761,0.3625691567103734,1.2876040950315646,-0.10910323412337271,-0.051482421856604794,False
am_9db,test,severe_4x,16925,local_pca_16,4.941557732934162,1.029239169135593,2.330364954683544,0.3625691567103734,1.2843003622811158,-0.10901598070530935,-0.047998321707846285,False
am_9db,test,severe_4x,16925,local_pca_32,4.942893890139589,1.0295174670744767,2.3470367632970768,0.3625691567103734,1.2846216833698634,-0.11279802833910084,-0.05046429766836648,False
am_9db,test,severe_4x,16925,local_dictionary_8,5.031332546660496,1.0479376767080486,2.458174628056797,0.3625691567103734,1.30590373630798,-0.05329737135345058,-0.02245708125116395,False
am_9db,test,severe_4x,16925,local_dictionary_24,4.463575513677268,0.9296839177761316,2.091636076849115,0.3625691567103734,1.1698117441298077,0.3684334119828901,0.3537148768758704,False
am_9db,test,severe_4x,17028,zero_fill,3.798320562511808,1.0,1.9194007722637907,0.3464866875727709,1.007100865901018,,0.07085394282572029,True
am_9db,test,severe_4x,17028,linear,3.810819137485754,1.0032905529610383,1.9212210635651796,0.3464866875727709,1.0100475814474326,0.006122112173388855,0.06310554816264728,False
am_9db,test,severe_4x,17028,pchip,3.8115125888785117,1.003473120856861,1.9259098429647183,0.3464866875727709,1.0102111037165895,0.009296797887564668,0.06387071400816956,False
am_9db,test,severe_4x,17028,autoregression,3.788819928659078,0.9974987277412817,1.9107607647180866,0.3464866875727709,1.0048616764815643,0.12193596190966048,0.0870500843206799,False
am_9db,test,severe_4x,17028,pca_r32_l01,3.759378359193682,0.9897475206009537,1.926467052301831,0.13963074860541855,0.9495188530551744,0.15911723650934909,0.3360980119778853,False
am_9db,test,severe_4x,17028,pca_r64_l01,3.7103576150238653,0.9768416209110656,1.9337866635867862,0.14941447549936904,0.9388032246461735,0.21459764005323104,0.3626426709632405,False
am_9db,test,severe_4x,17028,pca_r96_l01,3.629623965911684,0.9555865299350705,1.8566039049642304,0.13057839444796668,0.9161717528106288,0.30746819703312134,0.41725855366428904,False
am_9db,test,severe_4x,17028,pca_r64_l001,4.549875512647803,1.1978650663542194,2.600618352481872,0.27926578731733054,1.1691665803062892,0.18943551284746143,0.2655901976979974,False
am_9db,test,severe_4x,17028,pca_r64_l1,3.7057430000780607,0.9756267116189565,1.9053621287782745,0.12976861965825728,0.9349174295876245,0.21955167728948266,0.3717222360693115,False
am_9db,test,severe_4x,17028,template_1,5.425416328445015,1.4283724185873394,2.6034199858118514,0.15853258340585247,1.365012157385828,-0.23141958261186218,-0.09429716869119673,False
am_9db,test,severe_4x,17028,dictionary_8,4.798624785890692,1.2633543448785136,2.387178409905483,0.13453681507586693,1.2067078704818603,-0.5424891388126951,-0.20190614455425318,False
am_9db,test,severe_4x,17028,dictionary_24,3.970413923574062,1.0453077506834887,1.955388856018057,0.1223038503160191,0.9996424423744792,-0.060505739239570595,0.21408984302862102,False
am_9db,test,severe_4x,17028,dictionary_48,4.1451625861872845,1.0913145738931818,2.0514326506710976,0.12284612730099476,1.0430945675854264,-0.20286597319095837,0.11488382141389088,False
am_9db,test,severe_4x,17028,local_pca_8,3.8854706963030776,1.022944386171987,1.9570370354990243,0.3464866875727709,1.0276696302134014,0.03817634454978904,0.0672253182150705,False
am_9db,test,severe_4x,17028,local_pca_16,3.7110709100846413,0.9770294131337168,1.8839185323554428,0.3464866875727709,0.9865610304757415,0.21317214428462256,0.20666234330188088,False
am_9db,test,severe_4x,17028,local_pca_32,3.7066583171460725,0.975867691034187,1.894989363829065,0.3464866875727709,0.9855236948586465,0.218092847482266,0.2099886265999414,False
am_9db,test,severe_4x,17028,local_dictionary_8,4.466091203077859,1.1758068150320777,2.173066135990531,0.3464866875727709,1.1658356982275284,-0.41766783627201487,-0.32773647027399766,False
am_9db,test,severe_4x,17028,local_dictionary_24,5.291131051950709,1.3930185630387428,2.551507946851979,0.3464866875727709,1.36466257685953,-0.7177740073436167,-0.6252161277856719,False
am_9db,test,severe_4x,17131,zero_fill,2.7103116928343503,1.0,1.4004650261914136,0.7190763889860273,0.9715275430434399,,0.2760350192955855,True
am_9db,test,severe_4x,17131,linear,2.719289951369913,1.003312629524973,1.410474881990208,0.7190763889860273,0.9730943118982338,-0.003428282254928257,0.2666315648973189,False
am_9db,test,severe_4x,17131,pchip,2.7197566298032085,1.0034848157847782,1.410544082069788,0.7190763889860273,0.9731758231210161,-0.0018584002165094003,0.2661163223598947,False
am_9db,test,severe_4x,17131,autoregression,2.7104201971263167,1.0000400338795916,1.3963893041844664,0.7190763889860273,0.9715464619277102,0.01023078172909475,0.2757112810508837,False
am_9db,test,severe_4x,17131,pca_r32_l01,2.853173749935748,1.052710563688709,1.7433398060290193,0.6218837114501753,0.9334643373553463,0.14464940582531835,0.4544454917910187,False
am_9db,test,severe_4x,17131,pca_r64_l01,2.3178918136352458,0.8552122694092333,1.3596114001663802,0.5072218714381559,0.7595941705400846,0.519457765083703,0.6572404766450403,False
am_9db,test,severe_4x,17131,pca_r96_l01,2.3277587978327388,0.8588528042685929,1.2896672354609602,0.5330940981640856,0.7778697185000042,0.5168140319223219,0.6358426217990275,False
am_9db,test,severe_4x,17131,pca_r64_l001,3.937376019244388,1.4527391921948343,2.3639642906332905,0.5257753636384338,1.1081946442316013,0.35875539565878617,0.5057183602402047,False
am_9db,test,severe_4x,17131,pca_r64_l1,2.439686425182076,0.900149761974696,1.289039267416996,0.5539923020900561,0.8122377236238821,0.4578408807247078,0.5965309567645507,False
am_9db,test,severe_4x,17131,template_1,4.080789976241503,1.5056533855609626,2.371725097394175,0.6472970992782363,1.197334274837321,-0.40597053108868497,-0.01392557030892622,False
am_9db,test,severe_4x,17131,dictionary_8,2.8902151334840234,1.0663773990000156,1.7487793941587624,0.5946993393184131,0.9239302287174622,0.05815865179837663,0.4234331535780862,False
am_9db,test,severe_4x,17131,dictionary_24,2.66390862363319,0.9828790654138257,1.6335432623757011,0.601725430668944,0.8848556225372719,0.2852613717083124,0.49059742138143947,False
am_9db,test,severe_4x,17131,dictionary_48,2.7489141409802507,1.0142428076622918,1.6565641967393194,0.5996641825133074,0.899669589742586,0.31368824067400036,0.48736994571504083,False
am_9db,test,severe_4x,17131,local_pca_8,2.5153390411840415,0.9280626460175091,1.369841841244793,0.7190763889860273,0.9381828609758874,0.3735899285260498,0.3703203546236885,False
am_9db,test,severe_4x,17131,local_pca_16,2.5227223513710784,0.9307868014002857,1.4863892096238551,0.7190763889860273,0.9394210604165004,0.3662438611592974,0.3631670401986113,False
am_9db,test,severe_4x,17131,local_pca_32,2.475549843693055,0.9133819738290729,1.3399574260294207,0.7190763889860273,0.9315447461933349,0.41699035169539894,0.39311536481087067,False
am_9db,test,severe_4x,17131,local_dictionary_8,2.642286811662442,0.974901454562678,1.6605596098160822,0.7190763889860273,0.9597441844393694,0.38135576244420727,0.34442537068124585,False
am_9db,test,severe_4x,17131,local_dictionary_24,2.7539994620603494,1.0161190941032734,1.5503157977665634,0.7190763889860273,0.9791761790845679,0.23941355984727256,0.2740453358975498,False
am_9db,test,severe_4x,17233,zero_fill,3.4236970159068174,1.0,1.8052678075411883,0.3468125282245748,0.9194388642921041,,0.07796548682281755,True
am_9db,test,severe_4x,17233,linear,3.431551387777625,1.0022941200212272,1.7880150299468909,0.3468125282245748,0.9212670918686314,0.020512096932341736,0.07549932615112853,False
am_9db,test,severe_4x,17233,pchip,3.4316238510770494,1.002315285240897,1.7905965708566298,0.3468125282245748,0.9212839614257002,0.024808340080817712,0.07708713544791518,False
am_9db,test,severe_4x,17233,autoregression,3.426528610849674,1.0008270576893052,1.8049168492367382,0.3468125282245748,0.9200978978814639,-0.028692722184122298,0.07397231861615795,False
am_9db,test,severe_4x,17233,pca_r32_l01,3.367653788883158,0.9836307866136293,1.748612991872298,0.13474402574005978,0.8519621224293316,0.20556406906701274,0.3817749628677539,False
am_9db,test,severe_4x,17233,pca_r64_l01,3.302008517521668,0.9644569896752624,1.7106345531276728,0.13568498800542364,0.8358908604498004,0.2648439299823183,0.4170317174379342,False
am_9db,test,severe_4x,17233,pca_r96_l01,3.363985407213474,0.9825593186500098,1.7250705788993514,0.13055395675964362,0.8504433716571458,0.20033576659020222,0.38312446008890183,False
am_9db,test,severe_4x,17233,pca_r64_l001,3.1247038218926613,0.9126694936423971,1.734422906782342,0.1848647433173982,0.8014205580708591,0.4479765459516064,0.5207569662114173,False
am_9db,test,severe_4x,17233,pca_r64_l1,3.532402467101945,1.0317508969660785,1.7846010821737202,0.12828516506529014,0.8917932581050294,-0.025113303596158435,0.2753726878035308,False
am_9db,test,severe_4x,17233,template_1,3.537723391473804,1.0333050427760428,1.67975764385818,0.15196833814434782,0.8965873643835636,0.32080962186230005,0.4092488344944221,False
am_9db,test,severe_4x,17233,dictionary_8,3.329913349232559,0.9726074865157371,1.7236606778422223,0.11793137399427661,0.8402730228912157,0.24067211251023374,0.40720755870791203,False
am_9db,test,severe_4x,17233,dictionary_24,3.353159054342872,0.97939713671034,1.6973190875859068,0.11655796484958013,0.8458524557831334,0.22794997448401164,0.39721513555615107,False
am_9db,test,severe_4x,17233,dictionary_48,3.4215065527256296,0.9993602053070085,1.7070319897284705,0.11703792295356774,0.8628504802935045,0.17270044453459163,0.36111116466502313,False
am_9db,test,severe_4x,17233,local_pca_8,3.4211495433194914,0.9992559293139871,1.7529390132691594,0.3468125282245748,0.9188460202802612,0.15656417281051097,0.16533448258004074,False
am_9db,test,severe_4x,17233,local_pca_16,3.4197975410304573,0.998861033888734,1.73884875182571,0.3468125282245748,0.918531408269499,0.1500097926594054,0.15998163726224698,False
am_9db,test,severe_4x,17233,local_pca_32,3.422746328297541,0.9997223213371805,1.7356350014476265,0.3468125282245748,0.9192176148047425,0.14521771104908704,0.15611014908148713,False
am_9db,test,severe_4x,17233,local_dictionary_8,3.2363434482183853,0.9452774101160325,1.5491814274183355,0.3468125282245748,0.8760030986256873,0.5211562122599576,0.49128564204970226,False
am_9db,test,severe_4x,17233,local_dictionary_24,4.120146713774549,1.203420365362928,1.816528632275809,0.3468125282245748,1.0833914599831296,0.42672925049539767,0.40413702999925655,False
am_9db,test,severe_4x,17336,zero_fill,2.8096425965120853,1.0,1.5318176838436446,0.3416521012004332,0.776409359405335,,0.08695468067013737,True
am_9db,test,severe_4x,17336,linear,2.8135081744205848,1.001375825492288,1.5342158150647278,0.3416521012004332,0.7772837569603972,-0.003199530809834788,0.08280324148214728,False
am_9db,test,severe_4x,17336,pchip,2.81341514289378,1.0013427139759263,1.5336639160020464,0.3416521012004332,0.7772627105781261,-0.0023355790624718614,0.08297678224028744,False
am_9db,test,severe_4x,17336,autoregression,2.8159775451379,1.0022547168930593,1.532276482377239,0.3416521012004332,0.7778424450258604,-0.1460293264039405,0.07698818803494396,False
am_9db,test,severe_4x,17336,pca_r32_l01,3.0488277939281403,1.08513011502352,1.5778207631368204,0.129882097588225,0.772511784138982,-0.1245287650168724,0.2586325022790449,False
am_9db,test,severe_4x,17336,pca_r64_l01,3.1257489650426935,1.1125076794190925,1.6185164492011235,0.13247056433287424,0.7918938276643183,-0.1673297432247923,0.21857377234268052,False
am_9db,test,severe_4x,17336,pca_r96_l01,3.089293319387167,1.0995324897274275,1.6177214495832613,0.12951693430649572,0.7824382067171695,-0.15643432644719055,0.23653107378940488,False
am_9db,test,severe_4x,17336,pca_r64_l001,3.4269304164559884,1.2197033247966163,1.6749435896201217,0.16981485640792932,0.8723677679555474,-0.0037577617562566386,0.20699116661061037,False
am_9db,test,severe_4x,17336,pca_r64_l1,3.046764700500991,1.0843958246800753,1.5997392310112108,0.1254447237410392,0.771314657781435,-0.16549640602564175,0.2530004580774127,False
am_9db,test,severe_4x,17336,template_1,4.105097428416634,1.4610745984249875,1.9900903836718793,0.15594113546960134,1.0373219564932001,-0.2579089423504632,-0.035304959275756505,False
am_9db,test,severe_4x,17336,dictionary_8,3.0149641632869675,1.0730774679419262,1.4337059536891243,0.12202640630191931,0.762945180019062,-0.020632194334531992,0.28971374099589664,False
am_9db,test,severe_4x,17336,dictionary_24,3.0419175847142124,1.0826706530184569,1.5047846023815856,0.11637397090323333,0.7687817517325035,-0.05641362417452085,0.2757981038171717,False
am_9db,test,severe_4x,17336,dictionary_48,3.001820512225208,1.0683994170474544,1.4725224734315545,0.11654963166592076,0.7588924346225696,0.052935620609277347,0.3186759473167066,False
am_9db,test,severe_4x,17336,local_pca_8,2.897031077543956,1.0311030595636455,1.5160475050931645,0.3416521012004332,0.7962286668286458,0.008251274350038662,0.05940728703796119,False
am_9db,test,severe_4x,17336,local_pca_16,2.9122912877484777,1.036534430166962,1.5199417536054458,0.3416521012004332,0.7997004485476013,-0.018104751851079584,0.041174525343231884,False
am_9db,test,severe_4x,17336,local_pca_32,2.9313638801288477,1.043322692988734,1.5665843240718462,0.3416521012004332,0.8040439420339583,-0.039183236769108995,0.025219816495295914,False
am_9db,test,severe_4x,17336,local_dictionary_8,3.3520377030787203,1.1930477233082846,1.636277185827824,0.3416521012004332,0.9009387165854195,-0.3031514711217584,-0.20923679004407508,False
am_9db,test,severe_4x,17336,local_dictionary_24,2.835740197146589,1.0092885837746415,1.4511960034318436,0.3416521012004332,0.7823168651325466,0.1017195906335734,0.12598280420020364,False
am_9db,test,severe_4x,17439,zero_fill,3.996286822627779,1.0,1.99394944287377,0.34336045019227096,1.0529350155058244,,0.09617414074995777,True
am_9db,test,severe_4x,17439,linear,3.9986043901072623,1.0005799302158096,2.003061878284894,0.34336045019227096,1.053484784237789,0.00408299609328083,0.09362014879980494,False
am_9db,test,severe_4x,17439,pchip,3.9988571158250688,1.0006431703507206,2.0081981184387057,0.34336045019227096,1.0535447372480313,0.005463573171107155,0.09348266871875953,False
am_9db,test,severe_4x,17439,autoregression,3.993441085754044,0.9992879047475718,1.9962882330806897,0.34336045019227096,1.0522599989644914,0.07311532104808757,0.10083712364502391,False
am_9db,test,severe_4x,17439,pca_r32_l01,3.4755029193656912,0.8696830516985656,1.7290616868672535,0.1645689463631916,0.8833658859062098,0.6883905162683239,0.596808577092752,False
am_9db,test,severe_4x,17439,pca_r64_l01,3.60806218851099,0.9028536610739292,1.8160664402332727,0.15800268148240204,0.9148970388279066,0.5740591418081764,0.5312774829750326,False
am_9db,test,severe_4x,17439,pca_r96_l01,3.6015634620116237,0.9012274698649876,1.7922553135735377,0.16095967252637874,0.9137792270836723,0.5850670583540659,0.5342891406597599,False
am_9db,test,severe_4x,17439,pca_r64_l001,3.2059605046044526,0.80223483621137,1.7926695524047318,0.2695986085823754,0.8429277068396394,0.5969437193075773,0.6064827819398315,False
am_9db,test,severe_4x,17439,pca_r64_l1,3.8522613087612374,0.9639601659593,1.892778889313114,0.14745674008575543,0.9735909544031317,0.2794078766766525,0.3916002349065227,False
am_9db,test,severe_4x,17439,template_1,2.3267757674753833,0.5822344267935703,1.1085692515475252,0.17145434256335268,0.6049191240296162,0.8329945953997913,0.8335175736061832,False
am_9db,test,severe_4x,17439,dictionary_8,2.764141368026187,0.6916774222448356,1.4364490949728475,0.1425536793931368,0.7046852477818332,0.8395491479431344,0.8119625031160046,False
am_9db,test,severe_4x,17439,dictionary_24,3.1390742480068154,0.7854977351056852,1.5468970074804846,0.13971343254490234,0.7963426077622676,0.8324663428506656,0.7417294776075514,False
am_9db,test,severe_4x,17439,dictionary_48,3.0276831842342746,0.7576240942193949,1.5128591986524609,0.1393963579931718,0.7688601804547025,0.8607550668377154,0.776165485018964,False
am_9db,test,severe_4x,17439,local_pca_8,3.8636865967822973,0.9668191419357909,1.8872363798416054,0.34336045019227096,1.0215343881723573,0.2631132500564416,0.25749556339935153,False
am_9db,test,severe_4x,17439,local_pca_16,3.885539330660787,0.9722874015598887,1.9370506052479257,0.34336045019227096,1.0267016932712083,0.23638806733595719,0.23723090290284402,False
am_9db,test,severe_4x,17439,local_pca_32,3.8768020117032775,0.9701010422355186,1.9476874789265612,0.34336045019227096,1.024635295461578,0.24714693678964228,0.2453515546978066,False
am_9db,test,severe_4x,17439,local_dictionary_8,4.082726143539646,1.0216299091502719,1.9655099591244003,0.34336045019227096,1.0734610712691708,0.08771143845526419,0.11606185652822386,False
am_9db,test,severe_4x,17439,local_dictionary_24,2.78809074494807,0.6976703296573559,1.4439215871735156,0.34336045019227096,0.7722489876736918,0.7164201958079695,0.6827022865313411,False
am_9db,test,severe_4x,17542,zero_fill,2.9283439742327095,1.0,1.3807253781989122,0.34875765960450306,0.8062132553028842,,0.10254726945885308,True
am_9db,test,severe_4x,17542,linear,2.9345775843499955,1.0021287151277778,1.3896684049460388,0.34875765960450306,0.8076286343193888,-4.414944694301243e-05,0.09651657081823709,False
am_9db,test,severe_4x,17542,pchip,2.9350975180807612,1.00230626726487,1.3933275306867126,0.34875765960450306,0.8077467122200189,0.0006642564144507955,0.09626879184779268,False
am_9db,test,severe_4x,17542,autoregression,2.9141073826884076,0.9951383472469172,1.3745028747516637,0.34875765960450306,0.8029827370043221,0.13033201714233225,0.12656836429939047,False
am_9db,test,severe_4x,17542,pca_r32_l01,2.35016841450301,0.8025588643898318,1.1644985366061282,0.1708924996834449,0.6103971695363825,0.6231300677635734,0.662926321111069,False
am_9db,test,severe_4x,17542,pca_r64_l01,2.296513209465101,0.7842361517884311,1.1233414603600995,0.1670831760269953,0.5964857886465484,0.6659164278994045,0.687691203957006,False
am_9db,test,severe_4x,17542,pca_r96_l01,2.4923777329190804,0.851121915611754,1.1563464091562667,0.1505316338298534,0.6399142205846386,0.5778384253350828,0.6216882811918373,False
am_9db,test,severe_4x,17542,pca_r64_l001,2.2360554217873885,0.7635904256682428,1.4887498308307743,0.2686552764029729,0.6165721121851919,0.7897930066152983,0.7841390047631045,False
am_9db,test,severe_4x,17542,pca_r64_l1,2.6966347567718376,0.9208736338696055,1.2349629144095755,0.16060284272523082,0.6918606302844384,0.41410554529546206,0.52051936714246,False
am_9db,test,severe_4x,17542,template_1,5.159501955466059,1.7619179990007703,2.187601115847197,0.164316789925613,1.299650446760348,-0.611496355255281,-0.3566577767454121,False
am_9db,test,severe_4x,17542,dictionary_8,2.9631505534895064,1.0118860965662058,1.3976115853765172,0.12749916206571002,0.7510035680489907,0.2282660233235735,0.413828141921003,False
am_9db,test,severe_4x,17542,dictionary_24,2.4963004839947756,0.8524614956304309,1.1559802537983073,0.12613701909549035,0.635913433583288,0.5390325692675697,0.6231081138657658,False
am_9db,test,severe_4x,17542,dictionary_48,2.5833898592650835,0.8822016409264176,1.1897001770209759,0.12448334075536173,0.6569981305546986,0.4711995276607331,0.5827309495477415,False
am_9db,test,severe_4x,17542,local_pca_8,2.409372233143192,0.8227763727020835,1.1393686617859462,0.34875765960450306,0.6905411435440311,0.5881181272394231,0.5283921973065557,False
am_9db,test,severe_4x,17542,local_pca_16,2.516387560048427,0.8593210299714793,1.135112026434709,0.34875765960450306,0.7139977647618475,0.5815100049389795,0.4992848746426758,False
am_9db,test,severe_4x,17542,local_pca_32,2.547875180337218,0.8700737354479735,1.1645468259593559,0.34875765960450306,0.7209432411592195,0.5466495319437339,0.47410380210940567,False
am_9db,test,severe_4x,17542,local_dictionary_8,2.9034332368068987,0.9914932338396694,1.382831012096493,0.34875765960450306,0.8005624248609201,0.2850004026451043,0.277676768336153,False
am_9db,test,severe_4x,17542,local_dictionary_24,3.732901155525059,1.2747481813515986,1.7763682501473452,0.34875765960450306,0.9924411070030957,0.3292550444473904,0.31088446383475743,False
am_9db,test,severe_4x,17645,zero_fill,2.9761812405704036,1.0,1.4307744856976305,0.34160124639635564,0.8142491153593729,,0.10035945380552798,True
am_9db,test,severe_4x,17645,linear,2.98067659272125,1.0015104430098434,1.4638654442699433,0.34160124639635564,0.8152761849325018,-0.003648416956000802,0.0957297555650586,False
am_9db,test,severe_4x,17645,pchip,2.983068580552811,1.0023141534152966,1.4860873438462796,0.34160124639635564,0.8158227951497233,-0.002721872057113405,0.09366438516381168,False
am_9db,test,severe_4x,17645,autoregression,2.9728532200518787,0.9988817816357558,1.423807696548187,0.34160124639635564,0.8134889151467423,0.060707902785898174,0.10621591838415687,False
am_9db,test,severe_4x,17645,pca_r32_l01,3.71521107549831,1.2483147950983882,1.7067167117912048,0.1407364421229599,0.9387456567018948,-0.6333127190888436,-0.07023451937385936,False
am_9db,test,severe_4x,17645,pca_r64_l01,3.654580923823623,1.2279430009185865,1.707917647475118,0.13478801315893288,0.9229192426800379,-0.5233363872218405,-0.016720512287929038,False
am_9db,test,severe_4x,17645,pca_r96_l01,3.5209850507800073,1.1830546482798168,1.6347575519098547,0.13065927043918396,0.8892909184461161,-0.4802867118116062,0.052248787601871,False
am_9db,test,severe_4x,17645,pca_r64_l001,4.627520435410292,1.5548516912644068,2.3233881234086113,0.18009923667178748,1.169948754376828,-0.44051234658841215,-0.17636827531668103,False
am_9db,test,severe_4x,17645,pca_r64_l1,3.354804909676934,1.127217947598502,1.5405947113586036,0.13306216209143332,0.8485391515237809,-0.3657093504484688,0.1406246267513055,False
am_9db,test,severe_4x,17645,template_1,5.700496671208334,1.915372825250319,2.5744920135539306,0.13988434232005595,1.4315458588718877,-0.7591101961749444,-0.49408013405629564,False
am_9db,test,severe_4x,17645,dictionary_8,4.537255365605518,1.524522533693521,2.1285565278993888,0.10576717144924962,1.138927309770626,-0.5510467527796838,-0.23365681299907556,False
am_9db,test,severe_4x,17645,dictionary_24,3.813288370040989,1.2812688683267652,1.7682581349497126,0.10720904201140068,0.9589569487672822,-0.4227671180199362,-0.027239312889189727,False
am_9db,test,severe_4x,17645,dictionary_48,3.4758972038420985,1.1679050846970331,1.5923175122355115,0.10713782755941643,0.8751442410786346,-0.2515760146200943,0.12949391805052327,False
am_9db,test,severe_4x,17645,local_pca_8,3.7039060604626464,1.24451629825903,1.7229525189258075,0.34160124639635564,0.983275497947583,-0.5736574009645411,-0.4161501830507076,False
am_9db,test,severe_4x,17645,local_pca_16,3.447435447264389,1.1583419048107657,1.6032910170424766,0.34160124639635564,0.9231461942776241,-0.4342083171821204,-0.2773787608663168,False
am_9db,test,severe_4x,17645,local_pca_32,3.4660685114880643,1.1646026338180167,1.6297486873745601,0.34160124639635564,0.9274967014571481,-0.4554298276681554,-0.2942434973424452,False
am_9db,test,severe_4x,17645,local_dictionary_8,4.529108259150736,1.5217850974299887,2.101313826677817,0.34160124639635564,1.1795971980987985,-0.5249354858517672,-0.4380405303788291,False
am_9db,test,severe_4x,17645,local_dictionary_24,5.392631495810763,1.8119298053156305,2.589944567958688,0.34160124639635564,1.3881382681199166,-0.6850157670166483,-0.593473746881348,False
am_9db,test,severe_4x,17748,zero_fill,2.787261878846954,1.0,1.4133097971368889,0.35451964828532057,0.7767758483218736,,0.12060594636777998,True
am_9db,test,severe_4x,17748,linear,2.7873999298293173,1.000049529247112,1.4106250115358316,0.35451964828532057,0.7768068085163491,0.012417287602383736,0.12145964424095125,False
am_9db,test,severe_4x,17748,pchip,2.7885791678597083,1.0004726104219885,1.4100757087913758,0.35451964828532057,0.7770712841627833,0.004942055308680702,0.11996502384725939,False
am_9db,test,severe_4x,17748,autoregression,2.778079224821707,0.9967054929086729,1.3994171896709866,0.35451964828532057,0.7747171618843869,0.13936698874750156,0.1351007599750474,False
am_9db,test,severe_4x,17748,pca_r32_l01,2.890877707032021,1.0371747731963856,1.4408905842020832,0.16992399230745395,0.7412104274614038,0.06542977827272524,0.35348707949421065,False
am_9db,test,severe_4x,17748,pca_r64_l01,3.0896550706609216,1.1084911303487073,1.5295271043666676,0.16726647443729656,0.7892100305733332,-0.13033642889593255,0.24341311193932155,False
am_9db,test,severe_4x,17748,pca_r96_l01,3.166159880698578,1.1359391468477187,1.523374579834735,0.15893495352604076,0.8063603870916722,-0.2626415829004891,0.1924732301672981,False
am_9db,test,severe_4x,17748,pca_r64_l001,3.8875135115386907,1.3947428266578574,2.2469631195455966,0.20673927448891938,0.9922788864729182,-0.1587377698953201,0.07540588162338904,False
am_9db,test,severe_4x,17748,pca_r64_l1,3.0790081167813965,1.1046712690144256,1.4765006112540395,0.1579444174246918,0.7847964532340576,-0.24926358553088437,0.22723888494155342,False
am_9db,test,severe_4x,17748,template_1,4.404112179113052,1.5800855357498604,2.0391146850578226,0.17567200446556772,1.1140891426268975,-0.40530117600475823,-0.14841478746513134,False
am_9db,test,severe_4x,17748,dictionary_8,3.4912654527773745,1.252578912399023,1.6278512393425477,0.13966533649037852,0.8832302416064627,-0.3686327156027572,0.054371270264734956,False
am_9db,test,severe_4x,17748,dictionary_24,2.929476745700547,1.0510231449484126,1.4271954554221078,0.14047477939678088,0.7448922513650414,0.049139778449894575,0.3502750196589344,False
am_9db,test,severe_4x,17748,dictionary_48,3.075736928739945,1.1034976483847039,1.4655997295625487,0.13719872860337534,0.7803248530968676,-0.20016590900689474,0.24875266173402832,False
am_9db,test,severe_4x,17748,local_pca_8,3.0098163296282268,1.079846982614113,1.473175883426041,0.35451964828532057,0.8270526378880738,-0.038314991483998216,0.029994985944817688,False
am_9db,test,severe_4x,17748,local_pca_16,3.1034181543656367,1.1134289812945282,1.4714485207854668,0.35451964828532057,0.84839801081772,-0.19724449906210148,-0.08344413095079126,False
am_9db,test,severe_4x,17748,local_pca_32,3.0913272746802036,1.1090910754173686,1.4754232886158873,0.35451964828532057,0.8456346372136339,-0.19571144376322946,-0.08007291403375999,False
am_9db,test,severe_4x,17748,local_dictionary_8,3.5241010367171817,1.264359500433826,1.6639477907585967,0.35451964828532057,0.9455339375286963,-0.2859367233043244,-0.19373361111074003,False
am_9db,test,severe_4x,17748,local_dictionary_24,4.464430916963627,1.60172639350648,2.049786263233014,0.35451964828532057,1.167700896196397,-0.663318016429116,-0.5376410539381196,False
am_9db,test,severe_4x,17850,zero_fill,3.406717349403937,1.0,1.7042246093951745,0.3419276017791198,0.9137642054848617,,0.08096461502489723,True
am_9db,test,severe_4x,17850,linear,3.412812472586604,1.0017891484844592,1.71483820947511,0.3419276017791198,0.9151846209207938,0.011957985836291518,0.07783873935151614,False
am_9db,test,severe_4x,17850,pchip,3.4160710513103374,1.0027456642119243,1.7285089857894786,0.3419276017791198,0.9159441406438501,0.010333452750026156,0.07582003584997964,False
am_9db,test,severe_4x,17850,autoregression,3.4137100749782774,1.002052628632535,1.7021841718206758,0.3419276017791198,0.9153938274345537,-0.07858436387300707,0.07040058667042651,False
am_9db,test,severe_4x,17850,pca_r32_l01,3.541485210286764,1.0395594488948159,1.7552748837915224,0.1360512036378395,0.8951175357477315,0.009825954482615931,0.2676888518475268,False
am_9db,test,severe_4x,17850,pca_r64_l01,3.5574696236657983,1.0442514769498674,1.785337862818511,0.1359776207171957,0.899059884801324,-0.0068359960683685985,0.25840902382364334,False
am_9db,test,severe_4x,17850,pca_r96_l01,3.557727790307525,1.0443272585939687,1.7551750343269332,0.1300693240653029,0.8983038693097029,-0.01866791165150117,0.2567087024213789,False
am_9db,test,severe_4x,17850,pca_r64_l001,3.9336860148771664,1.1546851738567132,2.135032214931384,0.1969008849650714,1.0017308471197686,0.1695169872812129,0.28347055278050276,False
am_9db,test,severe_4x,17850,pca_r64_l1,3.6004318942459865,1.0568625233543203,1.7866490546540121,0.12913387090566847,0.9087506249767442,-0.1341649243650377,0.2177247416442198,False
am_9db,test,severe_4x,17850,template_1,3.9859200801248056,1.1700178416099623,1.7247896131455989,0.16127121234338943,1.0086403268789232,0.1313685709443283,0.2463411677176666,False
am_9db,test,severe_4x,17850,dictionary_8,4.511119147906823,1.3241835718176385,2.1629458924567206,0.1251676434985555,1.1342728962670399,-0.41118370924525177,-0.12955684934802902,False
am_9db,test,severe_4x,17850,dictionary_24,3.856246110781287,1.1319536419585858,1.8282670471950446,0.12003239772834443,0.971041667311515,-0.16986789083876538,0.12257843384089591,False
am_9db,test,severe_4x,17850,dictionary_48,3.7259740825750898,1.0937138894798573,1.786763141994962,0.1194824060143887,0.9386500793768308,-0.11239078179749794,0.17985032137568036,False
am_9db,test,severe_4x,17850,local_pca_8,3.577849817134786,1.0502338322141083,1.7671647084853976,0.3419276017791198,0.953766434551973,-0.036153864788633736,0.012063242414389257,False
am_9db,test,severe_4x,17850,local_pca_16,3.517038050995474,1.0323832858076234,1.7219690718263738,0.3419276017791198,0.9395236134947045,0.008712515031273932,0.050324781326534375,False
am_9db,test,severe_4x,17850,local_pca_32,3.5202078234857934,1.0333137335569427,1.7215992978365768,0.3419276017791198,0.940265268202506,0.0018091325440080484,0.045287689745271656,False
am_9db,test,severe_4x,17850,local_dictionary_8,4.023829510358682,1.1811456888440477,1.7829972762162778,0.3419276017791198,1.0590361538124444,0.07242006642885952,0.08448059874194981,False
am_9db,test,severe_4x,17850,local_dictionary_24,2.6284350091699937,0.7715447862529256,1.2603995771225203,0.3419276017791198,0.7357983704073916,0.6591487261491298,0.6068644880622382,False
am_9db,test,severe_4x,17953,zero_fill,2.5543465241121703,1.0,1.1816839276078546,0.3407300152286609,0.7187724046251437,,0.10148266812753882,True
am_9db,test,severe_4x,17953,linear,2.556197860794156,1.0007247789853528,1.1871466086014189,0.3407300152286609,0.7191836366974742,0.006151355527427129,0.1000067699669536,False
am_9db,test,severe_4x,17953,pchip,2.5582395055066742,1.001524061578081,1.1991161032750097,0.3407300152286609,0.7196372140139816,0.001511671982805831,0.09820948337141093,False
am_9db,test,severe_4x,17953,autoregression,2.5495741310898405,0.9981316579495851,1.1786041549328454,0.3407300152286609,0.7177126165416232,0.13127670501967068,0.10933629584359589,False
am_9db,test,severe_4x,17953,pca_r32_l01,2.438947697358302,0.9548225639455954,1.0645506503001243,0.14002082095066715,0.6246275552751838,0.32248858121138607,0.5056493399669888,False
am_9db,test,severe_4x,17953,pca_r64_l01,2.514619197215835,0.9844471662237982,1.0865913500153495,0.13215157042868922,0.6415445361833785,0.24916982454118347,0.46813193885764043,False
am_9db,test,severe_4x,17953,pca_r96_l01,2.4733438529567793,0.9682882998094609,1.0766638651615352,0.12721219939103154,0.6304846335393334,0.2858569070054593,0.49153181691247355,False
am_9db,test,severe_4x,17953,pca_r64_l001,3.111812408380751,1.2182420744430291,1.5106977224988223,0.183143734127632,0.7979074537190075,0.2710701716046016,0.39690702202566586,False
am_9db,test,severe_4x,17953,pca_r64_l1,2.5184733849293144,0.9859560404807157,1.0797355023701112,0.12312715191851782,0.6408057732110998,0.2039924720598573,0.46011213089374314,False
am_9db,test,severe_4x,17953,template_1,3.8783576273073783,1.5183365258773582,1.6679484692744126,0.15303521713296558,0.9808463994982002,-0.01683698873320411,0.14297451307262268,False
am_9db,test,severe_4x,17953,dictionary_8,2.758194714345368,1.0798044385555912,1.1825889906830644,0.11778362011548209,0.6989158032157444,0.24760083273772168,0.4210181367869155,False
am_9db,test,severe_4x,17953,dictionary_24,2.5981940199706512,1.0171658369154597,1.1088095845534514,0.1113730257748773,0.658439036114251,0.24921468535526128,0.45208022763419986,False
am_9db,test,severe_4x,17953,dictionary_48,2.4788132798466904,0.97042952334287,1.057266411411209,0.11284810835879087,0.6292622520532809,0.32029225128395505,0.5032054470648155,False
am_9db,test,severe_4x,17953,local_pca_8,2.6181410626072807,1.0249748958854688,1.1147535455579078,0.3407300152286609,0.7329783750594316,0.11027356843011807,0.13685969397890063,False
am_9db,test,severe_4x,17953,local_pca_16,2.57870811202001,1.0095373073613445,1.110474622560232,0.3407300152286609,0.7241887563061363,0.1541124936026821,0.17016150442242228,False
am_9db,test,severe_4x,17953,local_pca_32,2.582058716053642,1.010849033864387,1.1294084688232864,0.3407300152286609,0.7249345385237568,0.1487259585024244,0.16614735848743448,False
am_9db,test,severe_4x,17953,local_dictionary_8,2.565084182405632,1.0042036811341382,1.0561314130460766,0.3407300152286609,0.7211584002489251,0.1626725005324111,0.17665218683867798,False
am_9db,test,severe_4x,17953,local_dictionary_24,2.727207697668613,1.0676733449924243,1.130550102823837,0.3407300152286609,0.7574263980492093,0.027202286282746124,0.07004949970834203,False
am_9db,test,severe_4x,18056,zero_fill,3.129832206186721,1.0,1.5273377637318712,0.3412765871519315,0.8493709169495197,,0.08746506771878196,True
am_9db,test,severe_4x,18056,linear,3.1344537327056843,1.0014766052026138,1.5407547334423461,0.3412765871519315,0.8504353971842764,0.0019813999295319406,0.08258740797660512,False
am_9db,test,severe_4x,18056,pchip,3.1355370167775978,1.001822720904846,1.5443347554267985,0.3412765871519315,0.8506849452666659,0.0044619442042622415,0.08177946500619993,False
am_9db,test,severe_4x,18056,autoregression,3.1327185797237336,1.0009222135075826,1.5293824412715018,0.3412765871519315,0.8500357100519856,-0.062467216961107866,0.08305033349562402,False
am_9db,test,severe_4x,18056,pca_r32_l01,3.050841301975126,0.9747619364209192,1.447347639664422,0.15309953923606762,0.7769823310230308,0.24234437255442773,0.413658324539981,False
am_9db,test,severe_4x,18056,pca_r64_l01,3.1020831857890125,0.9911340229860064,1.5320427070890887,0.16420130915228628,0.7916498255409704,0.20712076528774706,0.3868315449095358,False
am_9db,test,severe_4x,18056,pca_r96_l01,3.0899450962247625,0.987255831196601,1.4861732651742106,0.15187514511916997,0.7863583626938958,0.21288096392528613,0.3953280270920589,False
am_9db,test,severe_4x,18056,pca_r64_l001,3.572240934591878,1.1413522193076837,2.0361043917776205,0.32972052120679685,0.9484078640788953,0.283874636078708,0.3630693833905216,False
am_9db,test,severe_4x,18056,pca_r64_l1,3.1623652955310138,1.0103945154887168,1.4769178945081152,0.1192489253853977,0.7989782090059832,0.09122774969121941,0.3524980507375214,False
am_9db,test,severe_4x,18056,template_1,4.456819252512422,1.423980251625839,2.0695004220109587,0.15167121881449283,1.123841076087259,-0.06274051929789477,0.08167698743849627,False
am_9db,test,severe_4x,18056,dictionary_8,2.7649124894905825,0.8834059806865033,1.1879170289373726,0.11230440582054556,0.6997287540558841,0.4838005020989084,0.5755615699069453,False
am_9db,test,severe_4x,18056,dictionary_24,3.463053360955273,1.1064661402965552,1.5440999936180062,0.10947772597156404,0.8722284379708889,-0.06567660659239635,0.2180119533033628,False
am_9db,test,severe_4x,18056,dictionary_48,3.187855675036428,1.0185388433076419,1.4202987313356663,0.10927307507693584,0.8039563451656402,0.15430952304117634,0.36363571135298894,False
am_9db,test,severe_4x,18056,local_pca_8,3.124899901866801,0.9984240994420818,1.499312031124711,0.3412765871519315,0.8482351174187419,0.16294916172597193,0.1739875018101654,False
am_9db,test,severe_4x,18056,local_pca_16,3.1568283292253665,1.0086254218310113,1.4942743596675525,0.3412765871519315,0.8555922924453734,0.12787583032542982,0.14619409889034743,False
am_9db,test,severe_4x,18056,local_pca_32,3.1467795851809015,1.0054147883585198,1.522586819666822,0.3412765871519315,0.8532755779854454,0.13229264551304334,0.14987826221202002,False
am_9db,test,severe_4x,18056,local_dictionary_8,2.897710472563104,0.9258357259009659,1.354516825048824,0.3412765871519315,0.7962322061148737,0.4003030600465621,0.37713946465098785,False
am_9db,test,severe_4x,18056,local_dictionary_24,3.563835940254982,1.1386667736405705,1.6154717511020749,0.3412765871519315,0.9502622086536221,0.23370789765573258,0.22918510317226176,False
am_9db,test,severe_4x,18159,zero_fill,3.9111320812414285,1.0,1.7743633586451266,0.3423686609301477,1.0324485052752765,,0.07710991237200364,True
am_9db,test,severe_4x,18159,linear,3.91336617070655,1.0005712129937612,1.7856304929475204,0.3423686609301477,1.0329774708892792,-0.00305822578901735,0.07461026946128166,False
am_9db,test,severe_4x,18159,pchip,3.9141449654041263,1.000770335570396,1.793854032386433,0.3423686609301477,1.0331618735102999,-0.00023627470574535996,0.07406239136124716,False
am_9db,test,severe_4x,18159,autoregression,3.9097996210771955,0.999659315989193,1.7720983148204,0.3423686609301477,1.0321330333580405,0.03254567355828463,0.0795337131231608,False
am_9db,test,severe_4x,18159,pca_r32_l01,4.482640703961686,1.1461235802956713,2.0699450488975777,0.14680995208578898,1.1296394643669945,-0.47179484134214444,-0.04753158243532623,False
am_9db,test,severe_4x,18159,pca_r64_l01,4.362483785566357,1.115401805653586,1.995832658122356,0.1490836239082673,1.1001321989621775,-0.4088363249465718,0.01590382583460399,False
am_9db,test,severe_4x,18159,pca_r96_l01,4.315570460009373,1.1034069855906201,1.9925127199777666,0.15002529076251517,1.0886276398903336,-0.3589716440049631,0.04552115090339847,False
am_9db,test,severe_4x,18159,pca_r64_l001,5.118085107349335,1.3085942895911633,2.427920143809518,0.21544546416152868,1.2964144395815258,-0.7039035025285587,-0.3056553515775744,False
am_9db,test,severe_4x,18159,pca_r64_l1,4.188682771112049,1.0709642845358787,1.9158929217467358,0.13870847948681675,1.0557480757510906,-0.2568460839679393,0.12038722144870853,False
am_9db,test,severe_4x,18159,template_1,5.568520715697989,1.4237618674157613,2.4932168790229765,0.1754126145331111,1.4024524666904439,-0.16646126373837838,-0.04833943924686105,False
am_9db,test,severe_4x,18159,dictionary_8,4.774155754049288,1.2206582786981535,2.10774814279761,0.13883534350223536,1.2010852372178538,-0.4175119111588445,-0.1175981714895821,False
am_9db,test,severe_4x,18159,dictionary_24,4.241844401967227,1.0845566740923838,1.9215581975652118,0.13129747055004498,1.068053993166231,-0.20948461939181814,0.11325486034653176,False
am_9db,test,severe_4x,18159,dictionary_48,4.397299748787261,1.1243035667032544,2.017508631304845,0.1306231487466748,1.1065763977667773,-0.3783023131216987,0.015650078871670674,False
am_9db,test,severe_4x,18159,local_pca_8,4.26634852598506,1.090821899482076,1.940352744665093,0.3423686609301477,1.1169146745885914,-0.3283085160365412,-0.2129593018818198,False
am_9db,test,severe_4x,18159,local_pca_16,4.249471965671627,1.0865068929921708,1.935747575715582,0.3423686609301477,1.1128863510831757,-0.30672842262396016,-0.19608675224868688,False
am_9db,test,severe_4x,18159,local_pca_32,4.210687094632901,1.0765903598163298,1.9283124161575107,0.3423686609301477,1.1036340626741554,-0.26621540797511645,-0.16259481410184431,False
am_9db,test,severe_4x,18159,local_dictionary_8,4.310442668823315,1.102095909646483,1.8871869044291447,0.3423686609301477,1.1274462432035064,-0.1592812504878747,-0.10586190396250444,False
am_9db,test,severe_4x,18159,local_dictionary_24,4.327690278280665,1.106505786147477,1.9535516455548945,0.3423686609301477,1.1315682603286552,-0.2800996740062485,-0.19520075611557575,False
am_9db,test,severe_4x,18262,zero_fill,1.8555390160647018,1.0,0.978477551287883,0.35713814384803405,0.5785887921813864,,0.13148397580342838,True
am_9db,test,severe_4x,18262,linear,1.8581082972060814,1.001384654873401,0.9851211570912031,0.35713814384803405,0.579103901030202,0.0074403521738241486,0.13109339239179038,False
am_9db,test,severe_4x,18262,pchip,1.8631202460765957,1.0040857292389207,0.9956639582832363,0.35713814384803405,0.5801094647892326,1.9254961109377637e-05,0.1273204842649847,False
am_9db,test,severe_4x,18262,autoregression,1.8532702503498202,0.9987773009916583,0.9711271869880818,0.35713814384803405,0.5781341446682147,0.05467528770921187,0.13530282741487232,False
am_9db,test,severe_4x,18262,pca_r32_l01,1.9946783329011768,1.0749859289574881,1.0864660414652756,0.1700201785385652,0.5251395390988773,0.12312175977879755,0.4768888015234687,False
am_9db,test,severe_4x,18262,pca_r64_l01,2.0076823324836353,1.0819941349126707,1.0993431508678055,0.1671386631703165,0.5273648131904479,0.09574084992276116,0.4696360312488765,False
am_9db,test,severe_4x,18262,pca_r96_l01,1.918586774753889,1.0339781368881702,1.0297368324530143,0.1600747095867312,0.5040668297705966,0.16991902521664687,0.5188470343766464,False
am_9db,test,severe_4x,18262,pca_r64_l001,3.026463066373479,1.631042538136502,1.7747134884760483,0.26528750898496006,0.7990283407236896,-0.10374652401071502,0.18581854645775867,False
am_9db,test,severe_4x,18262,pca_r64_l1,1.9509238608196253,1.051405464357855,1.0323993335181183,0.16444569711787382,0.5130630882396496,0.09415540843975438,0.4903877992475272,False
am_9db,test,severe_4x,18262,template_1,3.295077919023068,1.7758063239281248,1.4996036308250746,0.17133755592016767,0.8403082344987999,0.054855020510087504,0.25073123326742863,False
am_9db,test,severe_4x,18262,dictionary_8,1.8619400269356037,1.0034496773258248,0.9029701544417512,0.15710758333797026,0.4897105366335949,0.32889657174341924,0.567971856214527,False
am_9db,test,severe_4x,18262,dictionary_24,1.9047532752026637,1.0265228910369868,0.9351025545025521,0.14783791881922137,0.49723773193810766,0.25083635384295305,0.543319709512203,False
am_9db,test,severe_4x,18262,dictionary_48,2.0351434584023935,1.0967936760061254,1.0783616485104355,0.14729501830890523,0.5283965268005036,0.3095646278395802,0.5333621092824363,False
am_9db,test,severe_4x,18262,local_pca_8,2.009071049653356,1.0827425520344331,1.1102720639645376,0.35713814384803405,0.6097940886799168,0.08033489212675213,0.12329583942463282,False
am_9db,test,severe_4x,18262,local_pca_16,1.9192133323952798,1.034315805692742,1.0066002235123457,0.35713814384803405,0.5914280716046585,0.14724378444194375,0.17179668255497257,False
am_9db,test,severe_4x,18262,local_pca_32,1.9007909338388589,1.024387478453635,1.0165744335206979,0.35713814384803405,0.5876978911945473,0.166953842504036,0.1850577181550729,False
am_9db,test,severe_4x,18262,local_dictionary_8,2.327588508297374,1.2544001975414198,1.1506901176158104,0.35713814384803405,0.6768900885126348,-0.19857766228770454,-0.08019629517393116,False
am_9db,test,severe_4x,18262,local_dictionary_24,2.402416720819037,1.294727138594032,1.281131775372209,0.35713814384803405,0.6930377383005191,0.1617926497460893,0.16225988900975255,False
am_9db,test,severe_4x,18365,zero_fill,1.7470401937133355,1.0,0.9717576711202229,0.3352037839905122,0.54414916902866,,0.16601629865620826,True
am_9db,test,severe_4x,18365,linear,1.7523442232250204,1.0030360088627446,0.9876419897237761,0.3352037839905122,0.5452140593779125,-0.0016963394667606929,0.16112278180509504,False
am_9db,test,severe_4x,18365,pchip,1.7565451598533381,1.0054406110255538,0.9970200566073479,0.3352037839905122,0.5460582930550753,-0.015549862903567994,0.1567299563448107,False
am_9db,test,severe_4x,18365,autoregression,1.7377761064086161,0.9946972672191196,0.9622113120533713,0.3352037839905122,0.5422919790129241,0.1625781711350075,0.1788726170373813,False
am_9db,test,severe_4x,18365,pca_r32_l01,1.946559341604274,1.114204097083113,0.9537020386253928,0.13753111809337012,0.5045304374519349,0.024838566617843214,0.46214360595719994,False
am_9db,test,severe_4x,18365,pca_r64_l01,1.9886501164676937,1.138296716711947,0.994303841566939,0.13790057167692163,0.5147801594345456,-0.008717703502147593,0.4429180984384785,False
am_9db,test,severe_4x,18365,pca_r96_l01,1.8330120536974146,1.0492100068982075,0.9214687329734497,0.12995827428338697,0.4752151147651946,0.14572916204983263,0.5296484969122872,False
am_9db,test,severe_4x,18365,pca_r64_l001,3.3154911384571353,1.8977761074918693,1.7806499723697895,0.208794697754903,0.8531709191431914,-0.3446594914460051,0.028556697711850768,False
am_9db,test,severe_4x,18365,pca_r64_l1,1.8051341256105915,1.0332527735230734,0.9020174876067302,0.12968776647741678,0.4684277534377919,0.15625737995380287,0.5391695944270665,False
am_9db,test,severe_4x,18365,template_1,4.310339165785771,2.4672238116194345,2.144084015686098,0.13581113218686458,1.0855785807144198,-0.5867895192402066,-0.204823606607318,False
am_9db,test,severe_4x,18365,dictionary_8,2.678789564250039,1.533330242709682,1.3189015293754416,0.11552427670952198,0.6789744751817711,-0.39432048800337427,0.15639525997170317,False
am_9db,test,severe_4x,18365,dictionary_24,2.1946369844923206,1.2562029153019185,1.0480633726905397,0.11345630726547316,0.5595487299253027,-0.04121545785815621,0.39785891741403595,False
am_9db,test,severe_4x,18365,dictionary_48,2.137455543218319,1.2234724483786232,1.0137939840279504,0.11446677901394979,0.5457366496135148,0.036130325286952696,0.4344329304267046,False
am_9db,test,severe_4x,18365,local_pca_8,1.9794189646139282,1.1330128360737204,0.9885013235649787,0.3352037839905122,0.5917940461795305,0.04529893178460587,0.11604793576752571,False
am_9db,test,severe_4x,18365,local_pca_16,1.8405983344454033,1.0535523687827753,0.9086852103376785,0.3352037839905122,0.5630955669770098,0.16117360472298362,0.1985882959328065,False
am_9db,test,severe_4x,18365,local_pca_32,1.8636312793651766,1.0667363498970373,0.9187176442981142,0.3352037839905122,0.5678107737976872,0.12370254054804461,0.1746672811668388,False
am_9db,test,severe_4x,18365,local_dictionary_8,2.186908097097065,1.2517789258464567,1.1632237215998615,0.3352037839905122,0.6358061161417486,0.3710879075381071,0.32976921931883907,False
am_9db,test,severe_4x,18365,local_dictionary_24,2.558637535103325,1.4645556205921848,1.3443170805759346,0.3352037839905122,0.7172887183721327,0.40610726579915557,0.35167014887844456,False
am_9db,test,severe_4x,18467,zero_fill,2.144029657282781,1.0,1.1356247489586844,0.3502507149337384,0.6342809226292224,,0.1128637008129327,True
am_9db,test,severe_4x,18467,linear,2.143922140175573,0.9999498527891894,1.132239554433037,0.3502507149337384,0.6342582081065709,0.0072353716219868205,0.11338328297828218,False
am_9db,test,severe_4x,18467,pchip,2.1440941627553665,1.0000300860915643,1.1328501084981375,0.3502507149337384,0.6342945504867769,0.006557895852216627,0.11327684084245203,False
am_9db,test,severe_4x,18467,autoregression,2.1476928948917973,1.0017085759968727,1.1378867156570884,0.3502507149337384,0.6350550281492656,-0.08155140356252698,0.1076894402987685,False
am_9db,test,severe_4x,18467,pca_r32_l01,2.3020767704777154,1.073714984612309,1.1509208640348687,0.13972526452500275,0.5912066421930998,-0.039267203299680975,0.404460351424052,False
am_9db,test,severe_4x,18467,pca_r64_l01,2.318540560918577,1.0813938851279516,1.1305415766184268,0.14300791368049934,0.5959445907157271,-0.025719045505197817,0.39825624519055663,False
am_9db,test,severe_4x,18467,pca_r96_l01,2.3272811230814243,1.0854705834763898,1.1086950876074322,0.1323031340593696,0.5957557812917192,-0.030286328750390182,0.39970633055922306,False
am_9db,test,severe_4x,18467,pca_r64_l001,2.850561692213347,1.3295346370469445,1.4940118116566312,0.1971287940397992,0.7377583607925092,-0.0770255167604276,0.23103801909288668,False
am_9db,test,severe_4x,18467,pca_r64_l1,2.3011026625819944,1.0732606495277117,1.1086515406278887,0.1310779817873541,0.5891092334715837,-0.02394475860294834,0.41060290031192304,False
am_9db,test,severe_4x,18467,template_1,5.242342304903619,2.445088521558727,2.4023911599098353,0.14624693084266532,1.3182131683052933,-0.457310608159528,-0.22332594917409856,False
am_9db,test,severe_4x,18467,dictionary_8,2.031239675588976,0.9473934601087803,0.9610262312172784,0.1173208541424837,0.5203602935669693,0.3436352245897863,0.5748032053317657,False
am_9db,test,severe_4x,18467,dictionary_24,1.9799493606689873,0.9234710695085536,0.9689711341334915,0.11622782419010545,0.5076190179131037,0.38360120995643965,0.6001420369299975,False
am_9db,test,severe_4x,18467,dictionary_48,1.940496922636886,0.9050700003357974,0.9644105600396556,0.11349254268020295,0.49741435603425044,0.4249670334866806,0.6207815151911287,False
am_9db,test,severe_4x,18467,local_pca_8,2.354244273222545,1.0980465056654944,1.1457206276214413,0.3502507149337384,0.6792734881693029,-0.06084350626775903,0.020520082071084165,False
am_9db,test,severe_4x,18467,local_pca_16,2.346328477784344,1.094354487968205,1.1333541885645064,0.3502507149337384,0.6775595349919316,-0.06827694928217407,0.01761487199681025,False
am_9db,test,severe_4x,18467,local_pca_32,2.3319068884490908,1.0876280934492364,1.139825832866107,0.3502507149337384,0.6744406564920225,-0.05375151064194542,0.028357085659576075,False
am_9db,test,severe_4x,18467,local_dictionary_8,1.966696616433901,0.9172898377377757,1.0460117992111337,0.3502507149337384,0.5972870452495223,0.400551065248906,0.34923192029201944,False
am_9db,test,severe_4x,18467,local_dictionary_24,2.4302662557058325,1.1335040294105874,1.24078142670402,0.3502507149337384,0.6958056267421406,-0.07715514800807437,0.00013663378207987833,False
am_9db,test,severe_4x,18570,zero_fill,2.966876216937081,1.0,1.488138462753854,0.3465532671132605,0.8140885237041949,,0.09162712573161068,True
am_9db,test,severe_4x,18570,linear,2.9692664081682527,1.0008056255321764,1.4792548984610996,0.3465532671132605,0.8146329889465378,-0.0030976468888807025,0.09071501618699696,False
am_9db,test,severe_4x,18570,pchip,2.9702412134305582,1.00113418836764,1.4785128017446518,0.3465532671132605,0.8148550626554916,-0.008166978130232042,0.08952648373429603,False
am_9db,test,severe_4x,18570,autoregression,2.9631939458138654,0.9987588726815786,1.482600967127821,0.3465532671132605,0.8132498795231646,0.10913028961195313,0.09753142893877859,False
am_9db,test,severe_4x,18570,pca_r32_l01,3.2126877328909904,1.0828519621245536,1.535503438104325,0.14485136147786137,0.8153255186924615,-0.030196636005976902,0.2597011467754984,False
am_9db,test,severe_4x,18570,pca_r64_l01,3.2849137518602283,1.1071960916696013,1.5878571425318317,0.15857945939989332,0.8354590815576292,-0.07348399150916479,0.2237263275678837,False
am_9db,test,severe_4x,18570,pca_r96_l01,3.217731078492923,1.084551846188857,1.5513766353948337,0.1495609757241589,0.8173631603895796,-0.028117910376007284,0.2588795743419974,False
am_9db,test,severe_4x,18570,pca_r64_l001,5.593870254928708,1.8854410652506635,2.7919443924996177,0.24635641201571828,1.4186647916063329,-0.24643010180760072,-0.10019714676249752,False
am_9db,test,severe_4x,18570,pca_r64_l1,2.995887184103716,1.0097782870080725,1.4579229387767403,0.1421883541976897,0.7615199825397971,0.10386894074319891,0.36713038588439667,False
am_9db,test,severe_4x,18570,template_1,3.587760601751312,1.2092720893678588,1.6259070735586445,0.16791397085288792,0.9115561097510917,0.07764134418329867,0.23946512200299166,False
am_9db,test,severe_4x,18570,dictionary_8,2.863951692460967,0.9653087904751314,1.3856452295483284,0.13250133744070117,0.7273912445816065,0.35233576254264837,0.4850316486277398,False
am_9db,test,severe_4x,18570,dictionary_24,3.3834913096039845,1.1404221350013064,1.6061062880515626,0.13418716554321491,0.8557929938481588,0.04061139066938836,0.25763682498211743,False
am_9db,test,severe_4x,18570,dictionary_48,3.355171825608195,1.130876915745403,1.6044331817464226,0.13535909389141684,0.848970304392386,0.057542786874297765,0.2703975387960231,False
am_9db,test,severe_4x,18570,local_pca_8,3.0763399193443126,1.0368952711213004,1.47106859892825,0.3465532671132605,0.8390975361792906,0.05372283316368797,0.08903917458126538,False
am_9db,test,severe_4x,18570,local_pca_16,3.0628767916582516,1.0323574587214424,1.4546396266437733,0.3465532671132605,0.8360136715793688,0.05411758972979784,0.09058469616873345,False
am_9db,test,severe_4x,18570,local_pca_32,3.0400183495864264,1.0246529100984387,1.4497438167792822,0.3465532671132605,0.8307827284414269,0.07766985552035414,0.10891034324339546,False
am_9db,test,severe_4x,18570,local_dictionary_8,2.9763876178487254,1.0032058637489987,1.4343069575814567,0.3465532671132605,0.816255580221597,0.23455371189440852,0.23267982312879953,False
am_9db,test,severe_4x,18570,local_dictionary_24,3.292731192216514,1.109830997808138,1.6074129507949941,0.3465532671132605,0.8889448171989751,0.29785321461473,0.2850042560335294,False
am_9db,test,severe_4x,18673,zero_fill,4.350976949262946,1.0,1.9493602380112751,0.34409627718183516,1.137624557262123,,0.06896470447015414,True
am_9db,test,severe_4x,18673,linear,4.355546562672723,1.001050249969849,1.9623204426254266,0.34409627718183516,1.1387169199137617,0.0037148723416944745,0.0648627121734346,False
am_9db,test,severe_4x,18673,pchip,4.35519567395083,1.0009696040078078,1.9603463693184267,0.34409627718183516,1.1386330367472437,0.006727974090628967,0.06567371013147935,False
am_9db,test,severe_4x,18673,autoregression,4.348228567047126,0.9993683298606569,1.94570056902896,0.34409627718183516,1.1369676059270741,0.0568383130595027,0.07392783316559327,False
am_9db,test,severe_4x,18673,pca_r32_l01,4.080526890516411,0.937841532625828,1.7356458274009618,0.1511764545898188,1.0305797673689172,0.37470744094646863,0.4311730245287044,False
am_9db,test,severe_4x,18673,pca_r64_l01,4.088742662617624,0.9397297917908426,1.7782337933763686,0.15045000950624512,1.0325134575852966,0.3792885659893182,0.4287399563967466,False
am_9db,test,severe_4x,18673,pca_r96_l01,4.140839332985924,0.9517033487588071,1.7683189645052297,0.1484816067737445,1.0451450914482818,0.33578267900990366,0.4010452883659671,False
am_9db,test,severe_4x,18673,pca_r64_l001,4.0156102371587155,0.9229215148655198,1.831150128359669,0.22934307452848893,1.0281688596810892,0.39453084178210535,0.44568388670157877,False
am_9db,test,severe_4x,18673,pca_r64_l1,4.213994659406152,0.9685168890908517,1.7990407007857567,0.13368974169576422,1.0614213699982615,0.26164007538057726,0.36421072183344405,False
am_9db,test,severe_4x,18673,template_1,1.9534152106636644,0.4489601377903352,0.8889166717121801,0.15068528398768016,0.5096826100261371,0.9113037770138757,0.9091991242569051,False
am_9db,test,severe_4x,18673,dictionary_8,3.2709830124806825,0.751781278233337,1.4470678158836048,0.12298290680465392,0.8263701424917376,0.7876966883297337,0.7656770571108629,False
am_9db,test,severe_4x,18673,dictionary_24,3.522929016876576,0.8096868951404946,1.5790761715094486,0.11892798206882092,0.8882281108946405,0.6820496122464302,0.6795162116244846,False
am_9db,test,severe_4x,18673,dictionary_48,3.9076716689634314,0.8981136224188432,1.6852052518635414,0.11892263553533244,0.983680485824141,0.5637125017900678,0.5470184803104783,False
am_9db,test,severe_4x,18673,local_pca_8,4.154184104431266,0.9547704234873007,1.7419191161889307,0.34409627718183516,1.090678667535304,0.3183453886418559,0.29459381414678515,False
am_9db,test,severe_4x,18673,local_pca_16,4.216934561370467,0.9691925768728364,1.772754302058314,0.34409627718183516,1.1056268248836467,0.2534573270883101,0.24016674009952976,False
am_9db,test,severe_4x,18673,local_pca_32,4.222944309641941,0.9705738179921423,1.8002014869998972,0.34409627718183516,1.1070595162945513,0.24663797358260792,0.2346574915464457,False
am_9db,test,severe_4x,18673,local_dictionary_8,2.9830278671045636,0.6855995565800199,1.3038123377353468,0.34409627718183516,0.8167959114536498,0.7565131519907908,0.7195885759488624,False
am_9db,test,severe_4x,18673,local_dictionary_24,3.302802232413888,0.7590943990115557,1.3366328259949594,0.34409627718183516,0.8903839167037069,0.6513581245811517,0.6242056511844627,False
am_9db,test,severe_4x,18776,zero_fill,3.2871484653550866,1.0,1.5808868088179129,0.3535245668065751,0.8902260711233323,,0.07996453141343593,True
am_9db,test,severe_4x,18776,linear,3.290130153978617,1.000907074522175,1.5777750253823006,0.3535245668065751,0.8909142326900779,-0.010394500986226577,0.07758834335549444,False
am_9db,test,severe_4x,18776,pchip,3.291894450511172,1.0014438000613923,1.5766354503107183,0.3535245668065751,0.8913214684999633,-0.017640345943871445,0.07533423212148185,False
am_9db,test,severe_4x,18776,autoregression,3.2837609150166487,0.9989694562402213,1.5761123973522904,0.3535245668065751,0.8894443503189092,0.08079090557053308,0.08576868360286952,False
am_9db,test,severe_4x,18776,pca_r32_l01,3.4430420984990864,1.0474251877537755,1.6585581300400931,0.16813549840809386,0.8760201938101606,-0.0941100655388807,0.2459311895666106,False
am_9db,test,severe_4x,18776,pca_r64_l01,3.523949153965124,1.072038330822535,1.685357490079784,0.1758694555324958,0.89729345187942,-0.18471299937849964,0.1940232678878766,False
am_9db,test,severe_4x,18776,pca_r96_l01,3.521145457446688,1.0711854041756292,1.658616929412225,0.1720497197203438,0.8959102188324723,-0.17520294486567237,0.19754489566650119,False
am_9db,test,severe_4x,18776,pca_r64_l001,4.249929196922705,1.2928923782162105,2.1308017497784344,0.25770362698175986,1.0913886100184873,-0.17950335499644168,0.023674421270161308,False
am_9db,test,severe_4x,18776,pca_r64_l1,3.482672673032887,1.059481404548206,1.598138320118795,0.1621412509007148,0.8847088407403012,-0.14763184863072065,0.221907587182768,False
am_9db,test,severe_4x,18776,template_1,6.04749901010033,1.8397401498100763,2.8582205016712683,0.17978069564599902,1.5218627721288815,-0.5309938062282665,-0.35980977145904613,False
am_9db,test,severe_4x,18776,dictionary_8,4.332362290121881,1.3179697649141282,1.8872716190653327,0.17856435160526005,1.0968033503046823,-0.35982595421980423,-0.09443358210293631,False
am_9db,test,severe_4x,18776,dictionary_24,3.601552208880655,1.0956463472335454,1.6232473787921657,0.16896693649251068,0.9151306497472125,-0.0813147476500086,0.18922861602613664,False
am_9db,test,severe_4x,18776,dictionary_48,3.554385785872092,1.0812976119982272,1.6156727959590458,0.16833295786596794,0.9034205168887355,-0.11334802207536532,0.19572936902699875,False
am_9db,test,severe_4x,18776,local_pca_8,3.681296046048257,1.1199056218017804,1.6851085089250741,0.3535245668065751,0.9819188761262045,-0.3124830663788921,-0.20426739751893747,False
am_9db,test,severe_4x,18776,local_pca_16,3.6059030951350515,1.0969699522669816,1.6547591510757953,0.3535245668065751,0.9642753568594007,-0.24034838319266585,-0.1444238327092591,False
am_9db,test,severe_4x,18776,local_pca_32,3.596330266894059,1.0940577539461922,1.6801555221521864,0.3535245668065751,0.9620383853638242,-0.22439277475962016,-0.13266397954749437,False
am_9db,test,severe_4x,18776,local_dictionary_8,3.8096284856562157,1.1589462799772536,1.7473443928728603,0.3535245668065751,1.012051242797268,-0.2610954497724239,-0.18661840633810323,False
am_9db,test,severe_4x,18776,local_dictionary_24,4.446520106107314,1.3526982894053703,2.0993192725158982,0.3535245668065751,1.1631378718807706,-0.2772223328400147,-0.22817103604480626,False
am_9db,test,severe_4x,18879,zero_fill,3.280162646812254,1.0,1.723194271118465,0.35611105152016376,0.8895818260833402,,0.09901070170556804,True
am_9db,test,severe_4x,18879,linear,3.2848578917111295,1.0014314061235465,1.7454932694615046,0.35611105152016376,0.890663993320392,-0.0031429089655389993,0.09364795237294926,False
am_9db,test,severe_4x,18879,pchip,3.2858044218114784,1.0017199680646043,1.7500487856295515,0.35611105152016376,0.8908821791354419,-0.006502281251662696,0.09256372407285869,False
am_9db,test,severe_4x,18879,autoregression,3.275442286870384,0.9985609372308238,1.7175421146944945,0.35611105152016376,0.8884941048566614,0.07232631061663715,0.10689166309912924,False
am_9db,test,severe_4x,18879,pca_r32_l01,3.3138599703026754,1.010273064819871,1.7367190035781797,0.15403505511065116,0.8417827019122338,0.13194576314393322,0.3500654490513642,False
am_9db,test,severe_4x,18879,pca_r64_l01,3.4624958146305134,1.0555866240338587,1.8288915862145099,0.15482123302484038,0.878508020711244,-0.014507850504805835,0.2653259912539007,False
am_9db,test,severe_4x,18879,pca_r96_l01,3.4574886524186974,1.0540601258839324,1.8001231874217343,0.13115426960015006,0.8736507246219487,-0.0756853058405927,0.26464432052462555,False
am_9db,test,severe_4x,18879,pca_r64_l001,4.125727256396687,1.2577813055722022,2.4064495951888056,0.2236792292561454,1.0539245513254223,0.23540777118656814,0.32455133571038314,False
am_9db,test,severe_4x,18879,pca_r64_l1,3.5525621673420367,1.0830445163426599,1.8234546429805454,0.1462306701548755,0.899355640383683,-0.23679509570263607,0.1879217996668567,False
am_9db,test,severe_4x,18879,template_1,3.942450636033458,1.2019070578298403,1.8595641863903802,0.18323969052931313,1.0014542170120595,0.1403108672774594,0.26857882924612314,False
am_9db,test,severe_4x,18879,dictionary_8,3.8246175658816357,1.1659841226466308,1.7922284411127443,0.12828570665253475,0.96418870894202,-0.05767504106908939,0.17534347833272482,False
am_9db,test,severe_4x,18879,dictionary_24,3.7747852680806586,1.1507921022602619,1.794830079384375,0.12134572483536536,0.9509822420186167,-0.08720655192532521,0.1751492244788403,False
am_9db,test,severe_4x,18879,dictionary_48,3.574022864818143,1.0895870874852716,1.6958847435043536,0.12059429483047883,0.9011029421432589,0.01542967572924514,0.2598041164454513,False
am_9db,test,severe_4x,18879,local_pca_8,3.3917975399374782,1.0340333407654996,1.763531275627618,0.35611105152016376,0.9153727644772606,0.03426214854454914,0.07839616618609058,False
am_9db,test,severe_4x,18879,local_pca_16,3.4734405988532777,1.0589232830356312,1.780860952525364,0.35611105152016376,0.9343117724087129,-0.12482722821356418,-0.03330915208898424,False
am_9db,test,severe_4x,18879,local_pca_32,3.4678805448404106,1.0572282286704855,1.7834072989699892,0.35611105152016376,0.933020018826786,-0.12486011211771908,-0.03190120476817833,False
am_9db,test,severe_4x,18879,local_dictionary_8,3.299622836643743,1.0059326905177708,1.6050106074546093,0.35611105152016376,0.8940685474043242,0.2269116910393619,0.23043133134886323,False
am_9db,test,severe_4x,18879,local_dictionary_24,3.640016215664583,1.1097060138777095,1.6913455613006758,0.35611105152016376,0.9731374602774221,0.1836507333117735,0.18845590712581478,False
am_9db,test,severe_4x,18982,zero_fill,2.5079713103334935,1.0,1.2868920514827833,0.3464156148961908,0.7110721116347171,,0.09581565093703233,True
am_9db,test,severe_4x,18982,linear,2.5083527341493452,1.0001520846009204,1.2848517531580113,0.3464156148961908,0.711156193839172,0.00032786591923254793,0.09565999013725916,False
am_9db,test,severe_4x,18982,pchip,2.508493096149087,1.0002080509507598,1.2875434046378424,0.3464156148961908,0.711187136373324,0.0010095296395309554,0.09573608489809596,False
am_9db,test,severe_4x,18982,autoregression,2.503191316839042,0.9980940796751714,1.2819503049255552,0.3464156148961908,0.7100186371830746,0.14892474041811454,0.10350521675861456,False
am_9db,test,severe_4x,18982,pca_r32_l01,2.1482865263694895,0.8565833737882051,1.090825567224389,0.1371239641005265,0.5532393086597068,0.5256173892290151,0.6295448434481331,False
am_9db,test,severe_4x,18982,pca_r64_l01,2.1703055155120876,0.8653629754733896,1.0953127020492954,0.15366412541213828,0.562606433388516,0.5129568471905828,0.6118718007187538,False
am_9db,test,severe_4x,18982,pca_r96_l01,2.2781056013867538,0.9083459575475871,1.154463440331769,0.14166865277371776,0.5858122160060394,0.42350992584280184,0.566303463366403,False
am_9db,test,severe_4x,18982,pca_r64_l001,2.2115478882536754,0.8818074908359292,1.1635988675375102,0.21844773140544121,0.5919636407955121,0.5967544553342229,0.6496590026533948,False
am_9db,test,severe_4x,18982,pca_r64_l1,2.3712881315498247,0.9455005014529079,1.1872200117407958,0.1361584774042687,0.6073042054525057,0.3253197879616792,0.5194186958494794,False
am_9db,test,severe_4x,18982,template_1,3.5833055147250645,1.428766549266698,1.6593305955044606,0.16727899186101652,0.9103506305481158,0.15152763759575205,0.28025141218225413,False
am_9db,test,severe_4x,18982,dictionary_8,2.5029201734058932,0.9979859670217166,1.226234635182677,0.11778019297092485,0.6360371452540238,0.27989347972844814,0.478988495653205,False
am_9db,test,severe_4x,18982,dictionary_24,2.503290474921319,0.9981336168428688,1.2162820801860752,0.11736780180877025,0.6360567592279572,0.2806233805572018,0.48030209676998026,False
am_9db,test,severe_4x,18982,dictionary_48,2.5105271047065036,1.0010190684249376,1.2025377362646779,0.11677234364851766,0.6377344199921474,0.2838745368446278,0.4802232400442783,False
am_9db,test,severe_4x,18982,local_pca_8,2.246036518348826,0.8955590955504841,1.1128562085859852,0.3464156148961908,0.6540611934012323,0.4551376256921998,0.3914599722343775,False
am_9db,test,severe_4x,18982,local_pca_16,2.3432787291909065,0.9343323504284077,1.1683843125956042,0.3464156148961908,0.6750468445012325,0.3614153859316031,0.3130128709930619,False
am_9db,test,severe_4x,18982,local_pca_32,2.350775214869394,0.9373214139984732,1.1895417710684595,0.3464156148961908,0.6766738867663117,0.3506872397246002,0.3069359673720432,False
am_9db,test,severe_4x,18982,local_dictionary_8,2.420822182703349,0.965251146505916,1.1981969389960319,0.3464156148961908,0.6919373487682609,0.36089650571295495,0.33207776083187146,False
am_9db,test,severe_4x,18982,local_dictionary_24,3.324147329883577,1.3254327576185685,1.456973990814177,0.3464156148961908,0.8961728399292844,0.03342524389167201,0.05180803913240364,False
am_9db,test,severe_4x,19084,zero_fill,3.2890979505095497,1.0,1.5560722513237928,0.3428463952656238,0.8867539148928807,,0.09221825313411262,True
am_9db,test,severe_4x,19084,linear,3.2925675216376193,1.0010548701134097,1.5715211692324396,0.3428463952656238,0.8875582954707251,0.0041068910855606,0.08904513802191917,False
am_9db,test,severe_4x,19084,pchip,3.293075115307379,1.001209196216614,1.5744764998835534,0.3428463952656238,0.8876759852367373,0.0038569374541090893,0.08859773310575053,False
am_9db,test,severe_4x,19084,autoregression,3.29934053667845,1.0031141018975471,1.5568768143967278,0.3428463952656238,0.8891288833097093,-0.19808909366733582,0.07602345412156354,False
am_9db,test,severe_4x,19084,pca_r32_l01,3.374272479791173,1.0258960148232825,1.5133233200312584,0.13620897872465318,0.8538152631041691,0.04932051468518073,0.3081836288147177,False
am_9db,test,severe_4x,19084,pca_r64_l01,3.235278078744456,0.9836368899391531,1.5179025173242868,0.14871498700068433,0.8215369155272186,0.201984928816578,0.3865416599414591,False
am_9db,test,severe_4x,19084,pca_r96_l01,3.265913607059881,0.9929511544506976,1.5123269529433332,0.14816503324503505,0.8289860088131168,0.16554073009893203,0.3678548476641001,False
am_9db,test,severe_4x,19084,pca_r64_l001,2.9452165968929367,0.8954481262671613,1.7577786718176667,0.2369814441562785,0.7712288844649794,0.47124062508636033,0.5291670370870988,False
am_9db,test,severe_4x,19084,pca_r64_l1,3.3256304112331407,1.0111071367509537,1.5124994048702862,0.13644873475436614,0.8418391878188389,0.07791494503794454,0.33222570366174825,False
am_9db,test,severe_4x,19084,template_1,3.966678509412728,1.206008020770013,1.9569448140882753,0.1618494989071724,1.003975451065797,-0.023386094030463198,0.14734230700322418,False
am_9db,test,severe_4x,19084,dictionary_8,3.6610342260870343,1.1130815442938888,1.7355335569244186,0.13413700701744438,0.9244276152826495,0.04307189632473709,0.23543093448921415,False
am_9db,test,severe_4x,19084,dictionary_24,3.374417887367556,1.025940223776184,1.5358233784913389,0.1305535229251281,0.8530225456358315,0.08722325377958141,0.31826016796227574,False
am_9db,test,severe_4x,19084,dictionary_48,3.497050273860515,1.0632247280196532,1.54263961777512,0.1303802033310211,0.8833298357358322,-0.031001855334275952,0.24759794269257407,False
am_9db,test,severe_4x,19084,local_pca_8,3.256165830778349,0.9899874919425556,1.468168074361562,0.3428463952656238,0.8791249441464486,0.17067866101544193,0.18284004007182908,False
am_9db,test,severe_4x,19084,local_pca_16,3.2449139413058488,0.9865665267898587,1.4827084888266127,0.3428463952656238,0.8765208656843452,0.18203752235808587,0.19151074474076452,False
am_9db,test,severe_4x,19084,local_pca_32,3.2500432950771576,0.988126028467367,1.4846926726478231,0.3428463952656238,0.8777078165979937,0.17653896083619589,0.18730376140021263,False
am_9db,test,severe_4x,19084,local_dictionary_8,3.6636679461209396,1.113882286647426,1.7568149219043385,0.3428463952656238,0.9742181987571339,-0.0059115214307330815,0.026299325345746482,False
am_9db,test,severe_4x,19084,local_dictionary_24,4.72618392467502,1.4369240429409638,2.256845506634175,0.3428463952656238,1.227292987917312,0.10614933096051471,0.1111145994006875,False
am_9db,test,severe_4x,19187,zero_fill,3.116507816781856,1.0,1.4399093228005435,0.3480152321011064,0.8488720456684791,,0.1019425177094498,True
am_9db,test,severe_4x,19187,linear,3.1179401390607477,1.000459592070066,1.4466147921678019,0.3480152321011064,0.8492007174904955,-0.0074532429597222545,0.10055681504191373,False
am_9db,test,severe_4x,19187,pchip,3.116756471804872,1.000079786426871,1.449574594806951,0.3480152321011064,0.848929102279504,0.008066006846605677,0.1021787680395925,False
am_9db,test,severe_4x,19187,autoregression,3.1141847507996143,0.9992545932438442,1.4492462652640181,0.3480152321011064,0.8483390274798993,0.05216765061239765,0.10587756019687244,False
am_9db,test,severe_4x,19187,pca_r32_l01,3.177928159303084,1.019708066249823,1.5047534277373464,0.15951484769898874,0.8093555378060822,0.1277063347920358,0.3470275009624366,False
am_9db,test,severe_4x,19187,pca_r64_l01,3.222184210847735,1.0339085926551606,1.5810332065455068,0.15796687128066444,0.8199380340523252,0.06874415885488572,0.31921841160792613,False
am_9db,test,severe_4x,19187,pca_r96_l01,3.232999219908187,1.0373788259086165,1.5661119410003883,0.15842903345633327,0.8226778050805935,0.05384908491313325,0.3123301114007097,False
am_9db,test,severe_4x,19187,pca_r64_l001,3.8394059762982056,1.2319577559291424,2.192485049358399,0.29204103069614357,1.000635976048026,0.14243939189070592,0.2617633427520631,False
am_9db,test,severe_4x,19187,pca_r64_l1,3.2130535010668906,1.030978803828167,1.4667325838353562,0.14430961507340423,0.8153255398826024,0.009776890287845112,0.31381736000122473,False
am_9db,test,severe_4x,19187,template_1,3.759287831207064,1.2062500889501862,2.0032086531457653,0.15644541001657625,0.9519510390702327,0.38455762152045675,0.4522360467977643,False
am_9db,test,severe_4x,19187,dictionary_8,3.382967850821505,1.0854995558184735,1.599108165403765,0.13033671502078983,0.8551054894327378,0.08412966075965016,0.29502342478263693,False
am_9db,test,severe_4x,19187,dictionary_24,3.374676148299526,1.0828389809027523,1.5675209957002347,0.12409419178275626,0.8521821120077181,-0.04876769187889071,0.2529566162399877,False
am_9db,test,severe_4x,19187,dictionary_48,3.3858729185620917,1.0864317106248704,1.5725076252185142,0.1229729733241185,0.8548015377550654,-0.06524520543388372,0.24596522911876295,False
am_9db,test,severe_4x,19187,local_pca_8,3.1688525415830036,1.016795954920851,1.4357779259877226,0.3480152321011064,0.8608987112646029,0.08209873057205405,0.119067403755854,False
am_9db,test,severe_4x,19187,local_pca_16,3.192781736776513,1.0244741629024432,1.4428021463541196,0.3480152321011064,0.8664068849748601,0.048869638081900584,0.09433148891723507,False
am_9db,test,severe_4x,19187,local_pca_32,3.1726412082555315,1.0180116318564667,1.5115181461019749,0.3480152321011064,0.8617703893343966,0.0735073575619761,0.11292111734248464,False
am_9db,test,severe_4x,19187,local_dictionary_8,3.1753933792187334,1.0188947263728296,1.6324908269777576,0.3480152321011064,0.862403695326396,0.386974869434613,0.36805813042987834,False
am_9db,test,severe_4x,19187,local_dictionary_24,2.9537274734210377,0.9477683506891034,1.4902715571878682,0.3480152321011064,0.8116813188475677,0.44337741559711225,0.41849552522256844,False
am_9db,test,severe_4x,19290,zero_fill,4.9162225302436875,1.0,2.4286766905951565,0.34613552211577425,1.2739307026367999,,0.07035327339662611,True
am_9db,test,severe_4x,19290,linear,4.916972353237743,1.0001525201492494,2.4235141335870627,0.34613552211577425,1.2741115560842706,0.004460662698597573,0.07029564562808271,False
am_9db,test,severe_4x,19290,pchip,4.918300954665153,1.0004227685806895,2.4246246982385387,0.34613552211577425,1.2744320125970712,-0.0002739442718989174,0.06859694519794284,False
am_9db,test,severe_4x,19290,autoregression,4.90223340608494,0.9971544973660795,2.4191019085747563,0.34613552211577425,1.2705569488119803,0.16333763434252882,0.09404765747979904,False
am_9db,test,severe_4x,19290,pca_r32_l01,4.7370071547441,0.9635461221706122,2.3461847693842706,0.16064429764429933,1.1944228637604974,0.2851674770319415,0.35532904328283654,False
am_9db,test,severe_4x,19290,pca_r64_l01,4.924758179421573,1.0017362210773366,2.4306511600458753,0.15600585796549504,1.2404210611112299,0.09142340719022417,0.2449865706512476,False
am_9db,test,severe_4x,19290,pca_r96_l01,5.151985994518282,1.0479562230603316,2.5292046516631275,0.14320249181529374,1.2954382461315015,-0.18430492342210078,0.10336279630461986,False
am_9db,test,severe_4x,19290,pca_r64_l001,4.693146305458898,0.9546244655500303,2.5928475185330306,0.24621029676925937,1.1972602812768671,0.39443086028891583,0.43335716277091424,False
am_9db,test,severe_4x,19290,pca_r64_l1,5.2083353103327665,1.0594181362401836,2.5305498166020777,0.15281676139570632,1.3104639241341023,-0.3022029449488811,0.05058939765104342,False
am_9db,test,severe_4x,19290,template_1,6.889326071009102,1.4013454494029203,3.317745201502072,0.1501752658171899,1.72845854140392,-0.7230837040279547,-0.5109558399553673,False
am_9db,test,severe_4x,19290,dictionary_8,5.8336609053972825,1.1866144930400697,2.721163487075045,0.12790947717839377,1.463664324444846,-0.592033825988017,-0.24718046813189395,False
am_9db,test,severe_4x,19290,dictionary_24,5.846753697321279,1.1892776743430828,2.7399554880485413,0.12224610165391579,1.4664730315812948,-0.5502969201636329,-0.23162513324546918,False
am_9db,test,severe_4x,19290,dictionary_48,5.6002975943395965,1.1391464808371887,2.612298822286355,0.1209659729995958,1.4049649605177426,-0.43668572419400536,-0.1193829983220494,False
am_9db,test,severe_4x,19290,local_pca_8,4.930077864616869,1.002818288693798,2.40523681140151,0.34613552211577425,1.277272845417156,0.08216197331359375,0.10446997449344801,False
am_9db,test,severe_4x,19290,local_pca_16,5.175461726977298,1.0527313796596511,2.4922817871535314,0.34613552211577425,1.3365662881630263,-0.22755643626133545,-0.14147118424388588,False
am_9db,test,severe_4x,19290,local_pca_32,5.151443996629919,1.0478459762427743,2.5029808814470353,0.34613552211577425,1.3307545379753036,-0.196766494906462,-0.11718391248701576,False
am_9db,test,severe_4x,19290,local_dictionary_8,4.490471849881653,0.9133988183523234,2.1135208153948892,0.34613552211577425,1.1715770469124875,0.43429285366392345,0.41364659661009545,False
am_9db,test,severe_4x,19290,local_dictionary_24,4.925542092093346,1.0018956753467376,2.260805833950881,0.34613552211577425,1.2761786683307392,0.14163100760945835,0.15303990789385985,False
am_9db,test,severe_4x,19393,zero_fill,2.9102040968909275,1.0,1.3159065340816907,0.3384754930978558,0.797957266124661,,0.09616668404202547,True
am_9db,test,severe_4x,19393,linear,2.9119492851162114,1.0005996789802984,1.3186167280829242,0.3384754930978558,0.7983550874495934,0.0014479570117154066,0.09451134501964006,False
am_9db,test,severe_4x,19393,pchip,2.911855685770317,1.0005675165123828,1.3166253820611766,0.3384754930978558,0.7983337501544416,0.0016495021860695863,0.09477546938748695,False
am_9db,test,severe_4x,19393,autoregression,2.9122487032718474,1.0007025646012608,1.3189118307163108,0.3384754930978558,0.7984233448305365,-0.03949548877252809,0.0931938756967456,False
am_9db,test,severe_4x,19393,pca_r32_l01,2.7897486469957795,0.9586092776022703,1.2109205463984418,0.14797610221599672,0.7120020810986251,0.28487007519155627,0.4548861709976202,False
am_9db,test,severe_4x,19393,pca_r64_l01,2.8572603984197267,0.9818075651368361,1.2650241044389023,0.14651565494095942,0.7282659001662498,0.20401579609751858,0.4157433563704051,False
am_9db,test,severe_4x,19393,pca_r96_l01,2.8079740370001924,0.9648718589875016,1.2506084945720675,0.14178305331219532,0.7152907933825363,0.262192648454975,0.4458518216206655,False
am_9db,test,severe_4x,19393,pca_r64_l001,3.5828537269569476,1.2311348646593672,1.7041731546392176,0.1749040006449115,0.9115821401001537,-0.01164521944156753,0.19003963372926724,False
am_9db,test,severe_4x,19393,pca_r64_l1,2.85664122492507,0.981594805662228,1.2460419511314882,0.13545623019182879,0.7261036832990919,0.20254642996754196,0.41982574423037994,False
am_9db,test,severe_4x,19393,template_1,4.410487047563717,1.5155249943725921,2.017407910203109,0.17067244939329415,1.1149364407740894,-0.3858013921548239,-0.13682827803922562,False
am_9db,test,severe_4x,19393,dictionary_8,3.3543790460167195,1.1526267348741346,1.4154428894938562,0.1291506419852884,0.8478670705524178,-0.2645942316646586,0.14047007932068634,False
am_9db,test,severe_4x,19393,dictionary_24,2.6786849159978705,0.9204457236726465,1.139062499431692,0.12968560919618133,0.6813418854401992,0.4053666827943891,0.5232032452672148,False
am_9db,test,severe_4x,19393,dictionary_48,2.856667473882612,0.9816038252899477,1.2338691887628803,0.127516754632887,0.7247610337647689,0.20051192323620837,0.4231441620726262,False
am_9db,test,severe_4x,19393,local_pca_8,2.8094297972148627,0.9653720851456001,1.2142571859417493,0.3384754930978558,0.775055670456012,0.261607172199114,0.2511343528996064,False
am_9db,test,severe_4x,19393,local_pca_16,2.805462939972449,0.9640089995645401,1.2212293546939548,0.3384754930978558,0.7741570899604456,0.2652766887729847,0.2514599587902031,False
am_9db,test,severe_4x,19393,local_pca_32,2.8078274940354513,0.9648215041120831,1.2334091709473145,0.3384754930978558,0.7746926861536351,0.2623480135508345,0.24943664291644474,False
am_9db,test,severe_4x,19393,local_dictionary_8,2.0845917025334026,0.716304297956437,0.9638293186565148,0.3384754930978558,0.6156301374246888,0.7146332671699097,0.6456659984351055,False
am_9db,test,severe_4x,19393,local_dictionary_24,2.305286568064384,0.7921391391508252,1.1091390522153395,0.3384754930978558,0.6629871346939743,0.6170094106892579,0.5671984969340997,False
am_9db,test,severe_4x,19496,zero_fill,4.207028041088246,1.0,1.9112809170612013,0.343998223199149,1.1032369023119357,,0.061746292021788746,True
am_9db,test,severe_4x,19496,linear,4.208155447249315,1.000267981613162,1.921653688293958,0.343998223199149,1.1035056052099557,-0.0016395562940604127,0.060920889092960395,False
am_9db,test,severe_4x,19496,pchip,4.208342894912825,1.0003125374520296,1.9274028793414901,0.343998223199149,1.1035502816089144,4.218772875894113e-05,0.06092710234200218,False
am_9db,test,severe_4x,19496,autoregression,4.214160074860865,1.0016952665166392,1.9133874511520386,0.343998223199149,1.104936842086854,-0.1516806680232864,0.050158977738207364,False
am_9db,test,severe_4x,19496,pca_r32_l01,3.90199706894784,0.927494903965151,1.7973809253382638,0.16015334308778967,0.9877473590704527,0.42471682149381457,0.4527738759300226,False
am_9db,test,severe_4x,19496,pca_r64_l01,4.024140800773455,0.9565281622730798,1.8509175719426674,0.15823570185884256,1.0176347344636678,0.3110399159160163,0.3864985538392046,False
am_9db,test,severe_4x,19496,pca_r96_l01,4.155044729452703,0.9876436973730994,1.896169592422909,0.14436278835506594,1.0481234995122661,0.15695730456851453,0.31200913573356687,False
am_9db,test,severe_4x,19496,pca_r64_l001,4.643633472084484,1.1037800144738992,2.374104334526396,0.23514265818284374,1.1830234800217092,0.14717771253481882,0.23959843736600972,False
am_9db,test,severe_4x,19496,pca_r64_l1,4.075170833090561,0.9686578728000166,1.7896166340312374,0.13614522211352753,1.0272855658675544,0.25923274935527535,0.3646584829716375,False
am_9db,test,severe_4x,19496,template_1,4.935929063299647,1.1732579424459586,2.342038696255904,0.14738972423712007,1.2422069996604466,0.02143670662775035,0.13320542626087825,False
am_9db,test,severe_4x,19496,dictionary_8,3.8343169141836384,0.91140750114701,1.7015327276643428,0.12013729212703722,0.9656112291182783,0.42331996061186067,0.4901992940380809,False
am_9db,test,severe_4x,19496,dictionary_24,3.9503076844570124,0.9389782159462795,1.7172116357554121,0.1152019270164501,0.9938562226783824,0.3443958386490596,0.43364925060769094,False
am_9db,test,severe_4x,19496,dictionary_48,3.9296988376193474,0.9340795448092234,1.724002729113537,0.11317308638060711,0.9885170448265085,0.37252687368431503,0.44731564911967453,False
am_9db,test,severe_4x,19496,local_pca_8,3.927591838404822,0.9335787163873667,1.7680067616685062,0.343998223199149,1.036852186685943,0.41003263681782487,0.36165480420407103,False
am_9db,test,severe_4x,19496,local_pca_16,4.075002323024988,0.9686178183806194,1.832996432615065,0.343998223199149,1.0718169618725024,0.2655752500197373,0.23668282000511429,False
am_9db,test,severe_4x,19496,local_pca_32,4.060807196355707,0.9652436724204208,1.8248900922506461,0.343998223199149,1.06844445192055,0.28080921684773225,0.2500166075699838,False
am_9db,test,severe_4x,19496,local_dictionary_8,3.485231719309754,0.8284308270044756,1.5159865116358187,0.343998223199149,0.9328002800956845,0.5601877337329888,0.5333557564106695,False
am_9db,test,severe_4x,19496,local_dictionary_24,3.6621280638928884,0.8704786438612835,1.6547390232782466,0.343998223199149,0.9742369969562864,0.5253861489196046,0.48814878574982484,False
am_9db,test,severe_4x,19599,zero_fill,3.978214719777594,1.0,1.8030628468611751,0.33534471064271165,1.0462144104160658,,0.06528186854443047,True
am_9db,test,severe_4x,19599,linear,3.9792579428592623,1.0002622339806049,1.8027490076440562,0.33534471064271165,1.0464623410612177,-0.00418918327100632,0.06419095060601578,False
am_9db,test,severe_4x,19599,pchip,3.9798591472643645,1.0004133581524888,1.8057233729927344,0.33534471064271165,1.0466052251328009,-0.006220282549988625,0.06346756095484102,False
am_9db,test,severe_4x,19599,autoregression,3.9805618821035615,1.0005900039317381,1.8041954081545484,0.33534471064271165,1.0467722418701129,-0.05557417235505291,0.06139302104452991,False
am_9db,test,severe_4x,19599,pca_r32_l01,3.698541217163014,0.9296987411905672,1.5999431462952374,0.11277260900296131,0.9310602845403491,0.4486713318313958,0.47132178206786496,False
am_9db,test,severe_4x,19599,pca_r64_l01,3.8042461719688188,0.9562696938041341,1.6694728053055632,0.11151516959320475,0.9571710738120573,0.31164782570341776,0.40639117915008033,False
am_9db,test,severe_4x,19599,pca_r96_l01,3.748057035504005,0.942145484724752,1.646152209870531,0.11213234710846844,0.9432833777029799,0.37149182956443455,0.43903011618175847,False
am_9db,test,severe_4x,19599,pca_r64_l001,3.7874167148269784,0.9520392893822277,1.6587291807924367,0.13734869837812652,0.9561477182535417,0.30599294211419337,0.4068827056739584,False
am_9db,test,severe_4x,19599,pca_r64_l1,3.8512114398922113,0.9680753079380082,1.7053962807868173,0.10625059864075383,0.968283513505646,0.25719845708465905,0.37948983154141525,False
am_9db,test,severe_4x,19599,template_1,2.109975691323458,0.530382555982654,0.9711731306238163,0.14643913011734816,0.5462178880961098,0.848214673547643,0.8532199973259802,False
am_9db,test,severe_4x,19599,dictionary_8,4.091203164836209,1.028401796538758,1.8346625222588382,0.10611157564709124,1.0279481484144892,0.16926146570218734,0.29527796544314505,False
am_9db,test,severe_4x,19599,dictionary_24,4.166532557506554,1.0473372733735922,1.886890883799294,0.10069602263750194,1.0461861954077323,0.09200783301066749,0.24600761218696165,False
am_9db,test,severe_4x,19599,dictionary_48,3.9458106043889383,0.9918546087450837,1.7749010297271393,0.10029499741232607,0.9912210784966589,0.19592463739153734,0.33611817908437647,False
am_9db,test,severe_4x,19599,local_pca_8,3.7588841186949096,0.9448670781915597,1.6329143168798317,0.33534471064271165,0.9942349741798172,0.3685530475899311,0.32520236307428985,False
am_9db,test,severe_4x,19599,local_pca_16,3.75784694702472,0.944606365348426,1.6348381968169168,0.33534471064271165,0.9939899019105928,0.36797600028315114,0.3254745491386666,False
am_9db,test,severe_4x,19599,local_pca_32,3.7818364157912367,0.9506365749917752,1.6915998447965037,0.33534471064271165,0.9996601860177715,0.3387403256568504,0.30294453275125804,False
am_9db,test,severe_4x,19599,local_dictionary_8,3.621730897835784,0.9103910052492743,1.6764447333093173,0.33534471064271165,0.9618918799909066,0.41423044385844016,0.39318698627971727,False
am_9db,test,severe_4x,19599,local_dictionary_24,4.907928587172008,1.2337012788104085,2.1420222966550866,0.33534471064271165,1.2692173804435767,-0.5404103285044236,-0.45610873310780903,False
am_9db,validation,raster_image,12000,zero_fill,2.885860874705908,1.0,1.7374390170988692,0.18290814801452154,0.5409860816448837,,0.9132350027189495,
am_9db,validation,raster_image,12000,linear,2.9123243961880143,1.0091700614239774,1.7470270930803737,0.18290814801452154,0.5453998102752537,0.10066587666495952,0.9102388767742412,
am_9db,validation,raster_image,12000,pchip,2.9544276948923285,1.0237595723298367,1.7733302697021316,0.18290814801452154,0.5524309943688658,0.08972664577717887,0.9067370434244003,
am_9db,validation,raster_image,12000,autoregression,2.5098205091248316,0.8696956014487712,1.4113708898724366,0.18290814801452154,0.47881090007358323,0.5391725878368526,0.9363794551008475,
am_9db,validation,raster_image,12000,pca_r32_l01,14.05830863661735,4.87144365129868,6.788699367096619,0.18290814801452154,2.4916934429175317,0.36710281048712606,0.46220544028416355,
am_9db,validation,raster_image,12000,pca_r64_l01,3.498775329986938,1.2123853095806258,2.4844660990288157,0.18290814801452154,0.6441696670578716,0.4096561739380886,0.8634754918816719,
am_9db,validation,raster_image,12000,pca_r96_l01,4.247447310173759,1.4718129163473994,2.9061330164537598,0.18290814801452154,0.7721302869661852,0.21803164880900133,0.8059808136313797,
am_9db,validation,raster_image,12000,pca_r64_l001,5.234267464993664,1.8137629262973662,3.4079250804261876,0.18290814801452154,0.9426470873954561,0.2470666657414755,0.7421475118280942,
am_9db,validation,raster_image,12000,pca_r64_l1,2.186051163594892,0.7575040026202469,1.7089025541945708,0.18290814801452154,0.4263191585672548,0.6643746282621209,0.9468619871160603,
am_9db,validation,raster_image,12000,template_1,3.0051644289303185,1.0413407157878214,1.7253938716310757,0.18290814801452154,0.560918063140165,0.5189641778291793,0.8968423914847741,
am_9db,validation,raster_image,12000,dictionary_8,2.127082836165092,0.737070471694814,1.419412315612912,0.18290814801452154,0.41689321552486985,0.6878073418590058,0.9493994845647165,
am_9db,validation,raster_image,12000,dictionary_24,2.7419497232903667,0.9501323322004541,1.7815552702668207,0.18290814801452154,0.5170651975925425,0.3889452872854389,0.9177107355158424,
am_9db,validation,raster_image,12000,dictionary_48,3.4021316583955556,1.1788966294995977,2.297656181873206,0.18290814801452154,0.6277842217367181,0.05305103671798995,0.8695806321074276,
am_9db,validation,raster_image,12000,local_pca_8,5.5619126345518035,1.9272975642384724,2.9544111097650507,0.18290814801452154,0.9995622364205891,0.6628668803428767,0.7791726425940674,
am_9db,validation,raster_image,12000,local_pca_16,2.758655587112929,0.9559211988672385,1.7729921785410478,0.18290814801452154,0.5198346418941359,0.679061383496363,0.9125668535524173,
am_9db,validation,raster_image,12000,local_pca_32,0.8887157935823404,0.30795517600026634,0.6797839367335891,0.18290814801452154,0.2389385950586896,0.952962421766579,0.9899803034716296,
am_9db,validation,raster_image,12000,local_dictionary_8,1.8176184857000066,0.6298357975712313,1.1034377058766975,0.18290814801452154,0.3683092309998977,0.82361622890963,0.9585375845158411,
am_9db,validation,raster_image,12000,local_dictionary_24,1.741924499641518,0.6036065407411693,1.0440344336330667,0.18290814801452154,0.3566956892508532,0.8430424699239154,0.9611961721615045,
am_9db,validation,raster_image,12113,zero_fill,3.2703472431345144,1.0,2.5322748431799162,0.17477632652584302,0.6031718449270758,,0.8963647377346696,
am_9db,validation,raster_image,12113,linear,4.522544673618102,1.3828943342675133,3.2535134677790447,0.17477632652584302,0.8177782404669941,-0.07974664810596169,0.7894878320620078,
am_9db,validation,raster_image,12113,pchip,4.676155403391958,1.4298651047556727,3.4282377234584445,0.17477632652584302,0.8443447727824538,-0.06564552148172673,0.7767597363982318,
am_9db,validation,raster_image,12113,autoregression,3.3174598171280043,1.014405985203068,2.4058683651807926,0.17477632652584302,0.6111589741013811,0.1790719091797891,0.8899101455289866,
am_9db,validation,raster_image,12113,pca_r32_l01,7.072099605006708,2.1624919555112276,4.73380582644765,0.17477632652584302,1.2619620452501974,0.07564868636756014,0.6206449922403952,
am_9db,validation,raster_image,12113,pca_r64_l01,9.835435700028313,3.007459137764646,6.020662723634633,0.17477632652584302,1.7471650707567794,0.19773595880240474,0.5267841536878468,
am_9db,validation,raster_image,12113,pca_r96_l01,4.628526714124976,1.4153013028942742,3.18517301412305,0.17477632652584302,0.836103485616061,0.42995456283866473,0.8036352003197386,
am_9db,validation,raster_image,12113,pca_r64_l001,16.53094260436159,5.0547973580069305,9.695710094590373,0.17477632652584302,2.9273442159790246,0.10738545081264643,0.34096823821998856,
am_9db,validation,raster_image,12113,pca_r64_l1,4.057200039738222,1.2406022168610868,2.7827558230867986,0.17477632652584302,0.7375597826655678,0.46264538676918354,0.8390906859980823,
am_9db,validation,raster_image,12113,template_1,5.173293971019837,1.5818791053091397,3.9956332315990295,0.17477632652584302,0.9305562886709235,0.11990959801521432,0.7449465823188438,
am_9db,validation,raster_image,12113,dictionary_8,2.9257692210084443,0.8946356467652028,2.491177838531756,0.17477632652584302,0.5450652262668396,0.47234994614154485,0.9143541003043903,
am_9db,validation,raster_image,12113,dictionary_24,2.9627637528490802,0.9059477580152541,2.581618908203045,0.17477632652584302,0.5512746238527093,0.4604328034206255,0.9117357954586329,
am_9db,validation,raster_image,12113,dictionary_48,2.9091448330301852,0.8895522758744943,2.5079918154490928,0.17477632652584302,0.5422774126679805,0.5034062735074393,0.9140514977000731,
am_9db,validation,raster_image,12113,local_pca_8,5.517984805743017,1.6872779541460008,3.79505425683302,0.17477632652584302,0.9905034390737355,0.3007584237161578,0.7397756077286148,
am_9db,validation,raster_image,12113,local_pca_16,3.9247916787507817,1.2001146627441939,2.9076099544503515,0.17477632652584302,0.7148194574357851,0.417506092915221,0.845055514356926,
am_9db,validation,raster_image,12113,local_pca_32,3.080960806069927,0.9420898079058213,2.3475874838787707,0.17477632652584302,0.5711629907004699,0.5669707883717633,0.9008521234385014,
am_9db,validation,raster_image,12113,local_dictionary_8,2.3813564619725964,0.72816624197073,1.9618698839697652,0.17477632652584302,0.4547598367788676,0.6888974074010777,0.943138323469115,
am_9db,validation,raster_image,12113,local_dictionary_24,2.6752755681117955,0.8180402168999145,2.146937186411721,0.17477632652584302,0.5032410288279427,0.6254522821425762,0.9257159709868849,
am_9db,validation,raster_image,12226,zero_fill,4.231699552226708,1.0,3.5353569557066797,0.1838094285638812,0.7696314902928811,,0.8444111837248182,
am_9db,validation,raster_image,12226,linear,4.959640519534756,1.1720209476887384,3.9290003946221836,0.1838094285638812,0.8952198956455716,-0.14549339013580023,0.7703926266055712,
am_9db,validation,raster_image,12226,pchip,5.196061431848601,1.2278899689639944,4.031448369766382,0.1838094285638812,0.9361893753810397,-0.15685777840270695,0.7473210253340317,
am_9db,validation,raster_image,12226,autoregression,2.864803721153099,0.6769865596071554,2.421690932369104,0.1838094285638812,0.5377750298577184,0.7653688323650085,0.9242212850654719,
am_9db,validation,raster_image,12226,pca_r32_l01,8.469754198871994,2.0015017829928956,6.551886070135577,0.1838094285638812,1.5081455839478846,-0.2867100777160848,0.4631579227691798,
am_9db,validation,raster_image,12226,pca_r64_l01,11.982370609303834,2.8315740428686023,7.706348105308402,0.1838094285638812,2.1259157475780195,-0.1436601213193521,0.33702978319891164,
am_9db,validation,raster_image,12226,pca_r96_l01,4.567905579376192,1.079449408683226,3.546704654600015,0.1838094285638812,0.8275174558014348,0.3400988199927429,0.8096920396994748,
am_9db,validation,raster_image,12226,pca_r64_l001,21.23861242395394,5.018932029987394,12.445890612059088,0.1838094285638812,3.758847981686963,-0.17783979128609367,0.14302616745708227,
am_9db,validation,raster_image,12226,pca_r64_l1,4.794754057078363,1.1330563519225691,3.849057563285548,0.1838094285638812,0.8666932407642823,0.10476942565564586,0.7869946821674704,
am_9db,validation,raster_image,12226,template_1,4.5369869256274376,1.0721429698949416,3.859895527151582,0.1838094285638812,0.8221848455907874,-0.2651087786469916,0.8143814991449373,
am_9db,validation,raster_image,12226,dictionary_8,4.46684850191474,1.0555684416594031,3.795397972411978,0.1838094285638812,0.8100944895881812,-0.1020091374888495,0.8206799274860996,
am_9db,validation,raster_image,12226,dictionary_24,4.4212158323828294,1.0447849091877042,3.6942992156073915,0.1838094285638812,0.8022334550220364,-0.12703655876760622,0.8255441544080409,
am_9db,validation,raster_image,12226,dictionary_48,4.510505849224411,1.0658851824324334,3.886377633924375,0.1838094285638812,0.8176189917755479,-0.04872150685477705,0.8157287552453546,
am_9db,validation,raster_image,12226,local_pca_8,4.621464498943942,1.0921060065599744,3.8007308404199045,0.1838094285638812,0.8367589482995084,0.1832480442214767,0.8030495568125028,
am_9db,validation,raster_image,12226,local_pca_16,4.40436566474957,1.0408030178872236,3.6585585901114928,0.1838094285638812,0.7993317520694107,0.16073354797195974,0.8236193109774573,
am_9db,validation,raster_image,12226,local_pca_32,4.256234767521943,1.0057979577690777,2.9522730300577393,0.1838094285638812,0.7738478832101179,0.39191892826622854,0.8344665899433904,
am_9db,validation,raster_image,12226,local_dictionary_8,4.096423369842849,0.9680326590500319,3.2610806933074024,0.1838094285638812,0.7464090599307176,0.3036276800211677,0.8506642563726841,
am_9db,validation,raster_image,12226,local_dictionary_24,4.254492068097483,1.0053861375528852,3.260178866037597,0.1838094285638812,0.773548355073933,0.22292086527959526,0.8371826198967698,
am_9db,validation,raster_image,12339,zero_fill,6.469535063796908,1.0,3.4682281527818253,0.10785385118466007,1.148579149310327,,0.5023677076854256,
am_9db,validation,raster_image,12339,linear,8.625858405462598,1.3333042205354653,4.332880293053778,0.10785385118466007,1.5285413725260883,-0.037167902624447365,0.22389515059399756,
am_9db,validation,raster_image,12339,pchip,8.83643539331744,1.365853234611178,4.281689936379669,0.10785385118466007,1.5656787317121987,-0.02723726462893258,0.21729077727030624,
am_9db,validation,raster_image,12339,autoregression,10.995797689730908,1.699627188244588,5.899082719189857,0.10785385118466007,1.9466973063624953,0.38852548806625437,0.4573929517230709,
am_9db,validation,raster_image,12339,pca_r32_l01,4.408065667888859,0.681357411996436,2.504290811010377,0.10785385118466007,0.7864407356505141,0.820733761722174,0.8483805488388559,
am_9db,validation,raster_image,12339,pca_r64_l01,1.8937231061168711,0.2927139411785587,1.2280861894171144,0.10785385118466007,0.3511940904043116,0.9562340205438326,0.9644600963641305,
am_9db,validation,raster_image,12339,pca_r96_l01,2.2934307115492594,0.354496990731706,1.5236701531946282,0.10785385118466007,0.4190924151646623,0.9397168894247453,0.9543475261675144,
am_9db,validation,raster_image,12339,pca_r64_l001,2.6680265269310417,0.4123984955056728,1.7143936116839027,0.10785385118466007,0.4834437531296933,0.931847420987245,0.9395991924528028,
am_9db,validation,raster_image,12339,pca_r64_l1,2.312013684111979,0.35736937219026066,1.4436822311780064,0.10785385118466007,0.42227114087090467,0.9498970987001342,0.9616924179040496,
am_9db,validation,raster_image,12339,template_1,2.7057779510198463,0.4182337562649906,1.3115032085535494,0.10785385118466007,0.4899566425301517,0.9375448689077177,0.9422861755531534,
am_9db,validation,raster_image,12339,dictionary_8,2.4476934467305673,0.3783414762565704,1.4264281620507384,0.10785385118466007,0.4455266987946686,0.9275474022875325,0.9418261745317099,
am_9db,validation,raster_image,12339,dictionary_24,1.837888625126861,0.2840835712308856,1.1120131821845034,0.10785385118466007,0.34179858140645814,0.9587743956412902,0.966620766337112,
am_9db,validation,raster_image,12339,dictionary_48,1.9988274908959374,0.30895999035251304,1.2352753064577429,0.10785385118466007,0.36894771767308016,0.9514761627554527,0.9619334302850936,
am_9db,validation,raster_image,12339,local_pca_8,7.499083650106281,1.1591379559978985,3.701512738519559,0.10785385118466007,1.329906735933102,0.4722805955608084,0.5682688945400489,
am_9db,validation,raster_image,12339,local_pca_16,2.781971371373714,0.43001101994816326,1.7362145416839732,0.10785385118466007,0.5031143868700235,0.9029637833109642,0.9262902092608762,
am_9db,validation,raster_image,12339,local_pca_32,2.4143589782712436,0.373188947036061,1.5086744723516148,0.10785385118466007,0.43980589914881807,0.9333469793694303,0.9497497406951667,
am_9db,validation,raster_image,12339,local_dictionary_8,1.979676385136932,0.30599979219759865,1.175976039503545,0.10785385118466007,0.3657067062357261,0.9534532801197454,0.9638797954214695,
am_9db,validation,raster_image,12339,local_dictionary_24,2.065733702503271,0.3193017244875881,1.2285559159906467,0.10785385118466007,0.3802902583608883,0.9476835518780727,0.9587614516860875,
am_9db,validation,raster_image,12452,zero_fill,5.673048285545272,1.0,3.368969922805346,0.07335283157313674,1.005458176421045,,0.3644526012951918,
am_9db,validation,raster_image,12452,linear,5.985487033118823,1.0550742267379662,3.5244097607601126,0.07335283157313674,1.0605549077977894,0.04081587097045655,0.27471084993918166,
am_9db,validation,raster_image,12452,pchip,6.0569731788888586,1.06767523807647,3.585030295826597,0.07335283157313674,1.073163021526097,0.04081243940463262,0.2632157646315777,
am_9db,validation,raster_image,12452,autoregression,7.652832724614528,1.3489807136162892,3.988438822546445,0.07335283157313674,1.3547676055995812,0.1383864119335475,0.23569861115552324,
am_9db,validation,raster_image,12452,pca_r32_l01,1.8050005055793923,0.3181711867636435,1.0546333351750858,0.07335283157313674,0.32714802651263464,0.9569602540730694,0.9583849193235073,
am_9db,validation,raster_image,12452,pca_r64_l01,1.5531152890382272,0.27377085666545625,0.9671100435885156,0.07335283157313674,0.283888560659042,0.9621146025010774,0.9647706257387746,
am_9db,validation,raster_image,12452,pca_r96_l01,1.565119487376499,0.2758868616303458,0.957946919130569,0.07335283157313674,0.2859413611575032,0.9878672183262351,0.9870112127046744,
am_9db,validation,raster_image,12452,pca_r64_l001,2.883780474944836,0.5083299717882902,1.5663392763150488,0.07335283157313674,0.5148722415126025,0.9333301265375443,0.9324870143239751,
am_9db,validation,raster_image,12452,pca_r64_l1,2.3043954085621614,0.4062005631846427,1.266992634923735,0.07335283157313674,0.41371177972623935,0.9694153221431777,0.9667083419400446,
am_9db,validation,raster_image,12452,template_1,3.020581529522991,0.532444177712946,1.7756713739902417,0.07335283157313674,0.5388272146346278,0.8594425597992695,0.8780859790897566,
am_9db,validation,raster_image,12452,dictionary_8,2.830795129544933,0.49899013494344824,1.765008644042054,0.07335283157313674,0.50559991718839,0.9313981112258491,0.9315071694041926,
am_9db,validation,raster_image,12452,dictionary_24,2.5670278830048514,0.45249533474720255,1.6051197227926277,0.07335283157313674,0.4594980932705976,0.9616654831662115,0.9569152470268968,
am_9db,validation,raster_image,12452,dictionary_48,2.7493397674916884,0.4846318291520468,1.6937362479197011,0.07335283157313674,0.49135237266665854,0.9420170688189788,0.9402421835916724,
am_9db,validation,raster_image,12452,local_pca_8,4.8264712562267915,0.8507721093304407,2.560112824307722,0.07335283157313674,0.8562568350471196,0.8282964232923781,0.8331652052652424,
am_9db,validation,raster_image,12452,local_pca_16,1.9012228169696799,0.33513249337466927,1.0604763482394337,0.07335283157313674,0.34375899873038923,0.9746218711739462,0.9748730231623319,
am_9db,validation,raster_image,12452,local_pca_32,1.695612960202179,0.2988892170233314,0.9299726336801065,0.07335283157313674,0.3083171604502467,0.9815757728161307,0.9814926037569576,
am_9db,validation,raster_image,12452,local_dictionary_8,3.2131311961902194,0.5663853072389962,1.9278525430401598,0.07335283157313674,0.5725767377288965,0.8669488514577072,0.8803302036455614,
am_9db,validation,raster_image,12452,local_dictionary_24,2.196857007259546,0.38724454590965857,1.3909661891252245,0.07335283157313674,0.3950071393832282,0.9545983954336931,0.957511528268168,
am_9db,validation,raster_image,12565,zero_fill,5.134849189558157,1.0,2.7478709985590113,0.08406422511473921,0.9114848259120673,,0.46179733158858166,
am_9db,validation,raster_image,12565,linear,5.154835398487166,1.0038922679500797,2.8455010831089456,0.08406422511473921,0.9150033913489873,0.004575626389492148,0.45312381685447856,
am_9db,validation,raster_image,12565,pchip,5.162176208695551,1.0053218737549225,2.8726475904709137,0.08406422511473921,0.916295766624558,0.01962140940468744,0.44984470389536574,
am_9db,validation,raster_image,12565,autoregression,5.070239513911575,0.9874174151447394,2.5756009906451367,0.08406422511473921,0.9001110928084564,0.1711914474995565,0.4841457311173881,
am_9db,validation,raster_image,12565,pca_r32_l01,4.885543461694319,0.9514482862766823,2.3014538169036145,0.08406422511473921,0.8676045601318845,0.30936806955209695,0.5336632258328617,
am_9db,validation,raster_image,12565,pca_r64_l01,4.2750924929315115,0.8325643724113686,2.6534054465407535,0.08406422511473921,0.7602525574477651,0.6164976430224414,0.6964409546268051,
am_9db,validation,raster_image,12565,pca_r96_l01,4.470236290733248,0.8705681755607515,2.399453967705835,0.08406422511473921,0.7945533947456139,0.5032333563771952,0.6333651840466091,
am_9db,validation,raster_image,12565,pca_r64_l001,5.6279973147001385,1.096039456454692,3.516265648923918,0.08406422511473921,0.9983333672072603,0.5454773351916898,0.6116732709507867,
am_9db,validation,raster_image,12565,pca_r64_l1,4.183976557687311,0.8148197548226987,2.1030244578811104,0.08406422511473921,0.744243123237153,0.6232789769717317,0.7103879286099154,
am_9db,validation,raster_image,12565,template_1,5.510633182635126,1.0731830632613584,2.6480755721555336,0.08406422511473921,0.9776590133743546,0.0888763146394146,0.3725826943970271,
am_9db,validation,raster_image,12565,dictionary_8,4.067473840582296,0.7921311201999087,1.92190185521022,0.08406422511473921,0.7237794479347992,0.67417938866133,0.7386064563487303,
am_9db,validation,raster_image,12565,dictionary_24,4.461225812662045,0.8688134058024641,2.1399071899287354,0.08406422511473921,0.7929692294595696,0.5200679772774621,0.6479721084751867,
am_9db,validation,raster_image,12565,dictionary_48,4.87696998624678,0.9497786217683315,2.2567613556063293,0.08406422511473921,0.8660958892318936,0.3124200461420123,0.5375346180499038,
am_9db,validation,raster_image,12565,local_pca_8,2.114720731574191,0.41183696998823804,1.3265606224301714,0.08406422511473921,0.3828803005190587,0.9688364143887115,0.9621659650796274,
am_9db,validation,raster_image,12565,local_pca_16,3.9723448841549747,0.7736049760201014,2.1210678745734315,0.08406422511473921,0.7070757228486163,0.65265795968807,0.7380316374354098,
am_9db,validation,raster_image,12565,local_pca_32,3.967095311971884,0.7725826339825268,1.9077074334263746,0.08406422511473921,0.7061541046962077,0.7637450331990544,0.7743186600060805,
am_9db,validation,raster_image,12565,local_dictionary_8,5.027782602802753,0.9791490299319546,2.3779020695918955,0.08406422511473921,0.8926377434553591,0.24302796087010237,0.49301218458496565,
am_9db,validation,raster_image,12565,local_dictionary_24,4.519174967809942,0.8800988696999702,2.109405128634573,0.08406422511473921,0.803158083014102,0.49273817797106073,0.632945120174514,
am_9db,validation,raster_image,12678,zero_fill,3.351132309636893,1.0,2.654492663729234,0.17305313802193636,0.6164022834827693,,0.8750197199655265,
am_9db,validation,raster_image,12678,linear,3.365729814834385,1.0043559919002643,2.6268690246510182,0.17305313802193636,0.6188827189081728,0.1508106495055475,0.872124993145121,
am_9db,validation,raster_image,12678,pchip,3.4228181752177704,1.021391535444521,2.706890481234362,0.17305313802193636,0.6285910163452249,0.1382996991194529,0.8661161904164486,
am_9db,validation,raster_image,12678,autoregression,3.0257490314710016,0.9029034821364162,2.216551186742392,0.17305313802193636,0.5613467691466468,0.4832063911212595,0.8931697283117813,
am_9db,validation,raster_image,12678,pca_r32_l01,14.163548562182193,4.226496376001598,8.745880948043265,0.17305313802193636,2.509572155513077,0.03173797783151759,0.32369596664498673,
am_9db,validation,raster_image,12678,pca_r64_l01,8.567943851258315,2.5567309970481835,5.2643206619824605,0.17305313802193636,1.524159921115067,0.3145309912751204,0.5706717874823914,
am_9db,validation,raster_image,12678,pca_r96_l01,3.46212172864434,1.033119975206074,2.5663450863073365,0.17305313802193636,0.6352818250073077,0.5423811145855636,0.8601131214408902,
am_9db,validation,raster_image,12678,pca_r64_l001,18.541979209515745,5.533048980547364,10.318732938396252,0.17305313802193636,3.2822122972359975,0.22718306010826078,0.33778495289564364,
am_9db,validation,raster_image,12678,pca_r64_l1,2.5030729917250567,0.7469335020067511,2.121012389498703,0.17305313802193636,0.47413551095190093,0.6648154545994654,0.9301722481885879,
am_9db,validation,raster_image,12678,template_1,2.9306310198717678,0.8745196396585464,2.41747798957291,0.17305313802193636,0.5453487193012104,0.4999764624244122,0.9069360977169472,
am_9db,validation,raster_image,12678,dictionary_8,2.8450118763910477,0.8489703221235436,2.198204267584532,0.17305313802193636,0.5309914554033135,0.656022052063253,0.9155675343435534,
am_9db,validation,raster_image,12678,dictionary_24,3.2460173290444123,0.9686329959905791,2.5473729447283433,0.17305313802193636,0.5985659306420701,0.2853559320455771,0.8803486113978879,
am_9db,validation,raster_image,12678,dictionary_48,3.056551995505899,0.9120952899162276,2.468540149877684,0.17305313802193636,0.5665377069089134,0.4102471296803554,0.8965027487726989,
am_9db,validation,raster_image,12678,local_pca_8,2.652744524313662,0.7915964752227573,2.183394413601664,0.17305313802193636,0.4989182848057553,0.6532453032546377,0.9161082020602147,
am_9db,validation,raster_image,12678,local_pca_16,4.037315344547213,1.2047615466978296,3.0115047951595013,0.17305313802193636,0.733746470120828,0.47559660706132434,0.8191480045813601,
am_9db,validation,raster_image,12678,local_pca_32,1.7288077441720329,0.5158876416787481,1.371471407544033,0.17305313802193636,0.34987253314000005,0.8626282443887041,0.9622519904131627,
am_9db,validation,raster_image,12678,local_dictionary_8,2.1925892242429526,0.6542830964738983,1.7959852611783649,0.17305313802193636,0.42337249232438384,0.7850334999628018,0.9513164285925164,
am_9db,validation,raster_image,12678,local_dictionary_24,2.6451605471599904,0.78933336638284,2.109927128443665,0.17305313802193636,0.49765837197218427,0.6278425219605286,0.9188407806572776,
am_9db,validation,raster_image,12791,zero_fill,4.09255602056695,1.0,3.0314359418839185,0.2199621339255276,0.7551675793464656,,0.9033340548166245,
am_9db,validation,raster_image,12791,linear,4.966445899546379,1.2135315618375744,3.62327074908785,0.2199621339255276,0.9042515624868009,-0.07542465329003653,0.8466908925953199,
am_9db,validation,raster_image,12791,pchip,4.64675527128278,1.1354164116338854,3.4066103508462264,0.2199621339255276,0.849489149842192,-0.09137762719813264,0.8677949420204091,
am_9db,validation,raster_image,12791,autoregression,4.0238868279686,0.983220952320932,2.8523829257059847,0.2199621339255276,0.7435461644102123,0.4285228901956905,0.8998074379411553,
am_9db,validation,raster_image,12791,pca_r32_l01,17.471275823714947,4.269037671302204,10.587397270711211,0.2199621339255276,3.0960931150176974,-0.3931706279518248,0.24498682025749619,
am_9db,validation,raster_image,12791,pca_r64_l01,12.744856217926468,3.114155592221044,8.252220581254138,0.2199621339255276,2.2633716799197785,-0.4778221885903379,0.3698245977918015,
am_9db,validation,raster_image,12791,pca_r96_l01,8.963828710368281,2.1902763615992002,5.635671106262796,0.2199621339255276,1.5993173221332584,-0.3877747645223412,0.5733711986360835,
am_9db,validation,raster_image,12791,pca_r64_l001,20.759147417219616,5.072416190003383,12.458465130562185,0.2199621339255276,3.676114138262411,-0.439887202675196,0.16467898850122276,
am_9db,validation,raster_image,12791,pca_r64_l1,5.8894528088853155,1.439064677255032,4.117908153809006,0.2199621339255276,1.0633898911511765,-0.35263539621906564,0.7818333629002302,
am_9db,validation,raster_image,12791,template_1,4.698168206439139,1.1479789605392603,3.423915038154416,0.2199621339255276,0.8582807678578434,-0.08062083146279067,0.8642079606185681,
am_9db,validation,raster_image,12791,dictionary_8,4.841527851002392,1.1830083269896658,3.5258626099621075,0.2199621339255276,0.88282705489285,-0.2922147243079989,0.8555672902793185,
am_9db,validation,raster_image,12791,dictionary_24,4.583092059532302,1.1198605557261003,3.319692436219178,0.2199621339255276,0.8386115082634595,-0.32103571309990164,0.872941401301028,
am_9db,validation,raster_image,12791,dictionary_48,4.865574840687364,1.1888841145327378,3.3550402242193575,0.2199621339255276,0.8869488091471777,-0.29774966461831054,0.8539447787525971,
am_9db,validation,raster_image,12791,local_pca_8,6.972989763056359,1.7038226790333284,4.752055487772647,0.2199621339255276,1.2515299360542929,-0.574228571802131,0.6984296424605348,
am_9db,validation,raster_image,12791,local_pca_16,4.353151426641695,1.0636754646155446,3.4452935263709543,0.2199621339255276,0.7994101515818133,0.10811051782621185,0.8851344238230111,
am_9db,validation,raster_image,12791,local_pca_32,4.275772693389486,1.0447682748633835,3.09717570764263,0.2199621339255276,0.7862513051803237,0.3283306493311968,0.8868509002657008,
am_9db,validation,raster_image,12791,local_dictionary_8,3.855517458159382,0.9420805576719434,2.992575752921514,0.2199621339255276,0.7151245175965206,0.34694720257660205,0.9132054201658866,
am_9db,validation,raster_image,12791,local_dictionary_24,4.6337282164820595,1.1322333019256117,3.443311741079049,0.2199621339255276,0.8472625171584813,0.046278449678173794,0.8675638916462027,
am_9db,validation,raster_image,12904,zero_fill,1.9537503466886241,1.0,1.1786389819068839,0.19048201554496733,0.39298241702135145,,0.9574091903865523,
am_9db,validation,raster_image,12904,linear,2.870109198477973,1.469025560682545,1.6566216336270987,0.19048201554496733,0.540899486873952,-0.0844818596343126,0.8982055778725943,
am_9db,validation,raster_image,12904,pchip,3.1794689027824328,1.6273670319093003,1.858799725276946,0.19048201554496733,0.5925002069986135,-0.10503718643167309,0.8759004654509494,
am_9db,validation,raster_image,12904,autoregression,1.9472890084248904,0.9966928536828235,1.184047566951583,0.19048201554496733,0.3919789466588361,0.41081279236113977,0.9530136678114358,
am_9db,validation,raster_image,12904,pca_r32_l01,9.064359942825762,4.6394668378120985,5.049977172574431,0.19048201554496733,1.613298315163811,0.07208367498500876,0.5259405555107967,
am_9db,validation,raster_image,12904,pca_r64_l01,3.4530364648830156,1.7673887918871027,2.245829172775456,0.19048201554496733,0.638559075512988,0.3423716406586712,0.8594370350220565,
am_9db,validation,raster_image,12904,pca_r96_l01,4.303821361714368,2.202851233786771,2.498133805185293,0.19048201554496733,0.7835748141366509,0.15811604344900432,0.7972623574111342,
am_9db,validation,raster_image,12904,pca_r64_l001,5.181868526213261,2.6522674890350837,3.2548083104176775,0.19048201554496733,0.9350225058886928,0.17853248339303626,0.7403976319956656,
am_9db,validation,raster_image,12904,pca_r64_l1,1.4723821884159793,0.7536183888138488,1.0791564406810736,0.19048201554496733,0.32077516728976707,0.7198823724885559,0.9707662712451418,
am_9db,validation,raster_image,12904,template_1,3.8941421396721316,1.9931626096815502,2.1509510581610236,0.19048201554496733,0.7134670706661617,-0.3097958077442118,0.8173850413369285,
am_9db,validation,raster_image,12904,dictionary_8,2.3528511686803473,1.2042742168507619,1.216381974948578,0.19048201554496733,0.4562309573967426,-0.14925070441682645,0.9334639320680155,
am_9db,validation,raster_image,12904,dictionary_24,2.1077856126739882,1.0788408131296998,1.1553064282415977,0.19048201554496733,0.41711604854883194,0.15042201193480054,0.9469131833449622,
am_9db,validation,raster_image,12904,dictionary_48,2.424437782568659,1.2409148316609613,1.538933113751533,0.19048201554496733,0.46779682779943005,-0.0758442298676086,0.9283331952811829,
am_9db,validation,raster_image,12904,local_pca_8,7.53367448004329,3.8560067271706324,3.967777636407531,0.19048201554496733,1.3449098078133785,0.38003878983180156,0.6370757756972741,
am_9db,validation,raster_image,12904,local_pca_16,2.265924583836125,1.1597820508012189,1.2804017567306876,0.19048201554496733,0.44226687239088125,0.3407259383416231,0.9348103287327253,
am_9db,validation,raster_image,12904,local_pca_32,1.591994790826695,0.8148404393247776,1.1740932749732789,0.19048201554496733,0.3381582820795426,0.6979746622105637,0.9655205432291869,
am_9db,validation,raster_image,12904,local_dictionary_8,2.49172496477121,1.2753548420320895,1.4256456599646632,0.19048201554496733,0.4787182967862062,0.745520111099835,0.921192887165176,
am_9db,validation,raster_image,12904,local_dictionary_24,1.891660250214903,0.9682200458318758,1.1329071638604618,0.19048201554496733,0.3833717128923058,0.7287265980374872,0.9504559128643049,
am_9db,validation,raster_image,13017,zero_fill,4.234545105143733,1.0,2.491115577152998,0.07241747710441704,0.75195464599336,,0.45609365929463164,
am_9db,validation,raster_image,13017,linear,4.274085964604241,1.0093376876331954,2.4999268447925953,0.07241747710441704,0.7589133648991622,0.08517326407260142,0.43708179229459954,
am_9db,validation,raster_image,13017,pchip,4.3360110537974075,1.0239614754676774,2.5284325882721923,0.07241747710441704,0.7698125762025726,0.07820539586000279,0.4162947991768336,
am_9db,validation,raster_image,13017,autoregression,4.24830004338134,1.0032482682073451,2.328003776672639,0.07241747710441704,0.7543752854036149,0.221190898123356,0.4609450075948113,
am_9db,validation,raster_image,13017,pca_r32_l01,2.451559729410623,0.5789428778153043,1.3835715985656742,0.07241747710441704,0.4392009124379723,0.8698165226797443,0.8844072433507597,
am_9db,validation,raster_image,13017,pca_r64_l01,1.9606023049441517,0.4630018706289358,1.1165578366475453,0.07241747710441704,0.3538420559924809,0.9031704001421765,0.9157305706375137,
am_9db,validation,raster_image,13017,pca_r96_l01,1.4850753628469398,0.35070481621343647,0.8197174097339859,0.07241747710441704,0.2720306654376374,0.93833477955803,0.9493789178975649,
am_9db,validation,raster_image,13017,pca_r64_l001,2.9431288553594213,0.6950283400652366,1.4406067228776571,0.07241747710441704,0.5251363061132465,0.8973799234249069,0.8966569350507382,
am_9db,validation,raster_image,13017,pca_r64_l1,2.029855426852047,0.479356194455543,1.1285231500970996,0.07241747710441704,0.3658417551780388,0.8893254188562243,0.9116700001078363,
am_9db,validation,raster_image,13017,template_1,3.4128229137327857,0.805947942221044,1.8191388221877365,0.07241747710441704,0.6075034274901967,0.6045391786974293,0.6966759388445735,
am_9db,validation,raster_image,13017,dictionary_8,1.6977830725099876,0.40093635333997935,0.979723805102023,0.07241747710441704,0.3084761124258999,0.9337705394493976,0.9454809661972844,
am_9db,validation,raster_image,13017,dictionary_24,2.3256015124260134,0.5491974827711927,1.2850107400791406,0.07241747710441704,0.4172452596829814,0.8381486113206665,0.8727081855734259,
am_9db,validation,raster_image,13017,dictionary_48,2.0726973920846716,0.4894734477068035,1.1462189127219948,0.07241747710441704,0.373273002466435,0.875200495346676,0.9009103275987428,
am_9db,validation,raster_image,13017,local_pca_8,2.367242601189779,0.5590311455920666,1.2831139691892464,0.07241747710441704,0.4245000939922961,0.8776121696307315,0.891168471900897,
am_9db,validation,raster_image,13017,local_pca_16,1.3758543243634127,0.3249119539881988,0.7514014389435733,0.07241747710441704,0.25344798175394484,0.9601506274206703,0.9664042639895813,
am_9db,validation,raster_image,13017,local_pca_32,1.8371549677304164,0.43384942706096363,0.9267854211751909,0.07241747710441704,0.3324958362592577,0.910413805997437,0.9280532884879841,
am_9db,validation,raster_image,13017,local_dictionary_8,1.977589040267779,0.46701333700887665,1.138127713771762,0.07241747710441704,0.3567838733429205,0.8859226149867186,0.9089396705837877,
am_9db,validation,raster_image,13017,local_dictionary_24,2.077311974676721,0.4905631946518636,1.1622757272127906,0.07241747710441704,0.37407377534512365,0.8715280373974055,0.8962563906476866,
am_9db,validation,raster_image,13130,zero_fill,3.5991105375578187,1.0,2.3278084893285085,0.07282506306946732,0.6402637358372075,,0.5261126649869691,
am_9db,validation,raster_image,13130,linear,3.8226355594218595,1.0621056284688921,2.455058053577063,0.07282506306946732,0.6795437532891945,0.024956595431433932,0.44099467189108504,
am_9db,validation,raster_image,13130,pchip,3.846527557079855,1.0687439346305605,2.4682101674225785,0.07282506306946732,0.6837438855192314,0.02273860156316879,0.43376254153222205,
am_9db,validation,raster_image,13130,autoregression,3.3260245133883113,0.9241240241665902,1.9800519142235238,0.07282506306946732,0.592316618451525,0.38644161151098877,0.6146010163329868,
am_9db,validation,raster_image,13130,pca_r32_l01,2.962401364583744,0.823092631823941,1.782641878848279,0.07282506306946732,0.528566162752795,0.6797408755628837,0.753728839442938,
am_9db,validation,raster_image,13130,pca_r64_l01,3.764306145672318,1.0458990093220624,2.2528587571030125,0.07282506306946732,0.6692908780588605,0.39399263777963534,0.559710342642737,
am_9db,validation,raster_image,13130,pca_r96_l01,2.525051713570015,0.7015765943336079,1.418584847269718,0.07282506306946732,0.4520887060476246,0.7298375916929094,0.8026214188361298,
am_9db,validation,raster_image,13130,pca_r64_l001,5.014763205075144,1.3933340342688998,2.8757362657390892,0.07282506306946732,0.8893863436929202,0.2028683069311452,0.3756584004316881,
am_9db,validation,raster_image,13130,pca_r64_l1,2.5556238599772265,0.7100709559510635,1.5755046364067553,0.07282506306946732,0.457425591552472,0.7146632872645123,0.8021333094543341,
am_9db,validation,raster_image,13130,template_1,4.1983630707766,1.1665001746863282,2.5791700159855973,0.07282506306946732,0.7456260091821324,0.07596326102188607,0.3797661352457432,
am_9db,validation,raster_image,13130,dictionary_8,3.7801197103430138,1.0502927517497196,2.240439438447641,0.07282506306946732,0.6720703369222919,0.2546787916517346,0.5012711568660934,
am_9db,validation,raster_image,13130,dictionary_24,3.2101728204662474,0.8919350453305372,1.9142307506347178,0.07282506306946732,0.5719926169050241,0.4810021686979463,0.6512878200115407,
am_9db,validation,raster_image,13130,dictionary_48,3.6089151505090022,1.0027241766677821,2.1918481729109303,0.07282506306946732,0.641986096707822,0.26281353178751204,0.5318949965724751,
am_9db,validation,raster_image,13130,local_pca_8,6.456197886122252,1.7938315088547168,3.570686401730466,0.07282506306946732,1.1435539357758866,0.11500706168098117,0.26190213519902045,
am_9db,validation,raster_image,13130,local_pca_16,2.2679060748676423,0.630129597632901,1.2743755235666532,0.07282506306946732,0.40727010956200743,0.7774173718072914,0.8428952774601497,
am_9db,validation,raster_image,13130,local_pca_32,2.08396489569595,0.5790221983873902,1.2185167043416114,0.07282506306946732,0.3753047874160188,0.8260304554912192,0.8755990800448291,
am_9db,validation,raster_image,13130,local_dictionary_8,3.5146080885894513,0.9765212965574248,1.986096833415579,0.07282506306946732,0.6254218126722962,0.3918702850505514,0.5830930789795834,
am_9db,validation,raster_image,13130,local_dictionary_24,2.8084648661132325,0.7803219258775309,1.7293795938364436,0.07282506306946732,0.5016187262358622,0.6254651607469054,0.744340019702011,
am_9db,validation,raster_image,13243,zero_fill,4.237931725564827,1.0,2.5861038832729433,0.22669490712392282,0.7816883434060876,,0.8790152121411033,
am_9db,validation,raster_image,13243,linear,4.325317721531948,1.0206199631390886,2.7195146315978063,0.22669490712392282,0.796505677172799,-0.05584284135144807,0.8723531770071925,
am_9db,validation,raster_image,13243,pchip,4.292460792537349,1.0128669054868398,2.713642539407087,0.22669490712392282,0.7909315643567085,-0.01652695759903593,0.8747999192956467,
am_9db,validation,raster_image,13243,autoregression,4.160960784959557,0.9818376166513134,2.436507713448316,0.22669490712392282,0.7686575688815552,0.2384331631200834,0.8841805741869407,
am_9db,validation,raster_image,13243,pca_r32_l01,6.714758393277836,1.5844423242526167,3.7103313612919373,0.22669490712392282,1.2078013118949964,0.4914174402010883,0.7525857065482696,
am_9db,validation,raster_image,13243,pca_r64_l01,4.019120041445384,0.948368284746192,2.312853525244086,0.22669490712392282,0.7446986369486484,0.3742828072563298,0.8867097639968704,
am_9db,validation,raster_image,13243,pca_r96_l01,3.622168415531833,0.8547019277544107,2.375138253203676,0.22669490712392282,0.6780766005509177,0.5296823545200144,0.9091000619973285,
am_9db,validation,raster_image,13243,pca_r64_l001,4.905176410517367,1.1574458316370377,2.76894926764322,0.22669490712392282,0.8953676553986369,0.26961533918955305,0.8250788637460065,
am_9db,validation,raster_image,13243,pca_r64_l1,3.3917433951342963,0.8003298813602876,1.9230182781830172,0.22669490712392282,0.6397516917433368,0.6576442929448043,0.9279700159972305,
am_9db,validation,raster_image,13243,template_1,3.837556164616863,0.9055257170537352,2.2950047525737323,0.22669490712392282,0.714141646598001,0.4305646602062187,0.9022885205793773,
am_9db,validation,raster_image,13243,dictionary_8,4.654656955726498,1.0983322189094802,2.7901703585063076,0.22669490712392282,0.8525502071704985,-0.011387835981112935,0.8448597390702985,
am_9db,validation,raster_image,13243,dictionary_24,3.8856759372464817,0.9168802587843964,2.6835784729699768,0.22669490712392282,0.7222271434962907,0.4000468615036071,0.8979400855830989,
am_9db,validation,raster_image,13243,dictionary_48,4.815993673338198,1.1364019019670093,3.254222710442363,0.22669490712392282,0.8801083574982969,-0.20847786713398556,0.8332262759797996,
am_9db,validation,raster_image,13243,local_pca_8,3.9899014051417727,0.9414737337728118,2.2813387303504418,0.22669490712392282,0.7397723727426637,0.3436432308698823,0.8915479609375709,
am_9db,validation,raster_image,13243,local_pca_16,2.6686005964963186,0.6296940982787189,1.6810128999487155,0.22669490712392282,0.5218517854721226,0.8111805074177969,0.957596870490233,
am_9db,validation,raster_image,13243,local_pca_32,3.4960196521738305,0.8249353407664644,2.425375649438343,0.22669490712392282,0.6570592966196828,0.5669010912240681,0.9190680470279745,
am_9db,validation,raster_image,13243,local_dictionary_8,3.972712515156165,0.9374177717850531,2.2958298039873286,0.22669490712392282,0.7368758531901776,0.3696649481270997,0.891115760272205,
am_9db,validation,raster_image,13243,local_dictionary_24,2.9495388360426076,0.6959854540010307,1.8160205950623598,0.22669490712392282,0.5671443641645955,0.7665754758618939,0.9476010778469905,
am_9db,validation,raster_image,13356,zero_fill,3.4446788313805836,1.0,2.898438313565645,0.16802509401826962,0.630996673183009,,0.889019044435231,
am_9db,validation,raster_image,13356,linear,3.9414095838320535,1.144202341282536,3.2469421739680566,0.16802509401826962,0.7161074226839692,0.006857662576483109,0.8466927495477654,
am_9db,validation,raster_image,13356,pchip,3.8932961866427367,1.1302348861018061,3.198599820383392,0.16802509401826962,0.7078347396228466,0.014126505820166734,0.850714752450256,
am_9db,validation,raster_image,13356,autoregression,3.5554967169395564,1.0321707453680256,2.8924509756013257,0.16802509401826962,0.6499221660846989,0.0327977058755056,0.8789476158511322,
am_9db,validation,raster_image,13356,pca_r32_l01,14.800073056146477,4.2965030357314316,8.825719199740092,0.16802509401826962,2.621529657626489,-0.2939731920345781,0.23612280941703154,
am_9db,validation,raster_image,13356,pca_r64_l01,10.28054902610868,2.9844724368652873,6.511875361871539,0.16802509401826962,1.8248706604599356,-0.18303833698374466,0.41540047047845935,
am_9db,validation,raster_image,13356,pca_r96_l01,4.944947690138124,1.4355322897131317,3.828187212605676,0.16802509401826962,0.8896578179456427,-0.12479253422010715,0.7581210807882887,
am_9db,validation,raster_image,13356,pca_r64_l001,18.978742462469455,5.50958257401983,11.025205887509884,0.16802509401826962,3.359072932259158,-0.22243094999925261,0.18266852796275948,
am_9db,validation,raster_image,13356,pca_r64_l1,4.050582215453119,1.1758954647826185,3.0475470940931686,0.16802509401826962,0.7348984131106233,0.008849866359289051,0.8361724171961489,
am_9db,validation,raster_image,13356,template_1,3.11331601995529,0.9038044393553847,2.6252453399107,0.16802509401826962,0.5746722446024546,0.555690421203827,0.9124036907744395,
am_9db,validation,raster_image,13356,dictionary_8,3.2154768591402987,0.9334620196947581,2.7627277645689032,0.16802509401826962,0.591990731306297,0.36455931319806717,0.9024956909356032,
am_9db,validation,raster_image,13356,dictionary_24,3.3602931670492597,0.9755026031563288,2.8748062595954074,0.16802509401826962,0.6166131173427661,0.2819955807093999,0.8919067716162907,
am_9db,validation,raster_image,13356,dictionary_48,3.2570620356653874,0.9455343139667968,2.774046211886037,0.16802509401826962,0.5990528592857034,0.3358717856708389,0.8997742601411739,
am_9db,validation,raster_image,13356,local_pca_8,3.1628507685771887,0.9181845168739746,2.5754965217316705,0.16802509401826962,0.5830638468229865,0.4771338377231926,0.9018397303572103,
am_9db,validation,raster_image,13356,local_pca_16,4.16146408065935,1.2080847836230606,3.27179436131067,0.16802509401826962,0.7540098783635328,0.14504264402536643,0.8275909343556341,
am_9db,validation,raster_image,13356,local_pca_32,2.920541138317258,0.8478413464011512,2.2647960062424497,0.16802509401826962,0.5421244650510032,0.5402058925629196,0.91833389113308,
am_9db,validation,raster_image,13356,local_dictionary_8,2.8149975494855553,0.8172017442791146,2.1526827115451823,0.16802509401826962,0.5243870410543919,0.5744752923424978,0.9260882257374418,
am_9db,validation,raster_image,13356,local_dictionary_24,4.028873008213595,1.1695932205670605,3.1801025722126264,0.16802509401826962,0.7311596763688012,0.19862595324403848,0.8384780457066305,
am_9db,validation,raster_image,13469,zero_fill,3.303366235895052,1.0,1.9311255631813224,0.19938927801912745,0.6160526331590431,,0.9121622812647804,
am_9db,validation,raster_image,13469,linear,3.603946153142983,1.0909920050588906,2.0952881015788734,0.19938927801912745,0.6666348908091662,-0.06345611979825569,0.8907417368549674,
am_9db,validation,raster_image,13469,pchip,3.58188645507692,1.084314060050445,2.1073632460796112,0.19938927801912745,0.6629090526545233,-0.05014263899782214,0.8923167566668071,
am_9db,validation,raster_image,13469,autoregression,2.2726857918458174,0.6879908643341902,1.3025352603032498,0.19938927801912745,0.4471276145547161,0.8474930200764397,0.9636686112220366,
am_9db,validation,raster_image,13469,pca_r32_l01,7.2653643904448915,2.1993820459560185,4.7075460763238794,0.19938927801912745,1.2992540929294214,0.7019431906265907,0.7551201684867026,
am_9db,validation,raster_image,13469,pca_r64_l01,5.45088140634905,1.650099025387697,3.438949124199844,0.19938927801912745,0.9833702684508716,0.13469903567163183,0.7622928918807006,
am_9db,validation,raster_image,13469,pca_r96_l01,2.3255289806607506,0.7039876340052997,1.7043843847268048,0.19938927801912745,0.45553964048668716,0.7590356304002737,0.9599647292968114,
am_9db,validation,raster_image,13469,pca_r64_l001,9.209466708440901,2.7879036264186987,5.16492650841769,0.19938927801912745,1.6398048251215367,0.1665944812566093,0.577637923938269,
am_9db,validation,raster_image,13469,pca_r64_l1,2.7319999779493163,0.8270351462283675,1.778817020454078,0.19938927801912745,0.5213043283849931,0.5668458718044664,0.9406554401968678,
am_9db,validation,raster_image,13469,template_1,3.9924886849096572,1.20861218520867,2.2835545615987,0.19938927801912745,0.732555554825671,0.2326288730641485,0.8605303490345177,
am_9db,validation,raster_image,13469,dictionary_8,3.4669036325287297,1.0495062869071696,1.9714167548377568,0.19938927801912745,0.6435220326234845,0.24470265595317864,0.8967082712789238,
am_9db,validation,raster_image,13469,dictionary_24,2.43841873044577,0.7381617890106807,1.376957826938876,0.19938927801912745,0.47362711186014456,0.7027537141442094,0.9475357601108384,
am_9db,validation,raster_image,13469,dictionary_48,1.8370285945537574,0.5561080617075485,1.2163101770449798,0.19938927801912745,0.37943678109250006,0.8313382609568601,0.971039796907223,
am_9db,validation,raster_image,13469,local_pca_8,8.197921536428,2.481687149111022,4.206922562219372,0.19938927801912745,1.4624290167313323,-0.4777436689680044,0.5269543811497458,
am_9db,validation,raster_image,13469,local_pca_16,1.6256023920665652,0.4921048033979514,0.9716151652042594,0.19938927801912745,0.34798624914244075,0.9188231101561284,0.9827105929802251,
am_9db,validation,raster_image,13469,local_pca_32,1.5836708581884382,0.4794112263363194,1.0678568267571014,0.19938927801912745,0.3418905159611572,0.9007702145890163,0.9821759024843894,
am_9db,validation,raster_image,13469,local_dictionary_8,3.4097189610006677,1.0321952570532342,1.931230768627734,0.19938927801912745,0.6339021514315648,0.2654476923676755,0.9004226412857289,
am_9db,validation,raster_image,13469,local_dictionary_24,3.528420708149102,1.0681288286501698,2.037753065408433,0.19938927801912745,0.6538872060501448,0.2167196087921952,0.8927461507966999,
am_9db,validation,raster_image,13582,zero_fill,3.877677003261074,1.0,2.2739094504837345,0.07595042754249089,0.6895469851735151,,0.47138313722261066,
am_9db,validation,raster_image,13582,linear,3.9946260683223653,1.0301595684640414,2.3963305930990924,0.07595042754249089,0.7101025435738378,-0.005632476274485297,0.41508699896854007,
am_9db,validation,raster_image,13582,pchip,3.9657581364337857,1.0227149226453458,2.375789451974848,0.07595042754249089,0.7050279269169785,-0.05393737370431976,0.4271848713068667,
am_9db,validation,raster_image,13582,autoregression,3.4304686099977437,0.8846710561794513,2.0207305519779486,0.07595042754249089,0.6110170152842603,0.5512415857238401,0.6476312958885341,
am_9db,validation,raster_image,13582,pca_r32_l01,5.723549123707625,1.476025238536938,3.413260183885031,0.07595042754249089,1.0145478836385513,0.049037941378719564,0.21789674462986863,
am_9db,validation,raster_image,13582,pca_r64_l01,4.047641133167819,1.0438314304579281,2.475181308462429,0.07595042754249089,0.7194229726331149,0.3703375345170995,0.5118283758945241,
am_9db,validation,raster_image,13582,pca_r96_l01,2.826588979326943,0.7289387375353389,1.7595896103682802,0.07595042754249089,0.5052359519575059,0.7028085278076178,0.7673647327199229,
am_9db,validation,raster_image,13582,pca_r64_l001,4.754007735142894,1.2259937408775505,2.744559613577576,0.07595042754249089,0.8437159629534502,0.4857876672211793,0.5571106362225675,
am_9db,validation,raster_image,13582,pca_r64_l1,3.987336499833149,1.028279688194724,2.409530163267743,0.07595042754249089,0.7088210910920631,0.19417099757925002,0.444850602740255,
am_9db,validation,raster_image,13582,template_1,3.9787137570014255,1.0260560004495942,2.2900913868148933,0.07595042754249089,0.7073053100260368,0.47113530521497166,0.5743235062837418,
am_9db,validation,raster_image,13582,dictionary_8,4.427456856074482,1.1417807239620656,2.623046009268246,0.07595042754249089,0.7862330424077806,0.08684264667763217,0.33682984977934693,
am_9db,validation,raster_image,13582,dictionary_24,4.098607460351862,1.0569749509577482,2.4142411819173004,0.07595042754249089,0.7283844624581092,0.2796094734332803,0.4613573290844971,
am_9db,validation,raster_image,13582,dictionary_48,3.939528774723054,1.0159507280802305,2.31046358086802,0.07595042754249089,0.7004174973192646,0.3067113200255781,0.49104255257138496,
am_9db,validation,raster_image,13582,local_pca_8,5.346725690901553,1.3788476158290206,3.127264911985014,0.07595042754249089,0.9481280587377687,0.15080768534323652,0.30361056885911436,
am_9db,validation,raster_image,13582,local_pca_16,3.4553181606462875,0.8910794162949651,2.0944944408352386,0.07595042754249089,0.6153770714481829,0.5031782453541754,0.6270285714993443,
am_9db,validation,raster_image,13582,local_pca_32,4.186552392089231,1.0796547491109747,2.4909170540011436,0.07595042754249089,0.7438506953361962,0.25048793492145865,0.4387361258616788,
am_9db,validation,raster_image,13582,local_dictionary_8,4.459957761968384,1.150162264215823,2.6706112499106114,0.07595042754249089,0.7919526052995244,0.16120840303740044,0.3678214695465711,
am_9db,validation,raster_image,13582,local_dictionary_24,3.553569669139941,0.9164171399916592,2.0560187150531766,0.07595042754249089,0.6326205390129184,0.6028545205077016,0.6747621679975826,
am_9db,validation,raster_image,13695,zero_fill,4.63814665925553,1.0,2.719661501605188,0.07456495518109242,0.8231942803330805,,0.4360615809069077,
am_9db,validation,raster_image,13695,linear,4.751909719706188,1.0245276979811841,2.83665860131981,0.07456495518109242,0.8432267617057045,-0.09909052148188473,0.38483794176461783,
am_9db,validation,raster_image,13695,pchip,4.709794855229232,1.0154475917294952,2.8251730633943914,0.07456495518109242,0.8358103382182402,-0.09969900530999003,0.403173537615409,
am_9db,validation,raster_image,13695,autoregression,6.23190260059722,1.3436191346302757,3.490651358984614,0.07456495518109242,1.1040970282897793,0.030537998468893084,0.20752858592224072,
am_9db,validation,raster_image,13695,pca_r32_l01,3.2239885003089066,0.6951027505513139,1.693158709556228,0.07456495518109242,0.5746319408679128,0.7645227284724478,0.8014565863919401,
am_9db,validation,raster_image,13695,pca_r64_l01,2.6142577490904015,0.563642752407061,1.5214106769779534,0.07456495518109242,0.46793100077145194,0.8354981558276822,0.8680664532339493,
am_9db,validation,raster_image,13695,pca_r96_l01,2.8916474686167684,0.6234489077326648,1.6314639285796857,0.07456495518109242,0.5164174362716921,0.8106154350257727,0.8462358833077198,
am_9db,validation,raster_image,13695,pca_r64_l001,3.3590982472763726,0.7242328658524011,1.9809647551682563,0.07456495518109242,0.5983283730431577,0.6996548650149365,0.7588407588404917,
am_9db,validation,raster_image,13695,pca_r64_l1,2.579962532959252,0.5562485886061572,1.6194725582120992,0.07456495518109242,0.46194441563113914,0.9102899219112103,0.9120504186160107,
am_9db,validation,raster_image,13695,template_1,2.518092375309264,0.5429091747852242,1.470873009081832,0.07456495518109242,0.451149473545304,0.8454413617403043,0.8714689373241092,
am_9db,validation,raster_image,13695,dictionary_8,2.302176431534177,0.4963569720116828,1.3852268205568818,0.07456495518109242,0.4135356027103103,0.8702147482149543,0.8949025273450854,
am_9db,validation,raster_image,13695,dictionary_24,2.2317795517191477,0.4811791682493652,1.3572969832161883,0.07456495518109242,0.40129469674135787,0.8865184799005408,0.9078761643630733,
am_9db,validation,raster_image,13695,dictionary_48,2.4013493194218727,0.5177389797776066,1.4366042339290466,0.07456495518109242,0.4307999993712207,0.8946115877655941,0.9102745003294747,
am_9db,validation,raster_image,13695,local_pca_8,4.0668571325509095,0.876828058991063,2.1884339396657055,0.07456495518109242,0.7226618513643699,0.696442264911348,0.7353398595691367,
am_9db,validation,raster_image,13695,local_pca_16,3.339317926931531,0.7199681623408445,1.7279589842584633,0.07456495518109242,0.5948582322154111,0.7012696823107355,0.7665672464135725,
am_9db,validation,raster_image,13695,local_pca_32,2.7653980169964725,0.5962291018715539,1.5900857790943081,0.07456495518109242,0.4943361742397554,0.842119255286904,0.8686062518560626,
am_9db,validation,raster_image,13695,local_dictionary_8,2.3301159617960003,0.5023808285894107,1.3571940163944105,0.07456495518109242,0.41839717614488353,0.8646696692841443,0.8888208748973959,
am_9db,validation,raster_image,13695,local_dictionary_24,2.3546124757546836,0.5076623592865481,1.3888095458907959,0.07456495518109242,0.4226611312474328,0.8618521184924153,0.8864004905974052,
am_9db,validation,raster_image,13808,zero_fill,7.988384777709895,1.0,4.57014850277459,0.09295077254721368,1.415120650624643,,0.38810397995008067,
am_9db,validation,raster_image,13808,linear,8.266141093444533,1.0347700221588807,4.698406656755145,0.09295077254721368,1.4641222179001485,-0.010594426429356884,0.314751867692589,
am_9db,validation,raster_image,13808,pchip,8.267790360982959,1.0349764803584192,4.721258695129171,0.09295077254721368,1.4644132003424781,-0.010519220203798278,0.3144554442131856,
am_9db,validation,raster_image,13808,autoregression,7.115983048117914,0.8907912232737892,3.9057083130704324,0.09295077254721368,1.2612623880800482,0.6187354838165225,0.6035341635640646,
am_9db,validation,raster_image,13808,pca_r32_l01,7.250811691394638,0.9076693090231059,4.066652235867135,0.09295077254721368,1.2850353279883011,0.4318565354554206,0.5542565195610182,
am_9db,validation,raster_image,13808,pca_r64_l01,3.4398352394101885,0.43060460094616504,2.2157837641432305,0.09295077254721368,0.6149263600200177,0.960445293779397,0.9591046164361249,
am_9db,validation,raster_image,13808,pca_r96_l01,6.736389045307541,0.8432729810542157,3.5057939534954192,0.09295077254721368,1.1943456969112092,0.5792194077162075,0.6504055480783941,
am_9db,validation,raster_image,13808,pca_r64_l001,1.589971830592833,0.19903545896153554,1.185678881019937,0.09295077254721368,0.29558446612757555,0.9799939092746083,0.9814243659468479,
am_9db,validation,raster_image,13808,pca_r64_l1,6.2940274321597425,0.7878973794204378,3.5933232195899407,0.09295077254721368,1.1163922998101155,0.8171372185744817,0.762765505878871,
am_9db,validation,raster_image,13808,template_1,4.206771147492726,0.5266109813877444,2.402751200318667,0.09295077254721368,0.7492654468921567,0.8889742287186718,0.9022186150605008,
am_9db,validation,raster_image,13808,dictionary_8,6.949661659919638,0.8699708205482765,3.8101481479325003,0.09295077254721368,1.2319399388894205,0.5455593233228554,0.6202931613002045,
am_9db,validation,raster_image,13808,dictionary_24,7.133336054361793,0.8929635029932513,3.986308460447495,0.09295077254721368,1.2643219340580438,0.575987870508519,0.6024162742269908,
am_9db,validation,raster_image,13808,dictionary_48,7.652876353487576,0.9580004677342918,4.202572893313702,0.09295077254721368,1.3559400764713956,0.32125920193959256,0.47746772311061253,
am_9db,validation,raster_image,13808,local_pca_8,2.926093818353606,0.3662935499199197,1.5025376619014863,0.09295077254721368,0.5252933782491821,0.932881774940361,0.9424537026179889,
am_9db,validation,raster_image,13808,local_pca_16,6.021177401158356,0.753741534578972,3.0008397471314288,0.09295077254721368,1.0683283163114428,0.7386025354358081,0.7627643559852872,
am_9db,validation,raster_image,13808,local_pca_32,5.99505906070592,0.7504719949687476,3.3381195314058965,0.09295077254721368,1.0637282367189556,0.7802103135156624,0.7804927117935808,
am_9db,validation,raster_image,13808,local_dictionary_8,6.126507791393221,0.7669269773394122,3.2061914171413965,0.09295077254721368,1.086881044371242,0.8042906661419389,0.7769895840304044,
am_9db,validation,raster_image,13808,local_dictionary_24,4.8542172490895465,0.6076594185390692,2.7254709642955586,0.09295077254721368,0.8629755995063918,0.9245885833584921,0.9039190861407402,
am_9db,validation,raster_image,13921,zero_fill,2.5488366720671394,1.0,2.076372973055226,0.15671430563977284,0.47624537275413276,,0.9226699412421633,
am_9db,validation,raster_image,13921,linear,2.758769810199798,1.0823642960074018,2.292172811137923,0.15671430563977284,0.511497539309412,-0.05308224845364525,0.905725674153457,
am_9db,validation,raster_image,13921,pchip,2.766147209980078,1.085258714414485,2.30676500436293,0.15671430563977284,0.5127411313420438,-0.050462739570721435,0.9050993976723215,
am_9db,validation,raster_image,13921,autoregression,2.42478052311282,0.9513283254616278,1.7837539242544111,0.15671430563977284,0.4555525891233676,0.31441955024118456,0.9302993584735144,
am_9db,validation,raster_image,13921,pca_r32_l01,17.19554955083113,6.746430534085701,10.214567680632468,0.15671430563977284,3.043683340832933,0.019690793588515554,0.285327264825796,
am_9db,validation,raster_image,13921,pca_r64_l01,4.703903585744133,1.8455100074847897,2.9420613622942238,0.15671430563977284,0.8457254564376474,-0.022083689412077515,0.7428533030985875,
am_9db,validation,raster_image,13921,pca_r96_l01,3.2391206774739674,1.2708231613942524,2.3158103896136417,0.15671430563977284,0.5930125247569673,0.47858054893073365,0.8704096799792351,
am_9db,validation,raster_image,13921,pca_r64_l001,7.9307040713923875,3.1114995159577976,4.229165444530635,0.15671430563977284,1.4104233368185577,-0.15236286428896345,0.5102193392337487,
am_9db,validation,raster_image,13921,pca_r64_l1,2.676537200380996,1.0501014952089063,2.009094730761853,0.15671430563977284,0.49765675816709315,0.34991203263811216,0.9080818451067161,
am_9db,validation,raster_image,13921,template_1,2.562269060660493,1.005270007584464,2.0445182460487734,0.15671430563977284,0.47849253261463126,0.030296178531560955,0.9214613029542923,
am_9db,validation,raster_image,13921,dictionary_8,2.6166631926872355,1.0266107755602434,2.0687307598665265,0.15671430563977284,0.48760469533863304,-0.11051008647577533,0.9175469773370585,
am_9db,validation,raster_image,13921,dictionary_24,2.3594283333365005,0.9256883185939779,1.8530430045424162,0.15671430563977284,0.44469942944321594,0.3826641471744039,0.9329594661594551,
am_9db,validation,raster_image,13921,dictionary_48,2.1623517290343326,0.8483681017036833,1.7562204226913052,0.15671430563977284,0.4122008605270087,0.5299749035152715,0.9444667495793334,
am_9db,validation,raster_image,13921,local_pca_8,2.1617905474633763,0.8481479300555325,1.6849959393191072,0.15671430563977284,0.4121088657919639,0.6974480106727893,0.9374753900724757,
am_9db,validation,raster_image,13921,local_pca_16,1.7150676376274576,0.672882517904341,1.3893595213073167,0.15671430563977284,0.34016528992323486,0.7403388540725554,0.9633083323616295,
am_9db,validation,raster_image,13921,local_pca_32,1.4937831763237999,0.586064690882026,1.1400900071369102,0.15671430563977284,0.3058149337847596,0.8152154009477725,0.9735975070893828,
am_9db,validation,raster_image,13921,local_dictionary_8,1.746224406320559,0.6851064352053395,1.4454446736193824,0.15671430563977284,0.34508333497986526,0.7327137293955689,0.9613612273522443,
am_9db,validation,raster_image,13921,local_dictionary_24,1.6828140554168984,0.6602282813406457,1.3609136383273317,0.15671430563977284,0.335093444358506,0.7506970664001644,0.9649648940052022,
am_9db,validation,raster_image,14034,zero_fill,3.139562326316818,1.0,1.91852578786696,0.12243884753289042,0.567934333070529,,0.7966103424673545,
am_9db,validation,raster_image,14034,linear,3.1932703923007364,1.0171068640790215,1.9345095976215383,0.12243884753289042,0.5772159802471352,0.012544839711544036,0.7862005367300621,
am_9db,validation,raster_image,14034,pchip,3.231791170316288,1.0293763379775511,1.9673674115066615,0.12243884753289042,0.5838772233278954,-0.023339534939353028,0.7792945826127881,
am_9db,validation,raster_image,14034,autoregression,3.168572510405643,1.0092402000895642,1.955406678577347,0.12243884753289042,0.5729469098070674,-0.012308750282624587,0.7910883090978207,
am_9db,validation,raster_image,14034,pca_r32_l01,6.3112354718753405,2.0102278011723294,3.7117648131306202,0.12243884753289042,1.12216897394062,-0.13442706259272688,0.39363854261808107,
am_9db,validation,raster_image,14034,pca_r64_l01,5.970140531745438,1.9015836958233971,3.412300466414782,0.12243884753289042,1.0622397825722183,0.053022519621070685,0.4752501125853849,
am_9db,validation,raster_image,14034,pca_r96_l01,5.137277615798315,1.636303752512255,3.160166118520447,0.12243884753289042,0.9161118708078702,-0.26295791683085645,0.4763550578411465,
am_9db,validation,raster_image,14034,pca_r64_l001,9.824963405487402,3.1294054343598816,5.4927817038968065,0.12243884753289042,1.741000388893797,-0.05867977073698112,0.2580612116719561,
am_9db,validation,raster_image,14034,pca_r64_l1,3.4070140397551354,1.0851875789171157,2.13995755120786,0.12243884753289042,0.6142188657155643,0.11951397377996165,0.7471661020709853,
am_9db,validation,raster_image,14034,template_1,2.823968314428299,0.8994783415372555,1.669998263879766,0.12243884753289042,0.5135515569856296,0.43854401127187437,0.8389750643781846,
am_9db,validation,raster_image,14034,dictionary_8,2.9228395963095126,0.9309704004947867,1.8581075775962765,0.12243884753289042,0.530557510981827,0.3979325441335843,0.820796181624285,
am_9db,validation,raster_image,14034,dictionary_24,2.485164233498581,0.7915639108888324,1.5145928892455798,0.12243884753289042,0.45554811355392405,0.6209334370577089,0.8793550022936663,
am_9db,validation,raster_image,14034,dictionary_48,2.5536835701844836,0.813388397732604,1.549873223188674,0.12243884753289042,0.46724020821638224,0.5913344119146751,0.8719788141752591,
am_9db,validation,raster_image,14034,local_pca_8,4.743119481169169,1.5107581847988238,2.3485754320939463,0.12243884753289042,0.8470889826633315,0.5048238033846406,0.6896242978117969,
am_9db,validation,raster_image,14034,local_pca_16,3.1233426942805878,0.9948337919905994,1.952390661825568,0.12243884753289042,0.565132700092879,0.3972270161198654,0.792032850523261,
am_9db,validation,raster_image,14034,local_pca_32,2.808083237822643,0.894418694696515,1.8281070022413712,0.12243884753289042,0.5108222808460746,0.4857535580126244,0.8341053039476749,
am_9db,validation,raster_image,14034,local_dictionary_8,3.4502310441328876,1.0989528748042185,2.0130742104900152,0.12243884753289042,0.6217119427144036,0.24744336903922032,0.7441418505159487,
am_9db,validation,raster_image,14034,local_dictionary_24,2.7996023745971295,0.8917174063180605,1.5669934109394879,0.12243884753289042,0.509365502021588,0.46235174921770306,0.8376794085120414,
am_9db,validation,raster_image,14147,zero_fill,4.018223319525058,1.0,2.386117449533309,0.07175311410046027,0.7138303903162918,,0.4834002278315124,
am_9db,validation,raster_image,14147,linear,5.007882101936028,1.2462926282872564,2.705157913302533,0.07175311410046027,0.8880893630740331,-0.11029986293518936,0.22561128908997316,
am_9db,validation,raster_image,14147,pchip,5.139934966980303,1.2791561240523157,2.803655426707993,0.07175311410046027,0.9113611944445953,-0.13466492982433048,0.1997664226351654,
am_9db,validation,raster_image,14147,autoregression,5.343852928780889,1.329904413927028,3.0445061041743324,0.07175311410046027,0.9473048597751644,0.3993581553884614,0.4922176351736542,
am_9db,validation,raster_image,14147,pca_r32_l01,9.576262876169416,2.383208227784936,5.6079668282403405,0.07175311410046027,1.69433259781301,-0.22058857058635972,-0.06825347430009449,
am_9db,validation,raster_image,14147,pca_r64_l01,9.814438758650594,2.4424821564697483,5.782305851083981,0.07175311410046027,1.736400838823833,-0.0058104447036554764,0.09990008035345857,
am_9db,validation,raster_image,14147,pca_r96_l01,5.8061653547206,1.4449583542327535,3.6294272630823485,0.07175311410046027,1.0288215333154591,0.07808148608343236,0.2567504569751048,
am_9db,validation,raster_image,14147,pca_r64_l001,11.531341139852634,2.8697611414030626,6.744823808134091,0.07175311410046027,2.039695383771606,0.017666958395572238,0.10190924903834883,
am_9db,validation,raster_image,14147,pca_r64_l1,6.444510082650805,1.6038207860016418,3.994670270280782,0.07175311410046027,1.1414261090334594,-0.10413345187516329,0.10655254146236276,
am_9db,validation,raster_image,14147,template_1,5.6787310312183195,1.4132442573872497,3.5224871875585824,0.07175311410046027,1.0063484410822625,-0.1742431750623361,0.11388905642691347,
am_9db,validation,raster_image,14147,dictionary_8,5.434577219735029,1.3524826241806243,3.2273699321508884,0.07175311410046027,0.9632989111015116,-0.18009137041932957,0.13507689467210368,
am_9db,validation,raster_image,14147,dictionary_24,4.610046713504958,1.147284843802522,2.6985031356995757,0.07175311410046027,0.8180031802271307,0.11968002512169394,0.36517438830682225,
am_9db,validation,raster_image,14147,dictionary_48,4.495145199041041,1.1186897396166509,2.607430611001383,0.07175311410046027,0.7977690406560788,0.1511610353872294,0.39184654447807976,
am_9db,validation,raster_image,14147,local_pca_8,16.518882469022547,4.110991638706389,8.967986591034105,0.07175311410046027,2.921007327405741,-0.13203168911516047,-0.05293123197071629,
am_9db,validation,raster_image,14147,local_pca_16,5.979122274212565,1.4880014869156848,3.5373976230260133,0.07175311410046027,1.059326244613489,0.023699937999023035,0.21304421161778073,
am_9db,validation,raster_image,14147,local_pca_32,5.953874838099111,1.4817182532310926,3.576593522298424,0.07175311410046027,1.0548730578046204,0.07440368197314462,0.2476741519458338,
am_9db,validation,raster_image,14147,local_dictionary_8,5.257185000163875,1.308335695186115,3.0421241312353104,0.07175311410046027,0.9320273251899688,-0.14805841292801028,0.17043246215218252,
am_9db,validation,raster_image,14147,local_dictionary_24,5.294891611986253,1.3177195966828676,2.955710618050772,0.07175311410046027,0.938673947877385,-0.05431239224172769,0.212200886812967,
am_9db,validation,raster_image,14260,zero_fill,4.503249171956364,1.0,2.42405677297989,0.07256134251741814,0.7992667089665594,,0.442643086096841,
am_9db,validation,raster_image,14260,linear,4.688150813273311,1.041059607020728,2.6595738434582747,0.07256134251741814,0.8318273868654527,-0.13467048338688906,0.36067041082807094,
am_9db,validation,raster_image,14260,pchip,4.624431797808622,1.026910042332748,2.650498991903109,0.07256134251741814,0.8206055129797699,-0.1023738564897114,0.3871967878065788,
am_9db,validation,raster_image,14260,autoregression,6.352192496806939,1.4105798400774106,3.326861941098913,0.07256134251741814,1.1251884441860756,0.2510478946584355,0.35665481675847177,
am_9db,validation,raster_image,14260,pca_r32_l01,4.482120469054488,0.9953081204048282,2.192831644319285,0.07256134251741814,0.7955466575801639,0.5358848246134398,0.6117340475321388,
am_9db,validation,raster_image,14260,pca_r64_l01,3.8343276349290196,0.851458022533374,2.0386133776383017,0.07256134251741814,0.6815718967313308,0.6045176623381666,0.679574587639593,
am_9db,validation,raster_image,14260,pca_r96_l01,3.069839784156965,0.6816944092887764,1.686916099979872,0.07256134251741814,0.5473554575655886,0.7318937866618913,0.790469786273073,
am_9db,validation,raster_image,14260,pca_r64_l001,4.640208019796187,1.0304133399263633,2.425403140219224,0.07256134251741814,0.8233838349352681,0.5295486753919764,0.6026582020784937,
am_9db,validation,raster_image,14260,pca_r64_l1,3.21255480425738,0.713385975678032,1.8149318464936355,0.07256134251741814,0.5723779338105366,0.7033442672782508,0.7699149623306961,
am_9db,validation,raster_image,14260,template_1,3.2809570208829357,0.7285755008438889,1.839510167154455,0.07256134251741814,0.5843773014432452,0.690302540219889,0.7553892077255892,
am_9db,validation,raster_image,14260,dictionary_8,3.476970980519182,0.7721027302179391,1.8392962748551307,0.07256134251741814,0.618782746624329,0.646484931694092,0.7218131575485662,
am_9db,validation,raster_image,14260,dictionary_24,3.485555553696488,0.7740090367200899,1.883753519757894,0.07256134251741814,0.6202901820713195,0.6494162364742109,0.722520279694183,
am_9db,validation,raster_image,14260,dictionary_48,3.182825778460007,0.7067842921685987,1.7565804182266622,0.07256134251741814,0.5671639846997345,0.7146107270673456,0.7726192430760936,
am_9db,validation,raster_image,14260,local_pca_8,4.938990435896897,1.0967615264671735,2.475684326356184,0.07256134251741814,0.8760145212685342,0.5704115573591532,0.6248575723826069,
am_9db,validation,raster_image,14260,local_pca_16,3.0006918808343066,0.6663392955292998,1.6044833835948236,0.07256134251741814,0.5352385964738868,0.748596815277869,0.803297316472454,
am_9db,validation,raster_image,14260,local_pca_32,3.1109943321887066,0.6908332658033189,1.6197261102698937,0.07256134251741814,0.5545692398208747,0.7228511402843883,0.781957775797222,
am_9db,validation,raster_image,14260,local_dictionary_8,3.8736963482863347,0.8602003132337156,1.991903155101777,0.07256134251741814,0.6884934413266204,0.5929837476057102,0.6709583178461053,
am_9db,validation,raster_image,14260,local_dictionary_24,4.420329842496637,0.981586777392621,2.222920428911394,0.07256134251741814,0.7846682323945136,0.5344061462447572,0.6127817774236796,
am_9db,validation,raster_image,14373,zero_fill,3.051568818324274,1.0,1.9083759688637232,0.0737071036482303,0.5443025096380099,,0.5663150587276761,
am_9db,validation,raster_image,14373,linear,3.358743582030021,1.1006612604838542,2.0548943822614376,0.0737071036482303,0.5981631597232272,-0.0682738990790702,0.44103600658742353,
am_9db,validation,raster_image,14373,pchip,3.3123000246942027,1.0854416930741564,2.0562059908628427,0.0737071036482303,0.5900144676341568,-0.05153585324419994,0.45748155535903234,
am_9db,validation,raster_image,14373,autoregression,3.1467447872803667,1.0311891930421406,1.8665899362350598,0.0737071036482303,0.5609817735244029,0.03136858771384071,0.5220268426210429,
am_9db,validation,raster_image,14373,pca_r32_l01,1.9844659671500646,0.6503100815664403,1.164306391522461,0.0737071036482303,0.35823002499055084,0.759416275070464,0.8397501148288211,
am_9db,validation,raster_image,14373,pca_r64_l01,1.7772239282582085,0.5823968044194874,1.019413041835254,0.0737071036482303,0.32243893521429356,0.8130972000485734,0.8737459609416953,
am_9db,validation,raster_image,14373,pca_r96_l01,2.7964825852735515,0.9164081663441561,1.639281030206214,0.0737071036482303,0.4996476790171997,0.5166523954400201,0.673250524860891,
am_9db,validation,raster_image,14373,pca_r64_l001,2.047997206273335,0.6711292873276781,1.0732132103146268,0.0737071036482303,0.3692351642194784,0.8087578639986669,0.8510794638926135,
am_9db,validation,raster_image,14373,pca_r64_l1,2.3754437895853946,0.7784336290635699,1.3801249833683893,0.0737071036482303,0.4261436101998935,0.64794532380085,0.7749221238091502,
am_9db,validation,raster_image,14373,template_1,3.2260058500860196,1.057163066654199,1.8264376355629994,0.0737071036482303,0.5748784816094769,0.3131806417017161,0.5488827689901943,
am_9db,validation,raster_image,14373,dictionary_8,2.666263629571064,0.8737353762302515,1.2738403624305148,0.0737071036482303,0.4768836530456094,0.5802700964089675,0.7102052435538586,
am_9db,validation,raster_image,14373,dictionary_24,2.1929425613005744,0.7186279228350477,1.1020193927166337,0.0737071036482303,0.3943908248860697,0.7150713401460772,0.8032942782744962,
am_9db,validation,raster_image,14373,dictionary_48,2.020092294559764,0.6619848395452766,1.053437081295759,0.0737071036482303,0.36439966595390977,0.7532147900859469,0.8323923227342882,
am_9db,validation,raster_image,14373,local_pca_8,3.4997576148691913,1.1468716005530013,1.736674371626795,0.0737071036482303,0.6229144758163393,0.3543965472766687,0.5374631293821168,
am_9db,validation,raster_image,14373,local_pca_16,2.497014348035661,0.8182723368522493,1.4044377886532051,0.0737071036482303,0.44733570675690876,0.5940204338246112,0.7345435669110356,
am_9db,validation,raster_image,14373,local_pca_32,2.488848650958755,0.8155964355165586,1.4455526035517066,0.0737071036482303,0.4459113721621762,0.582167115322559,0.7349411923994678,
am_9db,validation,raster_image,14373,local_dictionary_8,2.455276565130068,0.8045948531084901,1.309982016743179,0.0737071036482303,0.44005673860919076,0.6147889460335644,0.7452673515878241,
am_9db,validation,raster_image,14373,local_dictionary_24,1.9471693438689779,0.6380879671388956,1.0546045376421194,0.0737071036482303,0.35177599871392257,0.7718788681905845,0.8448570189628949,
am_9db,validation,raster_image,14486,zero_fill,3.6058740164848415,1.0,2.201180747419163,0.24838668232208658,0.6827083401187117,,0.9330311555236341,
am_9db,validation,raster_image,14486,linear,3.7560108275798463,1.0416367322897666,2.331473679304349,0.24838668232208658,0.7075528160387836,-0.05804134179283782,0.9257350636493527,
am_9db,validation,raster_image,14486,pchip,3.8066902288483906,1.0556914111379059,2.371841422953754,0.24838668232208658,0.7159666708595358,-0.05637493473700184,0.9231779367637947,
am_9db,validation,raster_image,14486,autoregression,3.8292976526041955,1.061961021127731,2.2694779061278085,0.24838668232208658,0.7197242261546295,0.014886436020987824,0.9216762069346417,
am_9db,validation,raster_image,14486,pca_r32_l01,23.324345914489985,6.468430623992666,13.136794579642455,0.24838668232208658,4.130442192585853,0.009341403506813986,0.315093250372096,
am_9db,validation,raster_image,14486,pca_r64_l01,7.023305189027273,1.947740036651055,4.37220053730793,0.24838668232208658,1.2653975417929633,0.5922158137821045,0.7980920109872129,
am_9db,validation,raster_image,14486,pca_r96_l01,3.2320349018630865,0.8963249650673627,2.154461814497039,0.24838668232208658,0.6214555462145225,0.4623626485245526,0.9443078795045267,
am_9db,validation,raster_image,14486,pca_r64_l001,14.10651840985743,3.912094084642774,8.3414013077623,0.24838668232208658,2.5056588199903307,0.5703500793354347,0.6084885919574867,
am_9db,validation,raster_image,14486,pca_r64_l1,3.0618275960477015,0.8491221773278981,2.0189311807707977,0.24838668232208658,0.5939108332307609,0.5596752243231689,0.9486117962164453,
am_9db,validation,raster_image,14486,template_1,4.143900793469378,1.1492084234016104,2.3893927995184594,0.24838668232208658,0.7722630714481364,-0.34165171609670064,0.9069691191209371,
am_9db,validation,raster_image,14486,dictionary_8,5.546779287388354,1.5382620862599046,3.2488244815303453,0.24838668232208658,1.0105588603219233,-0.4983781554586124,0.8262386027006692,
am_9db,validation,raster_image,14486,dictionary_24,4.285989503308271,1.1886132138045231,2.7119910027766765,0.24838668232208658,0.7961289210351089,-0.4585703204970812,0.8997659451319603,
am_9db,validation,raster_image,14486,dictionary_48,3.9144444038859483,1.085574367265863,2.559889582283918,0.24838668232208658,0.7338990320055567,-0.12640144246753812,0.9180329625191119,
am_9db,validation,raster_image,14486,local_pca_8,3.6051763030420583,0.9998065064282353,2.097732716587883,0.24838668232208658,0.6825931813363508,0.36279726883338775,0.9280727074365792,
am_9db,validation,raster_image,14486,local_pca_16,3.180859075082752,0.8821326148780949,1.951941812901984,0.24838668232208658,0.613148603473815,0.4714745950994118,0.9478056340735681,
am_9db,validation,raster_image,14486,local_pca_32,3.455842516470878,0.9583924731346493,2.134525661852911,0.24838668232208658,0.6580136245087355,0.344656339548849,0.9361686317936638,
am_9db,validation,raster_image,14486,local_dictionary_8,2.048939698420452,0.5682227634835243,1.3854614526141886,0.24838668232208658,0.4369899938202054,0.8826027154179251,0.9811591496265996,
am_9db,validation,raster_image,14486,local_dictionary_24,1.7625359241116645,0.4887957582694082,1.1875262392916484,0.24838668232208658,0.3960392636149037,0.9322709845019176,0.9869018339703941,
am_9db,validation,raster_image,14599,zero_fill,2.6083613514059034,1.0,1.5994714774065977,0.15651270324486433,0.486149795397966,,0.90744889504893,
am_9db,validation,raster_image,14599,linear,2.604430136588509,0.9984928411796643,1.6260292121595148,0.15651270324486433,0.4854907102277391,0.09585943879839491,0.9074948134104397,
am_9db,validation,raster_image,14599,pchip,2.6022302493763645,0.9976494430013563,1.6261418623426807,0.15651270324486433,0.48512193329863085,0.10690599047355069,0.907582088095782,
am_9db,validation,raster_image,14599,autoregression,2.4406148902705267,0.9356889485251108,1.5155712790020623,0.15651270324486433,0.45812061925591974,0.3947471362725471,0.9202678962633296,
am_9db,validation,raster_image,14599,pca_r32_l01,7.110678501158847,2.7261094392945977,3.996847546658092,0.15651270324486433,1.2664064780096045,0.12685952574384393,0.5669144388243569,
am_9db,validation,raster_image,14599,pca_r64_l01,8.584328985602246,3.2910811920193894,5.354617657449773,0.15651270324486433,1.5253082388041113,0.21954675387588266,0.5232827405423733,
am_9db,validation,raster_image,14599,pca_r96_l01,2.4916280943728486,0.9552465163731491,1.3538626965905913,0.15651270324486433,0.46662329477506326,0.8692838230192824,0.9171109362491242,
am_9db,validation,raster_image,14599,pca_r64_l001,14.990482047435691,5.747087932949106,9.12480712283822,0.15651270324486433,2.6544416493226453,0.12731099875620175,0.3312888798488289,
am_9db,validation,raster_image,14599,pca_r64_l1,2.3218338775570246,0.890150391281315,1.5125392995306854,0.15651270324486433,0.4384024823706148,0.5535129510402872,0.9204855181825301,
am_9db,validation,raster_image,14599,template_1,3.5805695454009574,1.3727275722250045,2.041089626590704,0.15651270324486433,0.6514373838875528,-0.67569292662878,0.8095242688859533,
am_9db,validation,raster_image,14599,dictionary_8,3.053928519466158,1.170822638443134,1.7901453150940096,0.15651270324486433,0.5614117922867599,-0.009547734181107046,0.8635641621673269,
am_9db,validation,raster_image,14599,dictionary_24,2.8931017281024305,1.1091644670103138,1.753111447652341,0.15651270324486433,0.534129567138698,-0.018224575250076112,0.8795625139025496,
am_9db,validation,raster_image,14599,dictionary_48,3.127452632021947,1.1990104938245056,1.9102597645128032,0.15651270324486433,0.5739213518671479,-0.2198802128024061,0.8572640312761739,
am_9db,validation,raster_image,14599,local_pca_8,7.540010613018549,2.8907078419002388,4.080050437971894,0.15651270324486433,1.34177055437745,-0.3596723793720458,0.4468348121050805,
am_9db,validation,raster_image,14599,local_pca_16,1.6147536697046465,0.6190682394654776,1.0066079313395033,0.15651270324486433,0.324365362497104,0.7899507660316137,0.9648907962910485,
am_9db,validation,raster_image,14599,local_pca_32,1.489002803752493,0.5708575627184179,1.1775329290949852,0.15651270324486433,0.30498526420192873,0.8241045932348683,0.969728063961022,
am_9db,validation,raster_image,14599,local_dictionary_8,1.50649633202349,0.5775642746782345,0.9985920451185964,0.15651270324486433,0.30765820183421966,0.821210495126919,0.9693419123511905,
am_9db,validation,raster_image,14599,local_dictionary_24,1.7090428814566443,0.6552170697267357,1.1415635495626102,0.15651270324486433,0.339126201861356,0.7760619945787809,0.9624564987075245,
am_9db,test,raster_image,16000,zero_fill,4.149252045255678,1.0,2.558314378829599,0.15236780152238646,0.748665205762524,,0.7996249006798398,False
am_9db,test,raster_image,16000,linear,4.579496200752037,1.1036919788925108,2.772655478322813,0.15236780152238646,0.8233217742752919,-0.05039281787559072,0.7422772035982358,False
am_9db,test,raster_image,16000,pchip,4.749076571675736,1.144562084895736,2.8785165536510644,0.15236780152238646,0.8528156057804034,-0.0689324801160115,0.7209895725643622,False
am_9db,test,raster_image,16000,autoregression,2.777836258415565,0.6694787947605613,1.7413410774959082,0.15236780152238646,0.5134463407252234,0.7770119235330772,0.9215411018041012,False
am_9db,test,raster_image,16000,pca_r32_l01,4.110516803714939,0.9906645243243225,2.4731356779153346,0.15236780152238646,0.741957772315636,0.9336563066923127,0.8965250798537571,False
am_9db,test,raster_image,16000,pca_r64_l01,3.394629776162306,0.8181305303069696,2.162808875979378,0.15236780152238646,0.6185468270564554,0.6755598296866463,0.865764232612723,False
am_9db,test,raster_image,16000,pca_r96_l01,2.649987680022587,0.6386663550729886,1.6705897196612782,0.15236780152238646,0.4918755260300624,0.786252744297735,0.9164174403085806,False
am_9db,test,raster_image,16000,pca_r64_l001,3.7890337466246335,0.9131847632531931,2.4255833613921487,0.15236780152238646,0.6863961840708332,0.5896255132435491,0.8334655363353384,False
am_9db,test,raster_image,16000,pca_r64_l1,2.3722092549705436,0.5717197290251302,1.4999948775728926,0.15236780152238646,0.4453604966952204,0.8210351942137497,0.9349283740869677,False
am_9db,test,raster_image,16000,template_1,4.0178598654689255,0.968333526535948,2.292178921872247,0.15236780152238646,0.7259238134463066,0.2737610545698442,0.810323082197527,False
am_9db,test,raster_image,16000,dictionary_8,4.167562042101484,1.0044128427596348,2.765308990575635,0.15236780152238646,0.751836662154936,0.1893319125877454,0.7926356592199274,False
am_9db,test,raster_image,16000,dictionary_24,4.269190942653244,1.0289061488888598,2.7406342407823443,0.15236780152238646,0.7694495934594299,0.021012764722629324,0.782376738743853,False
am_9db,test,raster_image,16000,dictionary_48,4.4342780288987065,1.0686933405187886,2.66401117110531,0.15236780152238646,0.7980937443515315,-0.08455494354794015,0.7609921512039065,False
am_9db,test,raster_image,16000,local_pca_8,5.26877877579137,1.2698141058496981,2.9379680933858405,0.15236780152238646,0.9433935443286866,0.7003667288865122,0.7901845265803636,False
am_9db,test,raster_image,16000,local_pca_16,1.5603522548266413,0.37605627178295264,1.0286959221366874,0.15236780152238646,0.31396623595869694,0.9327269799599657,0.9747396816164701,False
am_9db,test,raster_image,16000,local_pca_32,1.8512556776671367,0.4461661180076762,1.3536116582376976,0.15236780152238646,0.3599844588337519,0.8950331449307181,0.9602109894759862,True
am_9db,test,raster_image,16000,local_dictionary_8,2.1370831594649338,0.515052625426433,1.3813766082360195,0.15236780152238646,0.4064641276312228,0.9009651164830332,0.9593431690935722,False
am_9db,test,raster_image,16000,local_dictionary_24,2.2695019361269213,0.546966516223546,1.4471682617306612,0.15236780152238646,0.42830820508015793,0.9084716647454556,0.9558787043040184,False
am_9db,test,raster_image,16102,zero_fill,4.109924619210773,1.0,2.389477389617139,0.07483186288692723,0.7302626756515379,,0.4549072293453283,False
am_9db,test,raster_image,16102,linear,4.317930746899085,1.0506106916696336,2.4916117835494376,0.07483186288692723,0.7668547771134184,0.03396391445894007,0.36971942265824687,False
am_9db,test,raster_image,16102,pchip,4.403547096897732,1.0714423024486868,2.5455578507238084,0.07483186288692723,0.7819211331992147,0.043866773261272904,0.3481892188483439,False
am_9db,test,raster_image,16102,autoregression,4.087860483816114,0.9946314987648374,2.394669808247615,0.07483186288692723,0.7263822464348205,0.12698346495805668,0.46047177008770696,False
am_9db,test,raster_image,16102,pca_r32_l01,4.591556663585079,1.1171875615730378,2.686500805977544,0.07483186288692723,0.8150150810282115,0.27853625697644313,0.42845069440844313,False
am_9db,test,raster_image,16102,pca_r64_l01,5.0160682026650445,1.2204769350802054,2.7982652773358607,0.07483186288692723,0.8897776100763939,0.32151488103788484,0.4345285922311492,False
am_9db,test,raster_image,16102,pca_r96_l01,4.674646838762869,1.1374045200032257,2.8178295127879656,0.07483186288692723,0.829644447676847,0.24618668648635605,0.4040848333016478,False
am_9db,test,raster_image,16102,pca_r64_l001,5.601415827177179,1.3628998938313415,2.8759739584721475,0.07483186288692723,0.9929352526056893,0.3584866926461056,0.4432552871482816,False
am_9db,test,raster_image,16102,pca_r64_l1,4.021159305879273,0.978402204041264,2.3992045600819725,0.07483186288692723,0.7146528047340638,0.3265028262650945,0.5057138601698519,False
am_9db,test,raster_image,16102,template_1,5.161029277511304,1.255747916491562,3.1060996297119656,0.07483186288692723,0.9153178621749014,-0.2921805629648458,0.09360921742260132,False
am_9db,test,raster_image,16102,dictionary_8,4.689241890668666,1.1409556926543192,2.833263254946594,0.07483186288692723,0.8322143569267252,0.06435631485707136,0.30975139579081756,False
am_9db,test,raster_image,16102,dictionary_24,4.60045174669987,1.1193518550671844,2.7251516470742403,0.07483186288692723,0.8165811026872737,0.05339497975386892,0.3178034029164291,False
am_9db,test,raster_image,16102,dictionary_48,4.907786789668371,1.1941306092885986,2.91421008772753,0.07483186288692723,0.8707031140772157,-0.047934749871517295,0.2317717060504535,False
am_9db,test,raster_image,16102,local_pca_8,4.154782628212244,1.0109145576032694,2.3929487445914153,0.07483186288692723,0.7381525233329831,0.5547248811277113,0.6240169473751918,False
am_9db,test,raster_image,16102,local_pca_16,5.393518363471658,1.312315641571882,3.2894396402863926,0.07483186288692723,0.9562889595969242,-0.04514506597143104,0.18204339809378556,False
am_9db,test,raster_image,16102,local_pca_32,5.065621933892237,1.2325340251289052,3.080336494640468,0.07483186288692723,0.8985077840495993,0.08791277129278698,0.28438084125549234,True
am_9db,test,raster_image,16102,local_dictionary_8,4.778579312727621,1.1626926903698904,2.8175205540429653,0.07483186288692723,0.8479463110735798,-0.12239663039010779,0.22486658354721023,False
am_9db,test,raster_image,16102,local_dictionary_24,4.17805560602099,1.016577186474846,2.4276092962460556,0.07483186288692723,0.7422462252724916,0.2682560557097769,0.46198394155001565,False
am_9db,test,raster_image,16205,zero_fill,5.868456116805563,1.0,3.576796216740584,0.07048375376977124,1.0397232796034965,,0.33557747410118083,False
am_9db,test,raster_image,16205,linear,6.304290079732065,1.0742672270613731,3.7856280012647874,0.07048375376977124,1.1166087071367863,-0.04614697457085082,0.19245140488800894,False
am_9db,test,raster_image,16205,pchip,6.532144619190771,1.1130942260068362,3.8768908038382834,0.07048375376977124,1.1568129720261173,-0.05217389487212301,0.15630447072215967,False
am_9db,test,raster_image,16205,autoregression,6.57040687319544,1.1196142123956065,3.757962097977162,0.07048375376977124,1.1635647439179588,-0.1393272964581899,0.11051208927483154,False
am_9db,test,raster_image,16205,pca_r32_l01,1.7721461041727606,0.3019782492873801,1.0404726040343284,0.07048375376977124,0.32086351072362645,0.9676844242589658,0.970157857591898,False
am_9db,test,raster_image,16205,pca_r64_l01,2.1006610658230604,0.35795804279891846,1.3039628671854895,0.07048375376977124,0.3777724041740727,0.975808519271778,0.9748643428786498,False
am_9db,test,raster_image,16205,pca_r96_l01,3.1714906924253996,0.5404301624311659,1.8453576838128154,0.07048375376977124,0.5649214535571172,0.9163515394294041,0.9157616676718846,False
am_9db,test,raster_image,16205,pca_r64_l001,1.4692839281300527,0.250369756352518,0.9206574514252375,0.07048375376977124,0.26884021784388307,0.968358833617143,0.9698462458173075,False
am_9db,test,raster_image,16205,pca_r64_l1,4.037789727026087,0.688049743690342,2.381665158052492,0.07048375376977124,0.7171504511255644,0.8810021139352968,0.8538611618955758,False
am_9db,test,raster_image,16205,template_1,5.447203574933419,0.9282174845500168,2.9682494957061056,0.07048375376977124,0.9654343830091009,0.5250156173928936,0.5770977950505222,False
am_9db,test,raster_image,16205,dictionary_8,3.926981064142485,0.669167662836695,2.1349256801450647,0.07048375376977124,0.6976565017982402,0.7772162288089901,0.801622007240216,False
am_9db,test,raster_image,16205,dictionary_24,3.873632898526658,0.6600769983494795,2.152466350770755,0.07048375376977124,0.6882731692989404,0.8062098891453423,0.8224892236114667,False
am_9db,test,raster_image,16205,dictionary_48,3.6582723809474267,0.6233790128328969,2.0069113898117505,0.07048375376977124,0.6504076500336291,0.8365943883690106,0.8493278483821151,False
am_9db,test,raster_image,16205,local_pca_8,2.4883177121100144,0.4240157313239834,1.436116773199069,0.07048375376977124,0.44531350551852183,0.9246046977315947,0.9319406139752379,False
am_9db,test,raster_image,16205,local_pca_16,3.3082411787174872,0.5637327966453801,1.8639871118489666,0.07048375376977124,0.588920263131815,0.8945915146431684,0.8977137603749409,False
am_9db,test,raster_image,16205,local_pca_32,3.374759095599949,0.5750676205851849,1.932067632599388,0.07048375376977124,0.6005988079420299,0.9054741578396028,0.9027577378775035,True
am_9db,test,raster_image,16205,local_dictionary_8,4.01527901376526,0.6842138603144123,2.150527010709621,0.07048375376977124,0.7131898481534722,0.7577133338538548,0.7857979423520426,False
am_9db,test,raster_image,16205,local_dictionary_24,3.8276023635840266,0.6522332769300054,2.0037317873987024,0.07048375376977124,0.6801779776192735,0.786168004664162,0.8103284820997904,False
am_9db,test,raster_image,16308,zero_fill,3.7190380833703203,1.0,2.263759631480498,0.1180428213705228,0.6676264300571956,,0.7695219594114296,False
am_9db,test,raster_image,16308,linear,3.896483496105596,1.0477127173095437,2.300385720852846,0.1180428213705228,0.6985373328743291,8.529148244635928e-05,0.7385308050961072,False
am_9db,test,raster_image,16308,pchip,4.09075818516002,1.099950603746664,2.4068840970865684,0.1180428213705228,0.7324244813341724,-0.038225030452587946,0.706924106917557,False
am_9db,test,raster_image,16308,autoregression,3.6594615665744517,0.9839806650374824,2.16743947449473,0.1180428213705228,0.6572579472519248,0.1795496394326791,0.7774107852897318,False
am_9db,test,raster_image,16308,pca_r32_l01,6.128987341129732,1.648003382523965,3.7666085711133626,0.1180428213705228,1.0896737350825334,0.6212827457985862,0.702057091280431,False
am_9db,test,raster_image,16308,pca_r64_l01,3.847614702243963,1.0345725469842788,2.7321366789165262,0.1180428213705228,0.6900202948762271,0.4481210511747085,0.7600756587601543,False
am_9db,test,raster_image,16308,pca_r96_l01,3.6772753580834894,0.98877055723802,2.283243258932371,0.1180428213705228,0.660357653973364,0.32471318717774883,0.7694144825595393,False
am_9db,test,raster_image,16308,pca_r64_l001,7.034176518492065,1.8913967431377987,4.333199499303145,0.1180428213705228,1.2488944690116892,0.35900314432076663,0.5612969426997663,False
am_9db,test,raster_image,16308,pca_r64_l1,2.921350504079972,0.7855123928799739,1.9610192236138624,0.1180428213705228,0.5293346680527007,0.6652287326764736,0.8714077592317732,False
am_9db,test,raster_image,16308,template_1,3.394359342185663,0.9126981940205295,2.068713485791746,0.1180428213705228,0.611188204490687,0.4130710498618276,0.8097396227516175,False
am_9db,test,raster_image,16308,dictionary_8,4.558831482840441,1.2258093035468653,2.785278366746656,0.1180428213705228,0.8142270457872856,-0.2856475225140329,0.6263079455875588,False
am_9db,test,raster_image,16308,dictionary_24,3.7681348611225722,1.0132014721687816,2.267451385107039,0.1180428213705228,0.6761748495581074,0.13379788566960274,0.7580473092726419,False
am_9db,test,raster_image,16308,dictionary_48,3.740875018102305,1.0058716620379955,2.2948596688782037,0.1180428213705228,0.6714281243888942,0.16435862872531426,0.762028359976631,False
am_9db,test,raster_image,16308,local_pca_8,4.140083520542014,1.1132135320298004,2.3354938163485253,0.1180428213705228,0.7410349370781647,0.16963992919722914,0.7041549535201491,False
am_9db,test,raster_image,16308,local_pca_16,3.446998517665352,0.926852169941095,2.0631151380795822,0.1180428213705228,0.6203264291579083,0.47539288607226377,0.8005358663599004,False
am_9db,test,raster_image,16308,local_pca_32,2.3968128553966976,0.6444711782097761,1.495236742134456,0.1180428213705228,0.4393414532636239,0.8210897585636715,0.9211152016885354,True
am_9db,test,raster_image,16308,local_dictionary_8,4.039721641386711,1.086227554229769,2.3649837451987032,0.1180428213705228,0.7235180603714795,0.17455224205516562,0.7173748392066366,False
am_9db,test,raster_image,16308,local_dictionary_24,3.224074399364444,0.8669108320726516,1.617665353351497,0.1180428213705228,0.5816628391578028,0.5111782898949615,0.8279702276926764,False
am_9db,test,raster_image,16411,zero_fill,5.394714422839529,1.0,3.04326573092907,0.07350475599470385,0.9564000720109548,,0.38099399318085975,False
am_9db,test,raster_image,16411,linear,5.475919709597149,1.0150527498571236,3.095865163974348,0.07350475599470385,0.9707147509973578,-0.09346347736518347,0.34198654104106846,False
am_9db,test,raster_image,16411,pchip,5.448281656088077,1.0099295771842456,3.0805612647655667,0.07350475599470385,0.9658426442075545,-0.06636702744992494,0.35486123981826073,False
am_9db,test,raster_image,16411,autoregression,3.8612628826658884,0.7157492649320809,2.025570171913156,0.07350475599470385,0.6864046381513593,0.7284999036681616,0.7702405111382502,False
am_9db,test,raster_image,16411,pca_r32_l01,4.326211948104351,0.8019353035238578,2.4153857485298893,0.07350475599470385,0.768187827855473,0.5978697900587013,0.668447359876872,False
am_9db,test,raster_image,16411,pca_r64_l01,5.249895677312621,0.9731554380499194,2.7798948385500895,0.07350475599470385,0.9308748581045079,0.41682012704855365,0.5100282861833687,False
am_9db,test,raster_image,16411,pca_r96_l01,4.619290641578101,0.8562623114990987,2.6364773949963762,0.07350475599470385,0.8197815535086941,0.5769828795033682,0.6397488649398034,False
am_9db,test,raster_image,16411,pca_r64_l001,6.109135318381315,1.13242978952086,3.336008730612879,0.07350475599470385,1.0823733436594187,0.29722750250403895,0.3950994616065144,False
am_9db,test,raster_image,16411,pca_r64_l1,4.301592208689929,0.7973716255448734,2.254441266656289,0.07350475599470385,0.7638550859298953,0.6142447498898836,0.6830135281856234,False
am_9db,test,raster_image,16411,template_1,2.858284241285985,0.5298305002364733,1.554747166593308,0.07350475599470385,0.5104311972413884,0.851764980256491,0.8737369756880471,False
am_9db,test,raster_image,16411,dictionary_8,3.2556274332827924,0.6034846663058728,1.6340964819919026,0.07350475599470385,0.5800485272832936,0.8546724984425864,0.8690540361336698,False
am_9db,test,raster_image,16411,dictionary_24,4.068693923383114,0.7542000566624137,2.032097888232447,0.07350475599470385,0.7228796940437198,0.7288674017250892,0.7581491906151121,False
am_9db,test,raster_image,16411,dictionary_48,3.767261819382522,0.6983246051789352,1.8530907819745892,0.07350475599470385,0.6698822900225265,0.7806463171341551,0.8043103749329739,False
am_9db,test,raster_image,16411,local_pca_8,7.375593128252198,1.3671887981736808,3.893733364657734,0.07350475599470385,1.3058386363905443,-0.2437366290616876,-0.03214534500829488,False
am_9db,test,raster_image,16411,local_pca_16,5.211011918381999,0.9659476869285626,2.9524993373339457,0.07350475599470385,0.9240220613790882,0.46468550362262295,0.5431417768549532,False
am_9db,test,raster_image,16411,local_pca_32,4.69567743580281,0.8704218736626325,2.5935013972690664,0.07350475599470385,0.8332331232328665,0.5163985364596141,0.5998696218369984,True
am_9db,test,raster_image,16411,local_dictionary_8,3.651058716848689,0.6767844283640394,1.8284094880789863,0.07350475599470385,0.6494642305788929,0.8066758624354603,0.8245420204414514,False
am_9db,test,raster_image,16411,local_dictionary_24,4.054112668492373,0.7514971786696496,1.992199495491803,0.07350475599470385,0.7203150559086849,0.6874891326886331,0.7376673968658838,False
am_9db,test,raster_image,16514,zero_fill,5.944347913259768,1.0,3.3626700351481644,0.07035030403974776,1.053101019571318,,0.3200452010122827,False
am_9db,test,raster_image,16514,linear,6.059239229231533,1.0193278249604945,3.4845554566483283,0.07035030403974776,1.0733680077315542,-0.05826005700446383,0.26185500705563297,False
am_9db,test,raster_image,16514,pchip,6.007796731234515,1.0106738062611065,3.4710878230193103,0.07035030403974776,1.0642932761853219,-0.041734143998641705,0.2859222617923914,False
am_9db,test,raster_image,16514,autoregression,5.944444235301968,1.0000162039711682,3.419669367512679,0.07035030403974776,1.0531180102178697,0.14272572593318755,0.32417736056227164,False
am_9db,test,raster_image,16514,pca_r32_l01,6.393572729870586,1.075571757098664,3.5222905167939054,0.07035030403974776,1.1323536933056995,0.22906818527995226,0.3256512021441772,False
am_9db,test,raster_image,16514,pca_r64_l01,6.355392825484341,1.0691488651442616,3.4181805634122253,0.07035030403974776,1.125617082007838,0.23157326980569018,0.32912866949785685,False
am_9db,test,raster_image,16514,pca_r96_l01,4.75975979594198,0.8007202582010072,2.572383492013662,0.07035030403974776,0.8442588731895765,0.6339101563723059,0.6756372513376689,False
am_9db,test,raster_image,16514,pca_r64_l001,7.709947746050398,1.2970216176028648,4.044753777556971,0.07035030403974776,1.364696834127234,0.12535017392349407,0.2074952370179338,False
am_9db,test,raster_image,16514,pca_r64_l1,5.48414421569447,0.9225812983559148,3.088153187814577,0.07035030403974776,0.9719384931376854,0.39568345270262345,0.4921131417011125,False
am_9db,test,raster_image,16514,template_1,5.519112652745602,0.9284639346957445,2.9145378522210463,0.07035030403974776,0.9781044901576472,0.38253979099572016,0.47655412350016485,False
am_9db,test,raster_image,16514,dictionary_8,4.77318633380198,0.8029789648002711,2.595106874312114,0.07035030403974776,0.8466243983614247,0.6215258327658812,0.6672921614086093,False
am_9db,test,raster_image,16514,dictionary_24,4.8635576022944855,0.8181818549761504,2.6998029487055675,0.07035030403974776,0.8625474022204069,0.6689594862428835,0.6846694586811237,False
am_9db,test,raster_image,16514,dictionary_48,4.680680950090826,0.7874170587575904,2.598098639127409,0.07035030403974776,0.8303274632670571,0.7665868780545841,0.7467651769609192,False
am_9db,test,raster_image,16514,local_pca_8,6.217166433909524,1.0458954496995698,3.3434788001072215,0.07035030403974776,1.1012291795784992,0.3332536158006903,0.4078711496628973,False
am_9db,test,raster_image,16514,local_pca_16,4.9667798978820965,0.8355466352840725,2.6164231902504627,0.07035030403974776,0.8807370258347325,0.5622406974167723,0.6204879005899973,False
am_9db,test,raster_image,16514,local_pca_32,4.63916055867624,0.7804322065886975,2.4405888995041227,0.07035030403974776,0.823013419028099,0.6836136013008663,0.711842662896278,True
am_9db,test,raster_image,16514,local_dictionary_8,4.143554938656632,0.6970579446424738,2.296314270922409,0.07035030403974776,0.7357494404792895,0.7859385823055438,0.7995017544811293,False
am_9db,test,raster_image,16514,local_dictionary_24,4.086084764179608,0.6873899078257142,2.284651158028967,0.07035030403974776,0.7256357734707061,0.8775230918229305,0.8540186431423129,False
am_9db,test,raster_image,16616,zero_fill,4.160008871918981,1.0,2.2753094255186634,0.07263152624621327,0.738859114429028,,0.4405791086967028,False
am_9db,test,raster_image,16616,linear,4.44106002244495,1.0675602286387247,2.5188071334748567,0.07263152624621327,0.7883239661559917,-0.05156682680071,0.3238171647338913,False
am_9db,test,raster_image,16616,pchip,4.6827093386937175,1.1256488826990454,2.6839663602323105,0.07263152624621327,0.8308749576395326,-0.08123987685622781,0.25978976150446015,False
am_9db,test,raster_image,16616,autoregression,5.810171730548911,1.3966729181201774,3.0974530010261643,0.07263152624621327,1.0295877669488074,-0.32078172318623666,-0.017782906448771323,False
am_9db,test,raster_image,16616,pca_r32_l01,4.665964514846242,1.121623693243199,2.7428176748077266,0.07263152624621327,0.82792587890151,0.4001999554451737,0.4981414930638372,False
am_9db,test,raster_image,16616,pca_r64_l01,3.6676600223989233,0.8816471635809419,2.1717198063135834,0.07263152624621327,0.6522860170358015,0.5461307743711299,0.637095477345399,False
am_9db,test,raster_image,16616,pca_r96_l01,2.9945102593834045,0.7198326617996031,1.7334010367232535,0.07263152624621327,0.5341648619077889,0.6956723774535785,0.7625299070254389,False
am_9db,test,raster_image,16616,pca_r64_l001,4.7653375936115046,1.1455114016171053,2.750375006365545,0.07263152624621327,0.8454284763848591,0.44975604585109064,0.5295340025613224,False
am_9db,test,raster_image,16616,pca_r64_l1,3.225611599123781,0.775385749991401,1.7154324953704903,0.07263152624621327,0.5746766940297922,0.6496426451799174,0.7283450827514186,False
am_9db,test,raster_image,16616,template_1,2.4342901098866347,0.5851646438349337,1.5407690031223413,0.07263152624621327,0.43622327410406947,0.8112754567057703,0.8485885086876951,False
am_9db,test,raster_image,16616,dictionary_8,3.5299333203752297,0.8485398538938447,2.0333044555067925,0.07263152624621327,0.6280914728128225,0.565286389413022,0.6567351493641044,False
am_9db,test,raster_image,16616,dictionary_24,3.3731840285329135,0.8108598160217118,1.9340523800629652,0.07263152624621327,0.6005701974764278,0.5977598057224776,0.6851108056832926,False
am_9db,test,raster_image,16616,dictionary_48,3.154863473714895,0.758379025345583,1.8014182943950459,0.07263152624621327,0.562269370345825,0.6522073723705066,0.7290462277217289,False
am_9db,test,raster_image,16616,local_pca_8,3.3840067537947722,0.8134614271228117,2.014084210601693,0.07263152624621327,0.6024698438116819,0.6127400717766532,0.6910730331052377,False
am_9db,test,raster_image,16616,local_pca_16,2.897263445065508,0.6964560735970311,1.6606622212017808,0.07263152624621327,0.5171336555615768,0.7176317467244447,0.7777219789856397,False
am_9db,test,raster_image,16616,local_pca_32,2.815167801306596,0.6767215859344983,1.470678674466362,0.07263152624621327,0.502764397054671,0.762738192187533,0.8104391626518153,True
am_9db,test,raster_image,16616,local_dictionary_8,3.5946451371858767,0.86409554591351,2.08528415873925,0.07263152624621327,0.6394580019204876,0.5690096506300603,0.6542297646339422,False
am_9db,test,raster_image,16616,local_dictionary_24,3.2482260051394536,0.780821893690114,1.9291530217395647,0.07263152624621327,0.578643556010917,0.6491871044921158,0.7186877645108416,False
am_9db,test,raster_image,16719,zero_fill,4.473043476521735,1.0,2.6764722717776226,0.14519593206329073,0.8035401273850066,,0.769107040574298,False
am_9db,test,raster_image,16719,linear,4.541266642265021,1.0152520685527378,2.6926812800370903,0.14519593206329073,0.815410945771145,0.04872348740355558,0.7579649897413357,False
am_9db,test,raster_image,16719,pchip,4.55584806714255,1.0185119127626288,2.6961121941895865,0.14519593206329073,0.8179488299667284,0.054371297566181906,0.7556259400436566,False
am_9db,test,raster_image,16719,autoregression,4.641682927382357,1.0377012769372314,2.7068459488514063,0.14519593206329073,0.8328932633010443,-0.0018444721599580587,0.7436092200849352,False
am_9db,test,raster_image,16719,pca_r32_l01,24.487025575103264,5.474354475567163,13.026241925886291,0.14519593206329073,4.331093825232984,-0.24767987222545762,-0.0007479980824671743,False
am_9db,test,raster_image,16719,pca_r64_l01,10.81157159736856,2.417050416370132,6.140854581664637,0.14519593206329073,1.9165693473654473,-0.470273254969939,0.13251378464921604,False
am_9db,test,raster_image,16719,pca_r96_l01,3.768994694083139,0.8426018467886505,2.525101303172733,0.14519593206329073,0.6814244873642094,0.5628392409328941,0.8363349686050782,False
am_9db,test,raster_image,16719,pca_r64_l001,19.264849213285697,4.306877255811106,10.488782362526564,0.14519593206329073,3.408573532423213,-0.6402450916782264,-0.17609716369578304,False
am_9db,test,raster_image,16719,pca_r64_l1,4.0568328737342885,0.9069513620933786,2.486120464451789,0.14519593206329073,0.7312538586379126,0.43563326425582355,0.8102425792119484,False
am_9db,test,raster_image,16719,template_1,4.639292450279081,1.037166858455537,2.7534185454429805,0.14519593206329073,0.8324769527315764,-0.4574953459562508,0.7459222077817665,False
am_9db,test,raster_image,16719,dictionary_8,3.7720621743269245,0.8432876170611475,2.1019253012424346,0.14519593206329073,0.6819546966786797,0.6616649857299667,0.8509313344363368,False
am_9db,test,raster_image,16719,dictionary_24,4.462628267648705,0.9976715610014305,2.450710057719406,0.14519593206329073,0.8017283804876039,0.14290002904475982,0.7676565451842133,False
am_9db,test,raster_image,16719,dictionary_48,4.853778417384298,1.0851176481652767,2.710316864200978,0.14519593206329073,0.8698545594017639,-0.12597784326609712,0.7138654018965049,False
am_9db,test,raster_image,16719,local_pca_8,3.727616132896959,0.8333511964421092,1.919137582098466,0.14519593206329073,0.6742741387399777,0.5558002663104381,0.8425459857968615,False
am_9db,test,raster_image,16719,local_pca_16,2.746409535731767,0.613991245590886,1.430394301372476,0.14519593206329073,0.5060972904639339,0.7900975252320829,0.9181223007285285,False
am_9db,test,raster_image,16719,local_pca_32,2.392285766870837,0.5348228291156902,1.4750972173442405,0.14519593206329073,0.4463941927297956,0.8594455210060719,0.9435583262612778,True
am_9db,test,raster_image,16719,local_dictionary_8,2.019322828806622,0.4514427010168163,1.1638451206988714,0.14519593206329073,0.38451277231139935,0.9271872391829102,0.9662632459435678,False
am_9db,test,raster_image,16719,local_dictionary_24,1.6688772857953262,0.3730965939756649,0.96597267156804,0.14519593206329073,0.3278094441880038,0.9529017557375355,0.9780810833965159,False
am_9db,test,raster_image,16822,zero_fill,3.3309211512387034,1.0,2.02646386306,0.08438610567362353,0.5946581784816312,,0.6443118327435824,False
am_9db,test,raster_image,16822,linear,4.326590829921127,1.2989172164319032,2.364267066570468,0.08438610567362353,0.7693369643179593,0.07219004350741176,0.44454997704759935,False
am_9db,test,raster_image,16822,pchip,4.46889284043496,1.3416387352108494,2.421035689484054,0.08438610567362353,0.7943502588406058,0.08945254343156392,0.4331196798293856,False
am_9db,test,raster_image,16822,autoregression,5.216493069124792,1.5660812226626506,3.0901494773643803,0.08438610567362353,0.9258872670305992,-0.4038533675685817,0.18283063169073221,False
am_9db,test,raster_image,16822,pca_r32_l01,7.367951966733941,2.2119863041471115,4.23733409977286,0.08438610567362353,1.305127719370935,-0.006982250798883233,0.22128614261989585,False
am_9db,test,raster_image,16822,pca_r64_l01,8.15213372690683,2.4474111985134246,4.7703161992813214,0.08438610567362353,1.4434987417851008,-0.030807721720870603,0.18219481040414925,False
am_9db,test,raster_image,16822,pca_r96_l01,5.732905661923949,1.721117192999899,3.3610657517962617,0.08438610567362353,1.0168419061651317,-0.09458370687354448,0.2533032595104575,False
am_9db,test,raster_image,16822,pca_r64_l001,11.876840921170185,3.5656325628583025,6.833823981787325,0.08438610567362353,2.10119089541009,-0.12845368268026303,0.045134936930375874,False
am_9db,test,raster_image,16822,pca_r64_l1,3.8999516330705775,1.1708327684731483,2.276882736342475,0.08438610567362353,0.6944056406390698,0.33010008015231074,0.5807093023096107,False
am_9db,test,raster_image,16822,template_1,5.059072282546947,1.5188207864558965,3.0033787494019,0.08438610567362353,0.8981746040544597,0.07373027156106199,0.38139295566025166,False
am_9db,test,raster_image,16822,dictionary_8,3.5237269615336455,1.0578836308458521,1.983864095595448,0.08438610567362353,0.6284256906944303,0.4892421220534697,0.6699211229398526,False
am_9db,test,raster_image,16822,dictionary_24,3.0069347102636597,0.9027336804851837,1.5471797051630733,0.08438610567362353,0.5380058030455491,0.5883944245266626,0.7443027750221426,False
am_9db,test,raster_image,16822,dictionary_48,2.9192216182349724,0.8764006968911203,1.6229128921251645,0.08438610567362353,0.522691541330902,0.5760485945858663,0.7486562619101065,False
am_9db,test,raster_image,16822,local_pca_8,10.395674505984143,3.1209608495590473,5.821851014256846,0.08438610567362353,1.8395889477520024,-0.20607166878413719,0.014824215752726477,False
am_9db,test,raster_image,16822,local_pca_16,5.051167867846876,1.5164477447832851,2.863821226417498,0.08438610567362353,0.8967832843161284,0.050057028807727534,0.3714902007007058,False
am_9db,test,raster_image,16822,local_pca_32,3.9789113088841437,1.1945378254914456,2.2352794191672105,0.08438610567362353,0.7082656339546909,0.3141235735757614,0.5679508187875988,True
am_9db,test,raster_image,16822,local_dictionary_8,4.0156334534129,1.2055624468683583,2.157940943517115,0.08438610567362353,0.7147128683062689,0.40520790005075447,0.6015210226662375,False
am_9db,test,raster_image,16822,local_dictionary_24,3.6062699170706463,1.0826644502616178,1.9683295919344732,0.08438610567362353,0.6428922483230152,0.5148284331477628,0.674462537530688,False
am_9db,test,raster_image,16925,zero_fill,6.684248782395251,1.0,4.032908083120513,0.07317179713036075,1.1838121585278305,,0.3247120965481954,False
am_9db,test,raster_image,16925,linear,6.984434430333612,1.0449094068325193,4.288464587723897,0.07317179713036075,1.2367839062006687,-0.08245475646081082,0.2107214705168926,False
am_9db,test,raster_image,16925,pchip,6.952488725330075,1.0401301554845332,4.306944331247834,0.07317179713036075,1.2311462766538408,-0.0602463021739492,0.223223120960723,False
am_9db,test,raster_image,16925,autoregression,6.672284302341023,0.9982100486616028,3.933533715908893,0.07317179713036075,1.1817010419309253,0.17854794849391237,0.3402809376874673,False
am_9db,test,raster_image,16925,pca_r32_l01,3.061101210425012,0.4579574025561761,1.5883185336602474,0.07317179713036075,0.5459028670817777,0.8923466756863271,0.9034617354300225,False
am_9db,test,raster_image,16925,pca_r64_l01,3.691381225352949,0.5522507233834839,2.001632817104398,0.07317179713036075,0.6565123956284575,0.833829749317014,0.8516570114000572,False
am_9db,test,raster_image,16925,pca_r96_l01,3.9864142946050873,0.5963892763992225,2.27191447833955,0.07317179713036075,0.7083757035682421,0.8026279980069689,0.8242869163320319,False
am_9db,test,raster_image,16925,pca_r64_l001,4.891537107546523,0.7318005757699637,2.54899257295109,0.07317179713036075,0.8677037358608225,0.7438519822601176,0.7656035357836102,False
am_9db,test,raster_image,16925,pca_r64_l1,4.247338694249059,0.6354249867891747,2.289188156177014,0.07317179713036075,0.7542766288889637,0.885362942461588,0.8755994115542327,False
am_9db,test,raster_image,16925,template_1,2.298792853698863,0.34391192316978775,1.4130454236406111,0.07317179713036075,0.41270548113071986,0.9395665492648977,0.9441468652981215,False
am_9db,test,raster_image,16925,dictionary_8,2.931582602965755,0.43858071391460746,1.6143911765797754,0.07317179713036075,0.5232158381933955,0.9301037621457019,0.9352023445623858,False
am_9db,test,raster_image,16925,dictionary_24,3.231128134180181,0.4833943558010913,1.7763445288268682,0.07317179713036075,0.5757106067788254,0.9508716473197324,0.9465773279968145,False
am_9db,test,raster_image,16925,dictionary_48,3.4762342166688036,0.5200635598460057,1.9319224050511603,0.07317179713036075,0.618723024611297,0.9466421763631035,0.9386543164129972,False
am_9db,test,raster_image,16925,local_pca_8,1.5962137512752703,0.2388022653314946,0.9273987133076514,0.07317179713036075,0.29121919410654823,0.9710584906090053,0.9725773593199672,False
am_9db,test,raster_image,16925,local_pca_16,3.2459345892056364,0.4856094820639635,1.7458250385639311,0.07317179713036075,0.5783075745806533,0.8758574731653452,0.8888234010241526,False
am_9db,test,raster_image,16925,local_pca_32,3.716823449007374,0.5560570185234006,1.9895996123572597,0.07317179713036075,0.6609830278608937,0.8712283098688738,0.8816654059668954,True
am_9db,test,raster_image,16925,local_dictionary_8,2.272519572563453,0.3399812973072963,1.2175468027529177,0.07317179713036075,0.4081330464918067,0.9645653426720163,0.9666270689464165,False
am_9db,test,raster_image,16925,local_dictionary_24,3.4794432519001575,0.5205436489832931,1.8806995794178119,0.07317179713036075,0.6192864546180201,0.9102483015525697,0.9136825013247674,False
am_9db,test,raster_image,17028,zero_fill,5.214549463659625,1.0,3.1451139147201683,0.07809802687948554,0.9250102104981973,,0.39919590104168884,False
am_9db,test,raster_image,17028,linear,5.689764213710146,1.0911324656832404,3.3531859878062487,0.07809802687948554,1.0087506995582018,-0.02433913817882858,0.2538633782746117,False
am_9db,test,raster_image,17028,pchip,5.7743459987626835,1.1073528094812983,3.3991298860878247,0.07809802687948554,1.0236599482570974,-0.029252160118072443,0.23862044525494655,False
am_9db,test,raster_image,17028,autoregression,5.2444831499065225,1.0057404165892962,3.103129393696382,0.07809802687948554,0.9302835902550425,0.16134880915441263,0.3915244265405877,False
am_9db,test,raster_image,17028,pca_r32_l01,4.470114928893295,0.8572389542079676,2.6494882031036773,0.07809802687948554,0.7939420207379607,0.5176788084271016,0.6152626131970533,False
am_9db,test,raster_image,17028,pca_r64_l01,4.344620687915471,0.8331727828440947,2.500204627873921,0.07809802687948554,0.7718647727609828,0.5784564991914842,0.6599991942096348,False
am_9db,test,raster_image,17028,pca_r96_l01,4.052515001924075,0.777155347775717,2.2678195854902174,0.07809802687948554,0.7205023463853235,0.6589179982819849,0.7199545060404013,False
am_9db,test,raster_image,17028,pca_r64_l001,5.130562321213128,0.9838936914815353,2.920992511620484,0.07809802687948554,0.9102154293031468,0.2747885902652789,0.4435527182497594,False
am_9db,test,raster_image,17028,pca_r64_l1,3.689452491420115,0.7075304428756571,2.247174227262006,0.07809802687948554,0.6567233541016965,0.8422324661725838,0.8302346971159699,False
am_9db,test,raster_image,17028,template_1,2.80068648577982,0.5370907890121478,1.6513491221861267,0.07809802687948554,0.5010277920031686,0.8487985699957826,0.8733333636187043,False
am_9db,test,raster_image,17028,dictionary_8,3.0072173818458348,0.5766974506241117,1.7989877302479433,0.07809802687948554,0.5371346065452381,0.932299802072474,0.918766150681116,False
am_9db,test,raster_image,17028,dictionary_24,3.144078427147297,0.6029434468036957,1.8818136992235521,0.07809802687948554,0.5610901084030965,0.9372412981901992,0.9131841090436652,False
am_9db,test,raster_image,17028,dictionary_48,3.8563347125467904,0.7395336336191113,2.2649475910484655,0.07809802687948554,0.6860301508286158,0.8234244607067179,0.8055293739998061,False
am_9db,test,raster_image,17028,local_pca_8,6.338479669489238,1.2155373563262408,3.336802746447054,0.07809802687948554,1.1231290397312563,0.27702869307877875,0.3758094218561661,False
am_9db,test,raster_image,17028,local_pca_16,3.6188692159514497,0.693994608963147,2.0666293668901394,0.07809802687948554,0.6443332978270445,0.7906522374248969,0.8136955134217455,False
am_9db,test,raster_image,17028,local_pca_32,3.607239873518034,0.6917644369196252,2.0610601016831356,0.07809802687948554,0.6422922295617992,0.8103549275639932,0.8238570774749195,True
am_9db,test,raster_image,17028,local_dictionary_8,2.409961313741246,0.462160984479359,1.5010000776796442,0.07809802687948554,0.43290414244978814,0.9679239309260723,0.9606658985903285,False
am_9db,test,raster_image,17028,local_dictionary_24,4.029968506044843,0.772831580969714,2.3239035745889183,0.07809802687948554,0.7165395251569745,0.7025610392738455,0.7422856112656943,False
am_9db,test,raster_image,17131,zero_fill,3.642375656775975,1.0,2.1530216062175986,0.11144869103562141,0.6531640672003467,,0.7667398793510423,False
am_9db,test,raster_image,17131,linear,3.75527923150801,1.030997235148439,2.2619014702752303,0.11144869103562141,0.6728476619779813,-0.08627854152940682,0.7468767830396721,False
am_9db,test,raster_image,17131,pchip,3.7182155409518556,1.0208215437731676,2.24125624497847,0.11144869103562141,0.666384178367574,-0.05011895020557642,0.7532946140168476,False
am_9db,test,raster_image,17131,autoregression,3.788113914201982,1.0400118689446236,2.208450815075752,0.11144869103562141,0.6785750732166361,-0.1786187159590629,0.7414077772147794,False
am_9db,test,raster_image,17131,pca_r32_l01,3.76371714759296,1.0333138320291735,2.337125038728657,0.11144869103562141,0.6743193767567005,0.7328538938166351,0.8235316609334878,False
am_9db,test,raster_image,17131,pca_r64_l01,4.485129078304451,1.2313746578996285,2.4924088414948273,0.11144869103562141,0.8004184058547186,0.21504935337278588,0.6591564709176201,False
am_9db,test,raster_image,17131,pca_r96_l01,1.9568908589572798,0.5372567366347405,1.2536545525111324,0.11144869103562141,0.3629078294919867,0.8521546603493629,0.9403837525025971,False
am_9db,test,raster_image,17131,pca_r64_l001,8.03792622502402,2.206781228089674,4.31762491182912,0.11144869103562141,1.4251458602068272,-0.22534381538412188,0.2726744868042852,False
am_9db,test,raster_image,17131,pca_r64_l1,2.4191898248578223,0.6641791107837439,1.4724924889935922,0.11144869103562141,0.4415004438501371,0.7550585878374972,0.9058739915064262,False
am_9db,test,raster_image,17131,template_1,3.763480784845777,1.0332489395607805,2.1639155369769716,0.11144869103562141,0.6742781499185708,-0.15649078439182765,0.7456947137541414,False
am_9db,test,raster_image,17131,dictionary_8,4.232028510401685,1.1618868862492997,2.599381274415531,0.11144869103562141,0.7561231390618705,-0.4983387535608096,0.6619200358991955,False
am_9db,test,raster_image,17131,dictionary_24,2.4688939725313452,0.6778251902541734,1.7239562601392806,0.11144869103562141,0.4500167559499092,0.798257225731303,0.909831005155885,False
am_9db,test,raster_image,17131,dictionary_48,2.446342441779727,0.6716337556310957,1.7167575772815766,0.11144869103562141,0.4461514763505549,0.7845011841003124,0.9097907155892694,False
am_9db,test,raster_image,17131,local_pca_8,4.7334544132134075,1.2995514079959545,2.294827382027017,0.11144869103562141,0.8439237934847413,0.7550139453871489,0.7968809626348383,False
am_9db,test,raster_image,17131,local_pca_16,1.9084923434088157,0.5239691133610599,1.12246021453577,0.11144869103562141,0.35476172274456924,0.8783614257831525,0.9478139879095044,False
am_9db,test,raster_image,17131,local_pca_32,1.8423062497398432,0.5057979800388158,1.3230869323479963,0.11144869103562141,0.34365396161012396,0.8662200801157025,0.9455767025407914,True
am_9db,test,raster_image,17131,local_dictionary_8,2.5371645689415385,0.6965686156565447,1.5964889488630822,0.11144869103562141,0.4617307515828509,0.7275785548682664,0.8890867305254667,False
am_9db,test,raster_image,17131,local_dictionary_24,1.7141077829275266,0.47060159205125973,1.230245515882638,0.11144869103562141,0.3222581760130802,0.8828579955543591,0.9510534086819282,False
am_9db,test,raster_image,17233,zero_fill,4.153777180522381,1.0,2.5381547383266185,0.09309919473937794,0.7399864045905505,,0.5988805723376154,False
am_9db,test,raster_image,17233,linear,6.419130182030345,1.5453718153517015,3.5936310765503006,0.09309919473937794,1.1384463584715419,-0.1254881029822485,0.23662601183461804,False
am_9db,test,raster_image,17233,pchip,6.7208438287922085,1.6180077882624875,3.8218801877274386,0.09309919473937794,1.191616982204604,-0.14551999093073467,0.2067025800525376,False
am_9db,test,raster_image,17233,autoregression,8.191025034928423,1.97194617788774,4.223358973744628,0.09309919473937794,1.4508788541854438,0.3134992689235826,0.42043148894235555,False
am_9db,test,raster_image,17233,pca_r32_l01,6.746568814268039,1.624200943156895,3.9002685528508856,0.09309919473937794,1.1961511457006175,0.47802497573812874,0.5593101536030411,False
am_9db,test,raster_image,17233,pca_r64_l01,5.306667651348865,1.27755231460959,3.278042431912376,0.09309919473937794,0.942559892390253,0.4440810128346352,0.5790081457482869,False
am_9db,test,raster_image,17233,pca_r96_l01,5.153601914555427,1.2407025438729258,3.0685822774155813,0.09309919473937794,0.9156333865759962,0.3925542226537014,0.5578339715403906,False
am_9db,test,raster_image,17233,pca_r64_l001,5.397847953628137,1.2995034926137519,3.367516059440503,0.09309919473937794,0.9586033752350049,0.44905576789636004,0.578449241601799,False
am_9db,test,raster_image,17233,pca_r64_l1,4.719729299790087,1.1362499948050973,2.7371059804122675,0.09309919473937794,0.8393549592766117,0.471421873482424,0.6179637079433173,False
am_9db,test,raster_image,17233,template_1,4.6839232719243435,1.127629881999422,2.578923360314174,0.09309919473937794,0.8330634069349326,0.40978442809536053,0.5905704995096751,False
am_9db,test,raster_image,17233,dictionary_8,4.5713558290716225,1.1005298624363686,2.4775949666168993,0.09309919473937794,0.8132877984199735,0.4635053974984458,0.6214612411180651,False
am_9db,test,raster_image,17233,dictionary_24,3.9905153772593125,0.9606955799101057,2.1273017912272167,0.09309919473937794,0.7113566316825057,0.5458844661339227,0.6901480573458509,False
am_9db,test,raster_image,17233,dictionary_48,4.3161266118691195,1.039084771351727,2.279593196070816,0.09309919473937794,0.7684733280907418,0.5358942350850356,0.6684138129773433,False
am_9db,test,raster_image,17233,local_pca_8,8.79492409984703,2.1173317001902774,4.789952284663242,0.09309919473937794,1.5574356044469064,0.2719222563799042,0.38087708297307815,False
am_9db,test,raster_image,17233,local_pca_16,4.997868709229132,1.203210594122576,2.8274176392474213,0.09309919473937794,0.8882458643406819,0.42308171688099805,0.5806754465001558,False
am_9db,test,raster_image,17233,local_pca_32,5.373967886442107,1.2937544920900823,3.088287479220035,0.09309919473937794,0.9544013520658803,0.41058882742363556,0.5579521237208956,True
am_9db,test,raster_image,17233,local_dictionary_8,4.4054643934278745,1.0605923721873405,2.4586051568972946,0.09309919473937794,0.7841557519008812,0.5213267847258914,0.6572243860090405,False
am_9db,test,raster_image,17233,local_dictionary_24,3.6188320844934374,0.8712147828878802,1.9953650128836653,0.09309919473937794,0.6462545192698331,0.6380631533793092,0.7490855401407129,False
am_9db,test,raster_image,17336,zero_fill,3.7017340499446805,1.0,2.272649472952298,0.0737809280913052,0.6583973762660903,,0.533109617198916,False
am_9db,test,raster_image,17336,linear,4.7855694802045425,1.2927912744774464,2.9625190662798957,0.0737809280913052,0.8490882543152467,-0.06114627106901968,0.26919141735106616,False
am_9db,test,raster_image,17336,pchip,4.786784365927988,1.2931194681583145,2.9819329486041957,0.0737809280913052,0.8493022310944264,-0.06115562226536197,0.2691311174007619,False
am_9db,test,raster_image,17336,autoregression,4.77328884969779,1.2894737399541503,2.7153082310573993,0.0737809280913052,0.8469252997700658,0.10400788532340306,0.3508635719106204,False
am_9db,test,raster_image,17336,pca_r32_l01,3.9561228847915118,1.0687215319670609,2.0854319215970474,0.0737809280913052,0.7031105146379364,0.7993722039448053,0.8074975607797069,False
am_9db,test,raster_image,17336,pca_r64_l01,3.555350044639814,0.9604552884324431,1.7376961770401016,0.0737809280913052,0.6326844179212388,0.7885270491549208,0.8074887226292287,False
am_9db,test,raster_image,17336,pca_r96_l01,2.144107558653107,0.5792170722489232,1.1945066938573043,0.0737809280913052,0.38592217515824323,0.8868660184387118,0.9008919097956478,False
am_9db,test,raster_image,17336,pca_r64_l001,6.698855466653326,1.8096533614437902,3.2903369016443484,0.0737809280913052,1.1864260531761133,0.6887666620587464,0.6881793296813539,False
am_9db,test,raster_image,17336,pca_r64_l1,1.6102053951842261,0.4349867855061844,1.0176381471472278,0.0737809280913052,0.29376403160800435,0.9168659170859114,0.9385502770557008,False
am_9db,test,raster_image,17336,template_1,1.7644828837209585,0.47666387155698753,1.079467955114567,0.0737809280913052,0.32026123286285146,0.9004357208514148,0.9184974499959203,False
am_9db,test,raster_image,17336,dictionary_8,2.3445342984174045,0.6333610861246074,1.5206201950778795,0.0737809280913052,0.4207728552284043,0.7736889641310131,0.8404496142010767,False
am_9db,test,raster_image,17336,dictionary_24,2.12642525363999,0.574440309581875,1.3833528291530937,0.0737809280913052,0.3828526456569298,0.8207032585343806,0.8737062531906417,False
am_9db,test,raster_image,17336,dictionary_48,1.3341231928944772,0.3604049277701121,0.8464256839007487,0.0737809280913052,0.2467689379554662,0.9505546394512895,0.9619396064145508,False
am_9db,test,raster_image,17336,local_pca_8,5.193447969158062,1.4029770640156265,2.5483402940744364,0.0737809280913052,0.9209481220833378,0.8036612986155109,0.7927491055214996,False
am_9db,test,raster_image,17336,local_pca_16,2.3476856777032595,0.634212411272048,1.293372878438397,0.0737809280913052,0.42132159729621393,0.875570725038498,0.8894211032598499,False
am_9db,test,raster_image,17336,local_pca_32,1.2797793213619864,0.3457242751896538,0.7183432206388433,0.0737809280913052,0.23760441765386217,0.9389512202712987,0.9519864456925368,True
am_9db,test,raster_image,17336,local_dictionary_8,1.6270286360588448,0.4395314774391098,1.0671867653197495,0.0737809280913052,0.2966465999513326,0.8999544097755068,0.9272777770965671,False
am_9db,test,raster_image,17336,local_dictionary_24,2.38983167506061,0.6455978854278643,1.4510784186874435,0.0737809280913052,0.4286624480933922,0.7695415855012093,0.8343715122782165,False
am_9db,test,raster_image,17439,zero_fill,5.582290276607445,1.0,3.4519184436249004,0.07492363355473822,0.989570374094271,,0.35460172108967186,False
am_9db,test,raster_image,17439,linear,5.617630134946837,1.0063307095454144,3.4528051028379165,0.07492363355473822,0.9958003754813136,0.0589742023145957,0.3355178194500171,False
am_9db,test,raster_image,17439,pchip,5.635569197204851,1.0095442762660822,3.4819432723174817,0.07492363355473822,0.9989629036734252,0.05690883381868207,0.3278656930408306,False
am_9db,test,raster_image,17439,autoregression,5.77140594757664,1.033877792375234,3.4661899265535947,0.07492363355473822,1.0229116941441507,-0.10247025282145082,0.2648715224044248,False
am_9db,test,raster_image,17439,pca_r32_l01,5.1986750935276875,0.931279965019502,3.0096577320146696,0.07492363355473822,0.9219585607024574,0.3666706820352788,0.48887977057070514,False
am_9db,test,raster_image,17439,pca_r64_l01,5.497298038990614,0.9847746653424688,3.2022322832655865,0.07492363355473822,0.9745881470893621,0.25275058939149475,0.40154887396853345,False
am_9db,test,raster_image,17439,pca_r96_l01,4.534998508735888,0.8123903064911857,2.626867563953566,0.07492363355473822,0.8050666034375105,0.6008040393852481,0.6625508874201457,False
am_9db,test,raster_image,17439,pca_r64_l001,6.082545151136693,1.0896146294336508,3.5118984832761138,0.07492363355473822,1.077778032464722,0.029319661812961646,0.22695465938378212,False
am_9db,test,raster_image,17439,pca_r64_l1,4.972009474153862,0.890675552109685,2.932723358287049,0.07492363355473822,0.8820235662932309,0.4718915307566843,0.563777526962224,False
am_9db,test,raster_image,17439,template_1,3.742707237649341,0.6704608775600821,2.257610816936861,0.07492363355473822,0.6657204167190126,0.7443328576373729,0.7799844924441545,False
am_9db,test,raster_image,17439,dictionary_8,3.792185342580538,0.6793242835242138,2.2751208719599596,0.07492363355473822,0.6744138600782131,0.8122534922533547,0.8242365287738321,False
am_9db,test,raster_image,17439,dictionary_24,5.1621111431552835,0.9247299741446768,2.987517112397546,0.07492363355473822,0.9155157619325898,0.3856672594921814,0.4999400069054204,False
am_9db,test,raster_image,17439,dictionary_48,5.075900122689029,0.9092863092339641,2.9430650902415687,0.07492363355473822,0.9003260196369646,0.41609228723120895,0.5248006505263636,False
am_9db,test,raster_image,17439,local_pca_8,7.085391763936964,1.2692625092658218,3.8826503266808414,0.07492363355473822,1.2547011163679846,-0.20849008235965358,-0.0013056403109581564,False
am_9db,test,raster_image,17439,local_pca_16,4.801728523170102,0.8601717727384613,2.6736492420813134,0.07492363355473822,0.8520309722774481,0.5104096344768991,0.5933334184073886,False
am_9db,test,raster_image,17439,local_pca_32,4.692036501726489,0.8405217696020647,2.702845303912666,0.07492363355473822,0.8327144357902303,0.5523477407199865,0.6255917534637997,True
am_9db,test,raster_image,17439,local_dictionary_8,4.2866814837452205,0.7679073053059484,2.5646262048187367,0.07492363355473822,0.7613651025440364,0.7108356139089609,0.7387399099177226,False
am_9db,test,raster_image,17439,local_dictionary_24,5.231533840255949,0.9371662133333806,2.8736106214253914,0.07492363355473822,0.9277487267331527,0.3898779521792779,0.49282884804639265,False
am_9db,test,raster_image,17542,zero_fill,3.951501592604492,1.0,2.09982255489029,0.07679035773132449,0.7026104087306201,,0.49900182663363135,False
am_9db,test,raster_image,17542,linear,4.156780176394589,1.0519495131102288,2.5105737210105437,0.07679035773132449,0.7386986226872795,-0.12648570978814092,0.412278455364036,False
am_9db,test,raster_image,17542,pchip,4.0673698855275715,1.0293225980573903,2.393448955888562,0.07679035773132449,0.7229777251917979,-0.08071965576333393,0.4475486820479503,False
am_9db,test,raster_image,17542,autoregression,3.7057910645010854,0.937818441332968,2.122951018733107,0.07679035773132449,0.6594431112686989,0.35746690667531494,0.586009792516299,False
am_9db,test,raster_image,17542,pca_r32_l01,3.850384080877548,0.9744103578456876,2.0283233293119602,0.07679035773132449,0.68484161263141,0.8414651458057105,0.8404164071211824,False
am_9db,test,raster_image,17542,pca_r64_l01,2.978782524579082,0.7538355875027557,1.8375892488484373,0.07679035773132449,0.5319758235517317,0.7945562085626924,0.8232318606161932,False
am_9db,test,raster_image,17542,pca_r96_l01,2.0053479082745795,0.5074900923810145,1.144990820302898,0.07679035773132449,0.3624663675551878,0.8896912305914665,0.9146094299996018,False
am_9db,test,raster_image,17542,pca_r64_l001,3.5226128428030994,0.8914618304585559,2.084229874979626,0.07679035773132449,0.6272858392146922,0.8142105915995383,0.8256441672296133,False
am_9db,test,raster_image,17542,pca_r64_l1,2.7919456488341186,0.7065530870744017,1.6540376741049851,0.07679035773132449,0.49930451743836324,0.7080148231845554,0.7867110911612244,False
am_9db,test,raster_image,17542,template_1,2.6602512741620887,0.6732254085740298,1.5306872115015349,0.07679035773132449,0.47630532394990166,0.7700658289386146,0.8191758653715853,False
am_9db,test,raster_image,17542,dictionary_8,3.4318170415106697,0.8684842865642651,2.0759619712402824,0.07679035773132449,0.611355250055632,0.561043952985813,0.6732642398648616,False
am_9db,test,raster_image,17542,dictionary_24,2.8935127375681753,0.73225650294146,1.7713713757743408,0.07679035773132449,0.517059459006074,0.6821909718313912,0.7687065637144413,False
am_9db,test,raster_image,17542,dictionary_48,2.190022606072283,0.5542254139973172,1.3084209541838387,0.07679035773132449,0.3944536785765885,0.8331058299218834,0.875020209469657,False
am_9db,test,raster_image,17542,local_pca_8,7.9516821028713,2.0123190935196438,3.9381562053962997,0.07679035773132449,1.4077025586414218,0.7903733286413689,0.7621862907790702,False
am_9db,test,raster_image,17542,local_pca_16,2.866232784761844,0.7253528102142731,1.4201566969463721,0.07679035773132449,0.512289283105115,0.709148943612059,0.7886897856589455,False
am_9db,test,raster_image,17542,local_pca_32,2.7758682745197736,0.7024844124357694,1.6590900757417049,0.07679035773132449,0.4964953489126634,0.7203330552316759,0.7905515931620932,True
am_9db,test,raster_image,17542,local_dictionary_8,3.792433111938151,0.9597448015802275,2.2487596822044464,0.07679035773132449,0.6746607582421641,0.5112778703703942,0.62442982231979,False
am_9db,test,raster_image,17542,local_dictionary_24,4.079749195368093,1.032455409610267,2.2977240955708105,0.07679035773132449,0.7251541436860649,0.44371562516625657,0.5708235220302514,False
am_9db,test,raster_image,17645,zero_fill,4.167368818205282,1.0,2.4864256607859847,0.07333220439078714,0.7402210152459294,,0.42569327402060303,False
am_9db,test,raster_image,17645,linear,4.174905564278968,1.0018085142934223,2.54319224807419,0.07333220439078714,0.7415469988660671,-0.016577222566471865,0.42122206299966286,False
am_9db,test,raster_image,17645,pchip,4.178631210901137,1.0027025188283443,2.561221542337673,0.07333220439078714,0.7422024819528334,-0.02660669890723011,0.41913471088150933,False
am_9db,test,raster_image,17645,autoregression,4.316561875456278,1.035800300803529,2.5432201914570647,0.07333220439078714,0.7664735074284165,-0.15281751583667832,0.3466039114003052,False
am_9db,test,raster_image,17645,pca_r32_l01,7.3322106540718766,1.7594340635368972,4.325753928677946,0.07333220439078714,1.2981720207409715,-0.38506374889461475,-0.1813916578467133,False
am_9db,test,raster_image,17645,pca_r64_l01,6.8436911168412315,1.6422091289219114,4.152917245239463,0.07333220439078714,1.2119562450971153,-0.3178581729489206,-0.11043748086185477,False
am_9db,test,raster_image,17645,pca_r96_l01,5.583201712221572,1.3397426423673324,3.3816285873330054,0.07333220439078714,0.9896155714717437,-0.10372777344069423,0.10964414090561998,False
am_9db,test,raster_image,17645,pca_r64_l001,7.654362213899528,1.8367374110160843,4.548273633366385,0.07333220439078714,1.3550365179557669,-0.236216694461114,-0.07947963604806167,False
am_9db,test,raster_image,17645,pca_r64_l1,5.384888812252963,1.292155565576271,3.270697604900718,0.07333220439078714,0.9546552633436635,-0.37065802431905936,-0.006967893904187724,False
am_9db,test,raster_image,17645,template_1,4.350409069572345,1.0439222587085275,2.526133158948315,0.07333220439078714,0.7724305197484289,0.38650723232390877,0.4951515084804982,False
am_9db,test,raster_image,17645,dictionary_8,5.155342534678145,1.2370737411473804,3.128744485046541,0.07333220439078714,0.9141981224700226,-0.15355725021114602,0.12589339974195918,False
am_9db,test,raster_image,17645,dictionary_24,5.626777676357605,1.3501991116737375,3.4443272878038997,0.07333220439078714,0.9972984288407211,-0.3585757251060963,-0.037626047278110884,False
am_9db,test,raster_image,17645,dictionary_48,5.384338394098553,1.2920234874765348,3.266832745082706,0.07333220439078714,0.9545582407648866,-0.24905492985590447,0.04895167048664985,False
am_9db,test,raster_image,17645,local_pca_8,9.632647535117684,2.3114458919587726,5.433222122873335,0.07333220439078714,1.704356591521728,-0.3744271167780216,-0.23304125484978053,False
am_9db,test,raster_image,17645,local_pca_16,5.9840579415278565,1.435931927931675,3.6214173455257272,0.07333220439078714,1.0603014816814453,-0.26103026474202806,-0.01889443932345941,False
am_9db,test,raster_image,17645,local_pca_32,5.584690694013877,1.3400999377873586,3.3690853550953195,0.07333220439078714,0.9898780879171178,-0.18512294411680852,0.06097793593059523,True
am_9db,test,raster_image,17645,local_dictionary_8,5.2331263655895475,1.255738715212455,3.1841564990110998,0.07333220439078714,0.9279062037804124,-0.23841228970201223,0.07542364378681306,False
am_9db,test,raster_image,17645,local_dictionary_24,5.571625050471781,1.336964711674177,3.37195646250467,0.07333220439078714,0.9875745491048677,-0.18743005460079643,0.06089328690955852,False
am_9db,test,raster_image,17748,zero_fill,3.7949596942497346,1.0,2.1859910182901814,0.07303696401466515,0.6747009852164815,,0.5070463242171744,False
am_9db,test,raster_image,17748,linear,4.1693204983038195,1.098646845873312,2.463001916174412,0.07303696401466515,0.7405361182756229,-0.06004538919183773,0.3714283007186353,False
am_9db,test,raster_image,17748,pchip,4.209758666024917,1.109302602713726,2.515750032120401,0.07303696401466515,0.7476512047668593,-0.05320410105518514,0.3616315404609339,False
am_9db,test,raster_image,17748,autoregression,5.519753291505824,1.4544958935583852,2.90849456052114,0.07303696401466515,0.9784081896851679,-0.23167455240552248,0.09507003450904296,False
am_9db,test,raster_image,17748,pca_r32_l01,3.2628310810696113,0.8597801673660923,1.8750759703074615,0.07303696401466515,0.5812549194705999,0.8740803629808769,0.8715393000424803,False
am_9db,test,raster_image,17748,pca_r64_l01,2.9169619952019543,0.7686411003578891,1.8294515442108858,0.07303696401466515,0.5206376385902743,0.8352573867327622,0.8506200275835807,False
am_9db,test,raster_image,17748,pca_r96_l01,2.3018805618515286,0.6065625849305921,1.386869573096157,0.07303696401466515,0.4132198439737002,0.8164730023121597,0.8639447515452252,False
am_9db,test,raster_image,17748,pca_r64_l001,5.607243032759819,1.4775500886758097,3.124360026359578,0.07303696401466515,0.9938331847246863,0.808063782007664,0.7933660467930242,False
am_9db,test,raster_image,17748,pca_r64_l1,2.2620310556123284,0.5960619447526262,1.3830695555487384,0.07303696401466515,0.40628464613962045,0.8604581439772323,0.8858705944791383,False
am_9db,test,raster_image,17748,template_1,4.136364106297104,1.0899625923734257,2.339131385887282,0.07303696401466515,0.7347379286467963,0.016113378872575777,0.39236362750723597,False
am_9db,test,raster_image,17748,dictionary_8,3.6356418753707875,0.9580185741839758,2.156509005474736,0.07303696401466515,0.6467045835289789,0.3589141766207107,0.5688496153631998,False
am_9db,test,raster_image,17748,dictionary_24,2.8481552848266554,0.7505100223178357,1.6932124024573025,0.07303696401466515,0.5085934915275186,0.6762707049096803,0.7701327547366835,False
am_9db,test,raster_image,17748,dictionary_48,2.772474254839147,0.730567510121413,1.6043729405545615,0.07303696401466515,0.4953527731334744,0.7185828104995053,0.7930759716412128,False
am_9db,test,raster_image,17748,local_pca_8,7.488822787267255,1.9733602964517911,3.9050627773851896,0.07303696401466515,1.32579967708856,0.8322808630793329,0.7971993578826234,False
am_9db,test,raster_image,17748,local_pca_16,2.2946313608439195,0.6046523667486722,1.2739462841912963,0.07303696401466515,0.4119579553658693,0.8084315757580036,0.859740481504282,False
am_9db,test,raster_image,17748,local_pca_32,2.028733814709393,0.5345863930474432,1.1289064181475474,0.07303696401466515,0.36576662780180746,0.880994618737326,0.9068266491214543,True
am_9db,test,raster_image,17748,local_dictionary_8,2.975506263101526,0.7840679487611225,1.74160100922312,0.07303696401466515,0.5308896973254918,0.6289267097581369,0.7409695900617207,False
am_9db,test,raster_image,17748,local_dictionary_24,2.774604911678731,0.731128953986762,1.6062699679580912,0.07303696401466515,0.4957254392995243,0.682125095790449,0.7729440363902527,False
am_9db,test,raster_image,17850,zero_fill,4.67232825225073,1.0,2.7727205554290046,0.07509856502191807,0.8292595515974486,,0.4246314443142382,False
am_9db,test,raster_image,17850,linear,5.031327579969716,1.076835211127568,2.9061716232220753,0.07509856502191807,0.8924875847435289,-0.025829226879786997,0.2995254526718724,False
am_9db,test,raster_image,17850,pchip,5.13540862320877,1.0991112665799898,2.959251771963913,0.07509856502191807,0.9108247525568154,-0.03426486981173852,0.2761927004274901,False
am_9db,test,raster_image,17850,autoregression,3.7989869502421714,0.8130822033773297,2.169546608702304,0.07509856502191807,0.6756278440418679,0.6358174365580639,0.7024304622877281,False
am_9db,test,raster_image,17850,pca_r32_l01,6.4062634764442885,1.3711073217850858,3.421184489789332,0.07509856502191807,1.1348877334088898,0.08026219708562206,0.2243836824397638,False
am_9db,test,raster_image,17850,pca_r64_l01,6.152642649912133,1.3168258559206139,3.272036095189673,0.07509856502191807,1.0901525868834356,-0.19185116288202095,0.06734924961323989,False
am_9db,test,raster_image,17850,pca_r96_l01,5.46632025653561,1.1699349791835372,2.9061531987844327,0.07509856502191807,0.9691409013839658,0.2628660120545781,0.38837111870994734,False
am_9db,test,raster_image,17850,pca_r64_l001,7.690018641207183,1.645864379820229,4.054451166166599,0.07509856502191807,1.3614241202991364,-0.5002277686152834,-0.23694841987998702,False
am_9db,test,raster_image,17850,pca_r64_l1,4.378742549509937,0.9371650092008479,2.3934648675401493,0.07509856502191807,0.7775807824473863,0.372194770126864,0.5286197850803389,False
am_9db,test,raster_image,17850,template_1,4.455355156515871,0.9535621035122395,2.3923870412651365,0.07509856502191807,0.7910638248430766,0.41997861076468457,0.5400350136255011,False
am_9db,test,raster_image,17850,dictionary_8,5.271989839631454,1.1283432060005325,2.9383121769586484,0.07509856502191807,0.934891546144795,0.16532578337919204,0.3400218298877261,False
am_9db,test,raster_image,17850,dictionary_24,4.4524712609568144,0.9529448747125147,2.554990415248819,0.07509856502191807,0.790556251124905,0.3313065161577507,0.5048752330583853,False
am_9db,test,raster_image,17850,dictionary_48,4.717633880139554,1.0096965849663924,2.7099770460132184,0.07509856502191807,0.8372369559964691,0.2456108665793458,0.4348956857417144,False
am_9db,test,raster_image,17850,local_pca_8,11.772045745539375,2.5195245517839218,5.940348161462529,0.07509856502191807,2.0823356377484403,-0.4991309393300492,-0.3502942633892267,False
am_9db,test,raster_image,17850,local_pca_16,6.155481859975136,1.3174335208597447,3.288250741042466,0.07509856502191807,1.0906533385573565,0.18761079390888033,0.30977261797404854,False
am_9db,test,raster_image,17850,local_pca_32,4.7802692007404834,1.0231021757595384,2.604370976542869,0.07509856502191807,0.8482667486569847,0.3094032134155747,0.456890377557124,True
am_9db,test,raster_image,17850,local_dictionary_8,5.376034413348088,1.1506114560248142,2.9646653379149095,0.07509856502191807,0.9532277344964221,0.2097620420017223,0.35896834028968555,False
am_9db,test,raster_image,17850,local_dictionary_24,3.9844048084289034,0.852766456746603,2.2954932377780968,0.07509856502191807,0.7082177301585618,0.5569460483093264,0.6447603374498692,False
am_9db,test,raster_image,17953,zero_fill,3.5838725649885346,1.0,2.0446635385140794,0.07221724530423619,0.6375200440029513,,0.4682255297112849,False
am_9db,test,raster_image,17953,linear,3.592336332101454,1.0023616261347021,2.107883118007104,0.07221724530423619,0.6390069338687625,-0.01736419821793567,0.46318966185119287,False
am_9db,test,raster_image,17953,pchip,3.5940590028689767,1.0028422991319377,2.110992244383769,0.07221724530423619,0.6393095729526024,-0.02510455217542331,0.4622473797451875,False
am_9db,test,raster_image,17953,autoregression,3.5308712653710703,0.985211165113614,1.983514026252153,0.07221724530423619,0.62820993551923,0.19580062333360584,0.49447155173073876,False
am_9db,test,raster_image,17953,pca_r32_l01,4.270140769842036,1.1914878926102934,2.3317591904668147,0.07221724530423619,0.7582005308699348,0.16587368562853858,0.35234252067242994,False
am_9db,test,raster_image,17953,pca_r64_l01,4.2468157502181265,1.1849795642027001,2.4459150168558006,0.07221724530423619,0.7540954693870011,0.2969189555165101,0.43207586934433767,False
am_9db,test,raster_image,17953,pca_r96_l01,3.696157372424236,1.0313305803706947,2.0363584385776203,0.07221724530423619,0.6572493478464179,0.47807919593585385,0.5753761400558879,False
am_9db,test,raster_image,17953,pca_r64_l001,5.343124898714394,1.4908802703846942,3.0587135507346463,0.07221724530423619,0.9472106901542715,0.1604673347668134,0.29019405110995394,False
am_9db,test,raster_image,17953,pca_r64_l1,3.539987245253077,0.9877547767283411,1.857825330962784,0.07221724530423619,0.6298111061722635,0.2864457845121407,0.49694157108114156,False
am_9db,test,raster_image,17953,template_1,3.0676399023815577,0.8559567469976075,1.7784899861203272,0.07221724530423619,0.546925778122099,0.5239269734997499,0.6498968342611442,False
am_9db,test,raster_image,17953,dictionary_8,2.910490642051265,0.8121077380050694,1.4950126281558935,0.07221724530423619,0.5193936074755614,0.5861933753313653,0.6919067828900458,False
am_9db,test,raster_image,17953,dictionary_24,3.266646854600995,0.9114852147683564,1.650504369956407,0.07221724530423619,0.5818251702287239,0.44779760816976194,0.594399304700581,False
am_9db,test,raster_image,17953,dictionary_48,2.8866453971048394,0.8054542522814492,1.4908850159766271,0.07221724530423619,0.5152183061190498,0.6001905916423519,0.6986794664654128,False
am_9db,test,raster_image,17953,local_pca_8,4.757979763938611,1.3276085233666315,2.7088446298910185,0.07221724530423619,0.8440980148979408,0.17392195516806894,0.3248734052737328,False
am_9db,test,raster_image,17953,local_pca_16,4.352760553937759,1.2145411074212356,2.3437084830599737,0.07221724530423619,0.7727426739788577,0.28770209555905596,0.42043394586819,False
am_9db,test,raster_image,17953,local_pca_32,3.815455545141445,1.0646180844752362,2.0606550924685916,0.07221724530423619,0.6782186286296694,0.4115775186920212,0.5278657842978312,True
am_9db,test,raster_image,17953,local_dictionary_8,3.0949654134557703,0.863581323647224,1.6395409264876704,0.07221724530423619,0.5517156807571595,0.5235848657055626,0.6449605907782203,False
am_9db,test,raster_image,17953,local_dictionary_24,3.0034601284657123,0.8380488072614605,1.6051970323482467,0.07221724530423619,0.5356785413549859,0.5712416535948753,0.6737372849229872,False
am_9db,test,raster_image,18056,zero_fill,4.353803012498485,1.0,2.534864796994535,0.07227716414766609,0.7729316009885465,,0.41932134727287956,False
am_9db,test,raster_image,18056,linear,4.377973415094297,1.0055515609058163,2.594417351657149,0.07227716414766609,0.7771863287173825,0.014435864571996698,0.40595707144470694,False
am_9db,test,raster_image,18056,pchip,4.359538819870809,1.0013174246413672,2.5982991948362324,0.07227716414766609,0.7739412599669357,0.03867720094785792,0.41488754432325425,False
am_9db,test,raster_image,18056,autoregression,5.471931754401145,1.2568165667332312,3.0001915435902613,0.07227716414766609,0.9699223674958102,-0.2948889904266115,0.0460403749518145,False
am_9db,test,raster_image,18056,pca_r32_l01,3.1010483013779147,0.7122619678648113,1.8266404947555008,0.07227716414766609,0.5527896358938492,0.8025324555329331,0.8133115749418337,False
am_9db,test,raster_image,18056,pca_r64_l01,3.0141481531101673,0.6923023720773394,1.6943322293533378,0.07227716414766609,0.5375590877717399,0.7481968680298127,0.7947028497656102,False
am_9db,test,raster_image,18056,pca_r96_l01,3.9625320667324684,0.9101312244392332,2.284791911124625,0.07227716414766609,0.7040863765826512,0.4573820362905856,0.5732749617325872,False
am_9db,test,raster_image,18056,pca_r64_l001,2.8737877650021675,0.660063800946522,1.6417064926678093,0.07227716414766609,0.5129753819766306,0.7533371248741073,0.8008849873327495,False
am_9db,test,raster_image,18056,pca_r64_l1,3.6088279467054263,0.8288909572494542,2.0856831587227584,0.07227716414766609,0.641910789924703,0.6113263351569811,0.6827051914440861,False
am_9db,test,raster_image,18056,template_1,6.695933442556554,1.5379504822185348,3.662761119580903,0.07227716414766609,1.1858207641403031,-0.2761592511049926,-0.06086312247215548,False
am_9db,test,raster_image,18056,dictionary_8,3.746497977956823,0.860511595770808,2.0371351324841194,0.07227716414766609,0.6661031906968472,0.5127909594210779,0.6262996659298228,False
am_9db,test,raster_image,18056,dictionary_24,3.5767152680326944,0.8215151805823551,1.970116203855576,0.07227716414766609,0.636269296140407,0.5764703914769524,0.6700306185706332,False
am_9db,test,raster_image,18056,dictionary_48,3.305838412392838,0.7592990318814955,1.895809808752674,0.07227716414766609,0.5887091612966163,0.727308912494451,0.7623712441799081,False
am_9db,test,raster_image,18056,local_pca_8,3.9873477158026898,0.9158309883006167,2.1463394292325324,0.07227716414766609,0.7084508947540714,0.45118781122419266,0.5679380217306615,False
am_9db,test,raster_image,18056,local_pca_16,3.3148797291499945,0.761375679982294,1.8483323746003628,0.07227716414766609,0.5902957749325658,0.649336375922157,0.7223822631057333,False
am_9db,test,raster_image,18056,local_pca_32,3.040319264780368,0.6983134643557616,1.644713395427463,0.07227716414766609,0.5421451856389787,0.7449511348936487,0.7916492125521883,True
am_9db,test,raster_image,18056,local_dictionary_8,3.14542194494503,0.7224538951154774,1.781001012389558,0.07227716414766609,0.5605695444678304,0.7295080429115898,0.7775046349606229,False
am_9db,test,raster_image,18056,local_dictionary_24,2.9563078310519413,0.6790173608142704,1.711161965384195,0.07227716414766609,0.5274259318293283,0.7350654581850614,0.7865016775937236,False
am_9db,test,raster_image,18159,zero_fill,5.497085746106985,1.0,3.1557537249856304,0.07087495027539299,0.9742572926966808,,0.336795197370854,False
am_9db,test,raster_image,18159,linear,5.728117713349322,1.042028081407672,3.2788553143508192,0.07087495027539299,1.0149977455926162,-0.007436082870391189,0.24398903892561205,False
am_9db,test,raster_image,18159,pchip,5.815034299560106,1.0578394749760436,3.328621817087517,0.07087495027539299,1.0303267825205569,-0.020726278246088158,0.22091220416021545,False
am_9db,test,raster_image,18159,autoregression,5.623076404240992,1.0229195366332484,3.0924943296080354,0.07087495027539299,0.9964736145497738,-0.10706114606667382,0.26954398723673045,False
am_9db,test,raster_image,18159,pca_r32_l01,4.730269160350115,0.8605048891042082,2.559404987352307,0.07087495027539299,0.8391060597674787,0.5210685231794836,0.5939961225306969,False
am_9db,test,raster_image,18159,pca_r64_l01,5.105598705023823,0.9287828025312481,2.694975632770187,0.07087495027539299,0.9052427014448539,0.37130121678268585,0.4826223498990662,False
am_9db,test,raster_image,18159,pca_r96_l01,5.231968266937333,0.9517712672833223,2.828011076614797,0.07087495027539299,0.9275170645686248,0.36542799670885795,0.463341191289272,False
am_9db,test,raster_image,18159,pca_r64_l001,5.4841233059635055,0.9976419432509926,2.8347045065824514,0.07087495027539299,0.9719717307309664,0.2231820639037219,0.3662530728833423,False
am_9db,test,raster_image,18159,pca_r64_l1,4.809405335814327,0.8749009125826952,2.6216842170922243,0.07087495027539299,0.853047857318686,0.5305815586248122,0.5916368669958242,False
am_9db,test,raster_image,18159,template_1,5.428214425458081,0.9874713031904807,2.9665266338777094,0.07087495027539299,0.9621140925168374,0.23873455745475755,0.38093881117429435,False
am_9db,test,raster_image,18159,dictionary_8,4.283580478639843,0.7792457088146129,2.4110259142149753,0.07087495027539299,0.7604435944905995,0.7939327159280395,0.7644128843090479,False
am_9db,test,raster_image,18159,dictionary_24,4.493223328776782,0.817382798141518,2.4863164322138953,0.07087495027539299,0.797354549787464,0.732626033410365,0.7117165373220474,False
am_9db,test,raster_image,18159,dictionary_48,4.390315357546783,0.7986623386138714,2.420399751103167,0.07087495027539299,0.7792341984799854,0.7420019477400724,0.7306544651614033,False
am_9db,test,raster_image,18159,local_pca_8,6.491589060858862,1.1809146447199192,3.2777809195412124,0.07087495027539299,1.1496799765442223,-0.09496993937317781,0.09012715020719911,False
am_9db,test,raster_image,18159,local_pca_16,5.632250518576752,1.024588441714865,2.8689766003856016,0.07087495027539299,0.9980914117686193,0.25238014356724014,0.36681723257692056,False
am_9db,test,raster_image,18159,local_pca_32,4.860494596446254,0.884194793557375,2.610688170776152,0.07087495027539299,0.8620493159101302,0.4755397240588015,0.5595433518796508,True
am_9db,test,raster_image,18159,local_dictionary_8,4.251915005441716,0.7734852978149205,2.3384530618717787,0.07087495027539299,0.7548696540912947,0.7228856013428406,0.7385509422667849,False
am_9db,test,raster_image,18159,local_dictionary_24,5.4471270961521725,0.9909117935825917,3.056664839488451,0.07087495027539299,0.9654486427548191,0.17597964781660846,0.35908145287136045,False
am_9db,test,raster_image,18262,zero_fill,2.431083313239671,1.0,1.405224941310173,0.075094301973007,0.43606836676451843,,0.6661912187288537,False
am_9db,test,raster_image,18262,linear,2.575664836670309,1.0594720561994924,1.4209149006714066,0.075094301973007,0.46127754425593315,0.0860016701836439,0.608776450280913,False
am_9db,test,raster_image,18262,pchip,2.5984950211190303,1.0688630072723693,1.4191092679643789,0.075094301973007,0.4652616923112195,0.11063182471537446,0.6026776070455504,False
am_9db,test,raster_image,18262,autoregression,2.042599945845052,0.8402015409019756,1.3048033179864973,0.075094301973007,0.36857107178515364,0.5445675851268805,0.7785650638259713,False
am_9db,test,raster_image,18262,pca_r32_l01,4.161485030034894,1.7117821538124427,2.33796557843987,0.075094301973007,0.7393572258019487,0.16176683416978788,0.40323151101475246,False
am_9db,test,raster_image,18262,pca_r64_l01,4.319479698508922,1.7767715631072991,2.165930422318395,0.075094301973007,0.7671521737423567,-0.0166767815992991,0.3023059742248887,False
am_9db,test,raster_image,18262,pca_r96_l01,2.414969842633979,0.9933718969983718,1.452512694951626,0.075094301973007,0.4332613645611617,0.49974062832604993,0.702419241279476,False
am_9db,test,raster_image,18262,pca_r64_l001,6.878644473920348,2.8294564963937163,3.382906423243824,0.075094301973007,1.218228267537125,-0.1691144663313055,0.07853288099986074,False
am_9db,test,raster_image,18262,pca_r64_l1,1.9770390723346578,0.8132337800056912,1.1236235954438065,0.075094301973007,0.3572244249676548,0.5846383438849413,0.7892879174332196,False
am_9db,test,raster_image,18262,template_1,2.2529107424783805,0.9267106274017992,1.2906329144731015,0.075094301973007,0.4050625180692673,0.7193864417184234,0.7952309166801732,False
am_9db,test,raster_image,18262,dictionary_8,2.3795212801629355,0.9787905117048318,1.3970239556034132,0.075094301973007,0.427088080150097,0.4727619205032463,0.6999547219188784,False
am_9db,test,raster_image,18262,dictionary_24,2.490887371090745,1.0245997566292282,1.4040704553050132,0.075094301973007,0.4464909599908131,0.393580674675181,0.6646758389658928,False
am_9db,test,raster_image,18262,dictionary_48,2.4433195485723957,1.005033243931249,1.350146970743391,0.075094301973007,0.43820030366721363,0.40470108617144185,0.6749006602733576,False
am_9db,test,raster_image,18262,local_pca_8,8.628912691001112,3.549410521641971,4.223906411007643,0.075094301973007,1.5271802857796992,-0.13811516104756982,0.053784531792945484,False
am_9db,test,raster_image,18262,local_pca_16,2.2150909504193845,0.9111538622950547,1.3184877090096143,0.075094301973007,0.3984909698821237,0.6060766716680726,0.7565072765770782,False
am_9db,test,raster_image,18262,local_pca_32,1.8396633103063111,0.7567257363363531,1.1416644580629256,0.075094301973007,0.33350294578629575,0.6962344783547298,0.8219396480413822,True
am_9db,test,raster_image,18262,local_dictionary_8,3.0434228372595746,1.2518792838917139,1.7605386689655511,0.075094301973007,0.5430595140672407,0.31333436360760153,0.5679499542988796,False
am_9db,test,raster_image,18262,local_dictionary_24,3.174623022581219,1.3058470704365552,1.7265205737374938,0.075094301973007,0.5660456340745617,0.1981546796287526,0.5110436968274733,False
am_9db,test,raster_image,18365,zero_fill,2.231837513489164,1.0,1.376455454342378,0.07127355551931391,0.40072497574025134,,0.6885515632284569,False
am_9db,test,raster_image,18365,linear,2.7367912203859914,1.2262502103512918,1.8325010825785741,0.07127355551931391,0.4888603997816359,-0.20451928012679207,0.5071753351742505,False
am_9db,test,raster_image,18365,pchip,2.5504224370759743,1.1427455724985764,1.6988662742212488,0.07127355551931391,0.45628020854609785,-0.15919703211559744,0.568057100255182,False
am_9db,test,raster_image,18365,autoregression,3.884207694751377,1.7403631184059472,2.367946296702142,0.07127355551931391,0.6902116280345904,-0.4392826677792157,0.18199467919839388,False
am_9db,test,raster_image,18365,pca_r32_l01,5.467975741345908,2.449988275713449,3.3662168194136246,0.07127355551931391,0.9691529197441354,-0.2452860842948023,0.10275900473990024,False
am_9db,test,raster_image,18365,pca_r64_l01,5.882011926301605,2.635501863711353,3.4918912608333548,0.07127355551931391,1.0421663406751824,-0.07168932737801112,0.18109497753651463,False
am_9db,test,raster_image,18365,pca_r96_l01,3.6815252590915097,1.6495489644028623,2.3135637543828107,0.07127355551931391,0.6545777681198419,0.33839880427947344,0.5233747720058742,False
am_9db,test,raster_image,18365,pca_r64_l001,7.3827265398744055,3.3079139925077032,4.23072801172995,0.07127355551931391,1.3069780109303342,-0.17968441644150124,0.06208436023030856,False
am_9db,test,raster_image,18365,pca_r64_l1,3.597671217636073,1.611977214242456,2.168138992105621,0.07127355551931391,0.639841672344962,0.06814562838469765,0.40761029289832124,False
am_9db,test,raster_image,18365,template_1,1.5645653169320248,0.7010211574435126,0.7824193111570119,0.07127355551931391,0.28533654154753785,0.8278894848689252,0.8779273736381451,False
am_9db,test,raster_image,18365,dictionary_8,1.8329511051368836,0.8212744404817008,1.03354947950721,0.07127355551931391,0.33152994138114006,0.6552249419188082,0.805743854312654,False
am_9db,test,raster_image,18365,dictionary_24,1.6803333532378664,0.7528923333719315,0.9262514513332261,0.07127355551931391,0.30521496979643903,0.6971758087128855,0.8335129944366464,False
am_9db,test,raster_image,18365,dictionary_48,1.7263637823051763,0.7735167868946916,0.997049176241844,0.07127355551931391,0.3131398160198542,0.6695064634450968,0.8228779473906802,False
am_9db,test,raster_image,18365,local_pca_8,9.076347840146719,4.06676014059694,4.985985271682603,0.07127355551931391,1.6060196101945574,-0.3178651306912249,-0.06815763440548933,False
am_9db,test,raster_image,18365,local_pca_16,3.5092800183452897,1.5723725392799872,2.105144370465114,0.07127355551931391,0.6243127160717622,0.3072619510373546,0.5204696635041222,False
am_9db,test,raster_image,18365,local_pca_32,3.2485678451470084,1.455557506096548,1.9720085040258566,0.07127355551931391,0.5785399336835569,0.3274522274462275,0.5504590553966744,True
am_9db,test,raster_image,18365,local_dictionary_8,1.7801979385407012,0.7976377884954591,1.0444669699488331,0.07127355551931391,0.32242160925137425,0.6426639106683752,0.8109464656400269,False
am_9db,test,raster_image,18365,local_dictionary_24,1.965053360678005,0.8804643477857491,1.0977067666951497,0.07127355551931391,0.354388214988134,0.5911209841264513,0.7748653491026182,False
am_9db,test,raster_image,18467,zero_fill,2.8656164737207828,1.0,1.7053095900472446,0.07310118597817533,0.5116583045473873,,0.5959777041758979,False
am_9db,test,raster_image,18467,linear,3.121458194009618,1.0892798190668707,1.9014564451133877,0.07310118597817533,0.5564721057161041,-0.08974702880346504,0.49104836349664777,False
am_9db,test,raster_image,18467,pchip,2.9967430027601516,1.0457585759440833,1.8563217790088504,0.07310118597817533,0.5346180268929696,-0.05071242006230424,0.5392588936428769,False
am_9db,test,raster_image,18467,autoregression,4.574067001906637,1.5961895263561081,2.6033373065126804,0.07310118597817533,0.8117832650842115,-0.5259546399773812,0.042238717627122294,False
am_9db,test,raster_image,18467,pca_r32_l01,3.0570470480315737,1.0668025802009133,1.516803172535096,0.07310118597817533,0.5451832816531875,0.5227359229092637,0.6563928866156903,False
am_9db,test,raster_image,18467,pca_r64_l01,3.360248674978131,1.172609351528157,1.6863035506609874,0.07310118597817533,0.5983552572162443,0.5358520231464723,0.6455882008394747,False
am_9db,test,raster_image,18467,pca_r96_l01,1.8357331379303394,0.6406067088059348,0.9815806623390769,0.07310118597817533,0.33239535189803815,0.7911816132752132,0.8563737099203846,False
am_9db,test,raster_image,18467,pca_r64_l001,5.581657943703393,1.9478035511346843,2.7363162395235934,0.07310118597817533,0.9893268337239637,0.3585615450341645,0.4533806761715783,False
am_9db,test,raster_image,18467,pca_r64_l1,1.6479848077884276,0.5750891031306244,0.987077680170642,0.07310118597817533,0.30007869862730124,0.8463103267137516,0.8982328899496325,False
am_9db,test,raster_image,18467,template_1,4.516490620207164,1.5760973813578227,2.6330306322362125,0.07310118597817533,0.8016456668853371,0.38241574998557787,0.5034256397012054,False
am_9db,test,raster_image,18467,dictionary_8,1.6991297363513311,0.5929368957546304,1.0407619447793914,0.07310118597817533,0.30886380220936543,0.81359628579107,0.8742874260572062,False
am_9db,test,raster_image,18467,dictionary_24,1.5205866443859564,0.5306315964926009,0.9534299876282997,0.07310118597817533,0.27826701588912495,0.8549225062838032,0.8993595008693884,False
am_9db,test,raster_image,18467,dictionary_48,1.281556994037608,0.4472186022763907,0.8115822786707453,0.07310118597817533,0.2377002848981122,0.8942272944385743,0.9288740360545589,False
am_9db,test,raster_image,18467,local_pca_8,5.3981508568861,1.8837659911540836,2.507223162663461,0.07310118597817533,0.9569758676234021,0.23997031782995726,0.3798681296608806,False
am_9db,test,raster_image,18467,local_pca_16,1.7137227869478295,0.5980293604058927,0.8739402768385137,0.07310118597817533,0.31137312201551925,0.8118373053226546,0.8725308457596285,False
am_9db,test,raster_image,18467,local_pca_32,1.3748001642378287,0.4797572099565565,0.7223735784289015,0.07310118597817533,0.25345936414457115,0.8768844558252891,0.9182344882033652,True
am_9db,test,raster_image,18467,local_dictionary_8,1.6321202260180443,0.5695529185379303,0.9615037299077347,0.07310118597817533,0.2973567784093231,0.8288146030737736,0.8839315984558045,False
am_9db,test,raster_image,18467,local_dictionary_24,1.341513132278108,0.4681411991382979,0.8495201323959829,0.07310118597817533,0.24782269173295232,0.8861419608526491,0.9205799297571537,False
am_9db,test,raster_image,18570,zero_fill,4.106919574601238,1.0,2.4593361438601056,0.07421226620405287,0.7296728647644135,,0.4485485624519134,False
am_9db,test,raster_image,18570,linear,4.180772728840558,1.0179826151688132,2.6072477909942973,0.07421226620405287,0.7426639525284616,0.03080676183115071,0.4110153982485356,False
am_9db,test,raster_image,18570,pchip,4.215884105882849,1.0265319369669397,2.664572785524084,0.07421226620405287,0.7488409808736308,0.036224327169799626,0.3972909744203497,False
am_9db,test,raster_image,18570,autoregression,4.329765274326343,1.0542610332822848,2.5687369434907605,0.07421226620405287,0.7688790258566293,-0.29202511446801827,0.3372795865274359,False
am_9db,test,raster_image,18570,pca_r32_l01,1.986756131393544,0.48375822689112397,0.9948582177363738,0.07421226620405287,0.35872740345818377,0.8924285592833789,0.9129165472617531,False
am_9db,test,raster_image,18570,pca_r64_l01,1.709129233850684,0.41615843768175864,0.9818168974995805,0.07421226620405287,0.31083828251763423,0.9523770220417834,0.9565094076336635,False
am_9db,test,raster_image,18570,pca_r96_l01,3.549695180233983,0.8643205974099557,1.9950172993847632,0.07421226620405287,0.6317403329960257,0.5030837724132069,0.6330219044672416,False
am_9db,test,raster_image,18570,pca_r64_l001,0.6726196415875075,0.16377716421505908,0.4246133686137251,0.07421226620405287,0.13954708617957198,0.9902850998910246,0.9899493254784587,False
am_9db,test,raster_image,18570,pca_r64_l1,3.178109643028396,0.7738426782650047,1.7989805295587926,0.07421226620405287,0.5665441337955128,0.6975774655106743,0.7524881400548222,False
am_9db,test,raster_image,18570,template_1,3.543272739735889,0.8627567877512974,1.6252818234967767,0.07421226620405287,0.6306126233241581,0.5214122273928953,0.6355862836879499,False
am_9db,test,raster_image,18570,dictionary_8,2.1658664253680078,0.527370060705,1.092854275927205,0.07421226620405287,0.3897799317662215,0.8825241759584836,0.9031784192411928,False
am_9db,test,raster_image,18570,dictionary_24,2.621598911854339,0.6383370465950464,1.3980817683082463,0.07421226620405287,0.4691585595758522,0.8155712493152552,0.8484193194772353,False
am_9db,test,raster_image,18570,dictionary_48,2.7467991650299273,0.6688222438094927,1.4512746338419336,0.07421226620405287,0.49103325139185083,0.7867102457386995,0.8268819094465091,False
am_9db,test,raster_image,18570,local_pca_8,1.537688498695778,0.37441407623500395,0.800976948413349,0.07421226620405287,0.28147031332865796,0.9543247029491378,0.953165212617492,False
am_9db,test,raster_image,18570,local_pca_16,3.6932259872420405,0.8992691286389836,1.8654375587129555,0.07421226620405287,0.656949614386192,0.45115355074519586,0.5923414996747074,False
am_9db,test,raster_image,18570,local_pca_32,3.3324424108990938,0.8114213951274314,1.7912102762488797,0.07421226620405287,0.593609291118439,0.5854843727147125,0.6875267571391194,True
am_9db,test,raster_image,18570,local_dictionary_8,2.691122880202883,0.6552655418055461,1.2939589914532683,0.07421226620405287,0.48130271238784966,0.7559145527775929,0.8084476620959717,False
am_9db,test,raster_image,18570,local_dictionary_24,1.8449806099810537,0.44923709278144125,0.8949784069466056,0.07421226620405287,0.3342288103472043,0.9066272107592142,0.924246098928446,False
am_9db,test,raster_image,18673,zero_fill,6.01325480190377,1.0,3.218962597812683,0.0797522710082452,1.0658976041240855,,0.35576825965872394,False
am_9db,test,raster_image,18673,linear,6.015971063340352,1.0004517123464853,3.210883926797848,0.0797522710082452,1.066376472593178,0.04731178883323178,0.3542565043913952,False
am_9db,test,raster_image,18673,pchip,6.014647245217129,1.000231562333417,3.2109664322375395,0.0797522710082452,1.0661430874163031,0.05863617974134913,0.3548648644140263,False
am_9db,test,raster_image,18673,autoregression,6.2566692584273484,1.040479651127791,3.483582909833645,0.0797522710082452,1.1088152936807427,0.08380199419823256,0.28993722649381104,False
am_9db,test,raster_image,18673,pca_r32_l01,4.028160444646631,0.669880219173705,2.340810275417251,0.0797522710082452,0.7163983209097937,0.8007463214418846,0.8176859200497475,False
am_9db,test,raster_image,18673,pca_r64_l01,3.051363594903006,0.5074395972605314,1.933399810486981,0.0797522710082452,0.5450915334533145,0.8618001490413162,0.8780163083775736,False
am_9db,test,raster_image,18673,pca_r96_l01,2.6635965869624747,0.44295421942193297,1.6217295594643912,0.0797522710082452,0.4773599252902067,0.9163907208289223,0.9261376616618665,False
am_9db,test,raster_image,18673,pca_r64_l001,3.0494796748352657,0.5071263026921483,1.8619394101325208,0.0797522710082452,0.5447619736492015,0.884609413705377,0.8931846944469667,False
am_9db,test,raster_image,18673,pca_r64_l1,3.8835485318587177,0.645831360851232,2.2044084441319924,0.0797522710082452,0.690993902966095,0.8665868631004657,0.8652122879360648,False
am_9db,test,raster_image,18673,template_1,6.043830238364484,1.0050846733537775,3.3760165916608487,0.0797522710082452,1.0712880261166497,0.30557999607158504,0.4170571734520528,False
am_9db,test,raster_image,18673,dictionary_8,4.415843223306128,0.7343515897427283,2.4104667312402057,0.0797522710082452,0.7845549004746021,0.7401059688759297,0.7676526799417105,False
am_9db,test,raster_image,18673,dictionary_24,4.713382323292373,0.7838321306125489,2.5090632009758442,0.0797522710082452,0.8369054996717287,0.6807650584542262,0.7177254211296782,False
am_9db,test,raster_image,18673,dictionary_48,3.7864202478521998,0.6296789962489925,1.943050981854189,0.0797522710082452,0.673937855536521,0.8730902196629661,0.8733537891777142,False
am_9db,test,raster_image,18673,local_pca_8,9.433996946511911,1.5688669875630663,4.734233000025249,0.0797522710082452,1.6695571227261157,0.6567530110927448,0.6616098669506192,False
am_9db,test,raster_image,18673,local_pca_16,2.325598080105043,0.38674530794350653,1.3501254698044942,0.0797522710082452,0.4185383643126551,0.9452051363719418,0.9508725773052615,False
am_9db,test,raster_image,18673,local_pca_32,2.767731568129928,0.46027179278245056,1.645987140964651,0.0797522710082452,0.4955272192285171,0.9051336044771946,0.9165683065924024,True
am_9db,test,raster_image,18673,local_dictionary_8,4.280535934557443,0.7118500837852813,2.1403334198506467,0.0797522710082452,0.7607595105735148,0.7379137352250439,0.7721460867675384,False
am_9db,test,raster_image,18673,local_dictionary_24,3.434504284828069,0.5711556217010328,1.76937529359306,0.0797522710082452,0.6121936185034345,0.8631244490613215,0.8776716924167005,False
am_9db,test,raster_image,18776,zero_fill,4.543202192957336,1.0,2.646372808526645,0.07217886858797906,0.8062682096254131,,0.4276101533904149,False
am_9db,test,raster_image,18776,linear,4.5754912504431,1.0071071143467523,2.7132474152516286,0.07217886858797906,0.8119541174704551,-0.14899633970247203,0.4118998711100054,False
am_9db,test,raster_image,18776,pchip,4.565012420609167,1.0048006288792606,2.7122770821625526,0.07217886858797906,0.8101088248945676,-0.09346479665215693,0.4169506934419501,False
am_9db,test,raster_image,18776,autoregression,4.639424739746453,1.021179455085287,2.6458825915467115,0.07217886858797906,0.823213318666578,0.1704844910493423,0.3977916317792767,False
am_9db,test,raster_image,18776,pca_r32_l01,9.211345290818658,2.027500626121739,5.358475133528985,0.07217886858797906,1.62990016496292,-0.3391797451297108,-0.1770135393561187,False
am_9db,test,raster_image,18776,pca_r64_l01,8.71041793901957,1.9172419736286577,5.195421472602935,0.07217886858797906,1.5414368716150824,-0.01597344523565098,0.0922927884109744,False
am_9db,test,raster_image,18776,pca_r96_l01,6.352707089330806,1.3982884361119745,3.633096956196903,0.07217886858797906,1.1252553991209029,0.07069650747083032,0.2165371480154954,False
am_9db,test,raster_image,18776,pca_r64_l001,10.58923612121504,2.3307868924764095,6.263443643924233,0.07217886858797906,1.8732777514629535,-0.07957806011716455,0.015556609438839021,False
am_9db,test,raster_image,18776,pca_r64_l1,5.909793813992666,1.3007992079141353,3.5453663934825608,0.07217886858797906,1.0471265203089095,-0.05492218750750803,0.15753088553711686,False
am_9db,test,raster_image,18776,template_1,5.806078113625309,1.277970441779066,3.3817963989093744,0.07217886858797906,1.0288349983523337,0.12361277760889307,0.2764451361217992,False
am_9db,test,raster_image,18776,dictionary_8,4.79813330556126,1.0561126495754705,2.769142473474581,0.07217886858797906,0.8511680701968856,0.22109379071016577,0.402598796216458,False
am_9db,test,raster_image,18776,dictionary_24,4.437058535544344,0.9766368185027003,2.5310605839276676,0.07217886858797906,0.7875792005616955,0.36082382336241103,0.5044794411605069,False
am_9db,test,raster_image,18776,dictionary_48,4.537481850254475,0.9987409006995708,2.572689205434005,0.07217886858797906,0.8052609243782927,0.3389685364556281,0.48468239124937684,False
am_9db,test,raster_image,18776,local_pca_8,13.805701450712785,3.038760078103887,7.687006448964668,0.07217886858797906,2.44156005460266,-0.21942621625545503,-0.1295500994258627,False
am_9db,test,raster_image,18776,local_pca_16,6.600337912548309,1.452794225795156,3.6586348336082857,0.07217886858797906,1.1689466949594574,0.08988162096989534,0.2217741200547473,False
am_9db,test,raster_image,18776,local_pca_32,6.0373072095211056,1.32886606254942,3.418298907533761,0.07217886858797906,1.0696170722992029,0.09780496128939163,0.24833694752676982,True
am_9db,test,raster_image,18776,local_dictionary_8,4.96187807275949,1.0921543576579458,2.859879555900002,0.07217886858797906,0.8800166452637646,0.2288834400948408,0.39193871817917747,False
am_9db,test,raster_image,18776,local_dictionary_24,3.7384712984992072,0.8228714329057187,2.1626561998010776,0.07217886858797906,0.6646820459553436,0.6009451456836292,0.6783758867081533,False
am_9db,test,raster_image,18879,zero_fill,4.434839139052696,1.0,2.7089516925879797,0.07521320113605062,0.7874636099459762,,0.47332555201704557,False
am_9db,test,raster_image,18879,linear,4.723115961926766,1.0650027687217642,2.9580497233646397,0.07521320113605062,0.8382122378943341,-0.06491580074342027,0.36544275256086894,False
am_9db,test,raster_image,18879,pchip,4.710651452939402,1.0621921799728729,2.9706949093833472,0.07521320113605062,0.8360174359997522,-0.0287778076823283,0.37491152012427387,False
am_9db,test,raster_image,18879,autoregression,5.583925805131869,1.2591044748298637,3.060700591525701,0.07521320113605062,0.98987996733816,0.27466238683352856,0.4109127696736021,False
am_9db,test,raster_image,18879,pca_r32_l01,4.012710601068481,0.9048153665220915,1.9900254235917174,0.07521320113605062,0.713206101047991,0.626669920816331,0.6941818162841037,False
am_9db,test,raster_image,18879,pca_r64_l01,4.956114517480561,1.1175409889927175,2.5441912352309535,0.07521320113605062,0.8792475281590338,0.4727819828430103,0.5639543373954485,False
am_9db,test,raster_image,18879,pca_r96_l01,3.0644529088311754,0.6909952791401038,1.6295884706897896,0.07521320113605062,0.5467586140388802,0.7276607131172743,0.7959793832043482,False
am_9db,test,raster_image,18879,pca_r64_l001,7.898179653539631,1.7809393770315471,4.081132990093634,0.07521320113605062,1.3981752576345545,0.3180860230538628,0.3897991652563532,False
am_9db,test,raster_image,18879,pca_r64_l1,2.8787152219816607,0.6491137855783804,1.6630476545815684,0.07521320113605062,0.5142460841989956,0.8093383334811712,0.8462834055321936,False
am_9db,test,raster_image,18879,template_1,3.1812278733465655,0.717326553139894,1.792275775517933,0.07521320113605062,0.5672185033272067,0.7218419324192292,0.7888848122910455,False
am_9db,test,raster_image,18879,dictionary_8,1.6514531264128742,0.3723817425237284,1.0482800872250273,0.07521320113605062,0.3011781669086189,0.9345915705780767,0.9480155575029315,False
am_9db,test,raster_image,18879,dictionary_24,1.9043181310326676,0.4293995951878966,1.208561588043596,0.07521320113605062,0.3446826139072928,0.935417860516316,0.9458172067152343,False
am_9db,test,raster_image,18879,dictionary_48,1.9657537513074688,0.4432525486656916,1.2374048574994756,0.07521320113605062,0.3552972173564021,0.9437203778700252,0.9490426146779967,False
am_9db,test,raster_image,18879,local_pca_8,8.422235974605119,1.8991074333316522,4.114287184487887,0.07521320113605062,1.49069432864261,0.24620238871590006,0.3258078693859603,False
am_9db,test,raster_image,18879,local_pca_16,3.1290786888028235,0.7055675731839984,1.6303992391542952,0.07521320113605062,0.5580798899770951,0.714176433422757,0.7864958896720475,False
am_9db,test,raster_image,18879,local_pca_32,2.4993168415094207,0.5635642608771797,1.3614544805539206,0.07521320113605062,0.447979926609152,0.8700030754083181,0.8932659582067125,True
am_9db,test,raster_image,18879,local_dictionary_8,1.5677573187273883,0.35350939900432765,0.9685358621705524,0.07521320113605062,0.28685965671400093,0.9357583591328559,0.9480476591413384,False
am_9db,test,raster_image,18879,local_dictionary_24,1.945379719884963,0.43865846288632376,1.1445458420611283,0.07521320113605062,0.3517754099261518,0.9465469101988372,0.9510921310337918,False
am_9db,test,raster_image,18982,zero_fill,3.5040545868366,1.0,2.2012507461709094,0.07178787923263835,0.6234520088606693,,0.4848640455363704,False
am_9db,test,raster_image,18982,linear,3.5542496781525337,1.0143248599792074,2.2439198542770544,0.07178787923263835,0.6322689613208948,0.014267701902064663,0.45700640677488513,False
am_9db,test,raster_image,18982,pchip,3.6151741891264964,1.03171172124639,2.28260052490487,0.07178787923263835,0.6429726594467474,-0.026761861863213804,0.42855276311611884,False
am_9db,test,raster_image,18982,autoregression,3.5114746601001143,1.0021175678288199,2.224363598643964,0.07178787923263835,0.6247552714931547,0.035125205460027745,0.4794688610327907,False
am_9db,test,raster_image,18982,pca_r32_l01,2.5412851844059996,0.7252413229955496,1.5212668521799109,0.07178787923263835,0.4547626055230545,0.6916569136508391,0.7685024960016145,False
am_9db,test,raster_image,18982,pca_r64_l01,1.5404963372350278,0.4396325168626329,0.9931081344060654,0.07178787923263835,0.2813409548917499,0.900280236647993,0.9218033051224765,False
am_9db,test,raster_image,18982,pca_r96_l01,2.596632202885415,0.7410364589181841,1.607335284378499,0.07178787923263835,0.4644303393946677,0.6767588175192746,0.7635767903792726,False
am_9db,test,raster_image,18982,pca_r64_l001,2.238049439371825,0.6387027895567966,1.3536624972801845,0.07178787923263835,0.40189487823383524,0.8150308064580648,0.84555930205052,False
am_9db,test,raster_image,18982,pca_r64_l1,2.2047924808553945,0.6292117962825011,1.358938596508254,0.07178787923263835,0.3961087434098275,0.9401609316891252,0.9022049160319983,False
am_9db,test,raster_image,18982,template_1,4.248218802011293,1.2123723237560953,2.528551739568228,0.07178787923263835,0.7543026886947596,0.16865404774504333,0.3612469648944512,False
am_9db,test,raster_image,18982,dictionary_8,2.922154096701265,0.8339350955543575,1.8548351099660443,0.07178787923263835,0.5213786727458238,0.5523470174084364,0.6819550895453019,False
am_9db,test,raster_image,18982,dictionary_24,2.4545091199632587,0.7004768502134401,1.5050715667909988,0.07178787923263835,0.43961536838074167,0.7455035353828933,0.8073578830144925,False
am_9db,test,raster_image,18982,dictionary_48,2.5714130301072244,0.7338393185331772,1.565158094092687,0.07178787923263835,0.46002457336373387,0.7015189279640687,0.7786888008934366,False
am_9db,test,raster_image,18982,local_pca_8,5.1670188499422,1.4745828644772612,2.5617200967462517,0.07178787923263835,0.9161373103178286,0.561787093688375,0.5983407590010296,False
am_9db,test,raster_image,18982,local_pca_16,2.459838818494166,0.7019978592042615,1.4558637247520705,0.07178787923263835,0.4405453119684842,0.7161818123644308,0.7903073911418657,False
am_9db,test,raster_image,18982,local_pca_32,1.9222122471691394,0.5485680087262794,1.1863488395537252,0.07178787923263835,0.3470707065441308,0.9043870612006374,0.9144752852479695,True
am_9db,test,raster_image,18982,local_dictionary_8,2.394358545604332,0.6833108578271087,1.5002709178259224,0.07178787923263835,0.42912379233207604,0.765134053252362,0.8205279804133481,False
am_9db,test,raster_image,18982,local_dictionary_24,2.0369579369651007,0.5813145561764868,1.1796839438178666,0.07178787923263835,0.3669535105394583,0.8770381041201136,0.8951955813759468,False
am_9db,test,raster_image,19084,zero_fill,4.60727324982942,1.0,2.7356912157551267,0.07009403616750588,0.8173752808090884,,0.39498884731853834,False
am_9db,test,raster_image,19084,linear,4.984019807831479,1.0817721323596354,2.8094814685663545,0.07009403616750588,0.8837555133482609,-0.04057829452900661,0.2584714229977085,False
am_9db,test,raster_image,19084,pchip,5.123436949921358,1.1120323610306917,2.8672110443986245,0.07009403616750588,0.9083280411509048,-0.053444508989468405,0.22813807349573167,False
am_9db,test,raster_image,19084,autoregression,4.882164492678954,1.0596646276319104,2.8259555998105883,0.07009403616750588,0.8658059562603532,-0.04920385653179314,0.27840871401932415,False
am_9db,test,raster_image,19084,pca_r32_l01,7.765915154546855,1.685577289090544,4.408105389665479,0.07009403616750588,1.37456523329554,-0.3112784666738493,-0.13979157004800147,False
am_9db,test,raster_image,19084,pca_r64_l01,6.406619327329566,1.3905446844436162,3.594558522252569,0.07009403616750588,1.1346403559664642,-0.04120149499988041,0.11358306655736354,False
am_9db,test,raster_image,19084,pca_r96_l01,5.984766383034744,1.2989822957117474,3.396667541266731,0.07009403616750588,1.0602142626993578,-0.003269188805642682,0.16091461722356107,False
am_9db,test,raster_image,19084,pca_r64_l001,5.9472053213070035,1.2908297378557247,3.308378553244029,0.07009403616750588,1.0535885037111876,0.1974896331860645,0.3047998471305662,False
am_9db,test,raster_image,19084,pca_r64_l1,6.000321547614039,1.3023585149494215,3.399467178593675,0.07009403616750588,1.062958240387633,-0.26021071764625514,0.002865434226164155,False
am_9db,test,raster_image,19084,template_1,9.42717267437289,2.0461501116136147,5.473178182927766,0.07009403616750588,1.6679318502221612,-0.6690074759495571,-0.4720294328596816,False
am_9db,test,raster_image,19084,dictionary_8,6.7802956724644705,1.4716504328705713,3.845462094738374,0.07009403616750588,1.2005821217894446,-0.4258715912544671,-0.16768408406351398,False
am_9db,test,raster_image,19084,dictionary_24,6.288358630932456,1.364876422548907,3.570402357318697,0.07009403616750588,1.1137740269899417,-0.2797829616853497,-0.03637885741682566,False
am_9db,test,raster_image,19084,dictionary_48,6.277585844010193,1.3625382093937262,3.5930821153389907,0.07009403616750588,1.1118733125340057,-0.272919144565144,-0.03130507692094475,False
am_9db,test,raster_image,19084,local_pca_8,7.858894156161554,1.7057582066469623,4.477543104713423,0.07009403616750588,1.3909812829982207,-0.23836838097321536,-0.08656222122306087,False
am_9db,test,raster_image,19084,local_pca_16,6.2436708954838895,1.355177033555597,3.5509488061066925,0.07009403616750588,1.105889554869269,-0.03848016588573416,0.12319643085420882,False
am_9db,test,raster_image,19084,local_pca_32,5.916840637223475,1.284239140242559,3.3565888321163504,0.07009403616750588,1.0482323143838528,-0.0314681533091761,0.1464365662074973,True
am_9db,test,raster_image,19084,local_dictionary_8,7.7114409702365245,1.6737537697643683,4.412126294291272,0.07009403616750588,1.36494768934262,-0.5362546405617487,-0.3033790190510182,False
am_9db,test,raster_image,19084,local_dictionary_24,6.812453132347915,1.4786301491017793,3.8390134729650756,0.07009403616750588,1.2062574620433795,-0.39270464632379615,-0.14895042669838013,False
am_9db,test,raster_image,19187,zero_fill,4.199263517809973,1.0,2.2981990173397557,0.07752789561752398,0.7462435490628864,,0.48562097164950724,False
am_9db,test,raster_image,19187,linear,4.1706942435216305,0.9931965988399695,2.3608537792736914,0.07752789561752398,0.7412198199064709,0.11686024205190604,0.49501487709549197,False
am_9db,test,raster_image,19187,pchip,4.181425585381877,0.9957521283547838,2.38041667106132,0.07752789561752398,0.7431068172428912,0.10903589480196536,0.48981886389679075,False
am_9db,test,raster_image,19187,autoregression,2.8228026616635487,0.6722137464561202,1.620591161031864,0.07752789561752398,0.5048063576529912,0.7947791157646044,0.8366936408681411,False
am_9db,test,raster_image,19187,pca_r32_l01,5.502167157973882,1.310269559087687,3.1547896956838137,0.07752789561752398,0.9756435575885878,0.61169308835857,0.6479677734423621,False
am_9db,test,raster_image,19187,pca_r64_l01,6.2668115868088545,1.4923596864616782,3.5418060663212003,0.07752789561752398,1.1104511368854642,0.5016869352197196,0.5525644678656938,False
am_9db,test,raster_image,19187,pca_r96_l01,6.253092580089584,1.4890926834119564,3.6348616424516447,0.07752789561752398,1.1080316814589615,0.44723842506138134,0.5114373027663919,False
am_9db,test,raster_image,19187,pca_r64_l001,8.89213190799797,2.1175455815727067,4.910349049530825,0.07752789561752398,1.5737727131184727,0.4809969232564917,0.5066704916310837,False
am_9db,test,raster_image,19187,pca_r64_l1,3.709382804864845,0.8833412785676729,2.0822026463853334,0.07752789561752398,0.6601573819361258,0.5681765951608122,0.6671956963753551,False
am_9db,test,raster_image,19187,template_1,4.953442396022934,1.1795978925862423,2.978065423033806,0.07752789561752398,0.8789716893777559,0.20211363941363403,0.39166146069414454,False
am_9db,test,raster_image,19187,dictionary_8,3.714518187317562,0.884564203118832,2.079463206915269,0.07752789561752398,0.6610591212326974,0.5577210770787641,0.661537201339125,False
am_9db,test,raster_image,19187,dictionary_24,3.557506360165922,0.8471738782474065,2.0457722025045855,0.07752789561752398,0.6334967273787391,0.5753680912824936,0.6808757486348929,False
am_9db,test,raster_image,19187,dictionary_48,3.3179514414254223,0.790126989495487,1.9379932635681403,0.07752789561752398,0.5914793313227006,0.6179833905143534,0.71953688699027,False
am_9db,test,raster_image,19187,local_pca_8,5.765143100297047,1.3728938600413727,3.357273665400818,0.07752789561752398,1.021995639353894,0.6089361662294803,0.6419691215514095,False
am_9db,test,raster_image,19187,local_pca_16,6.554171361554663,1.5607906800221094,3.749110357395274,0.07752789561752398,1.1611348173391172,0.4288636958563773,0.4923694594441202,False
am_9db,test,raster_image,19187,local_pca_32,4.7886296813295255,1.1403498877886384,2.6650789718955243,0.07752789561752398,0.8499504036537119,0.4909195622779312,0.5762597337737405,True
am_9db,test,raster_image,19187,local_dictionary_8,3.786661404848711,0.9017441722313143,2.1150519235753036,0.07752789561752398,0.6737287196902805,0.5554890525910591,0.6561159207830465,False
am_9db,test,raster_image,19187,local_dictionary_24,3.6678624912013773,0.8734537557943648,2.083954007933595,0.07752789561752398,0.6528673072236642,0.6256747648850036,0.7010712532129808,False
am_9db,test,raster_image,19290,zero_fill,6.8208957881199535,1.0,4.110746695062576,0.07653895895358484,1.2081264411755654,,0.32442414496130667,False
am_9db,test,raster_image,19290,linear,7.041933206439004,1.032405922210985,4.350045397415212,0.07653895895358484,1.2471270467473052,-0.02766910774501557,0.2406809474853332,False
am_9db,test,raster_image,19290,pchip,7.112162965325473,1.0427021884299748,4.407163674380509,0.07653895895358484,1.2595195838185176,-0.022293374677101404,0.224322005009739,False
am_9db,test,raster_image,19290,autoregression,7.741712274810227,1.1349993483691794,4.53753292358012,0.07653895895358484,1.3706261516789051,-0.028594695374704996,0.14239272933572905,False
am_9db,test,raster_image,19290,pca_r32_l01,2.595771134568545,0.3805616175942219,1.5712245806950524,0.07653895895358484,0.4650145280804382,0.9262648640154302,0.9319219098510368,False
am_9db,test,raster_image,19290,pca_r64_l01,3.0385299778484813,0.4454737430735608,1.8497825562713968,0.07653895895358484,0.5423982913198032,0.9006964718614895,0.9108681113683621,False
am_9db,test,raster_image,19290,pca_r96_l01,4.903479728440638,0.7188908730992629,2.7469754410310223,0.07653895895358484,0.870088322143881,0.8158935190990756,0.8087357314713304,False
am_9db,test,raster_image,19290,pca_r64_l001,4.2719779278290195,0.6263074617368559,2.4004495533989507,0.07653895895358484,0.758934285594506,0.88319622288585,0.8861820127801666,False
am_9db,test,raster_image,19290,pca_r64_l1,5.1645144728325345,0.7571607356657815,3.0258312301537202,0.07653895895358484,0.9160686095938954,0.8059553228042792,0.7835306923861813,False
am_9db,test,raster_image,19290,template_1,6.9125724571761635,1.0134405614605466,4.06128181882445,0.07653895895358484,1.2243016192287846,0.29295366787404775,0.3895626694742619,False
am_9db,test,raster_image,19290,dictionary_8,4.999844909492712,0.733018809377063,2.9542990482807916,0.07653895895358484,0.887060695822671,0.8543809522934228,0.8192089088177907,False
am_9db,test,raster_image,19290,dictionary_24,5.778572834814683,0.847186793980829,3.369601860989975,0.07653895895358484,1.0242910442506512,0.6382387929361292,0.6507029598183498,False
am_9db,test,raster_image,19290,dictionary_48,5.1456475721316455,0.7543946912506551,2.99930649232003,0.07653895895358484,0.9127447191704424,0.8467285393904775,0.8018371391905502,False
am_9db,test,raster_image,19290,local_pca_8,5.764828980258284,0.8451718306998568,3.105595610167496,0.07653895895358484,1.0218680466276338,0.8702792545552097,0.8688716141446824,False
am_9db,test,raster_image,19290,local_pca_16,5.26924288965458,0.7725147918008206,2.9180936523046253,0.07653895895358484,0.9345206861264498,0.7477985301930864,0.7486563307297444,False
am_9db,test,raster_image,19290,local_pca_32,5.025423556276858,0.7367688515384895,2.741903150077728,0.07653895895358484,0.8915661518388407,0.7936239332464567,0.7892914544876221,True
am_9db,test,raster_image,19290,local_dictionary_8,5.671711448504389,0.8315200267951441,3.1975021235277303,0.07653895895358484,1.0054525618854493,0.6167956144393562,0.6536213654562988,False
am_9db,test,raster_image,19290,local_dictionary_24,5.192479869137279,0.7612606951393528,2.9511937861420603,0.07653895895358484,0.9209955851340398,0.7405003219426523,0.7511039042980264,False
am_9db,test,raster_image,19393,zero_fill,4.086644216717982,1.0,2.2801393393891694,0.07045561232073454,0.7257441169794003,,0.4220078577139986,False
am_9db,test,raster_image,19393,linear,4.090768869900894,1.0010093007769159,2.362387484167506,0.07045561232073454,0.7264699266720032,0.06075682109007874,0.4178285842814464,False
am_9db,test,raster_image,19393,pchip,4.093381875717453,1.0016487021238376,2.3772428609296794,0.07045561232073454,0.7269297372550939,0.06620356535676966,0.4159304720366505,False
am_9db,test,raster_image,19393,autoregression,4.112098003742459,1.0062285302254472,2.30731840688392,0.07045561232073454,0.7302232917256136,-0.06292169209609175,0.4073072411550473,False
am_9db,test,raster_image,19393,pca_r32_l01,4.937682628054721,1.2082487161116793,2.455547391537743,0.07045561232073454,0.8756175236641129,0.04113171860897096,0.23730131185132733,False
am_9db,test,raster_image,19393,pca_r64_l01,5.577743212228909,1.364871252900122,2.7385437385654194,0.07045561232073454,0.9884505414741589,-0.088393402493876,0.10831435109060084,False
am_9db,test,raster_image,19393,pca_r96_l01,3.7856013902005228,0.9263349558824014,1.9234692661608679,0.07045561232073454,0.6727894748271072,0.40924701756948795,0.5454760285169507,False
am_9db,test,raster_image,19393,pca_r64_l001,6.881733020078957,1.6839569718172662,3.4244150623513683,0.07045561232073454,1.2185048875591504,-0.2145800057182119,-0.045580771792479984,False
am_9db,test,raster_image,19393,pca_r64_l1,4.034708818311128,0.98729143139146,2.0913205603302067,0.07045561232073454,0.7166056935540319,0.2339937615408177,0.44693931917883845,False
am_9db,test,raster_image,19393,template_1,3.0065673427580215,0.7357056751988605,1.641001388804648,0.07045561232073454,0.5359958890663017,0.6961268050203618,0.749005724451474,False
am_9db,test,raster_image,19393,dictionary_8,3.714645456552098,0.908972070863404,1.7686702499231233,0.07045561232073454,0.6603141927431053,0.4290834096546505,0.5639088564258089,False
am_9db,test,raster_image,19393,dictionary_24,3.4823178072792818,0.852121599681599,1.7932910039867374,0.07045561232073454,0.619486206046656,0.531225677581013,0.6394344536346945,False
am_9db,test,raster_image,19393,dictionary_48,3.4346839587309588,0.8404656183868587,1.7897442355960993,0.07045561232073454,0.6111193032280999,0.5551361727170245,0.6552625532898111,False
am_9db,test,raster_image,19393,local_pca_8,8.120354880256352,1.987047183367941,3.9168659333104734,0.07045561232073454,1.4371635168561556,-0.319702023332716,-0.1645395770617552,False
am_9db,test,raster_image,19393,local_pca_16,3.29707304140597,0.8067922888706658,1.6694406340018766,0.07045561232073454,0.5869565154490309,0.5907983143162024,0.6789789466814306,False
am_9db,test,raster_image,19393,local_pca_32,3.1823763686709414,0.7787260646895106,1.6171524732591207,0.07045561232073454,0.5668278823970572,0.6519793061574632,0.722877453287013,True
am_9db,test,raster_image,19393,local_dictionary_8,4.048250479933888,0.9906050698940148,2.1994857247909945,0.07045561232073454,0.7189883461507115,0.21099043412291318,0.4390311097109304,False
am_9db,test,raster_image,19393,local_dictionary_24,2.60616431530772,0.6377272346455333,1.3932103175854804,0.07045561232073454,0.46589887015972736,0.8164454251479607,0.8451074800565095,False
am_9db,test,raster_image,19496,zero_fill,5.905131817463083,1.0,3.437008709502904,0.07111025731412947,1.0462334005727492,,0.31883302917937306,False
am_9db,test,raster_image,19496,linear,5.949197138147754,1.0074622077959985,3.5164030063531393,0.07111025731412947,1.0540058010706579,0.05105980303556991,0.29549453312337537,False
am_9db,test,raster_image,19496,pchip,5.975075720509834,1.0118445963966305,3.5485095732448517,0.07111025731412947,1.058570477628023,0.05266126649089517,0.28566474910416756,False
am_9db,test,raster_image,19496,autoregression,5.626974652855076,0.9528956891723535,3.336614179430713,0.07111025731412947,0.9971772735048674,0.307435535512443,0.4316202848617902,False
am_9db,test,raster_image,19496,pca_r32_l01,4.870081855364932,0.8247202612755863,2.7506347075809385,0.07111025731412947,0.8637573083538219,0.6804576594581115,0.705694283080277,False
am_9db,test,raster_image,19496,pca_r64_l01,3.687945559047126,0.6245323005560801,2.1201409125805357,0.07111025731412947,0.655689026331489,0.7998487071214504,0.8168515431298796,False
am_9db,test,raster_image,19496,pca_r96_l01,4.171157888213226,0.7063615203098389,2.529689351636348,0.07111025731412947,0.7406777904805577,0.7134452450319958,0.7468495818542086,False
am_9db,test,raster_image,19496,pca_r64_l001,4.269333209035555,0.7229869444082474,2.4449281923366346,0.07111025731412947,0.7579570151756536,0.8319093040706499,0.8383277514465408,False
am_9db,test,raster_image,19496,pca_r64_l1,4.396970685582541,0.7446016145786113,2.632861631829206,0.07111025731412947,0.780426725008223,0.6923001407624898,0.7271237705111558,False
am_9db,test,raster_image,19496,template_1,4.230093670150147,0.7163419549146401,2.417311529549676,0.07111025731412947,0.7510502893406603,0.701517389418024,0.7365834584667366,False
am_9db,test,raster_image,19496,dictionary_8,4.390510414383345,0.7435076049275328,2.5858407308845974,0.07111025731412947,0.7792893082073712,0.6711235251407036,0.7106618401578014,False
am_9db,test,raster_image,19496,dictionary_24,4.964051251465501,0.8406334362910325,2.985508967247095,0.07111025731412947,0.8803153120602928,0.541755855349364,0.6030574420046697,False
am_9db,test,raster_image,19496,dictionary_48,4.6579588102195295,0.7887984475544944,2.7968576055894863,0.07111025731412947,0.8263877912195541,0.618751203091601,0.6668630384193345,False
am_9db,test,raster_image,19496,local_pca_8,5.682843305311837,0.9623567230973781,3.0035304600689177,0.07111025731412947,1.007029430464319,0.7093633795143343,0.7233231849720231,False
am_9db,test,raster_image,19496,local_pca_16,4.068327588895251,0.6889478024629524,2.406412267273102,0.07111025731412947,0.7225831721184415,0.728240759147978,0.7594509629806158,False
am_9db,test,raster_image,19496,local_pca_32,3.9595511359197357,0.6705271378041494,2.37884237764501,0.07111025731412947,0.7034469135868792,0.7429267985386007,0.771775353357343,True
am_9db,test,raster_image,19496,local_dictionary_8,4.346508565847353,0.7360561457736715,2.5478230462798064,0.07111025731412947,0.7715425588257054,0.6900486580823745,0.7265787584638488,False
am_9db,test,raster_image,19496,local_dictionary_24,5.0781797012413605,0.8599604307263388,3.02814325286666,0.07111025731412947,0.900428123999452,0.5225713630018479,0.5826304349247459,False
am_9db,test,raster_image,19599,zero_fill,5.575625072539372,1.0,3.1624736051532905,0.06946982106141224,0.9880094047932491,,0.33155580327511974,False
am_9db,test,raster_image,19599,linear,5.5796370100165475,1.0007195493644174,3.2142947584974184,0.06946982106141224,0.9887169226568,0.012086330152266704,0.3288426444986165,False
am_9db,test,raster_image,19599,pchip,5.578509556675614,1.0005173382533286,3.229591985935463,0.06946982106141224,0.9885180924480563,0.02040641272577568,0.3292245501932385,False
am_9db,test,raster_image,19599,autoregression,6.267555439030812,1.1240991561465066,3.38808088141285,0.06946982106141224,1.1100655796859504,-0.1514813989273163,0.09593235631760397,False
am_9db,test,raster_image,19599,pca_r32_l01,5.782382790765723,1.0370824285235134,2.87882290398347,0.06946982106141224,1.024474842238254,0.14033615231439842,0.29632239240045716,False
am_9db,test,raster_image,19599,pca_r64_l01,6.549791044320121,1.1747187013306604,3.572782143443209,0.06946982106141224,1.1598675902533486,-0.19265766730026734,0.0358131679607723,False
am_9db,test,raster_image,19599,pca_r96_l01,5.163966545243942,0.9261681834880006,2.750611454514518,0.06946982106141224,0.9154260998570916,0.3775148026698105,0.4861244672544164,False
am_9db,test,raster_image,19599,pca_r64_l001,7.854137983916685,1.4086560487359998,4.1766568030869005,0.06946982106141224,1.390111182689067,-0.39891820402213934,-0.20348281920117606,False
am_9db,test,raster_image,19599,pca_r64_l1,5.133016088650471,0.9206171544659981,2.813722331494546,0.06946982106141224,0.9099701558212642,0.41524871399082386,0.5080079602072903,False
am_9db,test,raster_image,19599,template_1,3.5201674888049572,0.6313493900696816,2.104062497182583,0.06946982106141224,0.6260288253753487,0.8200851829234703,0.8366122221804089,False
am_9db,test,raster_image,19599,dictionary_8,3.159442728849935,0.5666526510920852,1.612271714931145,0.06946982106141224,0.5626856941843222,0.8451863489358069,0.8618115561819908,False
am_9db,test,raster_image,19599,dictionary_24,3.5524390786976796,0.6371373671077476,1.7825406140689686,0.06946982106141224,0.631699868040736,0.8425454766051612,0.8502728832012705,False
am_9db,test,raster_image,19599,dictionary_48,3.3993457883518445,0.6096797657887782,1.7105769204641867,0.06946982106141224,0.604802641517588,0.8881386058173216,0.8848038761889326,False
am_9db,test,raster_image,19599,local_pca_8,7.480977313649503,1.3417289032747595,3.87975825283838,0.06946982106141224,1.3242288947785563,-0.4489926016655862,-0.20840104247096036,False
am_9db,test,raster_image,19599,local_pca_16,4.626158637712776,0.8297112122006135,2.4218891775019498,0.06946982106141224,0.8206504942435904,0.604717476558756,0.6505676289346501,False
am_9db,test,raster_image,19599,local_pca_32,4.681245395319552,0.8395911372117274,2.4688163183595124,0.06946982106141224,0.8303550857236461,0.6068062910356692,0.6459109968511472,True
am_9db,test,raster_image,19599,local_dictionary_8,4.565587437902529,0.8188476410274785,2.338084900852742,0.06946982106141224,0.8099806400140226,0.6538984264295491,0.6797584561550314,False
am_9db,test,raster_image,19599,local_dictionary_24,4.272012025115985,0.7661942776884624,2.1162796356850038,0.06946982106141224,0.7582812489423659,0.6908030228046105,0.7232935439395377,False
